cohort,dimension,label,display_label,merge_year,n,reviewed_n,change_requested_n,approved_n,reviewed_pct,change_requested_pct,approved_pct,change_requested_among_reviewed_pct,mean_change_events,mean_change_events_when_present,mean_review_events,median_identifiable_reviewers,unique_identifiable_authors_n,small_group,sparse_change_requests,q25_merge_days,median_merge_days,q75_merge_days,p90_merge_days,q25_churn,median_churn,q75_churn,p90_churn,q25_changed_files,median_changed_files,q75_changed_files,p90_changed_files,q25_commits,median_commits,q75_commits,p90_commits
all,size_band,large,"201–1,000 changed lines",2017,27,13,8,6,48.148148148148145,29.62962962962963,22.22222222222222,61.53846153846154,0.3333333333333333,1.125,2.4074074074074074,0.0,15,True,True,0.048125,0.7435185185185185,5.614120370370371,36.0432615740741,261.5,401.0,509.0,759.6,5.0,9.0,14.0,16.800000000000004,2.0,5.0,9.5,14.200000000000006
all,size_band,medium,51–200 changed lines,2017,39,16,9,7,41.02564102564103,23.076923076923077,17.94871794871795,56.25,0.3076923076923077,1.3333333333333333,1.2307692307692308,0.0,22,False,True,0.026782407407407408,1.1408796296296295,4.828408564814815,29.613541666666695,65.5,81.0,124.5,157.80000000000007,2.0,4.0,7.0,13.600000000000009,1.0,2.0,3.0,4.200000000000003
all,size_band,small,11–50 changed lines,2017,54,17,6,14,31.48148148148148,11.11111111111111,25.925925925925927,35.294117647058826,0.14814814814814814,1.3333333333333333,0.9074074074074074,0.0,35,False,True,0.15758391203703703,0.9721527777777779,9.070752314814815,22.834938657407413,15.25,24.0,31.0,36.7,1.0,2.0,3.0,4.700000000000003,1.0,2.0,2.0,4.400000000000006
all,size_band,xl,"1,001+ changed lines",2017,8,3,0,2,37.5,0.0,25.0,0.0,0,,1.25,0.0,7,True,True,0.16480613425925925,0.9513368055555556,7.7389930555555555,16.822374999999997,1308.0,1511.5,2253.25,3971.2,24.75,31.5,45.0,142.19999999999996,1.75,16.0,43.75,58.0
all,size_band,xs,1–10 changed lines,2017,72,16,2,11,22.22222222222222,2.7777777777777777,15.277777777777779,12.5,0.041666666666666664,1.5,0.375,0.0,56,False,True,0.08127893518518518,0.572511574074074,3.3013425925925928,16.713263888888886,2.0,4.0,8.0,9.0,1.0,1.0,1.0,1.8999999999999986,1.0,1.0,1.0,2.0
all,size_band,large,"201–1,000 changed lines",2018,18,9,2,5,50.0,11.11111111111111,27.77777777777778,22.22222222222222,0.16666666666666666,1.5,1.2222222222222223,0.5,9,True,True,0.2416898148148148,2.3696064814814815,4.8334346064814815,5.195770833333334,260.5,397.5,651.75,819.6,8.25,9.5,13.0,14.3,4.0,6.0,7.75,9.0
all,size_band,medium,51–200 changed lines,2018,45,27,8,19,60.0,17.77777777777778,42.22222222222222,29.62962962962963,0.2222222222222222,1.25,1.8666666666666667,1.0,30,False,True,0.16549768518518518,2.063414351851852,13.81394675925926,49.08017592592597,63.0,85.0,138.0,169.8,2.0,3.0,6.0,9.0,1.0,3.0,4.0,9.600000000000001
all,size_band,small,11–50 changed lines,2018,54,26,9,17,48.148148148148145,16.666666666666668,31.48148148148148,34.61538461538461,0.2037037037037037,1.2222222222222223,0.9444444444444444,0.0,39,False,True,0.7923350694444444,3.1254340277777777,13.692300347222222,35.650789351851856,14.25,22.0,31.75,42.7,1.0,2.0,3.0,4.700000000000003,1.0,1.5,3.0,4.0
all,size_band,xl,"1,001+ changed lines",2018,8,0,0,0,0.0,0.0,0.0,,0,,0,0.0,5,True,True,0.21244212962962963,2.752974537037037,9.54988425925926,46.58548842592591,1438.75,2355.0,4987.0,8049.4,17.25,24.5,35.25,77.99999999999997,14.75,27.0,47.5,103.59999999999998
all,size_band,xs,1–10 changed lines,2018,72,35,4,31,48.611111111111114,5.555555555555555,43.05555555555556,11.428571428571429,0.06944444444444445,1.25,0.8888888888888888,0.0,55,False,True,0.03649594907407408,0.5149999999999999,1.9562731481481481,5.855456018518517,2.0,4.0,5.25,7.899999999999999,1.0,1.0,1.0,2.0,1.0,1.0,1.25,2.0
all,size_band,zero,0 changed lines,2018,3,0,0,0,0.0,0.0,0.0,,0,,0,0.0,2,True,True,0.22872685185185185,0.33643518518518517,0.5987384259259259,0.7561203703703704,0.0,0.0,0.0,0.0,28.0,55.0,55.0,55.0,1.0,1.0,1.0,1.0
all,size_band,large,"201–1,000 changed lines",2019,24,8,2,5,33.333333333333336,8.333333333333334,20.833333333333332,25.0,0.08333333333333333,1,0.875,0.0,15,True,True,0.06549189814814815,0.9773263888888888,3.9689236111111112,18.75781944444444,273.5,432.5,596.75,922.8,5.0,9.5,15.25,18.4,2.0,3.5,12.0,15.099999999999998
all,size_band,medium,51–200 changed lines,2019,44,34,11,25,77.27272727272727,25.0,56.81818181818182,32.35294117647059,0.3181818181818182,1.2727272727272727,2.022727272727273,1.0,26,False,False,0.1393778935185185,1.737980324074074,4.774505208333333,19.691781250000027,67.5,96.0,121.75,144.10000000000002,2.0,4.0,6.25,8.0,1.75,2.5,4.25,7.700000000000003
all,size_band,small,11–50 changed lines,2019,61,35,8,30,57.377049180327866,13.114754098360656,49.18032786885246,22.857142857142858,0.18032786885245902,1.375,1.2295081967213115,1.0,39,False,True,0.09737268518518519,0.8504513888888889,6.134085648148148,92.02084490740741,16.0,21.0,32.0,41.0,1.0,2.0,4.0,5.0,1.0,2.0,4.0,6.0
all,size_band,xl,"1,001+ changed lines",2019,6,1,0,1,16.666666666666668,0.0,16.666666666666668,0.0,0,,0.8333333333333334,0.0,6,True,True,0.03323206018518519,0.7975925925925926,3.3724652777777777,4.7229629629629635,1143.0,1193.0,1843.0,2166.5,8.5,11.5,20.5,23.5,2.75,5.0,12.5,21.5
all,size_band,xs,1–10 changed lines,2019,65,37,7,36,56.92307692307692,10.76923076923077,55.38461538461539,18.91891891891892,0.1076923076923077,1,1.0307692307692307,1.0,49,False,True,0.08560185185185185,0.33760416666666665,3.0496412037037035,24.92606712962963,2.0,4.0,7.0,9.0,1.0,1.0,1.0,2.0,1.0,1.0,1.0,2.0
all,size_band,large,"201–1,000 changed lines",2020,26,15,4,10,57.69230769230769,15.384615384615385,38.46153846153846,26.666666666666668,0.19230769230769232,1.25,2.3076923076923075,1.0,18,True,True,0.11631944444444443,1.2940740740740742,4.332971643518519,16.86536458333333,277.5,371.0,647.5,784.5,5.25,11.0,19.25,36.0,3.0,4.5,8.5,14.0
all,size_band,medium,51–200 changed lines,2020,48,30,8,24,62.5,16.666666666666668,50.0,26.666666666666668,0.1875,1.125,1.7291666666666667,1.0,27,False,True,0.16858506944444446,1.6689641203703705,3.889933449074074,5.928511574074079,68.0,93.0,133.5,161.8,2.75,5.0,7.0,8.900000000000013,1.0,2.0,3.0,5.0
all,size_band,small,11–50 changed lines,2020,45,33,5,28,73.33333333333333,11.11111111111111,62.22222222222222,15.151515151515152,0.13333333333333333,1.2,1.5555555555555556,1.0,29,False,True,0.3263425925925926,2.786446759259259,6.5567013888888885,33.00054398148153,17.0,26.0,33.0,42.6,1.0,2.0,3.0,4.0,1.0,2.0,3.0,3.6000000000000014
all,size_band,xl,"1,001+ changed lines",2020,9,5,3,4,55.55555555555556,33.333333333333336,44.44444444444444,60.0,0.3333333333333333,1,2.4444444444444446,1.0,7,True,True,0.07766203703703704,3.420775462962963,6.367314814814815,28.33958796296298,1408.0,2122.0,2173.0,3988.4000000000015,15.0,21.0,30.0,72.4,15.0,32.0,39.0,96.60000000000005
all,size_band,xs,1–10 changed lines,2020,71,41,3,41,57.74647887323944,4.225352112676056,57.74647887323944,7.317073170731708,0.04225352112676056,1,0.7746478873239436,1.0,50,False,True,0.11704282407407407,0.6314351851851852,1.9157870370370371,8.781539351851851,2.0,3.0,6.0,8.0,1.0,1.0,1.0,2.0,1.0,1.0,2.0,2.0
all,size_band,zero,0 changed lines,2020,1,1,0,1,100.0,0.0,100.0,0.0,0,,1,1.0,1,True,True,0.005185185185185185,0.005185185185185185,0.005185185185185185,0.005185185185185185,0.0,0.0,0.0,0.0,0.0,0.0,0.0,0.0,1.0,1.0,1.0,1.0
all,size_band,large,"201–1,000 changed lines",2021,39,20,8,14,51.282051282051285,20.512820512820515,35.8974358974359,40.0,0.3076923076923077,1.5,2.9743589743589745,1.0,17,False,True,0.17700810185185184,0.8269328703703703,2.9598958333333334,6.382277777777797,279.0,371.0,494.0,688.4000000000002,5.5,10.0,14.5,19.200000000000003,3.5,6.0,11.0,16.0
all,size_band,medium,51–200 changed lines,2021,36,25,10,23,69.44444444444444,27.77777777777778,63.888888888888886,40.0,0.4166666666666667,1.5,2.7222222222222223,1.0,23,False,False,0.08712962962962964,0.8492013888888889,5.060633680555555,33.20980902777778,60.0,77.0,134.25,161.5,2.75,4.0,7.25,10.0,1.0,2.0,5.0,9.0
all,size_band,small,11–50 changed lines,2021,55,34,4,29,61.81818181818182,7.2727272727272725,52.72727272727273,11.764705882352942,0.09090909090909091,1.25,1.4,1.0,36,False,True,0.07527777777777778,0.5258912037037037,2.8851446759259263,7.039386574074076,16.5,21.0,31.0,41.400000000000006,1.0,2.0,3.0,4.0,1.0,2.0,3.0,4.0
all,size_band,xl,"1,001+ changed lines",2021,8,4,1,4,50.0,12.5,50.0,25.0,0.25,2,3.625,0.5,7,True,True,0.44741030092592593,0.8726909722222222,5.502682291666666,12.426437499999999,1163.0,1501.5,3964.25,11614.999999999996,18.25,28.0,86.25,321.9,2.75,6.5,14.25,26.4
all,size_band,xs,1–10 changed lines,2021,60,40,3,36,66.66666666666667,5.0,60.0,7.5,0.05,1,0.8833333333333333,1.0,39,False,True,0.023182870370370368,0.08968171296296296,2.8133333333333335,7.249895833333344,2.0,4.0,8.0,9.100000000000001,1.0,1.0,1.0,2.0,1.0,1.0,1.0,2.0
all,size_band,zero,0 changed lines,2021,2,1,0,1,50.0,0.0,50.0,0.0,0,,0.5,0.5,2,True,True,0.0626099537037037,0.11621527777777776,0.16982060185185185,0.2019837962962963,0.0,0.0,0.0,0.0,0.75,1.5,2.25,2.7,1.0,1.0,1.0,1.0
all,size_band,large,"201–1,000 changed lines",2022,11,10,5,10,90.9090909090909,45.45454545454545,90.9090909090909,50.0,0.45454545454545453,1,5.454545454545454,2.0,9,True,True,0.08375578703703704,0.690300925925926,1.5194270833333334,5.6478125,286.5,325.0,704.5,841.0,7.0,11.0,13.5,16.0,4.0,6.0,14.0,15.0
all,size_band,medium,51–200 changed lines,2022,46,42,7,40,91.30434782608695,15.217391304347826,86.95652173913044,16.666666666666668,0.21739130434782608,1.4285714285714286,2.5217391304347827,1.0,21,False,True,0.022491319444444446,0.18312499999999998,0.9759346064814816,2.022152777777778,63.5,81.0,118.5,169.5,3.0,5.0,7.75,10.0,1.0,2.0,3.75,7.5
all,size_band,small,11–50 changed lines,2022,62,59,5,58,95.16129032258064,8.064516129032258,93.54838709677419,8.474576271186441,0.11290322580645161,1.4,1.6935483870967742,1.0,25,False,True,0.010639467592592593,0.02765046296296296,0.2579890046296296,1.183625,15.25,23.0,32.75,42.8,1.0,2.0,3.0,4.899999999999999,1.0,1.0,2.0,3.0
all,size_band,xl,"1,001+ changed lines",2022,3,3,0,3,100.0,0.0,100.0,0.0,0,,17.333333333333332,1.0,3,True,True,1.46640625,2.8988425925925925,3.973015046296296,4.617518518518518,2274.0,2530.0,3018.5,3311.6,21.0,23.0,33.5,39.8,2.5,3.0,23.5,35.800000000000004
all,size_band,xs,1–10 changed lines,2022,78,74,0,73,94.87179487179488,0.0,93.58974358974359,0.0,0,,1.205128205128205,1.0,33,False,True,0.010199652777777778,0.023634259259259258,0.15139178240740742,2.1433993055555547,2.0,2.0,6.0,8.0,1.0,1.0,1.0,1.0,1.0,1.0,1.0,2.0
all,size_band,large,"201–1,000 changed lines",2023,14,14,2,14,100.0,14.285714285714286,100.0,14.285714285714286,0.14285714285714285,1,2.142857142857143,1.0,10,True,True,0.17134837962962962,0.9839583333333333,2.6356510416666667,9.13708680555556,240.25,277.0,374.0,541.9000000000001,6.25,10.0,13.0,15.700000000000001,1.25,4.5,9.75,11.700000000000001
all,size_band,medium,51–200 changed lines,2023,35,35,3,35,100.0,8.571428571428571,100.0,8.571428571428571,0.08571428571428572,1,1.8857142857142857,1.0,18,False,True,0.012835648148148148,0.08462962962962962,0.6271412037037036,6.319557870370376,68.0,81.0,126.0,163.60000000000002,2.0,4.0,6.5,9.0,1.0,2.0,4.0,9.000000000000007
all,size_band,small,11–50 changed lines,2023,59,59,5,59,100.0,8.474576271186441,100.0,8.474576271186441,0.0847457627118644,1,1.5254237288135593,1.0,28,False,True,0.012193287037037037,0.04746527777777778,0.7456539351851852,1.7740138888888928,16.0,24.0,34.0,42.2,1.0,2.0,3.0,4.0,1.0,1.0,2.0,3.0
all,size_band,xl,"1,001+ changed lines",2023,3,3,0,3,100.0,0.0,100.0,0.0,0,,2.6666666666666665,1.0,3,True,True,1.0765104166666666,1.1621875,2.0472164351851854,2.5782337962962965,1871.5,2237.0,2413.0,2518.6,15.0,25.0,43.5,54.6,14.0,27.0,28.0,28.6
all,size_band,xs,1–10 changed lines,2023,89,89,3,89,100.0,3.3707865168539324,100.0,3.3707865168539324,0.033707865168539325,1,1.3932584269662922,1.0,35,False,True,0.010532407407407407,0.018541666666666668,0.14427083333333332,1.0120902777777778,2.0,4.0,8.0,9.0,1.0,1.0,2.0,2.0,1.0,1.0,1.0,2.0
all,size_band,large,"201–1,000 changed lines",2024,15,15,1,15,100.0,6.666666666666667,100.0,6.666666666666667,0.06666666666666667,1,1.6666666666666667,1.0,12,True,True,0.014207175925925925,0.0358912037037037,1.4709143518518517,3.794087962962962,255.5,315.0,454.5,673.8,3.0,5.0,11.5,21.6,1.0,2.0,3.5,7.599999999999998
all,size_band,medium,51–200 changed lines,2024,53,53,1,53,100.0,1.8867924528301887,100.0,1.8867924528301887,0.018867924528301886,1,1.3962264150943395,1.0,20,False,True,0.011782407407407408,0.020370370370370372,0.1310185185185185,0.6711782407407416,64.0,94.0,134.0,170.8,2.0,4.0,5.0,8.600000000000009,1.0,2.0,2.0,4.0
all,size_band,small,11–50 changed lines,2024,66,66,1,66,100.0,1.5151515151515151,100.0,1.5151515151515151,0.015151515151515152,1,1.3181818181818181,1.0,25,False,True,0.01171875,0.0165625,0.050755208333333336,0.7244849537037037,15.0,26.0,36.0,44.0,1.0,2.0,3.0,4.5,1.0,1.0,1.0,2.0
all,size_band,xl,"1,001+ changed lines",2024,2,2,0,2,100.0,0.0,100.0,0.0,0,,2,1.5,2,True,True,4.766440972222222,9.396319444444444,14.026197916666666,16.804125,3055.75,4510.5,5965.25,6838.1,21.5,30.0,38.5,43.6,2.5,3.0,3.5,3.8
all,size_band,xs,1–10 changed lines,2024,64,64,0,64,100.0,0.0,100.0,0.0,0,,1.359375,1.0,28,False,True,0.011171875,0.013570601851851851,0.06170138888888889,0.5782638888888896,2.0,4.0,6.25,9.0,1.0,1.0,2.0,2.0,1.0,1.0,1.0,2.0
all,size_band,large,"201–1,000 changed lines",2025,14,14,2,14,100.0,14.285714285714286,100.0,14.285714285714286,0.14285714285714285,1,2.2857142857142856,1.0,10,True,True,0.021241319444444445,0.02475115740740741,1.2858275462962963,5.927910879629634,253.75,308.0,423.0,561.5000000000001,3.5,6.5,11.5,31.100000000000016,1.0,3.0,6.5,12.100000000000003
all,size_band,medium,51–200 changed lines,2025,42,42,2,42,100.0,4.761904761904762,100.0,4.761904761904762,0.07142857142857142,1.5,2.119047619047619,2.0,24,False,True,0.016533564814814813,0.053315972222222216,0.21629340277777778,4.514711805555555,66.25,85.5,123.25,152.6,2.0,4.0,7.0,8.899999999999999,1.0,2.0,4.0,6.899999999999999
all,size_band,small,11–50 changed lines,2025,60,60,0,60,100.0,0.0,100.0,0.0,0,,1.5833333333333333,1.0,24,False,True,0.013920717592592592,0.02201388888888889,0.0770920138888889,0.7651643518518524,16.75,25.0,35.0,45.0,1.0,2.0,3.0,5.0,1.0,1.0,1.25,2.0
all,size_band,xl,"1,001+ changed lines",2025,6,6,0,6,100.0,0.0,100.0,0.0,0,,4.666666666666667,2.5,5,True,True,2.312042824074074,2.6441840277777775,3.5193373842592592,5.924259259259259,1231.5,1351.0,1590.5,2839.0,16.75,20.5,28.75,84.0,10.5,17.0,27.25,33.5
all,size_band,xs,1–10 changed lines,2025,77,77,0,77,100.0,0.0,100.0,0.0,0,,1.5584415584415585,1.0,31,False,True,0.012962962962962963,0.02189814814814815,0.10633101851851852,0.6017754629629638,2.0,4.0,7.0,9.0,1.0,1.0,1.0,2.0,1.0,1.0,1.0,2.0
all,size_band,zero,0 changed lines,2025,1,1,0,1,100.0,0.0,100.0,0.0,0,,2,2.0,1,True,True,0.6899537037037037,0.6899537037037037,0.6899537037037037,0.6899537037037037,0.0,0.0,0.0,0.0,1.0,1.0,1.0,1.0,1.0,1.0,1.0,1.0
all,size_band,large,"201–1,000 changed lines",2026,41,41,1,41,100.0,2.4390243902439024,100.0,2.4390243902439024,0.024390243902439025,1,3.8292682926829267,2.0,25,False,True,0.04493055555555556,0.1112962962962963,0.8671180555555555,2.9444097222222223,296.0,436.0,633.0,840.0,5.0,8.0,13.0,19.0,2.0,2.0,4.0,14.0
all,size_band,medium,51–200 changed lines,2026,56,56,0,56,100.0,0.0,100.0,0.0,0,,3.125,2.5,31,False,True,0.030969328703703704,0.06365162037037037,0.1567679398148148,0.8399363425925925,65.5,91.5,131.25,171.0,2.0,4.0,5.25,7.0,1.0,2.0,3.0,5.0
all,size_band,small,11–50 changed lines,2026,45,45,0,45,100.0,0.0,100.0,0.0,0,,3.066666666666667,2.0,24,False,True,0.03210648148148148,0.05228009259259259,0.18641203703703704,2.9810254629629664,17.0,25.0,39.0,47.0,1.0,2.0,3.0,4.600000000000001,1.0,2.0,2.0,4.600000000000001
all,size_band,xl,"1,001+ changed lines",2026,9,9,0,9,100.0,0.0,100.0,0.0,0,,4.111111111111111,2.0,6,True,True,0.0296875,0.06983796296296296,0.7143171296296297,1.0673125,1547.0,1998.0,2232.0,3314.4000000000005,15.0,18.0,31.0,44.0,2.0,2.0,7.0,11.0
all,size_band,xs,1–10 changed lines,2026,49,49,1,49,100.0,2.0408163265306123,100.0,2.0408163265306123,0.02040816326530612,1,2.2448979591836733,2.0,28,False,True,0.016574074074074074,0.025486111111111112,0.08695601851851852,1.5928796296296417,2.0,4.0,6.0,8.200000000000003,1.0,1.0,1.0,2.0,1.0,1.0,1.0,2.0
all,author_kind,user,User account,2017,200,65,25,40,32.5,12.5,20.0,38.46153846153846,0.16,1.28,0.995,0.0,93,False,False,0.06390046296296296,0.7777430555555556,5.783816550925925,21.68020949074073,6.0,24.0,110.25,409.4,1.0,2.0,5.0,13.0,1.0,1.0,3.0,6.0
all,author_kind,user,User account,2018,200,97,23,72,48.5,11.5,36.0,23.711340206185568,0.145,1.2608695652173914,1.105,0.0,96,False,False,0.1618894675925926,1.1978819444444444,5.41037037037037,18.194443287037036,4.0,20.0,78.75,292.99999999999994,1.0,2.0,4.0,10.099999999999994,1.0,2.0,4.0,7.0
all,author_kind,user,User account,2019,200,115,28,97,57.5,14.0,48.5,24.347826086956523,0.17,1.2142857142857142,1.285,1.0,84,False,False,0.09281828703703704,0.8648726851851852,4.629314236111111,29.062754629629612,7.0,22.5,101.0,368.0999999999999,1.0,2.0,5.0,8.199999999999989,1.0,2.0,4.0,7.0
all,author_kind,bot,Bot account,2020,3,0,0,0,0.0,0.0,0.0,,0,,0,0.0,1,True,True,0.4464930555555555,0.6314351851851852,0.9571006944444445,1.1525,8.0,10.0,11.5,12.4,1.0,1.0,1.0,1.0,1.0,1.0,1.5,1.8
all,author_kind,other_unknown,Other / unknown account,2020,1,1,0,1,100.0,0.0,100.0,0.0,0,,1,1.0,1,True,True,6.044976851851852,6.044976851851852,6.044976851851852,6.044976851851852,3.0,3.0,3.0,3.0,1.0,1.0,1.0,1.0,1.0,1.0,1.0,1.0
all,author_kind,user,User account,2020,196,124,23,107,63.265306122448976,11.73469387755102,54.59183673469388,18.548387096774192,0.1326530612244898,1.1304347826086956,1.4795918367346939,1.0,81,False,False,0.1402488425925926,1.0134837962962964,4.282468171296296,12.469398148148148,5.0,30.0,124.5,482.0,1.0,2.0,6.0,12.0,1.0,2.0,3.0,6.5
all,author_kind,bot,Bot account,2021,1,0,0,0,0.0,0.0,0.0,,0,,0,0.0,1,True,True,0.04137731481481482,0.04137731481481482,0.04137731481481482,0.04137731481481482,8.0,8.0,8.0,8.0,1.0,1.0,1.0,1.0,1.0,1.0,1.0,1.0
all,author_kind,user,User account,2021,199,124,26,107,62.311557788944725,13.06532663316583,53.768844221105525,20.967741935483872,0.18592964824120603,1.4230769230769231,1.879396984924623,1.0,70,False,False,0.057401620370370374,0.5707523148148148,3.0876620370370373,11.865770833333338,8.0,29.0,171.5,476.20000000000005,1.0,2.0,6.0,13.200000000000017,1.0,2.0,4.0,9.200000000000017
all,author_kind,user,User account,2022,200,188,17,184,94.0,8.5,92.0,9.042553191489361,0.11,1.2941176470588236,2.135,1.0,47,False,False,0.01064525462962963,0.036412037037037034,0.5749652777777777,2.458813657407406,4.0,17.5,60.5,160.89999999999995,1.0,2.0,4.0,10.0,1.0,1.0,2.0,5.0
all,author_kind,user,User account,2023,200,200,13,200,100.0,6.5,100.0,6.5,0.065,1,1.59,1.0,45,False,False,0.011802662037037037,0.04473958333333333,0.6979658564814815,2.230652777777777,5.0,14.0,52.0,173.09999999999994,1.0,2.0,3.0,7.0,1.0,1.0,2.0,4.0
all,author_kind,bot,Bot account,2024,2,2,0,2,100.0,0.0,100.0,0.0,0,,1,1.0,1,True,True,0.4394415509259259,0.48023726851851856,0.5210329861111112,0.5455104166666667,17.0,24.0,31.0,35.2,1.0,1.0,1.0,1.0,1.0,1.0,1.0,1.0
all,author_kind,user,User account,2024,198,198,3,198,100.0,1.5151515151515151,100.0,1.5151515151515151,0.015151515151515152,1,1.3888888888888888,1.0,36,False,True,0.011669560185185186,0.01697337962962963,0.08203125,0.9094120370370379,7.0,27.5,75.75,177.20000000000005,1.0,2.0,4.0,7.0,1.0,1.0,2.0,3.0
all,author_kind,bot,Bot account,2025,11,11,2,11,100.0,18.181818181818183,100.0,18.181818181818183,0.18181818181818182,1,2.909090909090909,3.0,2,True,True,0.5449016203703703,3.4246296296296297,9.379131944444445,10.01863425925926,10.0,87.0,122.0,219.0,1.0,1.0,2.0,3.0,1.5,5.0,6.5,13.0
all,author_kind,user,User account,2025,189,189,2,189,100.0,1.0582010582010581,100.0,1.0582010582010581,0.015873015873015872,1.5,1.7671957671957672,1.0,43,False,True,0.013344907407407408,0.024247685185185185,0.11680555555555555,1.4406550925925967,6.0,19.0,61.0,181.60000000000005,1.0,2.0,4.0,8.0,1.0,1.0,2.0,3.200000000000017
all,author_kind,bot,Bot account,2026,21,21,0,21,100.0,0.0,100.0,0.0,0,,3.0476190476190474,3.0,3,True,True,0.07516203703703704,0.11648148148148148,0.7498148148148148,0.9448032407407407,6.0,19.0,56.0,92.0,1.0,2.0,3.0,4.0,1.0,1.0,2.0,3.0
all,author_kind,user,User account,2026,179,179,2,179,100.0,1.1173184357541899,100.0,1.1173184357541899,0.0111731843575419,1,3.089385474860335,2.0,48,False,True,0.024253472222222225,0.04822916666666666,0.16730902777777779,2.1611435185185286,13.0,64.0,256.0,715.6,1.0,3.0,6.0,14.0,1.0,2.0,3.0,6.200000000000017
all,association_group,contributor_first_time,Contributor / first-time contributor,2017,162,50,22,28,30.864197530864196,13.580246913580247,17.28395061728395,44.0,0.17901234567901234,1.3181818181818181,0.9753086419753086,0.0,71,False,False,0.05642361111111111,0.7899479166666667,5.923582175925926,23.219848379629642,7.0,24.5,110.75,395.4000000000003,1.0,2.0,5.0,11.900000000000006,1.0,1.0,2.75,6.0
all,association_group,member_owner_collaborator,Member / owner / collaborator,2017,21,8,2,6,38.095238095238095,9.523809523809524,28.571428571428573,25.0,0.09523809523809523,1,0.7142857142857143,0.0,7,True,True,0.06535879629629629,0.6737615740740741,3.0738773148148146,5.717523148148148,9.0,23.0,138.0,742.0,1.0,2.0,5.0,16.0,1.0,2.0,3.0,13.0
all,association_group,none,No recorded association,2017,17,7,1,6,41.1764705882353,5.882352941176471,35.294117647058826,14.285714285714286,0.058823529411764705,1,1.5294117647058822,0.0,15,True,True,0.543599537037037,0.9913541666666666,14.11724537037037,40.90243750000001,2.0,24.0,60.0,182.60000000000005,1.0,1.0,2.0,4.0,1.0,1.0,2.0,7.600000000000001
all,association_group,contributor_first_time,Contributor / first-time contributor,2018,141,63,16,46,44.680851063829785,11.347517730496454,32.6241134751773,25.396825396825395,0.14893617021276595,1.3125,1.1205673758865249,0.0,76,False,False,0.21155092592592592,1.2687152777777777,4.864907407407407,17.67875,4.0,14.0,63.0,192.0,1.0,2.0,3.0,10.0,1.0,1.0,3.0,6.0
all,association_group,member_owner_collaborator,Member / owner / collaborator,2018,34,24,3,21,70.58823529411765,8.823529411764707,61.76470588235294,12.5,0.08823529411764706,1,1.3529411764705883,1.0,9,False,True,0.25349537037037034,1.1028587962962964,6.2783420138888895,18.51722800925926,22.0,75.0,225.25,771.5999999999999,2.0,3.0,7.0,11.799999999999997,1.0,2.0,6.0,8.7
all,association_group,none,No recorded association,2018,25,10,4,5,40.0,16.0,20.0,40.0,0.2,1.25,0.68,0.0,11,True,True,0.02480324074074074,0.9144212962962963,5.534155092592592,18.15517361111112,8.0,20.0,54.0,194.6,1.0,2.0,4.0,9.0,1.0,2.0,3.0,5.0
all,association_group,contributor_first_time,Contributor / first-time contributor,2019,137,73,22,59,53.284671532846716,16.05839416058394,43.065693430656935,30.136986301369863,0.20437956204379562,1.2727272727272727,1.416058394160584,1.0,63,False,False,0.099375,1.0644560185185186,5.225034722222222,32.161594907407405,6.0,24.0,104.0,429.8000000000002,1.0,2.0,5.0,11.400000000000006,1.0,2.0,4.0,8.0
all,association_group,member_owner_collaborator,Member / owner / collaborator,2019,48,33,5,30,68.75,10.416666666666666,62.5,15.151515151515152,0.10416666666666667,1,1.0833333333333333,1.0,12,False,True,0.0522193287037037,0.20277199074074073,1.349939236111111,8.54062268518519,10.0,24.5,97.25,297.7000000000003,1.0,2.0,5.0,7.300000000000004,1.0,2.0,3.0,5.0
all,association_group,none,No recorded association,2019,15,9,1,8,60.0,6.666666666666667,53.333333333333336,11.11111111111111,0.06666666666666667,1,0.7333333333333333,1.0,9,True,True,0.6312500000000001,0.8504513888888889,22.896591435185186,96.70006249999997,11.5,17.0,34.0,61.599999999999994,1.0,1.0,3.0,4.6,1.0,1.0,2.5,6.199999999999999
all,association_group,contributor_first_time,Contributor / first-time contributor,2020,138,76,18,62,55.072463768115945,13.043478260869565,44.927536231884055,23.68421052631579,0.15217391304347827,1.1666666666666667,1.318840579710145,1.0,67,False,False,0.33920138888888884,1.6537326388888889,4.854215856481481,24.636170138888886,5.0,28.0,102.75,480.79999999999995,1.0,2.0,5.0,11.299999999999997,1.0,2.0,3.0,6.599999999999994
all,association_group,member_owner_collaborator,Member / owner / collaborator,2020,57,44,4,43,77.19298245614036,7.017543859649122,75.43859649122807,9.090909090909092,0.07017543859649122,1,1.736842105263158,1.0,13,False,True,0.0528587962962963,0.49922453703703706,2.9377546296296297,6.443069444444444,6.0,51.0,160.0,414.5999999999998,1.0,2.0,7.0,13.799999999999997,1.0,2.0,3.0,5.799999999999997
all,association_group,none,No recorded association,2020,5,5,1,3,100.0,20.0,60.0,20.0,0.2,1,2,1.0,3,True,True,0.11543981481481481,0.2775578703703704,0.4550578703703704,3.80900925925926,8.0,13.0,34.0,63.400000000000006,1.0,1.0,2.0,5.6000000000000005,1.0,1.0,2.0,2.0
all,association_group,contributor_first_time,Contributor / first-time contributor,2021,103,57,12,48,55.33980582524272,11.650485436893204,46.601941747572816,21.05263157894737,0.1650485436893204,1.4166666666666667,1.4271844660194175,1.0,52,False,False,0.0788599537037037,0.5976041666666667,3.815960648148148,13.477564814814812,8.0,22.0,130.0,386.0,1.0,2.0,4.0,13.0,1.0,2.0,4.0,9.0
all,association_group,member_owner_collaborator,Member / owner / collaborator,2021,95,67,14,59,70.52631578947368,14.736842105263158,62.10526315789474,20.895522388059703,0.21052631578947367,1.4285714285714286,2.389473684210526,1.0,18,False,False,0.04251157407407408,0.46576388888888887,2.8161805555555555,5.157993055555558,8.5,39.0,212.5,480.00000000000006,1.0,2.0,9.0,13.600000000000009,1.0,2.0,4.5,11.0
all,association_group,none,No recorded association,2021,2,0,0,0,0.0,0.0,0.0,,0,,0,0.0,1,True,True,10.725257523148148,20.785260416666667,30.845263310185185,36.8812650462963,82.25,104.5,126.75,140.10000000000002,5.5,8.0,10.5,12.0,5.25,5.5,5.75,5.9
all,association_group,contributor_first_time,Contributor / first-time contributor,2022,102,94,10,93,92.15686274509804,9.803921568627452,91.17647058823529,10.638297872340425,0.10784313725490197,1.1,2.392156862745098,1.0,29,False,False,0.02062210648148148,0.08943287037037037,0.9598958333333334,2.9035196759259256,4.0,17.5,67.75,188.0000000000001,1.0,1.0,4.0,10.0,1.0,1.0,2.0,5.900000000000006
all,association_group,member_owner_collaborator,Member / owner / collaborator,2022,98,94,7,91,95.91836734693878,7.142857142857143,92.85714285714286,7.446808510638298,0.11224489795918367,1.5714285714285714,1.8673469387755102,1.0,18,False,True,0.010402199074074074,0.02204861111111111,0.1740596064814815,0.9702372685185182,4.0,17.5,54.0,125.69999999999997,1.0,2.0,4.0,7.0,1.0,1.0,2.0,4.0
all,association_group,contributor_first_time,Contributor / first-time contributor,2023,91,91,6,91,100.0,6.593406593406593,100.0,6.593406593406593,0.06593406593406594,1,1.5824175824175823,1.0,25,False,True,0.012476851851851852,0.04866898148148148,0.9589583333333334,2.847847222222222,5.0,13.0,41.5,196.0,1.0,2.0,3.0,5.0,1.0,1.0,2.0,4.0
all,association_group,member_owner_collaborator,Member / owner / collaborator,2023,109,109,7,109,100.0,6.422018348623853,100.0,6.422018348623853,0.06422018348623854,1,1.5963302752293578,1.0,20,False,True,0.011412037037037037,0.035416666666666666,0.3284837962962963,1.0280902777777778,5.0,15.0,67.0,152.00000000000006,1.0,2.0,3.0,7.0,1.0,1.0,2.0,4.0
all,association_group,contributor_first_time,Contributor / first-time contributor,2024,105,105,1,105,100.0,0.9523809523809523,100.0,0.9523809523809523,0.009523809523809525,1,1.361904761904762,1.0,20,False,True,0.011840277777777778,0.019444444444444445,0.14722222222222223,2.061668981481484,6.0,30.0,66.0,171.0,1.0,2.0,4.0,6.0,1.0,1.0,2.0,3.6000000000000085
all,association_group,member_owner_collaborator,Member / owner / collaborator,2024,95,95,2,95,100.0,2.1052631578947367,100.0,2.1052631578947367,0.021052631578947368,1,1.4105263157894736,1.0,17,False,True,0.011238425925925926,0.016724537037037038,0.055769675925925924,0.4016504629629656,8.5,26.0,76.0,178.40000000000003,1.0,2.0,3.5,8.0,1.0,1.0,1.5,2.0
all,association_group,contributor_first_time,Contributor / first-time contributor,2025,108,108,4,108,100.0,3.7037037037037037,100.0,3.7037037037037037,0.046296296296296294,1.25,1.8518518518518519,1.0,24,False,True,0.014380787037037037,0.03561342592592592,0.6954253472222223,5.291690972222216,7.0,27.5,91.5,224.99999999999994,1.0,2.0,5.0,8.299999999999997,1.0,1.0,3.0,7.299999999999997
all,association_group,member_owner_collaborator,Member / owner / collaborator,2025,92,92,0,92,100.0,0.0,100.0,0.0,0,,1.8043478260869565,1.5,21,False,True,0.01310763888888889,0.02233217592592593,0.07075520833333333,0.31423379629629655,6.0,16.0,45.75,113.30000000000027,1.0,1.0,2.25,6.0,1.0,1.0,1.0,3.0
all,association_group,contributor_first_time,Contributor / first-time contributor,2026,89,89,2,89,100.0,2.247191011235955,100.0,2.247191011235955,0.02247191011235955,1,3.3820224719101124,2.0,27,False,True,0.025763888888888888,0.06618055555555556,0.25469907407407405,3.846854166666667,8.0,50.0,203.0,747.4,1.0,2.0,4.0,14.200000000000003,1.0,2.0,2.0,3.200000000000003
all,association_group,member_owner_collaborator,Member / owner / collaborator,2026,111,111,0,111,100.0,0.0,100.0,0.0,0,,2.8468468468468466,2.0,24,False,True,0.02367476851851852,0.04822916666666666,0.14583912037037036,1.3746064814814816,17.5,58.0,189.5,475.0,1.0,4.0,6.5,13.0,1.0,2.0,3.0,7.0
all,author_association,COLLABORATOR,COLLABORATOR,2017,6,4,1,3,66.66666666666667,16.666666666666668,50.0,25.0,0.16666666666666666,1,0.8333333333333334,1.0,1,True,True,0.05206886574074074,0.3724074074074074,1.9489091435185186,2.723917824074074,9.25,11.5,18.25,37.0,1.0,1.5,2.0,3.5,1.0,1.0,1.75,2.5
all,author_association,CONTRIBUTOR,CONTRIBUTOR,2017,162,50,22,28,30.864197530864196,13.580246913580247,17.28395061728395,44.0,0.17901234567901234,1.3181818181818181,0.9753086419753086,0.0,71,False,False,0.05642361111111111,0.7899479166666667,5.923582175925926,23.219848379629642,7.0,24.5,110.75,395.4000000000003,1.0,2.0,5.0,11.900000000000006,1.0,1.0,2.75,6.0
all,author_association,MEMBER,MEMBER,2017,15,4,1,3,26.666666666666668,6.666666666666667,20.0,25.0,0.06666666666666667,1,0.6666666666666666,0.0,6,True,True,0.11229166666666666,0.6921990740740741,5.367673611111111,7.830037037037036,9.5,29.0,335.0,987.9999999999999,1.0,2.0,10.5,19.0,1.0,2.0,4.5,13.0
all,author_association,NONE,NONE,2017,17,7,1,6,41.1764705882353,5.882352941176471,35.294117647058826,14.285714285714286,0.058823529411764705,1,1.5294117647058822,0.0,15,True,True,0.543599537037037,0.9913541666666666,14.11724537037037,40.90243750000001,2.0,24.0,60.0,182.60000000000005,1.0,1.0,2.0,4.0,1.0,1.0,2.0,7.600000000000001
all,author_association,COLLABORATOR,COLLABORATOR,2018,2,1,0,1,50.0,0.0,50.0,0.0,0,,0.5,0.5,1,True,True,15.257271412037037,30.51148726851852,45.765703125,54.91823263888889,18.5,30.0,41.5,48.4,2.0,2.0,2.0,2.0,1.0,1.0,1.0,1.0
all,author_association,CONTRIBUTOR,CONTRIBUTOR,2018,141,63,16,46,44.680851063829785,11.347517730496454,32.6241134751773,25.396825396825395,0.14893617021276595,1.3125,1.1205673758865249,0.0,76,False,False,0.21155092592592592,1.2687152777777777,4.864907407407407,17.67875,4.0,14.0,63.0,192.0,1.0,2.0,3.0,10.0,1.0,1.0,3.0,6.0
all,author_association,MEMBER,MEMBER,2018,32,23,3,20,71.875,9.375,62.5,13.043478260869565,0.09375,1,1.40625,1.0,8,False,True,0.42317129629629624,1.1028587962962964,6.029516782407407,17.656606481481486,26.0,95.5,263.0,793.2000000000003,1.75,3.0,7.25,12.600000000000009,1.0,2.5,6.0,8.900000000000002
all,author_association,NONE,NONE,2018,25,10,4,5,40.0,16.0,20.0,40.0,0.2,1.25,0.68,0.0,11,True,True,0.02480324074074074,0.9144212962962963,5.534155092592592,18.15517361111112,8.0,20.0,54.0,194.6,1.0,2.0,4.0,9.0,1.0,2.0,3.0,5.0
all,author_association,COLLABORATOR,COLLABORATOR,2019,6,4,0,4,66.66666666666667,0.0,66.66666666666667,0.0,0,,0.8333333333333334,1.0,2,True,True,0.051006944444444445,0.06098958333333333,0.7286805555555556,1.1216724537037037,11.75,18.5,20.0,60.5,3.25,4.0,4.75,5.5,1.0,1.0,1.75,3.5
all,author_association,CONTRIBUTOR,CONTRIBUTOR,2019,137,73,22,59,53.284671532846716,16.05839416058394,43.065693430656935,30.136986301369863,0.20437956204379562,1.2727272727272727,1.416058394160584,1.0,63,False,False,0.099375,1.0644560185185186,5.225034722222222,32.161594907407405,6.0,24.0,104.0,429.8000000000002,1.0,2.0,5.0,11.400000000000006,1.0,2.0,4.0,8.0
all,author_association,MEMBER,MEMBER,2019,42,29,5,26,69.04761904761905,11.904761904761905,61.904761904761905,17.24137931034483,0.11904761904761904,1,1.119047619047619,1.0,10,False,True,0.06368344907407407,0.21403935185185186,2.0322569444444447,9.143233796296295,10.25,30.0,104.25,333.0999999999999,1.0,2.0,5.0,7.899999999999999,1.0,2.0,3.0,5.0
all,author_association,NONE,NONE,2019,15,9,1,8,60.0,6.666666666666667,53.333333333333336,11.11111111111111,0.06666666666666667,1,0.7333333333333333,1.0,9,True,True,0.6312500000000001,0.8504513888888889,22.896591435185186,96.70006249999997,11.5,17.0,34.0,61.599999999999994,1.0,1.0,3.0,4.6,1.0,1.0,2.5,6.199999999999999
all,author_association,COLLABORATOR,COLLABORATOR,2020,11,8,1,8,72.72727272727273,9.090909090909092,72.72727272727273,12.5,0.09090909090909091,1,2,1.0,3,True,True,0.07414930555555554,0.5851620370370371,5.196944444444444,7.051759259259259,16.5,119.0,304.0,507.0,1.5,2.0,9.0,29.0,1.5,3.0,5.5,15.0
all,author_association,CONTRIBUTOR,CONTRIBUTOR,2020,138,76,18,62,55.072463768115945,13.043478260869565,44.927536231884055,23.68421052631579,0.15217391304347827,1.1666666666666667,1.318840579710145,1.0,67,False,False,0.33920138888888884,1.6537326388888889,4.854215856481481,24.636170138888886,5.0,28.0,102.75,480.79999999999995,1.0,2.0,5.0,11.299999999999997,1.0,2.0,3.0,6.599999999999994
all,author_association,MEMBER,MEMBER,2020,46,36,3,35,78.26086956521739,6.521739130434782,76.08695652173913,8.333333333333334,0.06521739130434782,1,1.673913043478261,1.0,10,False,True,0.03710069444444444,0.4935590277777778,2.7848003472222222,4.44566550925926,6.0,35.0,127.5,316.0,1.0,2.0,6.75,12.5,1.0,2.0,3.0,5.0
all,author_association,NONE,NONE,2020,5,5,1,3,100.0,20.0,60.0,20.0,0.2,1,2,1.0,3,True,True,0.11543981481481481,0.2775578703703704,0.4550578703703704,3.80900925925926,8.0,13.0,34.0,63.400000000000006,1.0,1.0,2.0,5.6000000000000005,1.0,1.0,2.0,2.0
all,author_association,COLLABORATOR,COLLABORATOR,2021,28,19,8,15,67.85714285714286,28.571428571428573,53.57142857142857,42.10526315789474,0.35714285714285715,1.25,2.7142857142857144,1.0,3,True,True,0.04341435185185185,0.1438888888888889,1.045529513888889,3.5059907407407422,10.5,39.5,110.75,437.1,1.0,4.0,7.5,14.500000000000004,1.0,2.5,7.25,11.0
all,author_association,CONTRIBUTOR,CONTRIBUTOR,2021,103,57,12,48,55.33980582524272,11.650485436893204,46.601941747572816,21.05263157894737,0.1650485436893204,1.4166666666666667,1.4271844660194175,1.0,52,False,False,0.0788599537037037,0.5976041666666667,3.815960648148148,13.477564814814812,8.0,22.0,130.0,386.0,1.0,2.0,4.0,13.0,1.0,2.0,4.0,9.0
all,author_association,MEMBER,MEMBER,2021,67,48,6,44,71.64179104477611,8.955223880597014,65.67164179104478,12.5,0.14925373134328357,1.6666666666666667,2.253731343283582,1.0,15,False,True,0.04313078703703704,0.8191087962962963,3.142991898148148,6.219907407407407,7.0,39.0,255.0,507.9999999999999,1.0,2.0,9.0,13.399999999999999,1.0,2.0,3.5,10.399999999999999
all,author_association,NONE,NONE,2021,2,0,0,0,0.0,0.0,0.0,,0,,0,0.0,1,True,True,10.725257523148148,20.785260416666667,30.845263310185185,36.8812650462963,82.25,104.5,126.75,140.10000000000002,5.5,8.0,10.5,12.0,5.25,5.5,5.75,5.9
all,author_association,COLLABORATOR,COLLABORATOR,2022,24,22,4,20,91.66666666666667,16.666666666666668,83.33333333333333,18.181818181818183,0.25,1.5,3.5416666666666665,1.0,4,True,True,0.012065972222222221,0.045844907407407404,0.6783912037037036,1.6682604166666661,2.75,13.5,39.0,72.1,1.0,1.0,3.25,7.0,1.0,2.0,3.25,8.399999999999999
all,author_association,CONTRIBUTOR,CONTRIBUTOR,2022,102,94,10,93,92.15686274509804,9.803921568627452,91.17647058823529,10.638297872340425,0.10784313725490197,1.1,2.392156862745098,1.0,29,False,False,0.02062210648148148,0.08943287037037037,0.9598958333333334,2.9035196759259256,4.0,17.5,67.75,188.0000000000001,1.0,1.0,4.0,10.0,1.0,1.0,2.0,5.900000000000006
all,author_association,MEMBER,MEMBER,2022,74,72,3,71,97.29729729729729,4.054054054054054,95.94594594594595,4.166666666666667,0.06756756756756757,1.6666666666666667,1.3243243243243243,1.0,14,False,True,0.010303819444444445,0.018113425925925925,0.0695775462962963,0.8226805555555557,4.5,21.5,58.75,157.9000000000001,1.0,2.0,4.0,7.700000000000003,1.0,1.0,1.0,2.0
all,author_association,COLLABORATOR,COLLABORATOR,2023,44,44,5,44,100.0,11.363636363636363,100.0,11.363636363636363,0.11363636363636363,1,1.7954545454545454,1.0,9,False,True,0.013411458333333333,0.061828703703703705,0.5877806712962963,1.5859097222222243,3.75,9.0,41.25,87.30000000000003,1.0,2.0,3.0,5.700000000000003,1.0,1.0,3.0,5.700000000000003
all,author_association,CONTRIBUTOR,CONTRIBUTOR,2023,91,91,6,91,100.0,6.593406593406593,100.0,6.593406593406593,0.06593406593406594,1,1.5824175824175823,1.0,25,False,True,0.012476851851851852,0.04866898148148148,0.9589583333333334,2.847847222222222,5.0,13.0,41.5,196.0,1.0,2.0,3.0,5.0,1.0,1.0,2.0,4.0
all,author_association,MEMBER,MEMBER,2023,65,65,2,65,100.0,3.076923076923077,100.0,3.076923076923077,0.03076923076923077,1,1.4615384615384615,1.0,11,False,True,0.011412037037037037,0.02861111111111111,0.14427083333333332,0.7815694444444445,7.0,27.0,75.0,190.20000000000002,1.0,2.0,3.0,8.600000000000001,1.0,1.0,1.0,3.0
all,author_association,COLLABORATOR,COLLABORATOR,2024,31,31,2,31,100.0,6.451612903225806,100.0,6.451612903225806,0.06451612903225806,1,1.6129032258064515,1.0,9,False,True,0.011342592592592593,0.024895833333333332,0.11844328703703703,1.6024189814814815,9.5,20.0,68.5,268.0,1.0,2.0,4.0,8.0,1.0,1.0,2.0,4.0
all,author_association,CONTRIBUTOR,CONTRIBUTOR,2024,105,105,1,105,100.0,0.9523809523809523,100.0,0.9523809523809523,0.009523809523809525,1,1.361904761904762,1.0,20,False,True,0.011840277777777778,0.019444444444444445,0.14722222222222223,2.061668981481484,6.0,30.0,66.0,171.0,1.0,2.0,4.0,6.0,1.0,1.0,2.0,3.6000000000000085
all,author_association,MEMBER,MEMBER,2024,64,64,0,64,100.0,0.0,100.0,0.0,0,,1.3125,1.0,8,False,True,0.01126736111111111,0.01379050925925926,0.0423582175925926,0.14428125000000006,7.0,27.0,77.5,155.3,1.0,2.0,3.0,6.700000000000003,1.0,1.0,1.0,2.0
all,author_association,COLLABORATOR,COLLABORATOR,2025,28,28,0,28,100.0,0.0,100.0,0.0,0,,1.9642857142857142,2.0,11,True,True,0.01587673611111111,0.043680555555555556,0.10908854166666666,0.6861562500000005,7.75,19.5,59.5,84.40000000000003,1.0,2.0,2.25,4.600000000000001,1.0,1.0,2.0,3.0
all,author_association,CONTRIBUTOR,CONTRIBUTOR,2025,108,108,4,108,100.0,3.7037037037037037,100.0,3.7037037037037037,0.046296296296296294,1.25,1.8518518518518519,1.0,24,False,True,0.014380787037037037,0.03561342592592592,0.6954253472222223,5.291690972222216,7.0,27.5,91.5,224.99999999999994,1.0,2.0,5.0,8.299999999999997,1.0,1.0,3.0,7.299999999999997
all,author_association,MEMBER,MEMBER,2025,64,64,0,64,100.0,0.0,100.0,0.0,0,,1.734375,1.0,10,False,True,0.013046875000000001,0.01814236111111111,0.039496527777777776,0.2091712962962964,5.75,11.0,37.25,128.40000000000023,1.0,1.0,2.25,6.700000000000003,1.0,1.0,1.0,2.0
all,author_association,COLLABORATOR,COLLABORATOR,2026,30,30,0,30,100.0,0.0,100.0,0.0,0,,3.1,2.0,8,False,True,0.030014467592592593,0.06446759259259259,0.28599537037037037,1.4060358796296302,8.25,33.5,133.25,366.30000000000007,1.0,2.0,5.75,13.0,1.0,2.0,2.75,7.200000000000003
all,author_association,CONTRIBUTOR,CONTRIBUTOR,2026,89,89,2,89,100.0,2.247191011235955,100.0,2.247191011235955,0.02247191011235955,1,3.3820224719101124,2.0,27,False,True,0.025763888888888888,0.06618055555555556,0.25469907407407405,3.846854166666667,8.0,50.0,203.0,747.4,1.0,2.0,4.0,14.200000000000003,1.0,2.0,2.0,3.200000000000003
all,author_association,MEMBER,MEMBER,2026,81,81,0,81,100.0,0.0,100.0,0.0,0,,2.753086419753086,2.0,16,False,True,0.02136574074074074,0.044675925925925924,0.11755787037037037,1.230960648148148,21.0,66.0,230.0,549.0,2.0,4.0,7.0,13.0,1.0,2.0,3.0,7.0
all,review_profile,approval_and_change_request,Both approval and change request,2017,12,12,12,12,100.0,100.0,100.0,100.0,1.3333333333333333,1.3333333333333333,4.666666666666667,2.0,10,True,False,5.15806712962963,8.420810185185186,21.46081886574074,39.84272337962963,37.0,127.0,257.75,301.40000000000003,1.75,3.5,7.0,8.8,3.75,6.0,9.25,12.700000000000001
all,review_profile,approval_without_change_request,"Approval(s), no change request",2017,28,28,0,28,100.0,0.0,100.0,0.0,0,,1.5,1.0,21,True,True,0.069453125,0.8705381944444445,3.4278385416666666,14.304429398148148,3.75,16.0,59.25,235.60000000000002,1.0,1.5,4.0,8.700000000000006,1.0,1.0,2.0,6.0
all,review_profile,change_request_without_approval,"Change request(s), no approval",2017,13,13,13,0,100.0,100.0,0.0,100.0,1.2307692307692308,1.2307692307692308,4.6923076923076925,2.0,10,True,False,0.6737615740740741,9.835208333333334,30.4221875,50.64890046296297,54.0,79.0,219.0,447.6,2.0,3.0,8.0,13.600000000000001,2.0,3.0,5.0,8.600000000000001
all,review_profile,no_submitted_review,No submitted review,2017,135,0,0,0,0.0,0.0,0.0,,0,,0,0.0,71,False,True,0.0413425925925926,0.559224537037037,3.1450694444444443,19.92836111111112,6.0,16.0,68.5,378.6000000000005,1.0,1.0,4.0,10.600000000000009,1.0,1.0,2.0,4.0
all,review_profile,review_without_decision,"Review(s), no approval or change request",2017,12,12,0,0,100.0,0.0,0.0,0.0,0,,3.3333333333333335,2.0,7,True,True,0.3844878472222222,1.2426620370370371,4.714997106481482,14.137877314814817,23.5,64.5,310.25,401.6,1.0,6.0,10.0,17.5,1.0,2.0,4.75,15.400000000000002
all,review_profile,approval_and_change_request,Both approval and change request,2018,10,10,10,10,100.0,100.0,100.0,100.0,1.3,1.3,5.7,1.5,10,True,False,1.2689149305555554,4.022471064814814,17.08140914351852,32.1593449074074,14.0,44.0,140.25,174.49999999999997,1.0,2.5,3.0,4.899999999999997,3.0,6.0,9.0,13.0
all,review_profile,approval_without_change_request,"Approval(s), no change request",2018,62,62,0,62,100.0,0.0,100.0,0.0,0,,1.7096774193548387,1.0,32,False,True,0.09652488425925926,0.9075578703703704,2.692566550925926,13.175789351851844,4.0,16.0,61.0,161.1,1.0,2.0,2.75,6.799999999999997,1.0,1.0,2.0,4.0
all,review_profile,change_request_without_approval,"Change request(s), no approval",2018,13,13,13,0,100.0,100.0,0.0,100.0,1.2307692307692308,1.2307692307692308,2.8461538461538463,1.0,11,True,False,3.7089351851851853,7.253078703703704,18.81391203703704,55.79772685185188,13.0,22.0,55.0,120.60000000000005,1.0,1.0,4.0,4.0,2.0,3.0,5.0,5.0
all,review_profile,no_submitted_review,No submitted review,2018,103,0,0,0,0.0,0.0,0.0,,0,,0,0.0,59,False,True,0.06221643518518519,0.8610416666666667,4.658888888888889,15.342749999999997,4.0,15.0,81.5,751.9999999999998,1.0,2.0,5.5,18.799999999999983,1.0,1.0,3.0,8.0
all,review_profile,review_without_decision,"Review(s), no approval or change request",2018,12,12,0,0,100.0,0.0,0.0,0.0,0,,1.75,1.0,11,True,True,2.0095081018518517,4.87833912037037,16.207155671296295,17.95350115740741,25.5,113.5,177.25,490.3000000000001,1.75,5.5,8.25,10.8,1.0,3.0,4.25,5.9
all,review_profile,approval_and_change_request,Both approval and change request,2019,16,16,16,16,100.0,100.0,100.0,100.0,1.1875,1.1875,4.5625,2.0,15,True,False,1.3696903935185185,8.084560185185186,21.894444444444446,27.439305555555556,6.75,23.0,83.25,110.5,1.0,2.0,5.25,6.0,2.0,3.0,5.0,6.0
all,review_profile,approval_without_change_request,"Approval(s), no change request",2019,81,81,0,81,100.0,0.0,100.0,0.0,0,,1.5308641975308641,1.0,38,False,True,0.06704861111111111,0.21756944444444445,1.5830208333333333,5.45650462962963,6.0,20.0,62.0,121.0,1.0,2.0,4.0,7.0,1.0,1.0,3.0,5.0
all,review_profile,change_request_without_approval,"Change request(s), no approval",2019,12,12,12,0,100.0,100.0,0.0,100.0,1.25,1.25,4.25,1.0,12,True,False,2.1265798611111113,3.5039583333333333,5.3963454861111115,43.50474652777779,31.75,85.0,147.25,174.70000000000002,2.0,3.5,5.5,7.0,2.0,4.5,7.25,8.0
all,review_profile,no_submitted_review,No submitted review,2019,85,0,0,0,0.0,0.0,0.0,,0,,0,0.0,50,False,True,0.06497685185185186,0.9510185185185185,6.960902777777778,51.46799074074088,8.0,20.0,135.0,627.2000000000007,1.0,2.0,6.0,12.600000000000009,1.0,2.0,3.0,8.0
all,review_profile,review_without_decision,"Review(s), no approval or change request",2019,6,6,0,0,100.0,0.0,0.0,0.0,0,,1.5,1.0,6,True,True,1.7843315972222222,3.8790567129629627,4.279771412037037,78.09768518518517,89.5,136.5,749.75,964.0,5.5,7.5,8.0,12.0,6.5,9.5,11.0,13.5
all,review_profile,approval_and_change_request,Both approval and change request,2020,14,14,14,14,100.0,100.0,100.0,100.0,1.0714285714285714,1.0714285714285714,4.285714285714286,2.0,14,True,False,2.9164322916666667,4.127916666666667,9.477644675925927,18.797188657407418,26.0,141.5,297.25,1300.6000000000004,1.25,4.0,7.5,11.0,2.0,3.5,8.75,26.90000000000002
all,review_profile,approval_without_change_request,"Approval(s), no change request",2020,94,94,0,94,100.0,0.0,100.0,0.0,0,,1.8297872340425532,1.0,41,False,True,0.12276909722222223,0.8387268518518518,3.197199074074074,8.821546296296296,3.0,16.5,62.5,170.7,1.0,1.0,4.0,7.700000000000003,1.0,2.0,2.0,3.700000000000003
all,review_profile,change_request_without_approval,"Change request(s), no approval",2020,9,9,9,0,100.0,100.0,0.0,100.0,1.2222222222222223,1.2222222222222223,4.777777777777778,2.0,9,True,True,4.372280092592592,6.922106481481482,36.172662037037036,125.61742824074081,35.0,83.0,90.0,164.60000000000005,2.0,3.0,5.0,6.4,3.0,3.0,5.0,14.0
all,review_profile,no_submitted_review,No submitted review,2020,75,0,0,0,0.0,0.0,0.0,,0,,0,0.0,45,False,True,0.07953703703703703,0.6314351851851852,1.9600983796296296,5.8832245370370515,6.0,30.0,147.0,589.0000000000008,1.0,2.0,7.5,16.800000000000026,1.0,2.0,4.0,9.0
all,review_profile,review_without_decision,"Review(s), no approval or change request",2020,8,8,0,0,100.0,0.0,0.0,0.0,0,,2,1.0,6,True,True,1.5408130787037035,5.568414351851851,8.19648148148148,38.49924884259257,69.75,567.0,886.5,3639.5999999999985,3.5,9.5,23.0,140.59999999999997,1.0,1.0,4.5,101.99999999999994
all,review_profile,approval_and_change_request,Both approval and change request,2021,14,14,14,14,100.0,100.0,100.0,100.0,1.4285714285714286,1.4285714285714286,9,2.0,9,True,False,1.6734664351851851,3.136087962962963,8.109884259259259,27.770534722222248,74.25,119.0,255.25,669.2000000000004,3.25,6.5,9.75,13.0,5.25,9.0,14.5,27.800000000000015
all,review_profile,approval_without_change_request,"Approval(s), no change request",2021,93,93,0,93,100.0,0.0,100.0,0.0,0,,1.5913978494623655,1.0,40,False,True,0.033854166666666664,0.22140046296296295,2.8177430555555554,6.104009259259258,4.0,20.0,74.0,268.79999999999984,1.0,1.0,3.0,7.0,1.0,1.0,2.0,5.0
all,review_profile,change_request_without_approval,"Change request(s), no approval",2021,12,12,12,0,100.0,100.0,0.0,100.0,1.4166666666666667,1.4166666666666667,7.166666666666667,2.0,10,True,False,0.7772685185185185,5.143142361111111,6.484918981481481,17.66339467592593,13.25,46.0,410.25,594.9000000000001,1.0,3.0,10.25,17.6,2.0,6.5,10.25,11.0
all,review_profile,no_submitted_review,No submitted review,2021,76,0,0,0,0.0,0.0,0.0,,0,,0,0.0,35,False,True,0.06877314814814815,0.4254050925925926,2.486614583333333,6.863929398148148,9.75,37.0,293.75,526.5,1.0,2.5,10.0,18.0,1.0,2.0,4.0,8.0
all,review_profile,review_without_decision,"Review(s), no approval or change request",2021,5,5,0,0,100.0,0.0,0.0,0.0,0,,2.8,2.0,5,True,True,0.18619212962962964,0.5615625,0.9917013888888889,13.347784722222222,24.0,33.0,187.0,212.2,3.0,4.0,8.0,13.4,2.0,4.0,4.0,5.2
all,review_profile,approval_and_change_request,Both approval and change request,2022,14,14,14,14,100.0,100.0,100.0,100.0,1.2142857142857142,1.2142857142857142,7.285714285714286,2.0,13,True,False,0.7441319444444445,1.0327719907407409,1.7674508101851851,17.22861342592594,47.5,118.0,311.0,406.20000000000016,4.0,6.0,9.5,11.700000000000001,3.25,5.5,12.25,15.700000000000001
all,review_profile,approval_without_change_request,"Approval(s), no change request",2022,170,170,0,170,100.0,0.0,100.0,0.0,0,,1.7705882352941176,1.0,38,False,True,0.010477430555555556,0.027569444444444445,0.19560763888888888,2.0651874999999995,3.25,15.0,50.25,105.29999999999993,1.0,1.0,3.0,7.0,1.0,1.0,1.75,3.0
all,review_profile,change_request_without_approval,"Change request(s), no approval",2022,3,3,3,0,100.0,100.0,0.0,100.0,1.6666666666666667,1.6666666666666667,7.333333333333333,2.0,2,True,True,0.5322974537037037,0.6937731481481482,5.820219907407408,8.896087962962964,84.0,132.0,142.0,148.0,3.5,4.0,5.0,5.6,6.5,7.0,8.5,9.4
all,review_profile,no_submitted_review,No submitted review,2022,12,0,0,0,0.0,0.0,0.0,,0,,0,0.0,10,True,True,0.049846643518518516,0.22901041666666666,0.5749652777777777,0.9882916666666668,8.0,28.5,71.75,97.4,1.0,2.0,7.75,10.9,1.0,1.5,3.0,3.9000000000000004
all,review_profile,review_without_decision,"Review(s), no approval or change request",2022,1,1,0,0,100.0,0.0,0.0,0.0,0,,2,2.0,1,True,True,3.5694444444444446,3.5694444444444446,3.5694444444444446,3.5694444444444446,6.0,6.0,6.0,6.0,1.0,1.0,1.0,1.0,1.0,1.0,1.0,1.0
all,review_profile,approval_and_change_request,Both approval and change request,2023,13,13,13,13,100.0,100.0,100.0,100.0,1,1,4.846153846153846,2.0,8,True,False,0.21275462962962963,0.6975925925925925,0.9440856481481481,3.399599537037039,11.0,39.0,78.0,248.2000000000001,2.0,2.0,4.0,5.0,3.0,4.0,5.0,11.600000000000001
all,review_profile,approval_without_change_request,"Approval(s), no change request",2023,187,187,0,187,100.0,0.0,100.0,0.0,0,,1.3636363636363635,1.0,44,False,True,0.011400462962962963,0.03453703703703704,0.5536574074074074,2.154333333333334,5.0,13.0,49.5,159.40000000000012,1.0,2.0,3.0,7.0,1.0,1.0,2.0,4.0
all,review_profile,approval_and_change_request,Both approval and change request,2024,3,3,3,3,100.0,100.0,100.0,100.0,1,1,3.6666666666666665,2.0,3,True,True,1.0118981481481482,1.9804513888888888,2.4758622685185183,2.773108796296296,68.5,117.0,216.0,275.4,3.0,4.0,6.0,7.2,3.0,4.0,5.0,5.6
all,review_profile,approval_without_change_request,"Approval(s), no change request",2024,197,197,0,197,100.0,0.0,100.0,0.0,0,,1.350253807106599,1.0,37,False,True,0.011666666666666667,0.016909722222222222,0.08320601851851851,0.7290925925925927,7.0,27.0,70.0,173.00000000000003,1.0,2.0,4.0,7.0,1.0,1.0,2.0,3.0
all,review_profile,approval_and_change_request,Both approval and change request,2025,4,4,4,4,100.0,100.0,100.0,100.0,1.25,1.25,4.5,2.5,3,True,True,2.640390625,3.7512789351851854,4.159401041666667,4.405385416666666,101.0,207.5,327.0,363.0,2.75,3.5,5.5,8.200000000000001,4.75,5.0,5.5,6.4
all,review_profile,approval_without_change_request,"Approval(s), no change request",2025,196,196,0,196,100.0,0.0,100.0,0.0,0,,1.7755102040816326,1.0,44,False,True,0.01369212962962963,0.024762731481481483,0.14640046296296297,2.326423611111111,6.0,18.5,62.5,167.5,1.0,2.0,4.0,7.5,1.0,1.0,2.0,4.0
all,review_profile,approval_and_change_request,Both approval and change request,2026,2,2,2,2,100.0,100.0,100.0,100.0,1,1,12,4.5,2,True,True,5.321417824074073,6.17636574074074,7.0313136574074075,7.544282407407407,226.5,445.0,663.5,794.6,4.75,8.5,12.25,14.5,9.25,14.5,19.75,22.900000000000002
all,review_profile,approval_without_change_request,"Approval(s), no change request",2026,198,198,0,198,100.0,0.0,100.0,0.0,0,,2.994949494949495,2.0,50,False,True,0.025017361111111112,0.05236111111111111,0.18061342592592594,1.7841331018518554,12.0,57.0,189.75,509.80000000000064,1.0,3.0,6.0,13.0,1.0,2.0,3.0,5.0
all,reviewer_band,one,1 identifiable reviewer,2017,33,33,7,25,100.0,21.21212121212121,75.75757575757575,21.21212121212121,0.3333333333333333,1.5714285714285714,1.2424242424242424,1.0,23,False,True,0.186875,0.7769444444444444,3.348564814814815,13.759995370370374,5.0,25.0,67.0,246.60000000000002,1.0,2.0,4.0,9.0,1.0,2.0,3.0,6.0
all,reviewer_band,three_plus,3+ identifiable reviewers,2017,6,6,5,2,100.0,83.33333333333333,33.333333333333336,83.33333333333333,1.1666666666666667,1.4,7.333333333333333,3.0,5,True,True,2.0182812500000002,6.784733796296296,35.068009259259256,45.44246527777778,79.0,280.0,446.5,633.0,3.75,6.5,11.5,39.5,3.0,3.5,4.0,11.0
all,reviewer_band,two,2 identifiable reviewers,2017,26,26,13,13,100.0,50.0,50.0,50.0,0.5384615384615384,1.0769230769230769,4.384615384615385,2.0,18,True,False,1.239045138888889,5.837737268518518,15.434791666666667,25.954971064814814,32.5,80.0,245.25,831.5,1.0,3.0,7.75,17.5,2.0,3.5,9.0,15.0
all,reviewer_band,zero,0 identifiable reviewers,2017,135,0,0,0,0.0,0.0,0.0,,0,,0,0.0,71,False,True,0.0413425925925926,0.559224537037037,3.1450694444444443,19.92836111111112,6.0,16.0,68.5,378.6000000000005,1.0,1.0,4.0,10.600000000000009,1.0,1.0,2.0,4.0
all,reviewer_band,one,1 identifiable reviewer,2018,74,74,13,57,100.0,17.56756756756757,77.02702702702703,17.56756756756757,0.20270270270270271,1.1538461538461537,1.3513513513513513,1.0,42,False,False,0.18131944444444442,1.0630381944444445,4.835109953703704,17.296472222222228,5.0,20.0,61.0,166.20000000000002,1.0,2.0,3.75,6.700000000000003,1.0,1.0,3.0,4.0
all,reviewer_band,three_plus,3+ identifiable reviewers,2018,5,5,2,5,100.0,40.0,100.0,40.0,0.8,2,7.8,4.0,5,True,True,3.349270833333333,6.119398148148148,6.936157407407407,15.052358796296298,36.0,65.0,167.0,364.40000000000003,3.0,10.0,13.0,13.6,6.0,9.0,13.0,14.8
all,reviewer_band,two,2 identifiable reviewers,2018,18,18,8,10,100.0,44.44444444444444,55.55555555555556,44.44444444444444,0.5555555555555556,1.25,4.555555555555555,2.0,16,True,True,1.3774623842592593,6.057876157407407,15.765789930555556,33.52562731481482,14.5,55.0,100.25,181.60000000000005,1.0,2.0,3.0,8.3,2.0,3.5,5.0,6.0
all,reviewer_band,zero,0 identifiable reviewers,2018,103,0,0,0,0.0,0.0,0.0,,0,,0,0.0,59,False,True,0.06221643518518519,0.8610416666666667,4.658888888888889,15.342749999999997,4.0,15.0,81.5,751.9999999999998,1.0,2.0,5.5,18.799999999999983,1.0,1.0,3.0,8.0
all,reviewer_band,one,1 identifiable reviewer,2019,82,82,14,70,100.0,17.073170731707318,85.36585365853658,17.073170731707318,0.17073170731707318,1,1.1341463414634145,1.0,41,False,False,0.099609375,0.5893807870370371,3.0798234953703707,11.58947106481483,6.25,20.0,70.0,144.20000000000005,1.0,2.0,4.0,7.0,1.0,1.0,3.0,6.0
all,reviewer_band,three_plus,3+ identifiable reviewers,2019,3,3,2,2,100.0,66.66666666666667,66.66666666666667,66.66666666666667,0.6666666666666666,1,7.666666666666667,3.0,3,True,True,2.7106192129629627,4.6243287037037035,4.6342997685185185,4.640282407407407,52.0,101.0,121.5,133.8,2.0,3.0,3.0,3.0,2.5,3.0,7.0,9.4
all,reviewer_band,two,2 identifiable reviewers,2019,30,30,12,25,100.0,40.0,83.33333333333333,40.0,0.6,1.5,4.7,2.0,27,False,False,0.2217476851851852,1.2294849537037038,8.713333333333333,33.1445451388889,20.25,38.0,103.25,296.40000000000043,1.0,2.0,6.0,15.0,2.0,3.0,5.75,8.0
all,reviewer_band,zero,0 identifiable reviewers,2019,85,0,0,0,0.0,0.0,0.0,,0,,0,0.0,50,False,True,0.06497685185185186,0.9510185185185185,6.960902777777778,51.46799074074088,8.0,20.0,135.0,627.2000000000007,1.0,2.0,6.0,12.600000000000009,1.0,2.0,3.0,8.0
all,reviewer_band,one,1 identifiable reviewer,2020,82,82,6,73,100.0,7.317073170731708,89.02439024390245,7.317073170731708,0.07317073170731707,1,1.1951219512195121,1.0,37,False,True,0.11425636574074075,0.9693113425925926,4.907867476851852,9.259473379629632,2.25,15.0,53.75,169.00000000000006,1.0,1.0,3.0,7.0,1.0,1.0,2.0,3.0
all,reviewer_band,three_plus,3+ identifiable reviewers,2020,10,10,3,7,100.0,30.0,70.0,30.0,0.4,1.3333333333333333,6.9,3.0,10,True,True,3.966255787037037,10.668912037037035,25.522103587962963,42.51942129629627,67.75,255.0,359.5,1700.9999999999968,4.5,7.0,9.5,45.199999999999996,3.5,5.0,6.5,40.89999999999989
all,reviewer_band,two,2 identifiable reviewers,2020,33,33,14,28,100.0,42.42424242424242,84.84848484848484,42.42424242424242,0.48484848484848486,1.1428571428571428,3.757575757575758,2.0,23,False,False,0.8230671296296296,2.6187152777777776,4.2804166666666665,9.66303703703704,18.0,70.0,138.0,297.40000000000003,2.0,4.0,6.0,8.0,2.0,2.0,3.0,11.400000000000006
all,reviewer_band,zero,0 identifiable reviewers,2020,75,0,0,0,0.0,0.0,0.0,,0,,0,0.0,45,False,True,0.07953703703703703,0.6314351851851852,1.9600983796296296,5.8832245370370515,6.0,30.0,147.0,589.0000000000008,1.0,2.0,7.5,16.800000000000026,1.0,2.0,4.0,9.0
all,reviewer_band,one,1 identifiable reviewer,2021,79,79,5,74,100.0,6.329113924050633,93.67088607594937,6.329113924050633,0.0759493670886076,1.2,1.1265822784810127,1.0,37,False,True,0.030862268518518518,0.12737268518518519,2.7744328703703705,6.197349537037037,4.0,18.0,71.5,216.80000000000007,1.0,1.0,3.0,7.0,1.0,1.0,2.0,5.0
all,reviewer_band,three_plus,3+ identifiable reviewers,2021,13,13,8,11,100.0,61.53846153846154,84.61538461538461,61.53846153846154,1,1.625,9.307692307692308,3.0,11,True,True,1.5214930555555555,4.326064814814814,12.65074074074074,29.857983796296313,19.0,57.0,181.0,366.4000000000001,1.0,2.0,9.0,12.400000000000002,3.0,6.0,10.0,17.6
all,reviewer_band,two,2 identifiable reviewers,2021,32,32,13,22,100.0,40.625,68.75,40.625,0.5625,1.3846153846153846,5.125,2.0,22,False,False,0.25420428240740744,0.8331481481481482,5.260185185185185,18.22352430555557,21.0,73.5,417.75,602.5000000000001,2.0,4.0,9.25,13.900000000000002,2.0,4.0,8.25,11.0
all,reviewer_band,zero,0 identifiable reviewers,2021,76,0,0,0,0.0,0.0,0.0,,0,,0,0.0,35,False,True,0.06877314814814815,0.4254050925925926,2.486614583333333,6.863929398148148,9.75,37.0,293.75,526.5,1.0,2.5,10.0,18.0,1.0,2.0,4.0,8.0
all,reviewer_band,one,1 identifiable reviewer,2022,145,145,0,145,100.0,0.0,100.0,0.0,0,,1.0620689655172413,1.0,27,False,True,0.0103125,0.021157407407407406,0.07023148148148148,0.6958009259259258,3.0,15.0,43.0,90.59999999999997,1.0,1.0,3.0,5.599999999999994,1.0,1.0,1.0,2.0
all,reviewer_band,three_plus,3+ identifiable reviewers,2022,8,8,5,8,100.0,62.5,100.0,62.5,0.625,1,8.875,3.0,8,True,True,0.8517939814814814,1.4591145833333334,9.684464699074073,15.419945601851852,11.75,37.0,354.0,551.9999999999999,1.0,3.0,8.5,10.0,2.75,4.5,10.0,13.6
all,reviewer_band,two,2 identifiable reviewers,2022,35,35,12,31,100.0,34.285714285714285,88.57142857142857,34.285714285714285,0.4857142857142857,1.4166666666666667,5.771428571428571,2.0,23,False,False,0.26416087962962964,1.0336342592592593,5.082563657407407,17.02161805555557,12.0,45.0,142.0,259.4000000000001,1.0,4.0,6.5,12.600000000000001,1.5,4.0,8.5,13.800000000000004
all,reviewer_band,zero,0 identifiable reviewers,2022,12,0,0,0,0.0,0.0,0.0,,0,,0,0.0,10,True,True,0.049846643518518516,0.22901041666666666,0.5749652777777777,0.9882916666666668,8.0,28.5,71.75,97.4,1.0,2.0,7.75,10.9,1.0,1.5,3.0,3.9000000000000004
all,reviewer_band,one,1 identifiable reviewer,2023,152,152,2,152,100.0,1.3157894736842106,100.0,1.3157894736842106,0.013157894736842105,1,1.111842105263158,1.0,33,False,True,0.011142939814814814,0.023587962962962963,0.12083043981481481,1.0008564814814815,5.0,12.5,43.25,169.50000000000014,1.0,2.0,3.0,5.900000000000006,1.0,1.0,1.0,3.0
all,reviewer_band,three_plus,3+ identifiable reviewers,2023,9,9,5,9,100.0,55.55555555555556,100.0,55.55555555555556,0.5555555555555556,1,5.111111111111111,3.0,8,True,True,0.7596412037037037,0.9738310185185185,4.9159143518518515,21.994722222222236,27.0,45.0,78.0,524.2,2.0,5.0,7.0,9.8,3.0,3.0,10.0,12.2
all,reviewer_band,two,2 identifiable reviewers,2023,39,39,6,39,100.0,15.384615384615385,100.0,15.384615384615385,0.15384615384615385,1,2.641025641025641,2.0,25,False,True,0.052089120370370376,0.4490972222222222,1.1921412037037036,3.041754629629631,4.5,20.0,70.5,136.60000000000005,1.0,1.0,3.0,9.0,1.0,2.0,4.0,5.0
all,reviewer_band,one,1 identifiable reviewer,2024,158,158,1,158,100.0,0.6329113924050633,100.0,0.6329113924050633,0.006329113924050633,1,1.0443037974683544,1.0,29,False,True,0.01146412037037037,0.014027777777777778,0.04732349537037037,0.21725578703703707,8.0,27.0,64.0,172.50000000000006,1.0,2.0,3.0,6.300000000000011,1.0,1.0,1.0,2.0
all,reviewer_band,three_plus,3+ identifiable reviewers,2024,10,10,1,10,100.0,10.0,100.0,10.0,0.1,1,4.3,3.0,10,True,True,1.9218258101851853,3.3484837962962963,7.210442708333333,46.398515046296225,11.0,28.0,114.75,794.6999999999999,1.25,2.5,17.25,25.999999999999996,2.0,2.5,5.5,9.499999999999998
all,reviewer_band,two,2 identifiable reviewers,2024,32,32,1,32,100.0,3.125,100.0,3.125,0.03125,1,2.15625,2.0,19,False,True,0.015445601851851853,0.06665509259259259,0.4849363425925926,1.0186307870370372,5.0,34.5,95.5,169.70000000000002,1.0,1.5,4.25,6.0,1.0,2.0,2.25,4.0
all,reviewer_band,one,1 identifiable reviewer,2025,105,105,1,105,100.0,0.9523809523809523,100.0,0.9523809523809523,0.009523809523809525,1,1.0761904761904761,1.0,29,False,True,0.01244212962962963,0.018738425925925926,0.06053240740740741,0.4899675925925934,6.0,15.0,45.0,142.60000000000022,1.0,1.0,3.0,6.0,1.0,1.0,1.0,2.0
all,reviewer_band,three_plus,3+ identifiable reviewers,2025,22,22,2,22,100.0,9.090909090909092,100.0,9.090909090909092,0.09090909090909091,1,4.681818181818182,3.0,12,True,True,0.06885995370370371,1.2505613425925926,7.325234375,9.704120370370372,11.0,66.0,167.25,990.3000000000017,1.25,2.0,7.75,15.900000000000002,2.0,3.5,9.25,12.900000000000002
all,reviewer_band,two,2 identifiable reviewers,2025,73,73,1,73,100.0,1.36986301369863,100.0,1.36986301369863,0.0273972602739726,2,2.0547945205479454,2.0,31,False,True,0.01412037037037037,0.028043981481481482,0.14810185185185185,2.404185185185185,4.0,25.0,67.0,152.2,1.0,2.0,4.0,7.799999999999997,1.0,1.0,2.0,4.799999999999997
all,reviewer_band,one,1 identifiable reviewer,2026,9,9,0,9,100.0,0.0,100.0,0.0,0,,1,1.0,4,True,True,0.025486111111111112,0.11269675925925926,0.6586342592592592,248.99961111111136,3.0,6.0,10.0,58.400000000000006,1.0,1.0,2.0,4.000000000000001,1.0,1.0,1.0,2.2
all,reviewer_band,three_plus,3+ identifiable reviewers,2026,80,80,2,80,100.0,2.5,100.0,2.5,0.025,1,4.775,3.0,41,False,True,0.04735532407407407,0.11701967592592592,0.9309143518518519,4.029292824074078,28.75,71.0,235.5,641.5000000000007,2.0,4.0,8.0,16.300000000000026,2.0,2.0,3.0,7.1000000000000085
all,reviewer_band,two,2 identifiable reviewers,2026,111,111,0,111,100.0,0.0,100.0,0.0,0,,2.036036036036036,2.0,36,False,True,0.018327546296296297,0.03388888888888889,0.07597800925925927,0.2326388888888889,7.0,44.0,196.0,549.0,1.0,2.0,5.0,9.0,1.0,1.0,2.0,3.0
all,merge_time_band,day_to_week,1 to under 7 days,2017,49,18,6,11,36.734693877551024,12.244897959183673,22.448979591836736,33.333333333333336,0.1836734693877551,1.5,1.2448979591836735,0.0,34,False,True,2.0512384259259258,2.834189814814815,4.380821759259259,5.992,6.0,20.0,87.0,270.2000000000002,1.0,2.0,5.0,9.0,1.0,1.0,2.0,4.200000000000003
all,merge_time_band,hour_to_day,1 hour to under 1 day,2017,70,22,5,13,31.428571428571427,7.142857142857143,18.571428571428573,22.727272727272727,0.08571428571428572,1.2,0.5,0.0,44,False,True,0.09198206018518519,0.24009259259259258,0.5920833333333333,0.7808229166666667,5.25,15.5,61.5,507.4,1.0,1.0,4.0,13.300000000000004,1.0,1.0,2.0,5.100000000000001
all,merge_time_band,month_plus,30+ days,2017,17,7,6,3,41.1764705882353,35.294117647058826,17.647058823529413,85.71428571428571,0.35294117647058826,1,2.176470588235294,0.0,17,True,True,41.88216435185185,51.26216435185185,65.61043981481481,86.54978703703705,14.0,37.0,193.0,412.6,1.0,2.0,5.0,5.4,1.0,1.0,4.0,12.200000000000003
all,merge_time_band,under_hour,Under 1 hour,2017,38,4,0,4,10.526315789473685,0.0,10.526315789473685,0.0,0,,0.10526315789473684,0.0,15,False,True,0.0014583333333333332,0.011620370370370371,0.023891782407407407,0.02794444444444445,8.25,28.0,112.5,275.80000000000086,1.25,3.0,5.0,14.300000000000004,1.0,1.0,2.0,3.3000000000000043
all,merge_time_band,week_to_month,7 to under 30 days,2017,26,14,8,9,53.84615384615385,30.76923076923077,34.61538461538461,57.142857142857146,0.4230769230769231,1.375,2.3846153846153846,1.0,24,True,True,10.065789930555557,15.408078703703705,20.769681712962964,22.450028935185188,11.25,34.5,76.25,287.0,1.0,1.5,3.0,9.5,1.25,2.5,6.75,9.5
all,merge_time_band,day_to_week,1 to under 7 days,2018,61,31,9,22,50.81967213114754,14.754098360655737,36.0655737704918,29.032258064516128,0.18032786885245902,1.2222222222222223,1.180327868852459,1.0,40,False,True,2.0035300925925927,3.3097916666666665,4.735150462962963,5.790034722222222,5.0,30.0,138.0,372.0,1.0,2.0,5.0,11.0,1.0,2.0,4.0,6.0
all,merge_time_band,hour_to_day,1 hour to under 1 day,2018,60,28,3,26,46.666666666666664,5.0,43.333333333333336,10.714285714285714,0.05,1,0.95,0.0,39,False,True,0.18366608796296297,0.4269675925925926,0.7597366898148148,0.9161134259259259,4.0,9.5,63.0,193.3000000000001,1.0,2.0,4.25,12.100000000000001,1.0,1.0,2.25,4.0
all,merge_time_band,month_plus,30+ days,2018,15,7,5,3,46.666666666666664,33.333333333333336,20.0,71.42857142857143,0.4,1.2,1.7333333333333334,0.0,15,True,True,37.37997685185185,60.81615740740741,159.94196180555556,258.4431597222222,21.5,50.0,74.0,105.6,1.0,2.0,3.5,5.199999999999999,1.0,3.0,7.0,13.0
all,merge_time_band,under_hour,Under 1 hour,2018,37,14,0,13,37.83783783783784,0.0,35.13513513513514,0.0,0,,0.5675675675675675,0.0,19,False,True,0.002673611111111111,0.006516203703703704,0.01681712962962963,0.02155324074074074,3.0,10.0,67.0,258.19999999999976,1.0,2.0,4.0,7.799999999999997,1.0,1.0,2.0,5.799999999999997
all,merge_time_band,week_to_month,7 to under 30 days,2018,27,17,6,8,62.96296296296296,22.22222222222222,29.62962962962963,35.294117647058826,0.3333333333333333,1.5,1.6666666666666667,1.0,22,True,True,11.75041087962963,14.639027777777779,17.75185763888889,20.477604166666666,12.5,37.0,107.5,434.2000000000015,1.0,2.0,4.5,11.00000000000001,1.5,3.0,5.0,11.800000000000004
all,merge_time_band,day_to_week,1 to under 7 days,2019,52,31,12,19,59.61538461538461,23.076923076923077,36.53846153846154,38.70967741935484,0.2692307692307692,1.1666666666666667,1.3653846153846154,1.0,34,False,False,1.5760966435185186,2.8721412037037037,4.058865740740741,5.433357638888889,10.75,44.0,146.25,399.1999999999997,1.0,3.0,7.0,8.0,1.0,2.0,5.0,11.0
all,merge_time_band,hour_to_day,1 hour to under 1 day,2019,74,49,6,46,66.21621621621621,8.108108108108109,62.16216216216216,12.244897959183673,0.08108108108108109,1,1.2297297297297298,1.0,37,False,True,0.099609375,0.18840856481481483,0.5894068287037038,0.8706412037037038,6.0,20.0,62.75,150.40000000000003,1.0,2.0,4.0,11.700000000000003,1.0,2.0,3.0,5.700000000000003
all,merge_time_band,month_plus,30+ days,2019,20,8,4,5,40.0,20.0,25.0,50.0,0.35,1.75,2,0.0,18,True,True,46.368550347222225,96.11533564814815,160.00197337962962,203.76395254629634,10.0,19.5,63.5,139.20000000000022,1.0,2.0,4.0,6.0,1.0,2.0,5.25,7.0
all,merge_time_band,under_hour,Under 1 hour,2019,34,16,0,16,47.05882352941177,0.0,47.05882352941177,0.0,0,,0.47058823529411764,0.0,19,False,True,0.00044560185185185187,0.0018923611111111112,0.016793981481481483,0.019734953703703702,3.25,21.0,128.25,703.3,1.0,2.0,5.0,15.099999999999998,1.0,1.0,2.0,4.0
all,merge_time_band,week_to_month,7 to under 30 days,2019,20,11,6,11,55.0,30.0,55.0,54.54545454545455,0.35,1.1666666666666667,1.95,1.0,16,True,True,11.36644675925926,13.437494212962964,21.894444444444446,24.34309837962963,7.5,40.5,72.75,285.9000000000001,1.0,2.0,5.25,6.100000000000001,1.0,2.0,3.25,6.200000000000003
all,merge_time_band,day_to_week,1 to under 7 days,2020,71,47,12,39,66.19718309859155,16.901408450704224,54.929577464788736,25.53191489361702,0.19718309859154928,1.1666666666666667,1.4507042253521127,1.0,48,False,False,1.916990740740741,2.9694560185185184,4.395138888888889,6.044976851851852,9.5,53.0,141.0,337.0,1.0,2.0,6.0,10.0,1.0,2.0,3.0,6.0
all,merge_time_band,hour_to_day,1 hour to under 1 day,2020,66,37,3,34,56.06060606060606,4.545454545454546,51.515151515151516,8.108108108108109,0.045454545454545456,1,1.0757575757575757,1.0,35,False,True,0.15891493055555556,0.4168923611111111,0.7333159722222222,0.8411689814814814,4.0,14.5,111.75,411.0,1.0,1.0,5.75,12.0,1.0,2.0,2.0,4.5
all,merge_time_band,month_plus,30+ days,2020,12,7,4,3,58.333333333333336,33.333333333333336,25.0,57.142857142857146,0.3333333333333333,1,2.1666666666666665,1.0,12,True,True,39.879814814814814,55.692384259259256,201.6550289351852,289.722712962963,13.75,30.5,80.25,357.3000000000001,1.0,2.0,4.25,5.9,2.0,3.0,6.0,12.9
all,merge_time_band,under_hour,Under 1 hour,2020,34,19,0,19,55.88235294117647,0.0,55.88235294117647,0.0,0,,0.6470588235294118,1.0,14,False,True,0.0018229166666666667,0.0056076388888888894,0.02546585648148148,0.03553935185185185,2.5,13.0,57.0,604.1999999999998,1.0,2.0,6.0,18.599999999999994,1.0,1.0,3.0,5.699999999999999
all,merge_time_band,week_to_month,7 to under 30 days,2020,17,15,4,13,88.23529411764706,23.529411764705884,76.47058823529412,26.666666666666668,0.29411764705882354,1.25,4.0588235294117645,1.0,16,True,True,9.306226851851852,12.295960648148148,22.700185185185184,25.46634027777778,8.0,30.0,226.0,599.4000000000001,1.0,3.0,6.0,11.4,1.0,2.0,5.0,5.800000000000001
all,merge_time_band,day_to_week,1 to under 7 days,2021,53,35,13,29,66.0377358490566,24.528301886792452,54.716981132075475,37.142857142857146,0.3018867924528302,1.2307692307692308,2.3207547169811322,1.0,35,False,False,2.006388888888889,2.9866550925925925,4.821666666666666,6.131877314814815,9.0,23.0,103.0,387.8,1.0,2.0,4.0,9.800000000000004,1.0,2.0,5.0,9.800000000000004
all,merge_time_band,hour_to_day,1 hour to under 1 day,2021,81,48,7,40,59.25925925925926,8.641975308641975,49.382716049382715,14.583333333333334,0.09876543209876543,1.1428571428571428,1.3209876543209877,1.0,32,False,True,0.09059027777777778,0.21708333333333332,0.6517476851851852,0.8498263888888888,11.0,39.0,232.0,547.0,1.0,3.0,9.0,18.0,1.0,2.0,5.0,10.0
all,merge_time_band,month_plus,30+ days,2021,7,5,3,4,71.42857142857143,42.857142857142854,57.142857142857146,60.0,1,2.3333333333333335,5.571428571428571,1.0,6,True,True,37.46907407407407,69.94508101851852,99.98261574074074,114.88332407407408,60.5,105.0,147.0,161.8,1.0,2.0,9.0,15.400000000000002,1.5,5.0,9.5,13.200000000000003
all,merge_time_band,under_hour,Under 1 hour,2021,42,25,0,25,59.523809523809526,0.0,59.523809523809526,0.0,0,,0.7380952380952381,1.0,21,False,True,0.004907407407407407,0.011655092592592592,0.026397569444444446,0.03361689814814814,4.0,10.5,64.5,165.89999999999998,1.0,1.0,4.0,9.899999999999999,1.0,1.0,2.0,2.8999999999999986
all,merge_time_band,week_to_month,7 to under 30 days,2021,17,11,3,9,64.70588235294117,17.647058823529413,52.94117647058823,27.272727272727273,0.35294117647058826,2,4.352941176470588,1.0,16,True,True,12.112743055555555,13.684270833333333,15.622199074074073,20.730715277777776,10.0,26.0,506.0,883.8000000000002,1.0,2.0,9.0,14.0,2.0,2.0,4.0,18.400000000000002
all,merge_time_band,day_to_week,1 to under 7 days,2022,25,23,5,22,92.0,20.0,88.0,21.73913043478261,0.28,1.4,5.6,2.0,16,True,True,1.6459143518518518,2.4207175925925926,3.1133449074074075,5.152113425925926,10.0,45.0,117.0,650.600000000001,1.0,4.0,7.0,13.600000000000001,1.0,2.0,5.0,12.600000000000009
all,merge_time_band,hour_to_day,1 hour to under 1 day,2022,61,53,7,51,86.88524590163935,11.475409836065573,83.60655737704919,13.20754716981132,0.13114754098360656,1.1428571428571428,2.1475409836065573,1.0,29,False,True,0.08728009259259259,0.19957175925925927,0.6476041666666666,0.7749768518518518,8.0,27.0,75.0,170.0,1.0,2.0,4.0,10.0,1.0,1.0,3.0,7.0
all,merge_time_band,month_plus,30+ days,2022,1,1,0,1,100.0,0.0,100.0,0.0,0,,3,2.0,1,True,True,118.06637731481482,118.06637731481482,118.06637731481482,118.06637731481482,192.0,192.0,192.0,192.0,10.0,10.0,10.0,10.0,4.0,4.0,4.0,4.0
all,merge_time_band,under_hour,Under 1 hour,2022,105,103,1,103,98.0952380952381,0.9523809523809523,98.0952380952381,0.970873786407767,0.009523809523809525,1,1.0666666666666667,1.0,23,False,True,0.009594907407407408,0.011122685185185185,0.02140046296296296,0.03262037037037038,3.0,13.0,38.0,82.60000000000001,1.0,1.0,3.0,5.0,1.0,1.0,1.0,2.0
all,merge_time_band,week_to_month,7 to under 30 days,2022,8,8,4,7,100.0,50.0,87.5,50.0,0.75,1.5,5.125,2.0,8,True,True,13.201284722222223,19.95740740740741,22.370222800925923,25.593950231481482,6.5,22.5,141.25,206.2,1.0,1.5,6.0,7.799999999999999,3.75,5.5,9.25,11.799999999999999
all,merge_time_band,day_to_week,1 to under 7 days,2023,26,26,3,26,100.0,11.538461538461538,100.0,11.538461538461538,0.11538461538461539,1,2.4615384615384617,2.0,15,True,True,1.1061863425925926,2.1647511574074074,3.3429050925925927,4.915081018518519,8.25,28.0,87.0,502.5,1.0,2.0,5.0,11.5,1.0,2.0,5.75,11.5
all,merge_time_band,hour_to_day,1 hour to under 1 day,2023,69,69,10,69,100.0,14.492753623188406,100.0,14.492753623188406,0.14492753623188406,1,1.826086956521739,1.0,29,False,False,0.08462962962962962,0.14627314814814815,0.6669328703703704,0.8264282407407408,8.0,24.0,60.0,201.4000000000001,1.0,2.0,4.0,7.200000000000003,1.0,1.0,3.0,3.200000000000003
all,merge_time_band,month_plus,30+ days,2023,2,2,0,2,100.0,0.0,100.0,0.0,0,,3.5,2.5,2,True,True,97.95918981481482,109.02106481481482,120.08293981481482,126.72006481481483,20.5,38.0,55.5,66.0,3.0,5.0,7.0,8.2,7.0,9.0,11.0,12.2
all,merge_time_band,under_hour,Under 1 hour,2023,97,97,0,97,100.0,0.0,100.0,0.0,0,,1.1443298969072164,1.0,27,False,True,0.010358796296296297,0.011423611111111112,0.016666666666666666,0.029004629629629634,4.0,8.0,28.0,82.2000000000001,1.0,1.0,2.0,3.4000000000000057,1.0,1.0,1.0,1.4000000000000057
all,merge_time_band,week_to_month,7 to under 30 days,2023,6,6,0,6,100.0,0.0,100.0,0.0,0,,1.6666666666666667,1.0,6,True,True,8.659140625,11.664907407407407,24.25868634259259,28.14300925925926,67.25,96.5,199.25,395.5,2.25,5.0,9.25,12.5,2.5,4.0,9.25,11.5
all,merge_time_band,day_to_week,1 to under 7 days,2024,14,14,2,14,100.0,14.285714285714286,100.0,14.285714285714286,0.14285714285714285,1,2.5714285714285716,2.0,10,True,True,2.031851851851852,2.925659722222222,3.7566493055555554,4.585916666666668,16.25,48.5,114.75,288.0000000000001,1.25,3.0,7.5,18.400000000000013,2.0,3.5,5.75,8.700000000000001
all,merge_time_band,hour_to_day,1 hour to under 1 day,2024,51,51,1,51,100.0,1.9607843137254901,100.0,1.9607843137254901,0.0196078431372549,1,1.4509803921568627,1.0,23,False,True,0.060723379629629634,0.12497685185185185,0.31276620370370367,0.6926851851851852,8.5,36.0,101.5,190.0,1.0,3.0,4.5,8.0,1.0,1.0,2.0,3.0
all,merge_time_band,month_plus,30+ days,2024,2,2,0,2,100.0,0.0,100.0,0.0,0,,4,3.5,2,True,True,261.80302662037036,293.59350694444447,325.3839872685185,344.45827546296294,5.5,7.0,8.5,9.4,1.25,1.5,1.75,1.9,2.0,2.0,2.0,2.0
all,merge_time_band,under_hour,Under 1 hour,2024,130,130,0,130,100.0,0.0,100.0,0.0,0,,1.1307692307692307,1.0,28,False,True,0.010787037037037038,0.012349537037037037,0.016707175925925927,0.024936342592592593,6.0,24.5,58.75,139.40000000000003,1.0,2.0,3.0,5.0,1.0,1.0,1.0,2.0
all,merge_time_band,week_to_month,7 to under 30 days,2024,3,3,0,3,100.0,0.0,100.0,0.0,0,,4,3.0,3,True,True,13.323981481481482,18.656076388888888,22.326516203703704,24.52878009259259,394.5,787.0,1194.0,1438.2,18.0,35.0,41.0,44.6,1.5,2.0,8.0,11.600000000000001
all,merge_time_band,day_to_week,1 to under 7 days,2025,20,20,3,20,100.0,15.0,100.0,15.0,0.2,1.3333333333333333,3.35,2.0,15,True,True,1.5915017361111112,3.17890625,4.054646990740741,4.999915509259261,26.0,97.5,382.5,1268.6000000000006,1.75,4.5,9.25,22.900000000000013,2.0,4.5,10.5,22.70000000000001
all,merge_time_band,hour_to_day,1 hour to under 1 day,2025,52,52,1,52,100.0,1.9230769230769231,100.0,1.9230769230769231,0.019230769230769232,1,1.7692307692307692,1.0,26,False,True,0.0644212962962963,0.11737268518518519,0.31667245370370367,0.5431006944444444,7.0,23.5,67.75,131.5,1.0,2.0,4.25,7.0,1.0,1.0,2.25,4.0
all,merge_time_band,month_plus,30+ days,2025,2,2,0,2,100.0,0.0,100.0,0.0,0,,2,2.0,2,True,True,126.43951388888888,194.2275810185185,262.01564814814816,302.6884884259259,88.0,90.0,92.0,93.2,2.75,3.5,4.25,4.7,4.75,5.5,6.25,6.7
all,merge_time_band,under_hour,Under 1 hour,2025,118,118,0,118,100.0,0.0,100.0,0.0,0,,1.4661016949152543,1.0,27,False,True,0.011640625,0.014490740740740742,0.022158564814814815,0.027825231481481482,5.25,13.5,45.0,120.09999999999998,1.0,1.0,3.0,5.299999999999997,1.0,1.0,1.0,2.0
all,merge_time_band,week_to_month,7 to under 30 days,2025,8,8,0,8,100.0,0.0,100.0,0.0,0,,3.75,3.0,5,True,True,9.186359953703704,9.886753472222223,12.398090277777778,16.794045138888887,8.25,68.5,190.5,525.8999999999999,1.0,1.5,5.25,15.3,1.0,6.5,11.5,13.899999999999999
all,merge_time_band,day_to_week,1 to under 7 days,2026,21,21,1,21,100.0,4.761904761904762,100.0,4.761904761904762,0.047619047619047616,1,6.142857142857143,3.0,17,True,True,1.688900462962963,2.9444097222222223,3.864502314814815,4.965138888888889,48.0,414.0,840.0,902.0,2.0,5.0,16.0,32.0,3.0,5.0,10.0,16.0
all,merge_time_band,hour_to_day,1 hour to under 1 day,2026,93,93,0,93,100.0,0.0,100.0,0.0,0,,3.010752688172043,2.0,35,False,True,0.05758101851851852,0.08974537037037036,0.1809837962962963,0.7055694444444444,26.0,67.0,211.0,429.5999999999999,2.0,3.0,6.0,13.0,1.0,2.0,3.0,4.0
all,merge_time_band,month_plus,30+ days,2026,2,2,0,2,100.0,0.0,100.0,0.0,0,,4.5,2.5,2,True,True,337.893978587963,639.2622511574075,940.6305237268518,1121.4514872685186,14.75,26.5,38.25,45.300000000000004,2.75,4.5,6.25,7.3,1.25,1.5,1.75,1.9
all,merge_time_band,under_hour,Under 1 hour,2026,79,79,0,79,100.0,0.0,100.0,0.0,0,,2.2531645569620253,2.0,31,False,True,0.014849537037037036,0.020150462962962964,0.02914351851851852,0.03462268518518519,6.0,21.0,119.5,467.6000000000001,1.0,2.0,4.0,7.0,1.0,1.0,2.0,2.200000000000003
all,merge_time_band,week_to_month,7 to under 30 days,2026,5,5,1,5,100.0,20.0,100.0,20.0,0.2,1,4.2,4.0,5,True,True,9.8775,11.949409722222223,12.907858796296296,21.1931712962963,8.0,14.0,47.0,96.80000000000001,1.0,1.0,2.0,4.4,2.0,2.0,4.0,7.0
all,file_band,one,1 file,2017,91,23,5,17,25.274725274725274,5.4945054945054945,18.681318681318682,21.73913043478261,0.08791208791208792,1.6,0.7252747252747253,0.0,65,False,True,0.15772569444444445,0.7769444444444444,5.837737268518518,23.41230324074074,2.0,6.0,14.0,36.0,1.0,1.0,1.0,1.0,1.0,1.0,1.0,2.0
all,file_band,six_plus,6+ files,2017,41,19,9,9,46.34146341463415,21.951219512195124,21.951219512195124,47.36842105263158,0.2926829268292683,1.3333333333333333,1.3658536585365855,0.0,17,False,True,0.04365740740740741,0.470474537037037,2.758414351851852,10.757534722222223,124.0,302.0,742.0,1360.0,7.0,13.0,18.0,39.0,2.0,4.0,10.0,18.0
all,file_band,two_to_five,2–5 files,2017,68,23,11,14,33.8235294117647,16.176470588235293,20.58823529411765,47.82608695652174,0.17647058823529413,1.0909090909090908,1.1323529411764706,0.0,41,False,False,0.02811921296296296,0.9133506944444445,7.041906828703704,34.87085995370372,17.0,33.5,78.25,187.40000000000003,2.0,3.0,4.0,5.0,1.0,2.0,3.0,5.300000000000004
all,file_band,one,1 file,2018,86,44,11,34,51.16279069767442,12.790697674418604,39.53488372093023,25.0,0.1511627906976744,1.1818181818181819,1.069767441860465,1.0,66,False,False,0.07848958333333333,0.9533680555555555,4.731417824074074,14.39623263888889,2.0,4.5,13.75,34.0,1.0,1.0,1.0,1.0,1.0,1.0,2.0,4.0
all,file_band,six_plus,6+ files,2018,41,15,2,8,36.58536585365854,4.878048780487805,19.51219512195122,13.333333333333334,0.07317073170731707,1.5,1.048780487804878,0.0,18,False,True,0.22703703703703704,1.7037037037037037,5.905104166666667,14.283148148148149,118.0,250.0,804.0,1836.0,9.0,10.0,20.0,55.0,2.0,5.0,8.0,17.0
all,file_band,two_to_five,2–5 files,2018,73,38,10,30,52.054794520547944,13.698630136986301,41.0958904109589,26.31578947368421,0.1780821917808219,1.3,1.178082191780822,1.0,41,False,False,0.15106481481481482,1.2687152777777777,5.974189814814815,29.280817129629597,12.0,34.0,71.0,137.6,2.0,2.0,3.0,4.0,1.0,2.0,3.0,5.799999999999997
all,file_band,one,1 file,2019,78,46,7,44,58.97435897435897,8.974358974358974,56.41025641025641,15.217391304347826,0.08974358974358974,1,0.8589743589743589,1.0,55,False,True,0.09202256944444444,0.46346643518518515,3.6403125000000003,66.50207754629622,2.0,6.0,11.0,36.09999999999998,1.0,1.0,1.0,1.0,1.0,1.0,2.0,3.0
all,file_band,six_plus,6+ files,2019,44,22,7,15,50.0,15.909090909090908,34.09090909090909,31.818181818181817,0.18181818181818182,1.1428571428571428,1.1818181818181819,0.5,24,False,True,0.09063078703703703,1.3038831018518517,4.607430555555555,11.897146990740742,95.25,197.5,593.0,1014.1000000000001,7.0,8.0,15.0,20.400000000000006,2.0,4.0,8.5,13.0
all,file_band,two_to_five,2–5 files,2019,78,47,14,38,60.256410256410255,17.94871794871795,48.717948717948715,29.78723404255319,0.24358974358974358,1.3571428571428572,1.7692307692307692,1.0,41,False,False,0.09899884259259259,0.8449247685185186,5.653203125,24.568436342592577,18.25,31.0,77.75,169.89999999999986,2.0,3.0,4.0,5.0,1.0,2.0,4.0,6.299999999999997
all,file_band,one,1 file,2020,86,54,6,51,62.7906976744186,6.976744186046512,59.30232558139535,11.11111111111111,0.06976744186046512,1,0.9651162790697675,1.0,53,False,True,0.18416087962962963,0.7787847222222222,2.8681915509259257,10.554502314814815,2.0,4.5,13.0,34.0,1.0,1.0,1.0,1.0,1.0,1.0,2.0,3.0
all,file_band,six_plus,6+ files,2020,52,30,8,23,57.69230769230769,15.384615384615385,44.23076923076923,26.666666666666668,0.15384615384615385,1,2.0576923076923075,1.0,25,False,True,0.08024884259259259,0.8775636574074074,3.5132060185185185,10.168155092592588,127.5,239.0,728.25,1646.4999999999995,7.0,11.0,17.25,29.9,2.0,3.0,9.0,30.69999999999998
all,file_band,two_to_five,2–5 files,2020,61,40,9,33,65.57377049180327,14.754098360655737,54.09836065573771,22.5,0.19672131147540983,1.3333333333333333,1.639344262295082,1.0,36,False,True,0.4550578703703704,2.9451388888888888,5.589803240740741,22.700185185185184,20.0,46.0,96.0,238.0,2.0,3.0,4.0,5.0,1.0,2.0,3.0,5.0
all,file_band,zero,0 files,2020,1,1,0,1,100.0,0.0,100.0,0.0,0,,1,1.0,1,True,True,0.005185185185185185,0.005185185185185185,0.005185185185185185,0.005185185185185185,0.0,0.0,0.0,0.0,0.0,0.0,0.0,0.0,1.0,1.0,1.0,1.0
all,file_band,one,1 file,2021,83,54,4,49,65.06024096385542,4.819277108433735,59.036144578313255,7.407407407407407,0.060240963855421686,1.25,1.0602409638554218,1.0,47,False,True,0.042847222222222224,0.27163194444444444,3.659259259259259,13.301157407407405,3.0,8.0,18.0,36.599999999999994,1.0,1.0,1.0,1.0,1.0,1.0,2.0,3.0
all,file_band,six_plus,6+ files,2021,53,28,13,21,52.83018867924528,24.528301886792452,39.62264150943396,46.42857142857143,0.37735849056603776,1.5384615384615385,3.660377358490566,1.0,17,False,False,0.09059027777777778,0.8164699074074074,3.1886689814814817,12.051,176.0,319.0,553.0,1169.8000000000006,9.0,12.0,18.0,26.200000000000017,3.0,6.0,11.0,16.0
all,file_band,two_to_five,2–5 files,2021,63,41,9,36,65.07936507936508,14.285714285714286,57.142857142857146,21.951219512195124,0.19047619047619047,1.3333333333333333,1.4444444444444444,1.0,34,False,True,0.08072916666666666,0.7342013888888889,2.81912037037037,6.438377314814816,16.0,38.0,69.5,260.2000000000003,2.0,3.0,4.0,4.0,1.0,2.0,3.0,5.800000000000004
all,file_band,zero,0 files,2021,1,1,0,1,100.0,0.0,100.0,0.0,0,,1,1.0,1,True,True,0.00900462962962963,0.00900462962962963,0.00900462962962963,0.00900462962962963,0.0,0.0,0.0,0.0,0.0,0.0,0.0,0.0,1.0,1.0,1.0,1.0
all,file_band,one,1 file,2022,99,94,1,93,94.94949494949495,1.0101010101010102,93.93939393939394,1.0638297872340425,0.010101010101010102,1,1.2525252525252526,1.0,33,False,True,0.010295138888888888,0.02851851851851852,0.1731886574074074,2.1037824074074085,2.0,4.0,10.5,21.0,1.0,1.0,1.0,1.0,1.0,1.0,1.0,2.0
all,file_band,six_plus,6+ files,2022,36,32,9,31,88.88888888888889,25.0,86.11111111111111,28.125,0.3333333333333333,1.3333333333333333,5.055555555555555,1.0,19,False,True,0.05960358796296296,0.6689525462962963,2.2703616898148145,8.48626736111111,74.5,146.0,299.0,893.0,7.0,10.0,13.25,18.0,2.0,3.0,6.5,14.0
all,file_band,two_to_five,2–5 files,2022,65,62,7,60,95.38461538461539,10.76923076923077,92.3076923076923,11.290322580645162,0.13846153846153847,1.2857142857142858,1.8615384615384616,1.0,26,False,True,0.011122685185185185,0.028645833333333332,0.2612847222222222,1.1190833333333337,21.0,40.0,63.0,107.40000000000003,2.0,3.0,4.0,4.600000000000001,1.0,1.0,2.0,4.600000000000001
all,file_band,one,1 file,2023,93,93,3,93,100.0,3.225806451612903,100.0,3.225806451612903,0.03225806451612903,1,1.3978494623655915,1.0,35,False,True,0.01056712962962963,0.017291666666666667,0.10958333333333334,0.9731226851851847,2.0,5.0,13.0,30.39999999999999,1.0,1.0,1.0,1.0,1.0,1.0,1.0,2.0
all,file_band,six_plus,6+ files,2023,25,25,1,25,100.0,4.0,100.0,4.0,0.04,1,2.12,1.0,13,True,True,0.09034722222222222,0.6669328703703704,2.2168402777777776,11.881784722222225,90.0,216.0,309.0,536.2,8.0,10.0,13.0,21.400000000000013,2.0,4.0,11.0,16.60000000000001
all,file_band,two_to_five,2–5 files,2023,82,82,9,82,100.0,10.975609756097562,100.0,10.975609756097562,0.10975609756097561,1,1.646341463414634,1.0,30,False,True,0.01265335648148148,0.0709664351851852,0.7672222222222222,1.2106250000000007,10.0,27.0,59.75,138.40000000000003,2.0,3.0,3.0,5.0,1.0,1.0,2.0,4.0
all,file_band,one,1 file,2024,83,83,0,83,100.0,0.0,100.0,0.0,0,,1.3614457831325302,1.0,32,False,True,0.010873842592592591,0.01607638888888889,0.0671701388888889,0.6365601851851849,4.0,9.0,24.5,44.8,1.0,1.0,1.0,1.0,1.0,1.0,1.0,2.0
all,file_band,six_plus,6+ files,2024,26,26,1,26,100.0,3.8461538461538463,100.0,3.8461538461538463,0.038461538461538464,1,1.7692307692307692,1.0,18,True,True,0.01503761574074074,0.09755787037037036,1.6466637731481482,4.316539351851852,64.25,140.0,303.25,825.5,7.25,9.0,13.75,23.5,1.0,2.0,4.0,7.5
all,file_band,two_to_five,2–5 files,2024,91,91,2,91,100.0,2.197802197802198,100.0,2.197802197802198,0.02197802197802198,1,1.2967032967032968,1.0,26,False,True,0.011863425925925927,0.016655092592592593,0.05148726851851852,0.47230324074074076,14.0,41.0,103.0,190.0,2.0,3.0,4.0,5.0,1.0,1.0,2.0,3.0
all,file_band,one,1 file,2025,95,95,0,95,100.0,0.0,100.0,0.0,0,,1.5263157894736843,1.0,32,False,True,0.013038194444444446,0.021574074074074075,0.10627893518518519,0.8183842592592611,3.0,7.0,18.0,42.20000000000006,1.0,1.0,1.0,1.0,1.0,1.0,1.0,2.0
all,file_band,six_plus,6+ files,2025,31,31,1,31,100.0,3.225806451612903,100.0,3.225806451612903,0.03225806451612903,1,2.7096774193548385,2.0,15,False,True,0.021579861111111112,0.06674768518518519,1.3560416666666666,3.479814814814815,81.0,154.0,411.0,1228.0,7.0,9.0,15.5,31.0,1.0,3.0,7.5,16.0
all,file_band,two_to_five,2–5 files,2025,74,74,3,74,100.0,4.054054054054054,100.0,4.054054054054054,0.05405405405405406,1.3333333333333333,1.8513513513513513,1.5,33,False,True,0.014638310185185185,0.029427083333333333,0.22514756944444445,4.112074074074075,11.25,28.5,70.0,126.7,2.0,2.0,4.0,5.0,1.0,1.0,2.0,4.700000000000003
all,file_band,one,1 file,2026,61,61,1,61,100.0,1.639344262295082,100.0,1.639344262295082,0.01639344262295082,1,2.442622950819672,2.0,33,False,True,0.018587962962962962,0.03491898148148148,0.10428240740740741,4.965138888888889,3.0,6.0,14.0,33.0,1.0,1.0,1.0,1.0,1.0,1.0,2.0,3.0
all,file_band,six_plus,6+ files,2026,54,54,1,54,100.0,1.8518518518518519,100.0,1.8518518518518519,0.018518518518518517,1,3.9814814814814814,3.0,27,False,True,0.03308159722222222,0.11282407407407408,0.771495949074074,3.008762731481482,180.0,409.0,748.5,1571.5,7.0,10.5,15.75,30.400000000000006,2.0,2.0,4.75,14.0
all,file_band,two_to_five,2–5 files,2026,85,85,0,85,100.0,0.0,100.0,0.0,0,,2.976470588235294,2.0,37,False,True,0.03152777777777778,0.06112268518518518,0.130625,0.9373958333333335,28.0,64.0,126.0,275.6000000000002,2.0,3.0,4.0,5.0,1.0,2.0,3.0,4.6000000000000085
all,commit_band,one,1 commit,2017,109,22,1,16,20.18348623853211,0.9174311926605505,14.678899082568808,4.545454545454546,0.009174311926605505,1,0.5229357798165137,0.0,63,False,True,0.04365740740740741,0.5981481481481481,2.958645833333333,22.526113425925946,4.0,9.0,33.0,115.40000000000003,1.0,1.0,2.0,5.0,1.0,1.0,1.0,1.0
all,commit_band,six_plus,6+ commits,2017,24,16,9,10,66.66666666666667,37.5,41.666666666666664,56.25,0.4166666666666667,1.1111111111111112,2.2916666666666665,1.0,18,True,True,0.07864872685185186,6.514380787037037,16.82191550925926,28.319222222222216,76.25,303.5,783.25,1766.8999999999999,3.75,9.5,15.75,31.7,7.0,9.5,16.25,33.69999999999999
all,commit_band,two_to_five,2–5 commits,2017,67,27,15,14,40.298507462686565,22.388059701492537,20.895522388059703,55.55555555555556,0.31343283582089554,1.4,1.2985074626865671,0.0,38,False,False,0.11571180555555555,0.8625694444444445,5.889212962962963,18.0089375,15.0,39.0,127.0,367.3999999999999,1.0,2.0,5.0,13.399999999999999,2.0,2.0,3.0,4.0
all,commit_band,one,1 commit,2018,98,42,2,36,42.857142857142854,2.0408163265306123,36.734693877551024,4.761904761904762,0.02040816326530612,1,0.5816326530612245,0.0,61,False,True,0.04833912037037037,0.5694328703703704,2.5741811342592595,12.19478356481481,2.0,6.0,24.5,65.59999999999997,1.0,1.0,2.0,4.299999999999997,1.0,1.0,1.0,1.0
all,commit_band,six_plus,6+ commits,2018,30,13,7,10,43.333333333333336,23.333333333333332,33.333333333333336,53.84615384615385,0.36666666666666664,1.5714285714285714,2.566666666666667,0.0,18,False,True,0.6188773148148148,3.738721064814815,13.704774305555556,37.038550925926,119.0,262.5,833.5,1939.8000000000015,4.0,9.0,14.0,31.300000000000004,6.25,9.0,13.0,37.2
all,commit_band,two_to_five,2–5 commits,2018,72,42,14,26,58.333333333333336,19.444444444444443,36.111111111111114,33.333333333333336,0.2222222222222222,1.1428571428571428,1.2083333333333333,1.0,43,False,False,0.5826736111111112,3.0412731481481483,7.457042824074074,18.745082175925926,11.75,34.5,71.25,194.7,1.0,2.0,4.0,9.0,2.0,3.0,4.0,4.0
all,commit_band,one,1 commit,2019,89,50,2,49,56.17977528089887,2.247191011235955,55.056179775280896,4.0,0.033707865168539325,1.5,0.7078651685393258,1.0,49,False,True,0.04752314814814815,0.3095717592592593,2.4436805555555554,26.76085185185187,4.0,10.0,22.0,70.0,1.0,1.0,3.0,5.0,1.0,1.0,1.0,1.0
all,commit_band,six_plus,6+ commits,2019,30,19,8,9,63.333333333333336,26.666666666666668,30.0,42.10526315789474,0.4,1.5,2.7333333333333334,1.0,22,False,True,0.4415914351851852,2.799074074074074,9.152951388888889,85.71692476851858,44.5,116.5,419.25,975.7,3.0,5.0,12.75,19.300000000000004,7.0,8.0,12.0,16.300000000000004
all,commit_band,two_to_five,2–5 commits,2019,81,46,18,39,56.79012345679013,22.22222222222222,48.148148148148145,39.130434782608695,0.2345679012345679,1.0555555555555556,1.382716049382716,1.0,46,False,False,0.14126157407407408,0.9490740740740741,5.225034722222222,22.286527777777778,15.0,41.0,142.0,554.0,2.0,2.0,6.0,8.0,2.0,2.0,4.0,5.0
all,commit_band,one,1 commit,2020,78,52,3,47,66.66666666666667,3.8461538461538463,60.256410256410255,5.769230769230769,0.038461538461538464,1,0.9487179487179487,1.0,42,False,True,0.03818576388888889,0.4905439814814815,1.8916984953703704,5.171978009259256,2.0,6.0,32.75,92.6,1.0,1.0,2.0,7.0,1.0,1.0,1.0,1.0
all,commit_band,six_plus,6+ commits,2020,23,12,6,8,52.17391304347826,26.08695652173913,34.78260869565217,50.0,0.2608695652173913,1,2.3043478260869565,1.0,13,True,True,0.3405266203703704,1.897013888888889,6.644710648148148,32.15612037037038,274.0,671.0,1540.5,2166.8,6.0,12.0,24.5,43.8,9.0,13.0,25.5,40.6
all,commit_band,two_to_five,2–5 commits,2020,99,61,14,53,61.61616161616162,14.141414141414142,53.535353535353536,22.950819672131146,0.1717171717171717,1.2142857142857142,1.6565656565656566,1.0,59,False,False,0.4639351851851852,2.6187152777777776,5.087199074074074,25.134206018518523,12.0,43.0,116.0,268.6,1.0,2.0,5.0,10.200000000000003,2.0,2.0,3.0,4.200000000000003
all,commit_band,one,1 commit,2021,91,59,2,56,64.83516483516483,2.197802197802198,61.53846153846154,3.389830508474576,0.02197802197802198,1,0.8021978021978022,1.0,44,False,True,0.025179398148148145,0.10984953703703704,1.6742650462962962,5.245428240740741,3.0,8.0,36.0,145.0,1.0,1.0,2.0,6.0,1.0,1.0,1.0,1.0
all,commit_band,six_plus,6+ commits,2021,40,26,16,19,65.0,40.0,47.5,61.53846153846154,0.625,1.5625,5.125,1.0,15,False,False,0.17977719907407408,0.8892824074074074,4.919045138888889,19.08902777777778,133.0,348.0,499.75,915.2000000000003,4.75,10.0,14.0,20.0,7.75,9.5,12.25,22.0
all,commit_band,two_to_five,2–5 commits,2021,69,39,8,32,56.52173913043478,11.594202898550725,46.3768115942029,20.512820512820515,0.14492753623188406,1.25,1.391304347826087,1.0,40,False,True,0.12790509259259258,0.8657407407407407,3.755335648148148,11.973370370370374,16.0,32.0,130.0,397.60000000000025,1.0,2.0,4.0,13.0,2.0,2.0,4.0,4.200000000000003
all,commit_band,one,1 commit,2022,135,129,1,128,95.55555555555556,0.7407407407407407,94.81481481481481,0.7751937984496124,0.007407407407407408,1,1.0518518518518518,1.0,33,False,True,0.010271990740740741,0.020613425925925927,0.06886574074074074,0.4376828703703707,2.0,12.0,30.5,66.60000000000001,1.0,1.0,2.5,4.0,1.0,1.0,1.0,1.0
all,commit_band,six_plus,6+ commits,2022,18,17,10,14,94.44444444444444,55.55555555555556,77.77777777777777,58.8235294117647,0.7777777777777778,1.4,10,2.0,12,True,False,0.45155960648148147,1.01390625,4.300607638888889,22.155918981481484,86.25,169.5,529.75,872.2,4.25,6.0,10.75,14.600000000000001,8.25,10.0,14.5,16.0
all,commit_band,two_to_five,2–5 commits,2022,47,42,6,42,89.36170212765957,12.76595744680851,89.36170212765957,14.285714285714286,0.14893617021276595,1.1666666666666667,2.234042553191489,1.0,27,False,True,0.035896990740740736,0.6476041666666666,1.8352314814814816,6.920192129629626,11.5,45.0,92.5,194.39999999999998,1.0,3.0,7.0,11.799999999999997,2.0,2.0,3.0,4.0
all,commit_band,one,1 commit,2023,133,133,1,133,100.0,0.7518796992481203,100.0,0.7518796992481203,0.007518796992481203,1,1.1654135338345866,1.0,37,False,True,0.01056712962962963,0.016666666666666666,0.08978009259259259,0.6989166666666666,4.0,8.0,28.0,73.99999999999999,1.0,1.0,2.0,3.0,1.0,1.0,1.0,1.0
all,commit_band,six_plus,6+ commits,2023,14,14,3,14,100.0,21.428571428571427,100.0,21.428571428571427,0.21428571428571427,1,3.142857142857143,1.5,9,True,True,0.9971469907407408,2.496047453703704,5.325535300925926,12.09866203703704,90.5,293.0,544.75,1238.1000000000008,7.5,11.0,14.5,22.30000000000001,9.25,11.5,13.0,24.60000000000001
all,commit_band,two_to_five,2–5 commits,2023,53,53,9,53,100.0,16.9811320754717,100.0,16.9811320754717,0.16981132075471697,1,2.2452830188679247,1.0,26,False,True,0.07429398148148147,0.4490972222222222,1.0183217592592593,4.627356481481488,10.0,28.0,60.0,150.20000000000002,1.0,3.0,4.0,7.800000000000004,2.0,3.0,3.0,4.0
all,commit_band,one,1 commit,2024,140,140,0,140,100.0,0.0,100.0,0.0,0,,1.1357142857142857,1.0,30,False,True,0.011099537037037038,0.013478009259259259,0.031594328703703704,0.1506319444444445,5.75,18.0,48.0,111.80000000000007,1.0,2.0,3.0,4.0,1.0,1.0,1.0,1.0
all,commit_band,six_plus,6+ commits,2024,7,7,1,7,100.0,14.285714285714286,100.0,14.285714285714286,0.14285714285714285,1,3.142857142857143,2.0,6,True,True,1.7611747685185186,2.971273148148148,4.297326388888889,13.320157407407414,21.0,36.0,280.5,593.2,1.5,5.0,14.0,26.600000000000005,8.5,9.0,10.5,12.200000000000001
all,commit_band,two_to_five,2–5 commits,2024,53,53,2,53,100.0,3.7735849056603774,100.0,3.7735849056603774,0.03773584905660377,1,1.8113207547169812,1.0,23,False,True,0.016724537037037038,0.07731481481481481,0.7082638888888889,3.589583333333337,28.0,66.0,158.0,225.0,2.0,4.0,6.0,12.400000000000013,2.0,2.0,3.0,4.0
all,commit_band,one,1 commit,2025,137,137,0,137,100.0,0.0,100.0,0.0,0,,1.4014598540145986,1.0,32,False,True,0.012592592592592593,0.01871527777777778,0.04469907407407407,0.3834305555555557,4.0,10.0,35.0,82.20000000000002,1.0,1.0,2.0,5.0,1.0,1.0,1.0,1.0
all,commit_band,six_plus,6+ commits,2025,16,16,1,16,100.0,6.25,100.0,6.25,0.0625,1,4.0625,2.5,9,True,True,2.1334172453703704,3.569675925925926,8.351195023148147,10.525428240740741,124.0,274.0,1106.5,1438.0,4.25,7.5,19.75,33.0,7.75,11.5,16.0,25.5
all,commit_band,two_to_five,2–5 commits,2025,47,47,3,47,100.0,6.382978723404255,100.0,6.382978723404255,0.0851063829787234,1.3333333333333333,2.3191489361702127,2.0,27,False,True,0.02586226851851852,0.057152777777777775,0.7222800925925926,3.7480324074074067,18.5,52.0,87.0,233.19999999999982,1.0,3.0,5.0,8.0,2.0,2.0,3.0,4.399999999999999
all,commit_band,one,1 commit,2026,80,80,0,80,100.0,0.0,100.0,0.0,0,,2.0875,2.0,34,False,True,0.015931712962962963,0.025729166666666668,0.06660590277777778,0.1755856481481482,4.0,12.0,59.0,178.2000000000001,1.0,1.0,3.0,6.0,1.0,1.0,1.0,1.0
all,commit_band,six_plus,6+ commits,2026,20,20,1,20,100.0,5.0,100.0,5.0,0.05,1,5.15,3.0,13,True,True,0.18353009259259262,1.4200405092592594,3.236197916666667,4.5861180555555565,99.0,514.5,882.75,1260.9000000000012,4.0,10.5,15.25,31.1,7.75,10.0,15.0,22.300000000000004
all,commit_band,two_to_five,2–5 commits,2026,100,100,1,100,100.0,1.0,100.0,1.0,0.01,1,3.47,3.0,40,False,True,0.034921875000000005,0.07984374999999999,0.23815393518518518,2.81274652777778,39.0,89.0,269.5,484.0000000000001,2.0,4.0,7.0,14.100000000000009,2.0,2.0,3.0,3.1000000000000085
user_accounts_only,size_band,large,"201–1,000 changed lines",2017,27,13,8,6,48.148148148148145,29.62962962962963,22.22222222222222,61.53846153846154,0.3333333333333333,1.125,2.4074074074074074,0.0,15,True,True,0.048125,0.7435185185185185,5.614120370370371,36.0432615740741,261.5,401.0,509.0,759.6,5.0,9.0,14.0,16.800000000000004,2.0,5.0,9.5,14.200000000000006
user_accounts_only,size_band,medium,51–200 changed lines,2017,39,16,9,7,41.02564102564103,23.076923076923077,17.94871794871795,56.25,0.3076923076923077,1.3333333333333333,1.2307692307692308,0.0,22,False,True,0.026782407407407408,1.1408796296296295,4.828408564814815,29.613541666666695,65.5,81.0,124.5,157.80000000000007,2.0,4.0,7.0,13.600000000000009,1.0,2.0,3.0,4.200000000000003
user_accounts_only,size_band,small,11–50 changed lines,2017,54,17,6,14,31.48148148148148,11.11111111111111,25.925925925925927,35.294117647058826,0.14814814814814814,1.3333333333333333,0.9074074074074074,0.0,35,False,True,0.15758391203703703,0.9721527777777779,9.070752314814815,22.834938657407413,15.25,24.0,31.0,36.7,1.0,2.0,3.0,4.700000000000003,1.0,2.0,2.0,4.400000000000006
user_accounts_only,size_band,xl,"1,001+ changed lines",2017,8,3,0,2,37.5,0.0,25.0,0.0,0,,1.25,0.0,7,True,True,0.16480613425925925,0.9513368055555556,7.7389930555555555,16.822374999999997,1308.0,1511.5,2253.25,3971.2,24.75,31.5,45.0,142.19999999999996,1.75,16.0,43.75,58.0
user_accounts_only,size_band,xs,1–10 changed lines,2017,72,16,2,11,22.22222222222222,2.7777777777777777,15.277777777777779,12.5,0.041666666666666664,1.5,0.375,0.0,56,False,True,0.08127893518518518,0.572511574074074,3.3013425925925928,16.713263888888886,2.0,4.0,8.0,9.0,1.0,1.0,1.0,1.8999999999999986,1.0,1.0,1.0,2.0
user_accounts_only,size_band,large,"201–1,000 changed lines",2018,18,9,2,5,50.0,11.11111111111111,27.77777777777778,22.22222222222222,0.16666666666666666,1.5,1.2222222222222223,0.5,9,True,True,0.2416898148148148,2.3696064814814815,4.8334346064814815,5.195770833333334,260.5,397.5,651.75,819.6,8.25,9.5,13.0,14.3,4.0,6.0,7.75,9.0
user_accounts_only,size_band,medium,51–200 changed lines,2018,45,27,8,19,60.0,17.77777777777778,42.22222222222222,29.62962962962963,0.2222222222222222,1.25,1.8666666666666667,1.0,30,False,True,0.16549768518518518,2.063414351851852,13.81394675925926,49.08017592592597,63.0,85.0,138.0,169.8,2.0,3.0,6.0,9.0,1.0,3.0,4.0,9.600000000000001
user_accounts_only,size_band,small,11–50 changed lines,2018,54,26,9,17,48.148148148148145,16.666666666666668,31.48148148148148,34.61538461538461,0.2037037037037037,1.2222222222222223,0.9444444444444444,0.0,39,False,True,0.7923350694444444,3.1254340277777777,13.692300347222222,35.650789351851856,14.25,22.0,31.75,42.7,1.0,2.0,3.0,4.700000000000003,1.0,1.5,3.0,4.0
user_accounts_only,size_band,xl,"1,001+ changed lines",2018,8,0,0,0,0.0,0.0,0.0,,0,,0,0.0,5,True,True,0.21244212962962963,2.752974537037037,9.54988425925926,46.58548842592591,1438.75,2355.0,4987.0,8049.4,17.25,24.5,35.25,77.99999999999997,14.75,27.0,47.5,103.59999999999998
user_accounts_only,size_band,xs,1–10 changed lines,2018,72,35,4,31,48.611111111111114,5.555555555555555,43.05555555555556,11.428571428571429,0.06944444444444445,1.25,0.8888888888888888,0.0,55,False,True,0.03649594907407408,0.5149999999999999,1.9562731481481481,5.855456018518517,2.0,4.0,5.25,7.899999999999999,1.0,1.0,1.0,2.0,1.0,1.0,1.25,2.0
user_accounts_only,size_band,zero,0 changed lines,2018,3,0,0,0,0.0,0.0,0.0,,0,,0,0.0,2,True,True,0.22872685185185185,0.33643518518518517,0.5987384259259259,0.7561203703703704,0.0,0.0,0.0,0.0,28.0,55.0,55.0,55.0,1.0,1.0,1.0,1.0
user_accounts_only,size_band,large,"201–1,000 changed lines",2019,24,8,2,5,33.333333333333336,8.333333333333334,20.833333333333332,25.0,0.08333333333333333,1,0.875,0.0,15,True,True,0.06549189814814815,0.9773263888888888,3.9689236111111112,18.75781944444444,273.5,432.5,596.75,922.8,5.0,9.5,15.25,18.4,2.0,3.5,12.0,15.099999999999998
user_accounts_only,size_band,medium,51–200 changed lines,2019,44,34,11,25,77.27272727272727,25.0,56.81818181818182,32.35294117647059,0.3181818181818182,1.2727272727272727,2.022727272727273,1.0,26,False,False,0.1393778935185185,1.737980324074074,4.774505208333333,19.691781250000027,67.5,96.0,121.75,144.10000000000002,2.0,4.0,6.25,8.0,1.75,2.5,4.25,7.700000000000003
user_accounts_only,size_band,small,11–50 changed lines,2019,61,35,8,30,57.377049180327866,13.114754098360656,49.18032786885246,22.857142857142858,0.18032786885245902,1.375,1.2295081967213115,1.0,39,False,True,0.09737268518518519,0.8504513888888889,6.134085648148148,92.02084490740741,16.0,21.0,32.0,41.0,1.0,2.0,4.0,5.0,1.0,2.0,4.0,6.0
user_accounts_only,size_band,xl,"1,001+ changed lines",2019,6,1,0,1,16.666666666666668,0.0,16.666666666666668,0.0,0,,0.8333333333333334,0.0,6,True,True,0.03323206018518519,0.7975925925925926,3.3724652777777777,4.7229629629629635,1143.0,1193.0,1843.0,2166.5,8.5,11.5,20.5,23.5,2.75,5.0,12.5,21.5
user_accounts_only,size_band,xs,1–10 changed lines,2019,65,37,7,36,56.92307692307692,10.76923076923077,55.38461538461539,18.91891891891892,0.1076923076923077,1,1.0307692307692307,1.0,49,False,True,0.08560185185185185,0.33760416666666665,3.0496412037037035,24.92606712962963,2.0,4.0,7.0,9.0,1.0,1.0,1.0,2.0,1.0,1.0,1.0,2.0
user_accounts_only,size_band,large,"201–1,000 changed lines",2020,26,15,4,10,57.69230769230769,15.384615384615385,38.46153846153846,26.666666666666668,0.19230769230769232,1.25,2.3076923076923075,1.0,18,True,True,0.11631944444444443,1.2940740740740742,4.332971643518519,16.86536458333333,277.5,371.0,647.5,784.5,5.25,11.0,19.25,36.0,3.0,4.5,8.5,14.0
user_accounts_only,size_band,medium,51–200 changed lines,2020,48,30,8,24,62.5,16.666666666666668,50.0,26.666666666666668,0.1875,1.125,1.7291666666666667,1.0,27,False,True,0.16858506944444446,1.6689641203703705,3.889933449074074,5.928511574074079,68.0,93.0,133.5,161.8,2.75,5.0,7.0,8.900000000000013,1.0,2.0,3.0,5.0
user_accounts_only,size_band,small,11–50 changed lines,2020,44,33,5,28,75.0,11.363636363636363,63.63636363636363,15.151515151515152,0.13636363636363635,1.2,1.5909090909090908,1.0,28,False,True,0.4228790509259259,2.821273148148148,7.093425925925926,36.21218171296306,17.75,26.0,33.0,42.7,1.0,2.0,3.0,4.0,1.0,2.0,3.0,3.700000000000003
user_accounts_only,size_band,xl,"1,001+ changed lines",2020,9,5,3,4,55.55555555555556,33.333333333333336,44.44444444444444,60.0,0.3333333333333333,1,2.4444444444444446,1.0,7,True,True,0.07766203703703704,3.420775462962963,6.367314814814815,28.33958796296298,1408.0,2122.0,2173.0,3988.4000000000015,15.0,21.0,30.0,72.4,15.0,32.0,39.0,96.60000000000005
user_accounts_only,size_band,xs,1–10 changed lines,2020,68,40,3,40,58.8235294117647,4.411764705882353,58.8235294117647,7.5,0.04411764705882353,1,0.7941176470588235,1.0,48,False,True,0.09681712962962963,0.5728356481481481,1.9051967592592594,9.939928240740757,2.0,3.0,6.0,8.0,1.0,1.0,1.0,2.0,1.0,1.0,2.0,2.0
user_accounts_only,size_band,zero,0 changed lines,2020,1,1,0,1,100.0,0.0,100.0,0.0,0,,1,1.0,1,True,True,0.005185185185185185,0.005185185185185185,0.005185185185185185,0.005185185185185185,0.0,0.0,0.0,0.0,0.0,0.0,0.0,0.0,1.0,1.0,1.0,1.0
user_accounts_only,size_band,large,"201–1,000 changed lines",2021,39,20,8,14,51.282051282051285,20.512820512820515,35.8974358974359,40.0,0.3076923076923077,1.5,2.9743589743589745,1.0,17,False,True,0.17700810185185184,0.8269328703703703,2.9598958333333334,6.382277777777797,279.0,371.0,494.0,688.4000000000002,5.5,10.0,14.5,19.200000000000003,3.5,6.0,11.0,16.0
user_accounts_only,size_band,medium,51–200 changed lines,2021,36,25,10,23,69.44444444444444,27.77777777777778,63.888888888888886,40.0,0.4166666666666667,1.5,2.7222222222222223,1.0,23,False,False,0.08712962962962964,0.8492013888888889,5.060633680555555,33.20980902777778,60.0,77.0,134.25,161.5,2.75,4.0,7.25,10.0,1.0,2.0,5.0,9.0
user_accounts_only,size_band,small,11–50 changed lines,2021,55,34,4,29,61.81818181818182,7.2727272727272725,52.72727272727273,11.764705882352942,0.09090909090909091,1.25,1.4,1.0,36,False,True,0.07527777777777778,0.5258912037037037,2.8851446759259263,7.039386574074076,16.5,21.0,31.0,41.400000000000006,1.0,2.0,3.0,4.0,1.0,2.0,3.0,4.0
user_accounts_only,size_band,xl,"1,001+ changed lines",2021,8,4,1,4,50.0,12.5,50.0,25.0,0.25,2,3.625,0.5,7,True,True,0.44741030092592593,0.8726909722222222,5.502682291666666,12.426437499999999,1163.0,1501.5,3964.25,11614.999999999996,18.25,28.0,86.25,321.9,2.75,6.5,14.25,26.4
user_accounts_only,size_band,xs,1–10 changed lines,2021,59,40,3,36,67.79661016949153,5.084745762711864,61.016949152542374,7.5,0.05084745762711865,1,0.8983050847457628,1.0,38,False,True,0.023055555555555555,0.10049768518518519,2.8148032407407406,7.988344907407429,2.0,4.0,7.5,9.200000000000003,1.0,1.0,1.0,2.0,1.0,1.0,1.0,2.0
user_accounts_only,size_band,zero,0 changed lines,2021,2,1,0,1,50.0,0.0,50.0,0.0,0,,0.5,0.5,2,True,True,0.0626099537037037,0.11621527777777776,0.16982060185185185,0.2019837962962963,0.0,0.0,0.0,0.0,0.75,1.5,2.25,2.7,1.0,1.0,1.0,1.0
user_accounts_only,size_band,large,"201–1,000 changed lines",2022,11,10,5,10,90.9090909090909,45.45454545454545,90.9090909090909,50.0,0.45454545454545453,1,5.454545454545454,2.0,9,True,True,0.08375578703703704,0.690300925925926,1.5194270833333334,5.6478125,286.5,325.0,704.5,841.0,7.0,11.0,13.5,16.0,4.0,6.0,14.0,15.0
user_accounts_only,size_band,medium,51–200 changed lines,2022,46,42,7,40,91.30434782608695,15.217391304347826,86.95652173913044,16.666666666666668,0.21739130434782608,1.4285714285714286,2.5217391304347827,1.0,21,False,True,0.022491319444444446,0.18312499999999998,0.9759346064814816,2.022152777777778,63.5,81.0,118.5,169.5,3.0,5.0,7.75,10.0,1.0,2.0,3.75,7.5
user_accounts_only,size_band,small,11–50 changed lines,2022,62,59,5,58,95.16129032258064,8.064516129032258,93.54838709677419,8.474576271186441,0.11290322580645161,1.4,1.6935483870967742,1.0,25,False,True,0.010639467592592593,0.02765046296296296,0.2579890046296296,1.183625,15.25,23.0,32.75,42.8,1.0,2.0,3.0,4.899999999999999,1.0,1.0,2.0,3.0
user_accounts_only,size_band,xl,"1,001+ changed lines",2022,3,3,0,3,100.0,0.0,100.0,0.0,0,,17.333333333333332,1.0,3,True,True,1.46640625,2.8988425925925925,3.973015046296296,4.617518518518518,2274.0,2530.0,3018.5,3311.6,21.0,23.0,33.5,39.8,2.5,3.0,23.5,35.800000000000004
user_accounts_only,size_band,xs,1–10 changed lines,2022,78,74,0,73,94.87179487179488,0.0,93.58974358974359,0.0,0,,1.205128205128205,1.0,33,False,True,0.010199652777777778,0.023634259259259258,0.15139178240740742,2.1433993055555547,2.0,2.0,6.0,8.0,1.0,1.0,1.0,1.0,1.0,1.0,1.0,2.0
user_accounts_only,size_band,large,"201–1,000 changed lines",2023,14,14,2,14,100.0,14.285714285714286,100.0,14.285714285714286,0.14285714285714285,1,2.142857142857143,1.0,10,True,True,0.17134837962962962,0.9839583333333333,2.6356510416666667,9.13708680555556,240.25,277.0,374.0,541.9000000000001,6.25,10.0,13.0,15.700000000000001,1.25,4.5,9.75,11.700000000000001
user_accounts_only,size_band,medium,51–200 changed lines,2023,35,35,3,35,100.0,8.571428571428571,100.0,8.571428571428571,0.08571428571428572,1,1.8857142857142857,1.0,18,False,True,0.012835648148148148,0.08462962962962962,0.6271412037037036,6.319557870370376,68.0,81.0,126.0,163.60000000000002,2.0,4.0,6.5,9.0,1.0,2.0,4.0,9.000000000000007
user_accounts_only,size_band,small,11–50 changed lines,2023,59,59,5,59,100.0,8.474576271186441,100.0,8.474576271186441,0.0847457627118644,1,1.5254237288135593,1.0,28,False,True,0.012193287037037037,0.04746527777777778,0.7456539351851852,1.7740138888888928,16.0,24.0,34.0,42.2,1.0,2.0,3.0,4.0,1.0,1.0,2.0,3.0
user_accounts_only,size_band,xl,"1,001+ changed lines",2023,3,3,0,3,100.0,0.0,100.0,0.0,0,,2.6666666666666665,1.0,3,True,True,1.0765104166666666,1.1621875,2.0472164351851854,2.5782337962962965,1871.5,2237.0,2413.0,2518.6,15.0,25.0,43.5,54.6,14.0,27.0,28.0,28.6
user_accounts_only,size_band,xs,1–10 changed lines,2023,89,89,3,89,100.0,3.3707865168539324,100.0,3.3707865168539324,0.033707865168539325,1,1.3932584269662922,1.0,35,False,True,0.010532407407407407,0.018541666666666668,0.14427083333333332,1.0120902777777778,2.0,4.0,8.0,9.0,1.0,1.0,2.0,2.0,1.0,1.0,1.0,2.0
user_accounts_only,size_band,large,"201–1,000 changed lines",2024,15,15,1,15,100.0,6.666666666666667,100.0,6.666666666666667,0.06666666666666667,1,1.6666666666666667,1.0,12,True,True,0.014207175925925925,0.0358912037037037,1.4709143518518517,3.794087962962962,255.5,315.0,454.5,673.8,3.0,5.0,11.5,21.6,1.0,2.0,3.5,7.599999999999998
user_accounts_only,size_band,medium,51–200 changed lines,2024,53,53,1,53,100.0,1.8867924528301887,100.0,1.8867924528301887,0.018867924528301886,1,1.3962264150943395,1.0,20,False,True,0.011782407407407408,0.020370370370370372,0.1310185185185185,0.6711782407407416,64.0,94.0,134.0,170.8,2.0,4.0,5.0,8.600000000000009,1.0,2.0,2.0,4.0
user_accounts_only,size_band,small,11–50 changed lines,2024,65,65,1,65,100.0,1.5384615384615385,100.0,1.5384615384615385,0.015384615384615385,1,1.323076923076923,1.0,24,False,True,0.01167824074074074,0.016400462962962964,0.050104166666666665,0.594937500000001,15.0,26.0,36.0,44.0,1.0,2.0,3.0,4.600000000000001,1.0,1.0,1.0,2.0
user_accounts_only,size_band,xl,"1,001+ changed lines",2024,2,2,0,2,100.0,0.0,100.0,0.0,0,,2,1.5,2,True,True,4.766440972222222,9.396319444444444,14.026197916666666,16.804125,3055.75,4510.5,5965.25,6838.1,21.5,30.0,38.5,43.6,2.5,3.0,3.5,3.8
user_accounts_only,size_band,xs,1–10 changed lines,2024,63,63,0,63,100.0,0.0,100.0,0.0,0,,1.3650793650793651,1.0,27,False,True,0.011163194444444444,0.013368055555555555,0.06070601851851852,0.6034120370370382,2.0,4.0,6.0,9.0,1.0,1.0,2.0,2.0,1.0,1.0,1.0,2.0
user_accounts_only,size_band,large,"201–1,000 changed lines",2025,12,12,1,12,100.0,8.333333333333334,100.0,8.333333333333334,0.08333333333333333,1,2.0833333333333335,1.0,8,True,True,0.019832175925925927,0.0240625,0.5761168981481481,3.295901620370371,283.25,345.0,453.5,576.5,5.0,8.0,14.5,33.7,1.0,3.0,7.75,12.700000000000001
user_accounts_only,size_band,medium,51–200 changed lines,2025,37,37,1,37,100.0,2.7027027027027026,100.0,2.7027027027027026,0.05405405405405406,2,2.027027027027027,2.0,23,False,True,0.014930555555555556,0.048067129629629626,0.11767361111111112,2.588624999999995,64.0,81.0,125.0,153.0,2.0,4.0,7.0,9.399999999999999,1.0,2.0,3.0,5.0
user_accounts_only,size_band,small,11–50 changed lines,2025,59,59,0,59,100.0,0.0,100.0,0.0,0,,1.5593220338983051,1.0,23,False,True,0.013883101851851851,0.021574074074074075,0.07165509259259259,0.7976087962962972,17.0,25.0,35.0,45.0,1.0,2.0,3.0,5.0,1.0,1.0,1.0,2.0
user_accounts_only,size_band,xl,"1,001+ changed lines",2025,6,6,0,6,100.0,0.0,100.0,0.0,0,,4.666666666666667,2.5,5,True,True,2.312042824074074,2.6441840277777775,3.5193373842592592,5.924259259259259,1231.5,1351.0,1590.5,2839.0,16.75,20.5,28.75,84.0,10.5,17.0,27.25,33.5
user_accounts_only,size_band,xs,1–10 changed lines,2025,74,74,0,74,100.0,0.0,100.0,0.0,0,,1.5135135135135136,1.0,29,False,True,0.012954282407407407,0.02041087962962963,0.07784143518518519,0.414939814814815,2.0,4.0,7.0,9.0,1.0,1.0,1.0,2.0,1.0,1.0,1.0,1.7000000000000028
user_accounts_only,size_band,zero,0 changed lines,2025,1,1,0,1,100.0,0.0,100.0,0.0,0,,2,2.0,1,True,True,0.6899537037037037,0.6899537037037037,0.6899537037037037,0.6899537037037037,0.0,0.0,0.0,0.0,1.0,1.0,1.0,1.0,1.0,1.0,1.0,1.0
user_accounts_only,size_band,large,"201–1,000 changed lines",2026,41,41,1,41,100.0,2.4390243902439024,100.0,2.4390243902439024,0.024390243902439025,1,3.8292682926829267,2.0,25,False,True,0.04493055555555556,0.1112962962962963,0.8671180555555555,2.9444097222222223,296.0,436.0,633.0,840.0,5.0,8.0,13.0,19.0,2.0,2.0,4.0,14.0
user_accounts_only,size_band,medium,51–200 changed lines,2026,50,50,0,50,100.0,0.0,100.0,0.0,0,,3.08,2.0,28,False,True,0.028182870370370372,0.04855902777777778,0.1445486111111111,0.9155034722222226,66.25,92.5,135.75,173.3,2.0,4.0,5.75,7.0,1.0,2.0,2.75,5.300000000000004
user_accounts_only,size_band,small,11–50 changed lines,2026,39,39,0,39,100.0,0.0,100.0,0.0,0,,2.871794871794872,2.0,21,False,True,0.02629050925925926,0.049791666666666665,0.1298321759259259,2.1472638888888955,16.5,25.0,36.0,47.2,1.0,2.0,3.0,5.0,1.0,2.0,2.0,4.200000000000003
user_accounts_only,size_band,xl,"1,001+ changed lines",2026,9,9,0,9,100.0,0.0,100.0,0.0,0,,4.111111111111111,2.0,6,True,True,0.0296875,0.06983796296296296,0.7143171296296297,1.0673125,1547.0,1998.0,2232.0,3314.4000000000005,15.0,18.0,31.0,44.0,2.0,2.0,7.0,11.0
user_accounts_only,size_band,xs,1–10 changed lines,2026,40,40,1,40,100.0,2.5,100.0,2.5,0.025,1,2.325,2.0,25,False,True,0.015931712962962963,0.02370949074074074,0.04538773148148148,0.630472222222229,2.0,4.0,6.0,8.100000000000001,1.0,1.0,1.0,1.0,1.0,1.0,1.0,2.1000000000000014
user_accounts_only,author_kind,user,User account,2017,200,65,25,40,32.5,12.5,20.0,38.46153846153846,0.16,1.28,0.995,0.0,93,False,False,0.06390046296296296,0.7777430555555556,5.783816550925925,21.68020949074073,6.0,24.0,110.25,409.4,1.0,2.0,5.0,13.0,1.0,1.0,3.0,6.0
user_accounts_only,author_kind,user,User account,2018,200,97,23,72,48.5,11.5,36.0,23.711340206185568,0.145,1.2608695652173914,1.105,0.0,96,False,False,0.1618894675925926,1.1978819444444444,5.41037037037037,18.194443287037036,4.0,20.0,78.75,292.99999999999994,1.0,2.0,4.0,10.099999999999994,1.0,2.0,4.0,7.0
user_accounts_only,author_kind,user,User account,2019,200,115,28,97,57.5,14.0,48.5,24.347826086956523,0.17,1.2142857142857142,1.285,1.0,84,False,False,0.09281828703703704,0.8648726851851852,4.629314236111111,29.062754629629612,7.0,22.5,101.0,368.0999999999999,1.0,2.0,5.0,8.199999999999989,1.0,2.0,4.0,7.0
user_accounts_only,author_kind,user,User account,2020,196,124,23,107,63.265306122448976,11.73469387755102,54.59183673469388,18.548387096774192,0.1326530612244898,1.1304347826086956,1.4795918367346939,1.0,81,False,False,0.1402488425925926,1.0134837962962964,4.282468171296296,12.469398148148148,5.0,30.0,124.5,482.0,1.0,2.0,6.0,12.0,1.0,2.0,3.0,6.5
user_accounts_only,author_kind,user,User account,2021,199,124,26,107,62.311557788944725,13.06532663316583,53.768844221105525,20.967741935483872,0.18592964824120603,1.4230769230769231,1.879396984924623,1.0,70,False,False,0.057401620370370374,0.5707523148148148,3.0876620370370373,11.865770833333338,8.0,29.0,171.5,476.20000000000005,1.0,2.0,6.0,13.200000000000017,1.0,2.0,4.0,9.200000000000017
user_accounts_only,author_kind,user,User account,2022,200,188,17,184,94.0,8.5,92.0,9.042553191489361,0.11,1.2941176470588236,2.135,1.0,47,False,False,0.01064525462962963,0.036412037037037034,0.5749652777777777,2.458813657407406,4.0,17.5,60.5,160.89999999999995,1.0,2.0,4.0,10.0,1.0,1.0,2.0,5.0
user_accounts_only,author_kind,user,User account,2023,200,200,13,200,100.0,6.5,100.0,6.5,0.065,1,1.59,1.0,45,False,False,0.011802662037037037,0.04473958333333333,0.6979658564814815,2.230652777777777,5.0,14.0,52.0,173.09999999999994,1.0,2.0,3.0,7.0,1.0,1.0,2.0,4.0
user_accounts_only,author_kind,user,User account,2024,198,198,3,198,100.0,1.5151515151515151,100.0,1.5151515151515151,0.015151515151515152,1,1.3888888888888888,1.0,36,False,True,0.011669560185185186,0.01697337962962963,0.08203125,0.9094120370370379,7.0,27.5,75.75,177.20000000000005,1.0,2.0,4.0,7.0,1.0,1.0,2.0,3.0
user_accounts_only,author_kind,user,User account,2025,189,189,2,189,100.0,1.0582010582010581,100.0,1.0582010582010581,0.015873015873015872,1.5,1.7671957671957672,1.0,43,False,True,0.013344907407407408,0.024247685185185185,0.11680555555555555,1.4406550925925967,6.0,19.0,61.0,181.60000000000005,1.0,2.0,4.0,8.0,1.0,1.0,2.0,3.200000000000017
user_accounts_only,author_kind,user,User account,2026,179,179,2,179,100.0,1.1173184357541899,100.0,1.1173184357541899,0.0111731843575419,1,3.089385474860335,2.0,48,False,True,0.024253472222222225,0.04822916666666666,0.16730902777777779,2.1611435185185286,13.0,64.0,256.0,715.6,1.0,3.0,6.0,14.0,1.0,2.0,3.0,6.200000000000017
user_accounts_only,association_group,contributor_first_time,Contributor / first-time contributor,2017,162,50,22,28,30.864197530864196,13.580246913580247,17.28395061728395,44.0,0.17901234567901234,1.3181818181818181,0.9753086419753086,0.0,71,False,False,0.05642361111111111,0.7899479166666667,5.923582175925926,23.219848379629642,7.0,24.5,110.75,395.4000000000003,1.0,2.0,5.0,11.900000000000006,1.0,1.0,2.75,6.0
user_accounts_only,association_group,member_owner_collaborator,Member / owner / collaborator,2017,21,8,2,6,38.095238095238095,9.523809523809524,28.571428571428573,25.0,0.09523809523809523,1,0.7142857142857143,0.0,7,True,True,0.06535879629629629,0.6737615740740741,3.0738773148148146,5.717523148148148,9.0,23.0,138.0,742.0,1.0,2.0,5.0,16.0,1.0,2.0,3.0,13.0
user_accounts_only,association_group,none,No recorded association,2017,17,7,1,6,41.1764705882353,5.882352941176471,35.294117647058826,14.285714285714286,0.058823529411764705,1,1.5294117647058822,0.0,15,True,True,0.543599537037037,0.9913541666666666,14.11724537037037,40.90243750000001,2.0,24.0,60.0,182.60000000000005,1.0,1.0,2.0,4.0,1.0,1.0,2.0,7.600000000000001
user_accounts_only,association_group,contributor_first_time,Contributor / first-time contributor,2018,141,63,16,46,44.680851063829785,11.347517730496454,32.6241134751773,25.396825396825395,0.14893617021276595,1.3125,1.1205673758865249,0.0,76,False,False,0.21155092592592592,1.2687152777777777,4.864907407407407,17.67875,4.0,14.0,63.0,192.0,1.0,2.0,3.0,10.0,1.0,1.0,3.0,6.0
user_accounts_only,association_group,member_owner_collaborator,Member / owner / collaborator,2018,34,24,3,21,70.58823529411765,8.823529411764707,61.76470588235294,12.5,0.08823529411764706,1,1.3529411764705883,1.0,9,False,True,0.25349537037037034,1.1028587962962964,6.2783420138888895,18.51722800925926,22.0,75.0,225.25,771.5999999999999,2.0,3.0,7.0,11.799999999999997,1.0,2.0,6.0,8.7
user_accounts_only,association_group,none,No recorded association,2018,25,10,4,5,40.0,16.0,20.0,40.0,0.2,1.25,0.68,0.0,11,True,True,0.02480324074074074,0.9144212962962963,5.534155092592592,18.15517361111112,8.0,20.0,54.0,194.6,1.0,2.0,4.0,9.0,1.0,2.0,3.0,5.0
user_accounts_only,association_group,contributor_first_time,Contributor / first-time contributor,2019,137,73,22,59,53.284671532846716,16.05839416058394,43.065693430656935,30.136986301369863,0.20437956204379562,1.2727272727272727,1.416058394160584,1.0,63,False,False,0.099375,1.0644560185185186,5.225034722222222,32.161594907407405,6.0,24.0,104.0,429.8000000000002,1.0,2.0,5.0,11.400000000000006,1.0,2.0,4.0,8.0
user_accounts_only,association_group,member_owner_collaborator,Member / owner / collaborator,2019,48,33,5,30,68.75,10.416666666666666,62.5,15.151515151515152,0.10416666666666667,1,1.0833333333333333,1.0,12,False,True,0.0522193287037037,0.20277199074074073,1.349939236111111,8.54062268518519,10.0,24.5,97.25,297.7000000000003,1.0,2.0,5.0,7.300000000000004,1.0,2.0,3.0,5.0
user_accounts_only,association_group,none,No recorded association,2019,15,9,1,8,60.0,6.666666666666667,53.333333333333336,11.11111111111111,0.06666666666666667,1,0.7333333333333333,1.0,9,True,True,0.6312500000000001,0.8504513888888889,22.896591435185186,96.70006249999997,11.5,17.0,34.0,61.599999999999994,1.0,1.0,3.0,4.6,1.0,1.0,2.5,6.199999999999999
user_accounts_only,association_group,contributor_first_time,Contributor / first-time contributor,2020,135,76,18,62,56.2962962962963,13.333333333333334,45.925925925925924,23.68421052631579,0.15555555555555556,1.1666666666666667,1.348148148148148,1.0,66,False,False,0.35206018518518517,1.7837847222222223,4.874363425925926,24.707270833333336,5.0,29.0,107.0,482.6,1.0,2.0,5.0,11.600000000000009,1.0,2.0,3.0,7.200000000000017
user_accounts_only,association_group,member_owner_collaborator,Member / owner / collaborator,2020,57,44,4,43,77.19298245614036,7.017543859649122,75.43859649122807,9.090909090909092,0.07017543859649122,1,1.736842105263158,1.0,13,False,True,0.0528587962962963,0.49922453703703706,2.9377546296296297,6.443069444444444,6.0,51.0,160.0,414.5999999999998,1.0,2.0,7.0,13.799999999999997,1.0,2.0,3.0,5.799999999999997
user_accounts_only,association_group,none,No recorded association,2020,4,4,1,2,100.0,25.0,50.0,25.0,0.25,1,2.25,1.0,2,True,True,0.08808738425925926,0.1964988425925926,0.3219328703703704,0.4018078703703704,11.75,23.5,46.25,68.30000000000001,1.0,1.5,3.5,6.200000000000001,1.0,1.5,2.0,2.0
user_accounts_only,association_group,contributor_first_time,Contributor / first-time contributor,2021,102,57,12,48,55.88235294117647,11.764705882352942,47.05882352941177,21.05263157894737,0.16666666666666666,1.4166666666666667,1.4411764705882353,1.0,51,False,False,0.08769097222222222,0.6460300925925926,3.846273148148148,13.58091782407408,8.0,22.5,130.0,387.00000000000006,1.0,2.0,4.0,13.0,1.0,2.0,4.0,9.0
user_accounts_only,association_group,member_owner_collaborator,Member / owner / collaborator,2021,95,67,14,59,70.52631578947368,14.736842105263158,62.10526315789474,20.895522388059703,0.21052631578947367,1.4285714285714286,2.389473684210526,1.0,18,False,False,0.04251157407407408,0.46576388888888887,2.8161805555555555,5.157993055555558,8.5,39.0,212.5,480.00000000000006,1.0,2.0,9.0,13.600000000000009,1.0,2.0,4.5,11.0
user_accounts_only,association_group,none,No recorded association,2021,2,0,0,0,0.0,0.0,0.0,,0,,0,0.0,1,True,True,10.725257523148148,20.785260416666667,30.845263310185185,36.8812650462963,82.25,104.5,126.75,140.10000000000002,5.5,8.0,10.5,12.0,5.25,5.5,5.75,5.9
user_accounts_only,association_group,contributor_first_time,Contributor / first-time contributor,2022,102,94,10,93,92.15686274509804,9.803921568627452,91.17647058823529,10.638297872340425,0.10784313725490197,1.1,2.392156862745098,1.0,29,False,False,0.02062210648148148,0.08943287037037037,0.9598958333333334,2.9035196759259256,4.0,17.5,67.75,188.0000000000001,1.0,1.0,4.0,10.0,1.0,1.0,2.0,5.900000000000006
user_accounts_only,association_group,member_owner_collaborator,Member / owner / collaborator,2022,98,94,7,91,95.91836734693878,7.142857142857143,92.85714285714286,7.446808510638298,0.11224489795918367,1.5714285714285714,1.8673469387755102,1.0,18,False,True,0.010402199074074074,0.02204861111111111,0.1740596064814815,0.9702372685185182,4.0,17.5,54.0,125.69999999999997,1.0,2.0,4.0,7.0,1.0,1.0,2.0,4.0
user_accounts_only,association_group,contributor_first_time,Contributor / first-time contributor,2023,91,91,6,91,100.0,6.593406593406593,100.0,6.593406593406593,0.06593406593406594,1,1.5824175824175823,1.0,25,False,True,0.012476851851851852,0.04866898148148148,0.9589583333333334,2.847847222222222,5.0,13.0,41.5,196.0,1.0,2.0,3.0,5.0,1.0,1.0,2.0,4.0
user_accounts_only,association_group,member_owner_collaborator,Member / owner / collaborator,2023,109,109,7,109,100.0,6.422018348623853,100.0,6.422018348623853,0.06422018348623854,1,1.5963302752293578,1.0,20,False,True,0.011412037037037037,0.035416666666666666,0.3284837962962963,1.0280902777777778,5.0,15.0,67.0,152.00000000000006,1.0,2.0,3.0,7.0,1.0,1.0,2.0,4.0
user_accounts_only,association_group,contributor_first_time,Contributor / first-time contributor,2024,103,103,1,103,100.0,0.970873786407767,100.0,0.970873786407767,0.009708737864077669,1,1.3689320388349515,1.0,19,False,True,0.011834490740740741,0.01810185185185185,0.14031828703703703,2.1238611111111103,6.0,30.0,71.0,171.0,1.0,2.0,4.0,6.0,1.0,1.0,2.0,3.799999999999997
user_accounts_only,association_group,member_owner_collaborator,Member / owner / collaborator,2024,95,95,2,95,100.0,2.1052631578947367,100.0,2.1052631578947367,0.021052631578947368,1,1.4105263157894736,1.0,17,False,True,0.011238425925925926,0.016724537037037038,0.055769675925925924,0.4016504629629656,8.5,26.0,76.0,178.40000000000003,1.0,2.0,3.5,8.0,1.0,1.0,1.5,2.0
user_accounts_only,association_group,contributor_first_time,Contributor / first-time contributor,2025,97,97,2,97,100.0,2.0618556701030926,100.0,2.0618556701030926,0.030927835051546393,1.5,1.731958762886598,1.0,22,False,True,0.013842592592592592,0.02516203703703704,0.37002314814814813,3.624645833333334,7.0,25.0,85.0,217.4000000000002,1.0,2.0,5.0,9.400000000000006,1.0,1.0,2.0,5.800000000000011
user_accounts_only,association_group,member_owner_collaborator,Member / owner / collaborator,2025,92,92,0,92,100.0,0.0,100.0,0.0,0,,1.8043478260869565,1.5,21,False,True,0.01310763888888889,0.02233217592592593,0.07075520833333333,0.31423379629629655,6.0,16.0,45.75,113.30000000000027,1.0,1.0,2.25,6.0,1.0,1.0,1.0,3.0
user_accounts_only,association_group,contributor_first_time,Contributor / first-time contributor,2026,68,68,2,68,100.0,2.9411764705882355,100.0,2.9411764705882355,0.029411764705882353,1,3.485294117647059,2.0,24,False,True,0.024782986111111113,0.04857060185185185,0.17987268518518518,3.899366898148149,9.75,73.5,400.25,909.6000000000004,1.0,2.0,5.25,16.300000000000004,1.0,2.0,2.0,3.3000000000000043
user_accounts_only,association_group,member_owner_collaborator,Member / owner / collaborator,2026,111,111,0,111,100.0,0.0,100.0,0.0,0,,2.8468468468468466,2.0,24,False,True,0.02367476851851852,0.04822916666666666,0.14583912037037036,1.3746064814814816,17.5,58.0,189.5,475.0,1.0,4.0,6.5,13.0,1.0,2.0,3.0,7.0
user_accounts_only,author_association,COLLABORATOR,COLLABORATOR,2017,6,4,1,3,66.66666666666667,16.666666666666668,50.0,25.0,0.16666666666666666,1,0.8333333333333334,1.0,1,True,True,0.05206886574074074,0.3724074074074074,1.9489091435185186,2.723917824074074,9.25,11.5,18.25,37.0,1.0,1.5,2.0,3.5,1.0,1.0,1.75,2.5
user_accounts_only,author_association,CONTRIBUTOR,CONTRIBUTOR,2017,162,50,22,28,30.864197530864196,13.580246913580247,17.28395061728395,44.0,0.17901234567901234,1.3181818181818181,0.9753086419753086,0.0,71,False,False,0.05642361111111111,0.7899479166666667,5.923582175925926,23.219848379629642,7.0,24.5,110.75,395.4000000000003,1.0,2.0,5.0,11.900000000000006,1.0,1.0,2.75,6.0
user_accounts_only,author_association,MEMBER,MEMBER,2017,15,4,1,3,26.666666666666668,6.666666666666667,20.0,25.0,0.06666666666666667,1,0.6666666666666666,0.0,6,True,True,0.11229166666666666,0.6921990740740741,5.367673611111111,7.830037037037036,9.5,29.0,335.0,987.9999999999999,1.0,2.0,10.5,19.0,1.0,2.0,4.5,13.0
user_accounts_only,author_association,NONE,NONE,2017,17,7,1,6,41.1764705882353,5.882352941176471,35.294117647058826,14.285714285714286,0.058823529411764705,1,1.5294117647058822,0.0,15,True,True,0.543599537037037,0.9913541666666666,14.11724537037037,40.90243750000001,2.0,24.0,60.0,182.60000000000005,1.0,1.0,2.0,4.0,1.0,1.0,2.0,7.600000000000001
user_accounts_only,author_association,COLLABORATOR,COLLABORATOR,2018,2,1,0,1,50.0,0.0,50.0,0.0,0,,0.5,0.5,1,True,True,15.257271412037037,30.51148726851852,45.765703125,54.91823263888889,18.5,30.0,41.5,48.4,2.0,2.0,2.0,2.0,1.0,1.0,1.0,1.0
user_accounts_only,author_association,CONTRIBUTOR,CONTRIBUTOR,2018,141,63,16,46,44.680851063829785,11.347517730496454,32.6241134751773,25.396825396825395,0.14893617021276595,1.3125,1.1205673758865249,0.0,76,False,False,0.21155092592592592,1.2687152777777777,4.864907407407407,17.67875,4.0,14.0,63.0,192.0,1.0,2.0,3.0,10.0,1.0,1.0,3.0,6.0
user_accounts_only,author_association,MEMBER,MEMBER,2018,32,23,3,20,71.875,9.375,62.5,13.043478260869565,0.09375,1,1.40625,1.0,8,False,True,0.42317129629629624,1.1028587962962964,6.029516782407407,17.656606481481486,26.0,95.5,263.0,793.2000000000003,1.75,3.0,7.25,12.600000000000009,1.0,2.5,6.0,8.900000000000002
user_accounts_only,author_association,NONE,NONE,2018,25,10,4,5,40.0,16.0,20.0,40.0,0.2,1.25,0.68,0.0,11,True,True,0.02480324074074074,0.9144212962962963,5.534155092592592,18.15517361111112,8.0,20.0,54.0,194.6,1.0,2.0,4.0,9.0,1.0,2.0,3.0,5.0
user_accounts_only,author_association,COLLABORATOR,COLLABORATOR,2019,6,4,0,4,66.66666666666667,0.0,66.66666666666667,0.0,0,,0.8333333333333334,1.0,2,True,True,0.051006944444444445,0.06098958333333333,0.7286805555555556,1.1216724537037037,11.75,18.5,20.0,60.5,3.25,4.0,4.75,5.5,1.0,1.0,1.75,3.5
user_accounts_only,author_association,CONTRIBUTOR,CONTRIBUTOR,2019,137,73,22,59,53.284671532846716,16.05839416058394,43.065693430656935,30.136986301369863,0.20437956204379562,1.2727272727272727,1.416058394160584,1.0,63,False,False,0.099375,1.0644560185185186,5.225034722222222,32.161594907407405,6.0,24.0,104.0,429.8000000000002,1.0,2.0,5.0,11.400000000000006,1.0,2.0,4.0,8.0
user_accounts_only,author_association,MEMBER,MEMBER,2019,42,29,5,26,69.04761904761905,11.904761904761905,61.904761904761905,17.24137931034483,0.11904761904761904,1,1.119047619047619,1.0,10,False,True,0.06368344907407407,0.21403935185185186,2.0322569444444447,9.143233796296295,10.25,30.0,104.25,333.0999999999999,1.0,2.0,5.0,7.899999999999999,1.0,2.0,3.0,5.0
user_accounts_only,author_association,NONE,NONE,2019,15,9,1,8,60.0,6.666666666666667,53.333333333333336,11.11111111111111,0.06666666666666667,1,0.7333333333333333,1.0,9,True,True,0.6312500000000001,0.8504513888888889,22.896591435185186,96.70006249999997,11.5,17.0,34.0,61.599999999999994,1.0,1.0,3.0,4.6,1.0,1.0,2.5,6.199999999999999
user_accounts_only,author_association,COLLABORATOR,COLLABORATOR,2020,11,8,1,8,72.72727272727273,9.090909090909092,72.72727272727273,12.5,0.09090909090909091,1,2,1.0,3,True,True,0.07414930555555554,0.5851620370370371,5.196944444444444,7.051759259259259,16.5,119.0,304.0,507.0,1.5,2.0,9.0,29.0,1.5,3.0,5.5,15.0
user_accounts_only,author_association,CONTRIBUTOR,CONTRIBUTOR,2020,135,76,18,62,56.2962962962963,13.333333333333334,45.925925925925924,23.68421052631579,0.15555555555555556,1.1666666666666667,1.348148148148148,1.0,66,False,False,0.35206018518518517,1.7837847222222223,4.874363425925926,24.707270833333336,5.0,29.0,107.0,482.6,1.0,2.0,5.0,11.600000000000009,1.0,2.0,3.0,7.200000000000017
user_accounts_only,author_association,MEMBER,MEMBER,2020,46,36,3,35,78.26086956521739,6.521739130434782,76.08695652173913,8.333333333333334,0.06521739130434782,1,1.673913043478261,1.0,10,False,True,0.03710069444444444,0.4935590277777778,2.7848003472222222,4.44566550925926,6.0,35.0,127.5,316.0,1.0,2.0,6.75,12.5,1.0,2.0,3.0,5.0
user_accounts_only,author_association,NONE,NONE,2020,4,4,1,2,100.0,25.0,50.0,25.0,0.25,1,2.25,1.0,2,True,True,0.08808738425925926,0.1964988425925926,0.3219328703703704,0.4018078703703704,11.75,23.5,46.25,68.30000000000001,1.0,1.5,3.5,6.200000000000001,1.0,1.5,2.0,2.0
user_accounts_only,author_association,COLLABORATOR,COLLABORATOR,2021,28,19,8,15,67.85714285714286,28.571428571428573,53.57142857142857,42.10526315789474,0.35714285714285715,1.25,2.7142857142857144,1.0,3,True,True,0.04341435185185185,0.1438888888888889,1.045529513888889,3.5059907407407422,10.5,39.5,110.75,437.1,1.0,4.0,7.5,14.500000000000004,1.0,2.5,7.25,11.0
user_accounts_only,author_association,CONTRIBUTOR,CONTRIBUTOR,2021,102,57,12,48,55.88235294117647,11.764705882352942,47.05882352941177,21.05263157894737,0.16666666666666666,1.4166666666666667,1.4411764705882353,1.0,51,False,False,0.08769097222222222,0.6460300925925926,3.846273148148148,13.58091782407408,8.0,22.5,130.0,387.00000000000006,1.0,2.0,4.0,13.0,1.0,2.0,4.0,9.0
user_accounts_only,author_association,MEMBER,MEMBER,2021,67,48,6,44,71.64179104477611,8.955223880597014,65.67164179104478,12.5,0.14925373134328357,1.6666666666666667,2.253731343283582,1.0,15,False,True,0.04313078703703704,0.8191087962962963,3.142991898148148,6.219907407407407,7.0,39.0,255.0,507.9999999999999,1.0,2.0,9.0,13.399999999999999,1.0,2.0,3.5,10.399999999999999
user_accounts_only,author_association,NONE,NONE,2021,2,0,0,0,0.0,0.0,0.0,,0,,0,0.0,1,True,True,10.725257523148148,20.785260416666667,30.845263310185185,36.8812650462963,82.25,104.5,126.75,140.10000000000002,5.5,8.0,10.5,12.0,5.25,5.5,5.75,5.9
user_accounts_only,author_association,COLLABORATOR,COLLABORATOR,2022,24,22,4,20,91.66666666666667,16.666666666666668,83.33333333333333,18.181818181818183,0.25,1.5,3.5416666666666665,1.0,4,True,True,0.012065972222222221,0.045844907407407404,0.6783912037037036,1.6682604166666661,2.75,13.5,39.0,72.1,1.0,1.0,3.25,7.0,1.0,2.0,3.25,8.399999999999999
user_accounts_only,author_association,CONTRIBUTOR,CONTRIBUTOR,2022,102,94,10,93,92.15686274509804,9.803921568627452,91.17647058823529,10.638297872340425,0.10784313725490197,1.1,2.392156862745098,1.0,29,False,False,0.02062210648148148,0.08943287037037037,0.9598958333333334,2.9035196759259256,4.0,17.5,67.75,188.0000000000001,1.0,1.0,4.0,10.0,1.0,1.0,2.0,5.900000000000006
user_accounts_only,author_association,MEMBER,MEMBER,2022,74,72,3,71,97.29729729729729,4.054054054054054,95.94594594594595,4.166666666666667,0.06756756756756757,1.6666666666666667,1.3243243243243243,1.0,14,False,True,0.010303819444444445,0.018113425925925925,0.0695775462962963,0.8226805555555557,4.5,21.5,58.75,157.9000000000001,1.0,2.0,4.0,7.700000000000003,1.0,1.0,1.0,2.0
user_accounts_only,author_association,COLLABORATOR,COLLABORATOR,2023,44,44,5,44,100.0,11.363636363636363,100.0,11.363636363636363,0.11363636363636363,1,1.7954545454545454,1.0,9,False,True,0.013411458333333333,0.061828703703703705,0.5877806712962963,1.5859097222222243,3.75,9.0,41.25,87.30000000000003,1.0,2.0,3.0,5.700000000000003,1.0,1.0,3.0,5.700000000000003
user_accounts_only,author_association,CONTRIBUTOR,CONTRIBUTOR,2023,91,91,6,91,100.0,6.593406593406593,100.0,6.593406593406593,0.06593406593406594,1,1.5824175824175823,1.0,25,False,True,0.012476851851851852,0.04866898148148148,0.9589583333333334,2.847847222222222,5.0,13.0,41.5,196.0,1.0,2.0,3.0,5.0,1.0,1.0,2.0,4.0
user_accounts_only,author_association,MEMBER,MEMBER,2023,65,65,2,65,100.0,3.076923076923077,100.0,3.076923076923077,0.03076923076923077,1,1.4615384615384615,1.0,11,False,True,0.011412037037037037,0.02861111111111111,0.14427083333333332,0.7815694444444445,7.0,27.0,75.0,190.20000000000002,1.0,2.0,3.0,8.600000000000001,1.0,1.0,1.0,3.0
user_accounts_only,author_association,COLLABORATOR,COLLABORATOR,2024,31,31,2,31,100.0,6.451612903225806,100.0,6.451612903225806,0.06451612903225806,1,1.6129032258064515,1.0,9,False,True,0.011342592592592593,0.024895833333333332,0.11844328703703703,1.6024189814814815,9.5,20.0,68.5,268.0,1.0,2.0,4.0,8.0,1.0,1.0,2.0,4.0
user_accounts_only,author_association,CONTRIBUTOR,CONTRIBUTOR,2024,103,103,1,103,100.0,0.970873786407767,100.0,0.970873786407767,0.009708737864077669,1,1.3689320388349515,1.0,19,False,True,0.011834490740740741,0.01810185185185185,0.14031828703703703,2.1238611111111103,6.0,30.0,71.0,171.0,1.0,2.0,4.0,6.0,1.0,1.0,2.0,3.799999999999997
user_accounts_only,author_association,MEMBER,MEMBER,2024,64,64,0,64,100.0,0.0,100.0,0.0,0,,1.3125,1.0,8,False,True,0.01126736111111111,0.01379050925925926,0.0423582175925926,0.14428125000000006,7.0,27.0,77.5,155.3,1.0,2.0,3.0,6.700000000000003,1.0,1.0,1.0,2.0
user_accounts_only,author_association,COLLABORATOR,COLLABORATOR,2025,28,28,0,28,100.0,0.0,100.0,0.0,0,,1.9642857142857142,2.0,11,True,True,0.01587673611111111,0.043680555555555556,0.10908854166666666,0.6861562500000005,7.75,19.5,59.5,84.40000000000003,1.0,2.0,2.25,4.600000000000001,1.0,1.0,2.0,3.0
user_accounts_only,author_association,CONTRIBUTOR,CONTRIBUTOR,2025,97,97,2,97,100.0,2.0618556701030926,100.0,2.0618556701030926,0.030927835051546393,1.5,1.731958762886598,1.0,22,False,True,0.013842592592592592,0.02516203703703704,0.37002314814814813,3.624645833333334,7.0,25.0,85.0,217.4000000000002,1.0,2.0,5.0,9.400000000000006,1.0,1.0,2.0,5.800000000000011
user_accounts_only,author_association,MEMBER,MEMBER,2025,64,64,0,64,100.0,0.0,100.0,0.0,0,,1.734375,1.0,10,False,True,0.013046875000000001,0.01814236111111111,0.039496527777777776,0.2091712962962964,5.75,11.0,37.25,128.40000000000023,1.0,1.0,2.25,6.700000000000003,1.0,1.0,1.0,2.0
user_accounts_only,author_association,COLLABORATOR,COLLABORATOR,2026,30,30,0,30,100.0,0.0,100.0,0.0,0,,3.1,2.0,8,False,True,0.030014467592592593,0.06446759259259259,0.28599537037037037,1.4060358796296302,8.25,33.5,133.25,366.30000000000007,1.0,2.0,5.75,13.0,1.0,2.0,2.75,7.200000000000003
user_accounts_only,author_association,CONTRIBUTOR,CONTRIBUTOR,2026,68,68,2,68,100.0,2.9411764705882355,100.0,2.9411764705882355,0.029411764705882353,1,3.485294117647059,2.0,24,False,True,0.024782986111111113,0.04857060185185185,0.17987268518518518,3.899366898148149,9.75,73.5,400.25,909.6000000000004,1.0,2.0,5.25,16.300000000000004,1.0,2.0,2.0,3.3000000000000043
user_accounts_only,author_association,MEMBER,MEMBER,2026,81,81,0,81,100.0,0.0,100.0,0.0,0,,2.753086419753086,2.0,16,False,True,0.02136574074074074,0.044675925925925924,0.11755787037037037,1.230960648148148,21.0,66.0,230.0,549.0,2.0,4.0,7.0,13.0,1.0,2.0,3.0,7.0
user_accounts_only,review_profile,approval_and_change_request,Both approval and change request,2017,12,12,12,12,100.0,100.0,100.0,100.0,1.3333333333333333,1.3333333333333333,4.666666666666667,2.0,10,True,False,5.15806712962963,8.420810185185186,21.46081886574074,39.84272337962963,37.0,127.0,257.75,301.40000000000003,1.75,3.5,7.0,8.8,3.75,6.0,9.25,12.700000000000001
user_accounts_only,review_profile,approval_without_change_request,"Approval(s), no change request",2017,28,28,0,28,100.0,0.0,100.0,0.0,0,,1.5,1.0,21,True,True,0.069453125,0.8705381944444445,3.4278385416666666,14.304429398148148,3.75,16.0,59.25,235.60000000000002,1.0,1.5,4.0,8.700000000000006,1.0,1.0,2.0,6.0
user_accounts_only,review_profile,change_request_without_approval,"Change request(s), no approval",2017,13,13,13,0,100.0,100.0,0.0,100.0,1.2307692307692308,1.2307692307692308,4.6923076923076925,2.0,10,True,False,0.6737615740740741,9.835208333333334,30.4221875,50.64890046296297,54.0,79.0,219.0,447.6,2.0,3.0,8.0,13.600000000000001,2.0,3.0,5.0,8.600000000000001
user_accounts_only,review_profile,no_submitted_review,No submitted review,2017,135,0,0,0,0.0,0.0,0.0,,0,,0,0.0,71,False,True,0.0413425925925926,0.559224537037037,3.1450694444444443,19.92836111111112,6.0,16.0,68.5,378.6000000000005,1.0,1.0,4.0,10.600000000000009,1.0,1.0,2.0,4.0
user_accounts_only,review_profile,review_without_decision,"Review(s), no approval or change request",2017,12,12,0,0,100.0,0.0,0.0,0.0,0,,3.3333333333333335,2.0,7,True,True,0.3844878472222222,1.2426620370370371,4.714997106481482,14.137877314814817,23.5,64.5,310.25,401.6,1.0,6.0,10.0,17.5,1.0,2.0,4.75,15.400000000000002
user_accounts_only,review_profile,approval_and_change_request,Both approval and change request,2018,10,10,10,10,100.0,100.0,100.0,100.0,1.3,1.3,5.7,1.5,10,True,False,1.2689149305555554,4.022471064814814,17.08140914351852,32.1593449074074,14.0,44.0,140.25,174.49999999999997,1.0,2.5,3.0,4.899999999999997,3.0,6.0,9.0,13.0
user_accounts_only,review_profile,approval_without_change_request,"Approval(s), no change request",2018,62,62,0,62,100.0,0.0,100.0,0.0,0,,1.7096774193548387,1.0,32,False,True,0.09652488425925926,0.9075578703703704,2.692566550925926,13.175789351851844,4.0,16.0,61.0,161.1,1.0,2.0,2.75,6.799999999999997,1.0,1.0,2.0,4.0
user_accounts_only,review_profile,change_request_without_approval,"Change request(s), no approval",2018,13,13,13,0,100.0,100.0,0.0,100.0,1.2307692307692308,1.2307692307692308,2.8461538461538463,1.0,11,True,False,3.7089351851851853,7.253078703703704,18.81391203703704,55.79772685185188,13.0,22.0,55.0,120.60000000000005,1.0,1.0,4.0,4.0,2.0,3.0,5.0,5.0
user_accounts_only,review_profile,no_submitted_review,No submitted review,2018,103,0,0,0,0.0,0.0,0.0,,0,,0,0.0,59,False,True,0.06221643518518519,0.8610416666666667,4.658888888888889,15.342749999999997,4.0,15.0,81.5,751.9999999999998,1.0,2.0,5.5,18.799999999999983,1.0,1.0,3.0,8.0
user_accounts_only,review_profile,review_without_decision,"Review(s), no approval or change request",2018,12,12,0,0,100.0,0.0,0.0,0.0,0,,1.75,1.0,11,True,True,2.0095081018518517,4.87833912037037,16.207155671296295,17.95350115740741,25.5,113.5,177.25,490.3000000000001,1.75,5.5,8.25,10.8,1.0,3.0,4.25,5.9
user_accounts_only,review_profile,approval_and_change_request,Both approval and change request,2019,16,16,16,16,100.0,100.0,100.0,100.0,1.1875,1.1875,4.5625,2.0,15,True,False,1.3696903935185185,8.084560185185186,21.894444444444446,27.439305555555556,6.75,23.0,83.25,110.5,1.0,2.0,5.25,6.0,2.0,3.0,5.0,6.0
user_accounts_only,review_profile,approval_without_change_request,"Approval(s), no change request",2019,81,81,0,81,100.0,0.0,100.0,0.0,0,,1.5308641975308641,1.0,38,False,True,0.06704861111111111,0.21756944444444445,1.5830208333333333,5.45650462962963,6.0,20.0,62.0,121.0,1.0,2.0,4.0,7.0,1.0,1.0,3.0,5.0
user_accounts_only,review_profile,change_request_without_approval,"Change request(s), no approval",2019,12,12,12,0,100.0,100.0,0.0,100.0,1.25,1.25,4.25,1.0,12,True,False,2.1265798611111113,3.5039583333333333,5.3963454861111115,43.50474652777779,31.75,85.0,147.25,174.70000000000002,2.0,3.5,5.5,7.0,2.0,4.5,7.25,8.0
user_accounts_only,review_profile,no_submitted_review,No submitted review,2019,85,0,0,0,0.0,0.0,0.0,,0,,0,0.0,50,False,True,0.06497685185185186,0.9510185185185185,6.960902777777778,51.46799074074088,8.0,20.0,135.0,627.2000000000007,1.0,2.0,6.0,12.600000000000009,1.0,2.0,3.0,8.0
user_accounts_only,review_profile,review_without_decision,"Review(s), no approval or change request",2019,6,6,0,0,100.0,0.0,0.0,0.0,0,,1.5,1.0,6,True,True,1.7843315972222222,3.8790567129629627,4.279771412037037,78.09768518518517,89.5,136.5,749.75,964.0,5.5,7.5,8.0,12.0,6.5,9.5,11.0,13.5
user_accounts_only,review_profile,approval_and_change_request,Both approval and change request,2020,14,14,14,14,100.0,100.0,100.0,100.0,1.0714285714285714,1.0714285714285714,4.285714285714286,2.0,14,True,False,2.9164322916666667,4.127916666666667,9.477644675925927,18.797188657407418,26.0,141.5,297.25,1300.6000000000004,1.25,4.0,7.5,11.0,2.0,3.5,8.75,26.90000000000002
user_accounts_only,review_profile,approval_without_change_request,"Approval(s), no change request",2020,93,93,0,93,100.0,0.0,100.0,0.0,0,,1.8387096774193548,1.0,40,False,True,0.12261574074074075,0.8351157407407407,3.0905671296296298,8.827261574074074,3.0,17.0,65.0,170.8,1.0,1.0,4.0,7.799999999999997,1.0,2.0,2.0,3.799999999999997
user_accounts_only,review_profile,change_request_without_approval,"Change request(s), no approval",2020,9,9,9,0,100.0,100.0,0.0,100.0,1.2222222222222223,1.2222222222222223,4.777777777777778,2.0,9,True,True,4.372280092592592,6.922106481481482,36.172662037037036,125.61742824074081,35.0,83.0,90.0,164.60000000000005,2.0,3.0,5.0,6.4,3.0,3.0,5.0,14.0
user_accounts_only,review_profile,no_submitted_review,No submitted review,2020,72,0,0,0,0.0,0.0,0.0,,0,,0,0.0,44,False,True,0.0780005787037037,0.6487557870370371,2.2014467592592593,6.388332175925923,6.0,31.0,150.5,615.9999999999999,1.0,2.0,8.0,17.699999999999996,1.0,2.0,4.0,9.0
user_accounts_only,review_profile,review_without_decision,"Review(s), no approval or change request",2020,8,8,0,0,100.0,0.0,0.0,0.0,0,,2,1.0,6,True,True,1.5408130787037035,5.568414351851851,8.19648148148148,38.49924884259257,69.75,567.0,886.5,3639.5999999999985,3.5,9.5,23.0,140.59999999999997,1.0,1.0,4.5,101.99999999999994
user_accounts_only,review_profile,approval_and_change_request,Both approval and change request,2021,14,14,14,14,100.0,100.0,100.0,100.0,1.4285714285714286,1.4285714285714286,9,2.0,9,True,False,1.6734664351851851,3.136087962962963,8.109884259259259,27.770534722222248,74.25,119.0,255.25,669.2000000000004,3.25,6.5,9.75,13.0,5.25,9.0,14.5,27.800000000000015
user_accounts_only,review_profile,approval_without_change_request,"Approval(s), no change request",2021,93,93,0,93,100.0,0.0,100.0,0.0,0,,1.5913978494623655,1.0,40,False,True,0.033854166666666664,0.22140046296296295,2.8177430555555554,6.104009259259258,4.0,20.0,74.0,268.79999999999984,1.0,1.0,3.0,7.0,1.0,1.0,2.0,5.0
user_accounts_only,review_profile,change_request_without_approval,"Change request(s), no approval",2021,12,12,12,0,100.0,100.0,0.0,100.0,1.4166666666666667,1.4166666666666667,7.166666666666667,2.0,10,True,False,0.7772685185185185,5.143142361111111,6.484918981481481,17.66339467592593,13.25,46.0,410.25,594.9000000000001,1.0,3.0,10.25,17.6,2.0,6.5,10.25,11.0
user_accounts_only,review_profile,no_submitted_review,No submitted review,2021,75,0,0,0,0.0,0.0,0.0,,0,,0,0.0,34,False,True,0.07418981481481482,0.44981481481481483,2.5274074074074075,6.999261574074086,10.0,43.0,296.5,530.6000000000004,1.0,3.0,10.0,18.0,1.0,2.0,4.0,8.200000000000017
user_accounts_only,review_profile,review_without_decision,"Review(s), no approval or change request",2021,5,5,0,0,100.0,0.0,0.0,0.0,0,,2.8,2.0,5,True,True,0.18619212962962964,0.5615625,0.9917013888888889,13.347784722222222,24.0,33.0,187.0,212.2,3.0,4.0,8.0,13.4,2.0,4.0,4.0,5.2
user_accounts_only,review_profile,approval_and_change_request,Both approval and change request,2022,14,14,14,14,100.0,100.0,100.0,100.0,1.2142857142857142,1.2142857142857142,7.285714285714286,2.0,13,True,False,0.7441319444444445,1.0327719907407409,1.7674508101851851,17.22861342592594,47.5,118.0,311.0,406.20000000000016,4.0,6.0,9.5,11.700000000000001,3.25,5.5,12.25,15.700000000000001
user_accounts_only,review_profile,approval_without_change_request,"Approval(s), no change request",2022,170,170,0,170,100.0,0.0,100.0,0.0,0,,1.7705882352941176,1.0,38,False,True,0.010477430555555556,0.027569444444444445,0.19560763888888888,2.0651874999999995,3.25,15.0,50.25,105.29999999999993,1.0,1.0,3.0,7.0,1.0,1.0,1.75,3.0
user_accounts_only,review_profile,change_request_without_approval,"Change request(s), no approval",2022,3,3,3,0,100.0,100.0,0.0,100.0,1.6666666666666667,1.6666666666666667,7.333333333333333,2.0,2,True,True,0.5322974537037037,0.6937731481481482,5.820219907407408,8.896087962962964,84.0,132.0,142.0,148.0,3.5,4.0,5.0,5.6,6.5,7.0,8.5,9.4
user_accounts_only,review_profile,no_submitted_review,No submitted review,2022,12,0,0,0,0.0,0.0,0.0,,0,,0,0.0,10,True,True,0.049846643518518516,0.22901041666666666,0.5749652777777777,0.9882916666666668,8.0,28.5,71.75,97.4,1.0,2.0,7.75,10.9,1.0,1.5,3.0,3.9000000000000004
user_accounts_only,review_profile,review_without_decision,"Review(s), no approval or change request",2022,1,1,0,0,100.0,0.0,0.0,0.0,0,,2,2.0,1,True,True,3.5694444444444446,3.5694444444444446,3.5694444444444446,3.5694444444444446,6.0,6.0,6.0,6.0,1.0,1.0,1.0,1.0,1.0,1.0,1.0,1.0
user_accounts_only,review_profile,approval_and_change_request,Both approval and change request,2023,13,13,13,13,100.0,100.0,100.0,100.0,1,1,4.846153846153846,2.0,8,True,False,0.21275462962962963,0.6975925925925925,0.9440856481481481,3.399599537037039,11.0,39.0,78.0,248.2000000000001,2.0,2.0,4.0,5.0,3.0,4.0,5.0,11.600000000000001
user_accounts_only,review_profile,approval_without_change_request,"Approval(s), no change request",2023,187,187,0,187,100.0,0.0,100.0,0.0,0,,1.3636363636363635,1.0,44,False,True,0.011400462962962963,0.03453703703703704,0.5536574074074074,2.154333333333334,5.0,13.0,49.5,159.40000000000012,1.0,2.0,3.0,7.0,1.0,1.0,2.0,4.0
user_accounts_only,review_profile,approval_and_change_request,Both approval and change request,2024,3,3,3,3,100.0,100.0,100.0,100.0,1,1,3.6666666666666665,2.0,3,True,True,1.0118981481481482,1.9804513888888888,2.4758622685185183,2.773108796296296,68.5,117.0,216.0,275.4,3.0,4.0,6.0,7.2,3.0,4.0,5.0,5.6
user_accounts_only,review_profile,approval_without_change_request,"Approval(s), no change request",2024,195,195,0,195,100.0,0.0,100.0,0.0,0,,1.353846153846154,1.0,36,False,True,0.011614583333333334,0.016724537037037038,0.07791087962962963,0.7327476851851851,7.0,27.0,72.5,173.99999999999997,1.0,2.0,4.0,7.0,1.0,1.0,2.0,3.0
user_accounts_only,review_profile,approval_and_change_request,Both approval and change request,2025,2,2,2,2,100.0,100.0,100.0,100.0,1.5,1.5,4,1.5,2,True,True,3.752204861111111,4.024594907407407,4.296984953703704,4.460418981481482,156.75,233.5,310.25,356.3,5.5,7.0,8.5,9.4,4.25,4.5,4.75,4.9
user_accounts_only,review_profile,approval_without_change_request,"Approval(s), no change request",2025,187,187,0,187,100.0,0.0,100.0,0.0,0,,1.7433155080213905,1.0,42,False,True,0.013344907407407408,0.023425925925925926,0.11147569444444444,1.1479791666666679,6.0,18.0,59.0,164.80000000000015,1.0,2.0,4.0,7.400000000000006,1.0,1.0,2.0,3.0
user_accounts_only,review_profile,approval_and_change_request,Both approval and change request,2026,2,2,2,2,100.0,100.0,100.0,100.0,1,1,12,4.5,2,True,True,5.321417824074073,6.17636574074074,7.0313136574074075,7.544282407407407,226.5,445.0,663.5,794.6,4.75,8.5,12.25,14.5,9.25,14.5,19.75,22.900000000000002
user_accounts_only,review_profile,approval_without_change_request,"Approval(s), no change request",2026,177,177,0,177,100.0,0.0,100.0,0.0,0,,2.9887005649717513,2.0,47,False,True,0.024050925925925927,0.04734953703703704,0.1491898148148148,1.8158773148148164,13.0,64.0,252.0,665.8000000000004,1.0,3.0,6.0,13.400000000000006,1.0,2.0,3.0,5.400000000000006
user_accounts_only,reviewer_band,one,1 identifiable reviewer,2017,33,33,7,25,100.0,21.21212121212121,75.75757575757575,21.21212121212121,0.3333333333333333,1.5714285714285714,1.2424242424242424,1.0,23,False,True,0.186875,0.7769444444444444,3.348564814814815,13.759995370370374,5.0,25.0,67.0,246.60000000000002,1.0,2.0,4.0,9.0,1.0,2.0,3.0,6.0
user_accounts_only,reviewer_band,three_plus,3+ identifiable reviewers,2017,6,6,5,2,100.0,83.33333333333333,33.333333333333336,83.33333333333333,1.1666666666666667,1.4,7.333333333333333,3.0,5,True,True,2.0182812500000002,6.784733796296296,35.068009259259256,45.44246527777778,79.0,280.0,446.5,633.0,3.75,6.5,11.5,39.5,3.0,3.5,4.0,11.0
user_accounts_only,reviewer_band,two,2 identifiable reviewers,2017,26,26,13,13,100.0,50.0,50.0,50.0,0.5384615384615384,1.0769230769230769,4.384615384615385,2.0,18,True,False,1.239045138888889,5.837737268518518,15.434791666666667,25.954971064814814,32.5,80.0,245.25,831.5,1.0,3.0,7.75,17.5,2.0,3.5,9.0,15.0
user_accounts_only,reviewer_band,zero,0 identifiable reviewers,2017,135,0,0,0,0.0,0.0,0.0,,0,,0,0.0,71,False,True,0.0413425925925926,0.559224537037037,3.1450694444444443,19.92836111111112,6.0,16.0,68.5,378.6000000000005,1.0,1.0,4.0,10.600000000000009,1.0,1.0,2.0,4.0
user_accounts_only,reviewer_band,one,1 identifiable reviewer,2018,74,74,13,57,100.0,17.56756756756757,77.02702702702703,17.56756756756757,0.20270270270270271,1.1538461538461537,1.3513513513513513,1.0,42,False,False,0.18131944444444442,1.0630381944444445,4.835109953703704,17.296472222222228,5.0,20.0,61.0,166.20000000000002,1.0,2.0,3.75,6.700000000000003,1.0,1.0,3.0,4.0
user_accounts_only,reviewer_band,three_plus,3+ identifiable reviewers,2018,5,5,2,5,100.0,40.0,100.0,40.0,0.8,2,7.8,4.0,5,True,True,3.349270833333333,6.119398148148148,6.936157407407407,15.052358796296298,36.0,65.0,167.0,364.40000000000003,3.0,10.0,13.0,13.6,6.0,9.0,13.0,14.8
user_accounts_only,reviewer_band,two,2 identifiable reviewers,2018,18,18,8,10,100.0,44.44444444444444,55.55555555555556,44.44444444444444,0.5555555555555556,1.25,4.555555555555555,2.0,16,True,True,1.3774623842592593,6.057876157407407,15.765789930555556,33.52562731481482,14.5,55.0,100.25,181.60000000000005,1.0,2.0,3.0,8.3,2.0,3.5,5.0,6.0
user_accounts_only,reviewer_band,zero,0 identifiable reviewers,2018,103,0,0,0,0.0,0.0,0.0,,0,,0,0.0,59,False,True,0.06221643518518519,0.8610416666666667,4.658888888888889,15.342749999999997,4.0,15.0,81.5,751.9999999999998,1.0,2.0,5.5,18.799999999999983,1.0,1.0,3.0,8.0
user_accounts_only,reviewer_band,one,1 identifiable reviewer,2019,82,82,14,70,100.0,17.073170731707318,85.36585365853658,17.073170731707318,0.17073170731707318,1,1.1341463414634145,1.0,41,False,False,0.099609375,0.5893807870370371,3.0798234953703707,11.58947106481483,6.25,20.0,70.0,144.20000000000005,1.0,2.0,4.0,7.0,1.0,1.0,3.0,6.0
user_accounts_only,reviewer_band,three_plus,3+ identifiable reviewers,2019,3,3,2,2,100.0,66.66666666666667,66.66666666666667,66.66666666666667,0.6666666666666666,1,7.666666666666667,3.0,3,True,True,2.7106192129629627,4.6243287037037035,4.6342997685185185,4.640282407407407,52.0,101.0,121.5,133.8,2.0,3.0,3.0,3.0,2.5,3.0,7.0,9.4
user_accounts_only,reviewer_band,two,2 identifiable reviewers,2019,30,30,12,25,100.0,40.0,83.33333333333333,40.0,0.6,1.5,4.7,2.0,27,False,False,0.2217476851851852,1.2294849537037038,8.713333333333333,33.1445451388889,20.25,38.0,103.25,296.40000000000043,1.0,2.0,6.0,15.0,2.0,3.0,5.75,8.0
user_accounts_only,reviewer_band,zero,0 identifiable reviewers,2019,85,0,0,0,0.0,0.0,0.0,,0,,0,0.0,50,False,True,0.06497685185185186,0.9510185185185185,6.960902777777778,51.46799074074088,8.0,20.0,135.0,627.2000000000007,1.0,2.0,6.0,12.600000000000009,1.0,2.0,3.0,8.0
user_accounts_only,reviewer_band,one,1 identifiable reviewer,2020,81,81,6,72,100.0,7.407407407407407,88.88888888888889,7.407407407407407,0.07407407407407407,1,1.1975308641975309,1.0,36,False,True,0.1114699074074074,0.8827199074074074,4.417997685185185,9.306226851851852,2.0,15.0,54.0,170.0,1.0,1.0,3.0,7.0,1.0,1.0,2.0,3.0
user_accounts_only,reviewer_band,three_plus,3+ identifiable reviewers,2020,10,10,3,7,100.0,30.0,70.0,30.0,0.4,1.3333333333333333,6.9,3.0,10,True,True,3.966255787037037,10.668912037037035,25.522103587962963,42.51942129629627,67.75,255.0,359.5,1700.9999999999968,4.5,7.0,9.5,45.199999999999996,3.5,5.0,6.5,40.89999999999989
user_accounts_only,reviewer_band,two,2 identifiable reviewers,2020,33,33,14,28,100.0,42.42424242424242,84.84848484848484,42.42424242424242,0.48484848484848486,1.1428571428571428,3.757575757575758,2.0,23,False,False,0.8230671296296296,2.6187152777777776,4.2804166666666665,9.66303703703704,18.0,70.0,138.0,297.40000000000003,2.0,4.0,6.0,8.0,2.0,2.0,3.0,11.400000000000006
user_accounts_only,reviewer_band,zero,0 identifiable reviewers,2020,72,0,0,0,0.0,0.0,0.0,,0,,0,0.0,44,False,True,0.0780005787037037,0.6487557870370371,2.2014467592592593,6.388332175925923,6.0,31.0,150.5,615.9999999999999,1.0,2.0,8.0,17.699999999999996,1.0,2.0,4.0,9.0
user_accounts_only,reviewer_band,one,1 identifiable reviewer,2021,79,79,5,74,100.0,6.329113924050633,93.67088607594937,6.329113924050633,0.0759493670886076,1.2,1.1265822784810127,1.0,37,False,True,0.030862268518518518,0.12737268518518519,2.7744328703703705,6.197349537037037,4.0,18.0,71.5,216.80000000000007,1.0,1.0,3.0,7.0,1.0,1.0,2.0,5.0
user_accounts_only,reviewer_band,three_plus,3+ identifiable reviewers,2021,13,13,8,11,100.0,61.53846153846154,84.61538461538461,61.53846153846154,1,1.625,9.307692307692308,3.0,11,True,True,1.5214930555555555,4.326064814814814,12.65074074074074,29.857983796296313,19.0,57.0,181.0,366.4000000000001,1.0,2.0,9.0,12.400000000000002,3.0,6.0,10.0,17.6
user_accounts_only,reviewer_band,two,2 identifiable reviewers,2021,32,32,13,22,100.0,40.625,68.75,40.625,0.5625,1.3846153846153846,5.125,2.0,22,False,False,0.25420428240740744,0.8331481481481482,5.260185185185185,18.22352430555557,21.0,73.5,417.75,602.5000000000001,2.0,4.0,9.25,13.900000000000002,2.0,4.0,8.25,11.0
user_accounts_only,reviewer_band,zero,0 identifiable reviewers,2021,75,0,0,0,0.0,0.0,0.0,,0,,0,0.0,34,False,True,0.07418981481481482,0.44981481481481483,2.5274074074074075,6.999261574074086,10.0,43.0,296.5,530.6000000000004,1.0,3.0,10.0,18.0,1.0,2.0,4.0,8.200000000000017
user_accounts_only,reviewer_band,one,1 identifiable reviewer,2022,145,145,0,145,100.0,0.0,100.0,0.0,0,,1.0620689655172413,1.0,27,False,True,0.0103125,0.021157407407407406,0.07023148148148148,0.6958009259259258,3.0,15.0,43.0,90.59999999999997,1.0,1.0,3.0,5.599999999999994,1.0,1.0,1.0,2.0
user_accounts_only,reviewer_band,three_plus,3+ identifiable reviewers,2022,8,8,5,8,100.0,62.5,100.0,62.5,0.625,1,8.875,3.0,8,True,True,0.8517939814814814,1.4591145833333334,9.684464699074073,15.419945601851852,11.75,37.0,354.0,551.9999999999999,1.0,3.0,8.5,10.0,2.75,4.5,10.0,13.6
user_accounts_only,reviewer_band,two,2 identifiable reviewers,2022,35,35,12,31,100.0,34.285714285714285,88.57142857142857,34.285714285714285,0.4857142857142857,1.4166666666666667,5.771428571428571,2.0,23,False,False,0.26416087962962964,1.0336342592592593,5.082563657407407,17.02161805555557,12.0,45.0,142.0,259.4000000000001,1.0,4.0,6.5,12.600000000000001,1.5,4.0,8.5,13.800000000000004
user_accounts_only,reviewer_band,zero,0 identifiable reviewers,2022,12,0,0,0,0.0,0.0,0.0,,0,,0,0.0,10,True,True,0.049846643518518516,0.22901041666666666,0.5749652777777777,0.9882916666666668,8.0,28.5,71.75,97.4,1.0,2.0,7.75,10.9,1.0,1.5,3.0,3.9000000000000004
user_accounts_only,reviewer_band,one,1 identifiable reviewer,2023,152,152,2,152,100.0,1.3157894736842106,100.0,1.3157894736842106,0.013157894736842105,1,1.111842105263158,1.0,33,False,True,0.011142939814814814,0.023587962962962963,0.12083043981481481,1.0008564814814815,5.0,12.5,43.25,169.50000000000014,1.0,2.0,3.0,5.900000000000006,1.0,1.0,1.0,3.0
user_accounts_only,reviewer_band,three_plus,3+ identifiable reviewers,2023,9,9,5,9,100.0,55.55555555555556,100.0,55.55555555555556,0.5555555555555556,1,5.111111111111111,3.0,8,True,True,0.7596412037037037,0.9738310185185185,4.9159143518518515,21.994722222222236,27.0,45.0,78.0,524.2,2.0,5.0,7.0,9.8,3.0,3.0,10.0,12.2
user_accounts_only,reviewer_band,two,2 identifiable reviewers,2023,39,39,6,39,100.0,15.384615384615385,100.0,15.384615384615385,0.15384615384615385,1,2.641025641025641,2.0,25,False,True,0.052089120370370376,0.4490972222222222,1.1921412037037036,3.041754629629631,4.5,20.0,70.5,136.60000000000005,1.0,1.0,3.0,9.0,1.0,2.0,4.0,5.0
user_accounts_only,reviewer_band,one,1 identifiable reviewer,2024,156,156,1,156,100.0,0.6410256410256411,100.0,0.6410256410256411,0.00641025641025641,1,1.044871794871795,1.0,28,False,True,0.011429398148148147,0.013987268518518519,0.046698495370370366,0.1796412037037037,7.75,27.0,64.25,173.5,1.0,2.0,3.0,6.5,1.0,1.0,1.0,2.0
user_accounts_only,reviewer_band,three_plus,3+ identifiable reviewers,2024,10,10,1,10,100.0,10.0,100.0,10.0,0.1,1,4.3,3.0,10,True,True,1.9218258101851853,3.3484837962962963,7.210442708333333,46.398515046296225,11.0,28.0,114.75,794.6999999999999,1.25,2.5,17.25,25.999999999999996,2.0,2.5,5.5,9.499999999999998
user_accounts_only,reviewer_band,two,2 identifiable reviewers,2024,32,32,1,32,100.0,3.125,100.0,3.125,0.03125,1,2.15625,2.0,19,False,True,0.015445601851851853,0.06665509259259259,0.4849363425925926,1.0186307870370372,5.0,34.5,95.5,169.70000000000002,1.0,1.5,4.25,6.0,1.0,2.0,2.25,4.0
user_accounts_only,reviewer_band,one,1 identifiable reviewer,2025,102,102,1,102,100.0,0.9803921568627451,100.0,0.9803921568627451,0.00980392156862745,1,1.0784313725490196,1.0,28,False,True,0.012329282407407407,0.01734953703703704,0.052508680555555555,0.3235717592592593,6.0,15.5,45.0,126.80000000000001,1.0,1.5,3.0,6.0,1.0,1.0,1.0,2.0
user_accounts_only,reviewer_band,three_plus,3+ identifiable reviewers,2025,16,16,0,16,100.0,0.0,100.0,0.0,0,,4.875,3.0,11,True,True,0.035208333333333335,0.6392129629629629,5.7081105324074075,10.271666666666667,10.5,44.5,213.0,1154.0,1.75,3.0,9.75,17.5,1.75,2.5,7.75,11.5
user_accounts_only,reviewer_band,two,2 identifiable reviewers,2025,71,71,1,71,100.0,1.408450704225352,100.0,1.408450704225352,0.028169014084507043,2,2.056338028169014,2.0,30,False,True,0.01396412037037037,0.027731481481481482,0.11737268518518519,2.355185185185185,4.0,23.0,65.0,153.0,1.0,2.0,4.0,8.0,1.0,1.0,2.0,4.0
user_accounts_only,reviewer_band,one,1 identifiable reviewer,2026,2,2,0,2,100.0,0.0,100.0,0.0,0,,1,1.0,2,True,True,310.53704282407415,621.0242939814816,931.5115451388891,1117.8038958333334,14.75,26.5,38.25,45.300000000000004,1.5,2.0,2.5,2.8,1.25,1.5,1.75,1.9
user_accounts_only,reviewer_band,three_plus,3+ identifiable reviewers,2026,67,67,2,67,100.0,2.985074626865672,100.0,2.985074626865672,0.029850746268656716,1,4.895522388059701,3.0,38,False,True,0.04410300925925926,0.11435185185185186,1.0786226851851852,4.175018518518518,40.0,87.0,340.5,783.5999999999998,2.0,4.0,9.5,19.799999999999997,2.0,2.0,3.5,7.399999999999999
user_accounts_only,reviewer_band,two,2 identifiable reviewers,2026,110,110,0,110,100.0,0.0,100.0,0.0,0,,2.0272727272727273,2.0,35,False,True,0.018197337962962964,0.0333912037037037,0.07465856481481481,0.24129398148148223,6.5,47.0,199.5,565.6000000000014,1.0,2.0,5.0,9.200000000000017,1.0,1.0,2.0,3.1000000000000085
user_accounts_only,merge_time_band,day_to_week,1 to under 7 days,2017,49,18,6,11,36.734693877551024,12.244897959183673,22.448979591836736,33.333333333333336,0.1836734693877551,1.5,1.2448979591836735,0.0,34,False,True,2.0512384259259258,2.834189814814815,4.380821759259259,5.992,6.0,20.0,87.0,270.2000000000002,1.0,2.0,5.0,9.0,1.0,1.0,2.0,4.200000000000003
user_accounts_only,merge_time_band,hour_to_day,1 hour to under 1 day,2017,70,22,5,13,31.428571428571427,7.142857142857143,18.571428571428573,22.727272727272727,0.08571428571428572,1.2,0.5,0.0,44,False,True,0.09198206018518519,0.24009259259259258,0.5920833333333333,0.7808229166666667,5.25,15.5,61.5,507.4,1.0,1.0,4.0,13.300000000000004,1.0,1.0,2.0,5.100000000000001
user_accounts_only,merge_time_band,month_plus,30+ days,2017,17,7,6,3,41.1764705882353,35.294117647058826,17.647058823529413,85.71428571428571,0.35294117647058826,1,2.176470588235294,0.0,17,True,True,41.88216435185185,51.26216435185185,65.61043981481481,86.54978703703705,14.0,37.0,193.0,412.6,1.0,2.0,5.0,5.4,1.0,1.0,4.0,12.200000000000003
user_accounts_only,merge_time_band,under_hour,Under 1 hour,2017,38,4,0,4,10.526315789473685,0.0,10.526315789473685,0.0,0,,0.10526315789473684,0.0,15,False,True,0.0014583333333333332,0.011620370370370371,0.023891782407407407,0.02794444444444445,8.25,28.0,112.5,275.80000000000086,1.25,3.0,5.0,14.300000000000004,1.0,1.0,2.0,3.3000000000000043
user_accounts_only,merge_time_band,week_to_month,7 to under 30 days,2017,26,14,8,9,53.84615384615385,30.76923076923077,34.61538461538461,57.142857142857146,0.4230769230769231,1.375,2.3846153846153846,1.0,24,True,True,10.065789930555557,15.408078703703705,20.769681712962964,22.450028935185188,11.25,34.5,76.25,287.0,1.0,1.5,3.0,9.5,1.25,2.5,6.75,9.5
user_accounts_only,merge_time_band,day_to_week,1 to under 7 days,2018,61,31,9,22,50.81967213114754,14.754098360655737,36.0655737704918,29.032258064516128,0.18032786885245902,1.2222222222222223,1.180327868852459,1.0,40,False,True,2.0035300925925927,3.3097916666666665,4.735150462962963,5.790034722222222,5.0,30.0,138.0,372.0,1.0,2.0,5.0,11.0,1.0,2.0,4.0,6.0
user_accounts_only,merge_time_band,hour_to_day,1 hour to under 1 day,2018,60,28,3,26,46.666666666666664,5.0,43.333333333333336,10.714285714285714,0.05,1,0.95,0.0,39,False,True,0.18366608796296297,0.4269675925925926,0.7597366898148148,0.9161134259259259,4.0,9.5,63.0,193.3000000000001,1.0,2.0,4.25,12.100000000000001,1.0,1.0,2.25,4.0
user_accounts_only,merge_time_band,month_plus,30+ days,2018,15,7,5,3,46.666666666666664,33.333333333333336,20.0,71.42857142857143,0.4,1.2,1.7333333333333334,0.0,15,True,True,37.37997685185185,60.81615740740741,159.94196180555556,258.4431597222222,21.5,50.0,74.0,105.6,1.0,2.0,3.5,5.199999999999999,1.0,3.0,7.0,13.0
user_accounts_only,merge_time_band,under_hour,Under 1 hour,2018,37,14,0,13,37.83783783783784,0.0,35.13513513513514,0.0,0,,0.5675675675675675,0.0,19,False,True,0.002673611111111111,0.006516203703703704,0.01681712962962963,0.02155324074074074,3.0,10.0,67.0,258.19999999999976,1.0,2.0,4.0,7.799999999999997,1.0,1.0,2.0,5.799999999999997
user_accounts_only,merge_time_band,week_to_month,7 to under 30 days,2018,27,17,6,8,62.96296296296296,22.22222222222222,29.62962962962963,35.294117647058826,0.3333333333333333,1.5,1.6666666666666667,1.0,22,True,True,11.75041087962963,14.639027777777779,17.75185763888889,20.477604166666666,12.5,37.0,107.5,434.2000000000015,1.0,2.0,4.5,11.00000000000001,1.5,3.0,5.0,11.800000000000004
user_accounts_only,merge_time_band,day_to_week,1 to under 7 days,2019,52,31,12,19,59.61538461538461,23.076923076923077,36.53846153846154,38.70967741935484,0.2692307692307692,1.1666666666666667,1.3653846153846154,1.0,34,False,False,1.5760966435185186,2.8721412037037037,4.058865740740741,5.433357638888889,10.75,44.0,146.25,399.1999999999997,1.0,3.0,7.0,8.0,1.0,2.0,5.0,11.0
user_accounts_only,merge_time_band,hour_to_day,1 hour to under 1 day,2019,74,49,6,46,66.21621621621621,8.108108108108109,62.16216216216216,12.244897959183673,0.08108108108108109,1,1.2297297297297298,1.0,37,False,True,0.099609375,0.18840856481481483,0.5894068287037038,0.8706412037037038,6.0,20.0,62.75,150.40000000000003,1.0,2.0,4.0,11.700000000000003,1.0,2.0,3.0,5.700000000000003
user_accounts_only,merge_time_band,month_plus,30+ days,2019,20,8,4,5,40.0,20.0,25.0,50.0,0.35,1.75,2,0.0,18,True,True,46.368550347222225,96.11533564814815,160.00197337962962,203.76395254629634,10.0,19.5,63.5,139.20000000000022,1.0,2.0,4.0,6.0,1.0,2.0,5.25,7.0
user_accounts_only,merge_time_band,under_hour,Under 1 hour,2019,34,16,0,16,47.05882352941177,0.0,47.05882352941177,0.0,0,,0.47058823529411764,0.0,19,False,True,0.00044560185185185187,0.0018923611111111112,0.016793981481481483,0.019734953703703702,3.25,21.0,128.25,703.3,1.0,2.0,5.0,15.099999999999998,1.0,1.0,2.0,4.0
user_accounts_only,merge_time_band,week_to_month,7 to under 30 days,2019,20,11,6,11,55.0,30.0,55.0,54.54545454545455,0.35,1.1666666666666667,1.95,1.0,16,True,True,11.36644675925926,13.437494212962964,21.894444444444446,24.34309837962963,7.5,40.5,72.75,285.9000000000001,1.0,2.0,5.25,6.100000000000001,1.0,2.0,3.25,6.200000000000003
user_accounts_only,merge_time_band,day_to_week,1 to under 7 days,2020,69,46,12,38,66.66666666666667,17.391304347826086,55.072463768115945,26.08695652173913,0.2028985507246377,1.1666666666666667,1.4782608695652173,1.0,46,False,False,1.9369675925925927,2.9694560185185184,4.372280092592592,5.920064814814816,13.0,53.0,144.0,340.20000000000005,1.0,2.0,7.0,10.200000000000003,1.0,2.0,3.0,6.400000000000006
user_accounts_only,merge_time_band,hour_to_day,1 hour to under 1 day,2020,64,37,3,34,57.8125,4.6875,53.125,8.108108108108109,0.046875,1,1.109375,1.0,34,False,True,0.1534693287037037,0.4168923611111111,0.7417853009259259,0.841636574074074,3.75,17.0,115.25,440.6000000000004,1.0,1.0,6.0,12.0,1.0,2.0,2.0,4.700000000000003
user_accounts_only,merge_time_band,month_plus,30+ days,2020,12,7,4,3,58.333333333333336,33.333333333333336,25.0,57.142857142857146,0.3333333333333333,1,2.1666666666666665,1.0,12,True,True,39.879814814814814,55.692384259259256,201.6550289351852,289.722712962963,13.75,30.5,80.25,357.3000000000001,1.0,2.0,4.25,5.9,2.0,3.0,6.0,12.9
user_accounts_only,merge_time_band,under_hour,Under 1 hour,2020,34,19,0,19,55.88235294117647,0.0,55.88235294117647,0.0,0,,0.6470588235294118,1.0,14,False,True,0.0018229166666666667,0.0056076388888888894,0.02546585648148148,0.03553935185185185,2.5,13.0,57.0,604.1999999999998,1.0,2.0,6.0,18.599999999999994,1.0,1.0,3.0,5.699999999999999
user_accounts_only,merge_time_band,week_to_month,7 to under 30 days,2020,17,15,4,13,88.23529411764706,23.529411764705884,76.47058823529412,26.666666666666668,0.29411764705882354,1.25,4.0588235294117645,1.0,16,True,True,9.306226851851852,12.295960648148148,22.700185185185184,25.46634027777778,8.0,30.0,226.0,599.4000000000001,1.0,3.0,6.0,11.4,1.0,2.0,5.0,5.800000000000001
user_accounts_only,merge_time_band,day_to_week,1 to under 7 days,2021,53,35,13,29,66.0377358490566,24.528301886792452,54.716981132075475,37.142857142857146,0.3018867924528302,1.2307692307692308,2.3207547169811322,1.0,35,False,False,2.006388888888889,2.9866550925925925,4.821666666666666,6.131877314814815,9.0,23.0,103.0,387.8,1.0,2.0,4.0,9.800000000000004,1.0,2.0,5.0,9.800000000000004
user_accounts_only,merge_time_band,hour_to_day,1 hour to under 1 day,2021,81,48,7,40,59.25925925925926,8.641975308641975,49.382716049382715,14.583333333333334,0.09876543209876543,1.1428571428571428,1.3209876543209877,1.0,32,False,True,0.09059027777777778,0.21708333333333332,0.6517476851851852,0.8498263888888888,11.0,39.0,232.0,547.0,1.0,3.0,9.0,18.0,1.0,2.0,5.0,10.0
user_accounts_only,merge_time_band,month_plus,30+ days,2021,7,5,3,4,71.42857142857143,42.857142857142854,57.142857142857146,60.0,1,2.3333333333333335,5.571428571428571,1.0,6,True,True,37.46907407407407,69.94508101851852,99.98261574074074,114.88332407407408,60.5,105.0,147.0,161.8,1.0,2.0,9.0,15.400000000000002,1.5,5.0,9.5,13.200000000000003
user_accounts_only,merge_time_band,under_hour,Under 1 hour,2021,41,25,0,25,60.97560975609756,0.0,60.97560975609756,0.0,0,,0.7560975609756098,1.0,20,False,True,0.004363425925925926,0.01136574074074074,0.0253125,0.03148148148148148,4.0,11.0,66.0,167.0,1.0,1.0,4.0,10.0,1.0,1.0,2.0,3.0
user_accounts_only,merge_time_band,week_to_month,7 to under 30 days,2021,17,11,3,9,64.70588235294117,17.647058823529413,52.94117647058823,27.272727272727273,0.35294117647058826,2,4.352941176470588,1.0,16,True,True,12.112743055555555,13.684270833333333,15.622199074074073,20.730715277777776,10.0,26.0,506.0,883.8000000000002,1.0,2.0,9.0,14.0,2.0,2.0,4.0,18.400000000000002
user_accounts_only,merge_time_band,day_to_week,1 to under 7 days,2022,25,23,5,22,92.0,20.0,88.0,21.73913043478261,0.28,1.4,5.6,2.0,16,True,True,1.6459143518518518,2.4207175925925926,3.1133449074074075,5.152113425925926,10.0,45.0,117.0,650.600000000001,1.0,4.0,7.0,13.600000000000001,1.0,2.0,5.0,12.600000000000009
user_accounts_only,merge_time_band,hour_to_day,1 hour to under 1 day,2022,61,53,7,51,86.88524590163935,11.475409836065573,83.60655737704919,13.20754716981132,0.13114754098360656,1.1428571428571428,2.1475409836065573,1.0,29,False,True,0.08728009259259259,0.19957175925925927,0.6476041666666666,0.7749768518518518,8.0,27.0,75.0,170.0,1.0,2.0,4.0,10.0,1.0,1.0,3.0,7.0
user_accounts_only,merge_time_band,month_plus,30+ days,2022,1,1,0,1,100.0,0.0,100.0,0.0,0,,3,2.0,1,True,True,118.06637731481482,118.06637731481482,118.06637731481482,118.06637731481482,192.0,192.0,192.0,192.0,10.0,10.0,10.0,10.0,4.0,4.0,4.0,4.0
user_accounts_only,merge_time_band,under_hour,Under 1 hour,2022,105,103,1,103,98.0952380952381,0.9523809523809523,98.0952380952381,0.970873786407767,0.009523809523809525,1,1.0666666666666667,1.0,23,False,True,0.009594907407407408,0.011122685185185185,0.02140046296296296,0.03262037037037038,3.0,13.0,38.0,82.60000000000001,1.0,1.0,3.0,5.0,1.0,1.0,1.0,2.0
user_accounts_only,merge_time_band,week_to_month,7 to under 30 days,2022,8,8,4,7,100.0,50.0,87.5,50.0,0.75,1.5,5.125,2.0,8,True,True,13.201284722222223,19.95740740740741,22.370222800925923,25.593950231481482,6.5,22.5,141.25,206.2,1.0,1.5,6.0,7.799999999999999,3.75,5.5,9.25,11.799999999999999
user_accounts_only,merge_time_band,day_to_week,1 to under 7 days,2023,26,26,3,26,100.0,11.538461538461538,100.0,11.538461538461538,0.11538461538461539,1,2.4615384615384617,2.0,15,True,True,1.1061863425925926,2.1647511574074074,3.3429050925925927,4.915081018518519,8.25,28.0,87.0,502.5,1.0,2.0,5.0,11.5,1.0,2.0,5.75,11.5
user_accounts_only,merge_time_band,hour_to_day,1 hour to under 1 day,2023,69,69,10,69,100.0,14.492753623188406,100.0,14.492753623188406,0.14492753623188406,1,1.826086956521739,1.0,29,False,False,0.08462962962962962,0.14627314814814815,0.6669328703703704,0.8264282407407408,8.0,24.0,60.0,201.4000000000001,1.0,2.0,4.0,7.200000000000003,1.0,1.0,3.0,3.200000000000003
user_accounts_only,merge_time_band,month_plus,30+ days,2023,2,2,0,2,100.0,0.0,100.0,0.0,0,,3.5,2.5,2,True,True,97.95918981481482,109.02106481481482,120.08293981481482,126.72006481481483,20.5,38.0,55.5,66.0,3.0,5.0,7.0,8.2,7.0,9.0,11.0,12.2
user_accounts_only,merge_time_band,under_hour,Under 1 hour,2023,97,97,0,97,100.0,0.0,100.0,0.0,0,,1.1443298969072164,1.0,27,False,True,0.010358796296296297,0.011423611111111112,0.016666666666666666,0.029004629629629634,4.0,8.0,28.0,82.2000000000001,1.0,1.0,2.0,3.4000000000000057,1.0,1.0,1.0,1.4000000000000057
user_accounts_only,merge_time_band,week_to_month,7 to under 30 days,2023,6,6,0,6,100.0,0.0,100.0,0.0,0,,1.6666666666666667,1.0,6,True,True,8.659140625,11.664907407407407,24.25868634259259,28.14300925925926,67.25,96.5,199.25,395.5,2.25,5.0,9.25,12.5,2.5,4.0,9.25,11.5
user_accounts_only,merge_time_band,day_to_week,1 to under 7 days,2024,14,14,2,14,100.0,14.285714285714286,100.0,14.285714285714286,0.14285714285714285,1,2.5714285714285716,2.0,10,True,True,2.031851851851852,2.925659722222222,3.7566493055555554,4.585916666666668,16.25,48.5,114.75,288.0000000000001,1.25,3.0,7.5,18.400000000000013,2.0,3.5,5.75,8.700000000000001
user_accounts_only,merge_time_band,hour_to_day,1 hour to under 1 day,2024,49,49,1,49,100.0,2.0408163265306123,100.0,2.0408163265306123,0.02040816326530612,1,1.469387755102041,1.0,22,False,True,0.060717592592592594,0.11733796296296296,0.26709490740740743,0.695800925925926,8.0,36.0,106.0,190.0,1.0,3.0,5.0,8.0,1.0,1.0,2.0,3.0
user_accounts_only,merge_time_band,month_plus,30+ days,2024,2,2,0,2,100.0,0.0,100.0,0.0,0,,4,3.5,2,True,True,261.80302662037036,293.59350694444447,325.3839872685185,344.45827546296294,5.5,7.0,8.5,9.4,1.25,1.5,1.75,1.9,2.0,2.0,2.0,2.0
user_accounts_only,merge_time_band,under_hour,Under 1 hour,2024,130,130,0,130,100.0,0.0,100.0,0.0,0,,1.1307692307692307,1.0,28,False,True,0.010787037037037038,0.012349537037037037,0.016707175925925927,0.024936342592592593,6.0,24.5,58.75,139.40000000000003,1.0,2.0,3.0,5.0,1.0,1.0,1.0,2.0
user_accounts_only,merge_time_band,week_to_month,7 to under 30 days,2024,3,3,0,3,100.0,0.0,100.0,0.0,0,,4,3.0,3,True,True,13.323981481481482,18.656076388888888,22.326516203703704,24.52878009259259,394.5,787.0,1194.0,1438.2,18.0,35.0,41.0,44.6,1.5,2.0,8.0,11.600000000000001
user_accounts_only,merge_time_band,day_to_week,1 to under 7 days,2025,17,17,2,17,100.0,11.764705882352942,100.0,11.764705882352942,0.17647058823529413,1.5,3.411764705882353,2.0,14,True,True,1.6406828703703704,2.9331828703703704,4.150358796296296,5.301016203703704,23.0,80.0,387.0,1390.4,1.0,5.0,10.0,25.6,2.0,4.0,12.0,24.800000000000004
user_accounts_only,merge_time_band,hour_to_day,1 hour to under 1 day,2025,48,48,0,48,100.0,0.0,100.0,0.0,0,,1.6666666666666667,1.0,24,False,True,0.05980324074074074,0.11693865740740741,0.31667245370370367,0.53246875,6.75,23.5,66.25,128.50000000000003,1.0,2.0,5.0,7.0,1.0,1.0,2.0,3.0
user_accounts_only,merge_time_band,month_plus,30+ days,2025,2,2,0,2,100.0,0.0,100.0,0.0,0,,2,2.0,2,True,True,126.43951388888888,194.2275810185185,262.01564814814816,302.6884884259259,88.0,90.0,92.0,93.2,2.75,3.5,4.25,4.7,4.75,5.5,6.25,6.7
user_accounts_only,merge_time_band,under_hour,Under 1 hour,2025,118,118,0,118,100.0,0.0,100.0,0.0,0,,1.4661016949152543,1.0,27,False,True,0.011640625,0.014490740740740742,0.022158564814814815,0.027825231481481482,5.25,13.5,45.0,120.09999999999998,1.0,1.0,3.0,5.299999999999997,1.0,1.0,1.0,2.0
user_accounts_only,merge_time_band,week_to_month,7 to under 30 days,2025,4,4,0,4,100.0,0.0,100.0,0.0,0,,4.75,3.5,3,True,True,8.968961226851851,10.271666666666667,13.306119791666667,16.924364583333336,8.75,96.0,446.25,923.7000000000002,1.75,8.5,15.25,15.7,2.5,6.5,10.25,10.7
user_accounts_only,merge_time_band,day_to_week,1 to under 7 days,2026,20,20,1,20,100.0,5.0,100.0,5.0,0.05,1,5.95,3.0,16,True,True,1.6103530092592593,2.864699074074074,3.8935561342592595,5.03492013888889,96.75,423.0,850.5,909.2,1.75,5.0,18.5,32.1,3.0,5.0,8.5,16.60000000000001
user_accounts_only,merge_time_band,hour_to_day,1 hour to under 1 day,2026,78,78,0,78,100.0,0.0,100.0,0.0,0,,3.0128205128205128,2.0,32,False,True,0.05359664351851852,0.07984374999999999,0.15363425925925928,0.5683865740740741,29.75,81.0,262.25,477.4,2.0,4.0,7.0,13.599999999999994,1.0,2.0,3.0,5.0
user_accounts_only,merge_time_band,month_plus,30+ days,2026,2,2,0,2,100.0,0.0,100.0,0.0,0,,4.5,2.5,2,True,True,337.893978587963,639.2622511574075,940.6305237268518,1121.4514872685186,14.75,26.5,38.25,45.300000000000004,2.75,4.5,6.25,7.3,1.25,1.5,1.75,1.9
user_accounts_only,merge_time_band,under_hour,Under 1 hour,2026,75,75,0,75,100.0,0.0,100.0,0.0,0,,2.2933333333333334,2.0,29,False,True,0.014774305555555556,0.020150462962962964,0.02914351851851852,0.03428472222222223,6.0,22.0,123.0,476.8000000000002,1.0,2.0,4.5,7.0,1.0,1.0,2.0,2.6000000000000085
user_accounts_only,merge_time_band,week_to_month,7 to under 30 days,2026,4,4,1,4,100.0,25.0,100.0,25.0,0.25,1,4.5,4.0,4,True,True,10.933622685185185,12.428634259259258,16.36007233796296,22.574056712962964,12.5,30.5,67.75,105.10000000000002,1.0,1.5,3.0,4.800000000000001,2.0,3.0,5.25,7.500000000000001
user_accounts_only,file_band,one,1 file,2017,91,23,5,17,25.274725274725274,5.4945054945054945,18.681318681318682,21.73913043478261,0.08791208791208792,1.6,0.7252747252747253,0.0,65,False,True,0.15772569444444445,0.7769444444444444,5.837737268518518,23.41230324074074,2.0,6.0,14.0,36.0,1.0,1.0,1.0,1.0,1.0,1.0,1.0,2.0
user_accounts_only,file_band,six_plus,6+ files,2017,41,19,9,9,46.34146341463415,21.951219512195124,21.951219512195124,47.36842105263158,0.2926829268292683,1.3333333333333333,1.3658536585365855,0.0,17,False,True,0.04365740740740741,0.470474537037037,2.758414351851852,10.757534722222223,124.0,302.0,742.0,1360.0,7.0,13.0,18.0,39.0,2.0,4.0,10.0,18.0
user_accounts_only,file_band,two_to_five,2–5 files,2017,68,23,11,14,33.8235294117647,16.176470588235293,20.58823529411765,47.82608695652174,0.17647058823529413,1.0909090909090908,1.1323529411764706,0.0,41,False,False,0.02811921296296296,0.9133506944444445,7.041906828703704,34.87085995370372,17.0,33.5,78.25,187.40000000000003,2.0,3.0,4.0,5.0,1.0,2.0,3.0,5.300000000000004
user_accounts_only,file_band,one,1 file,2018,86,44,11,34,51.16279069767442,12.790697674418604,39.53488372093023,25.0,0.1511627906976744,1.1818181818181819,1.069767441860465,1.0,66,False,False,0.07848958333333333,0.9533680555555555,4.731417824074074,14.39623263888889,2.0,4.5,13.75,34.0,1.0,1.0,1.0,1.0,1.0,1.0,2.0,4.0
user_accounts_only,file_band,six_plus,6+ files,2018,41,15,2,8,36.58536585365854,4.878048780487805,19.51219512195122,13.333333333333334,0.07317073170731707,1.5,1.048780487804878,0.0,18,False,True,0.22703703703703704,1.7037037037037037,5.905104166666667,14.283148148148149,118.0,250.0,804.0,1836.0,9.0,10.0,20.0,55.0,2.0,5.0,8.0,17.0
user_accounts_only,file_band,two_to_five,2–5 files,2018,73,38,10,30,52.054794520547944,13.698630136986301,41.0958904109589,26.31578947368421,0.1780821917808219,1.3,1.178082191780822,1.0,41,False,False,0.15106481481481482,1.2687152777777777,5.974189814814815,29.280817129629597,12.0,34.0,71.0,137.6,2.0,2.0,3.0,4.0,1.0,2.0,3.0,5.799999999999997
user_accounts_only,file_band,one,1 file,2019,78,46,7,44,58.97435897435897,8.974358974358974,56.41025641025641,15.217391304347826,0.08974358974358974,1,0.8589743589743589,1.0,55,False,True,0.09202256944444444,0.46346643518518515,3.6403125000000003,66.50207754629622,2.0,6.0,11.0,36.09999999999998,1.0,1.0,1.0,1.0,1.0,1.0,2.0,3.0
user_accounts_only,file_band,six_plus,6+ files,2019,44,22,7,15,50.0,15.909090909090908,34.09090909090909,31.818181818181817,0.18181818181818182,1.1428571428571428,1.1818181818181819,0.5,24,False,True,0.09063078703703703,1.3038831018518517,4.607430555555555,11.897146990740742,95.25,197.5,593.0,1014.1000000000001,7.0,8.0,15.0,20.400000000000006,2.0,4.0,8.5,13.0
user_accounts_only,file_band,two_to_five,2–5 files,2019,78,47,14,38,60.256410256410255,17.94871794871795,48.717948717948715,29.78723404255319,0.24358974358974358,1.3571428571428572,1.7692307692307692,1.0,41,False,False,0.09899884259259259,0.8449247685185186,5.653203125,24.568436342592577,18.25,31.0,77.75,169.89999999999986,2.0,3.0,4.0,5.0,1.0,2.0,4.0,6.299999999999997
user_accounts_only,file_band,one,1 file,2020,82,53,6,50,64.63414634146342,7.317073170731708,60.97560975609756,11.320754716981131,0.07317073170731707,1,1,1.0,51,False,True,0.15210358796296297,0.7787847222222222,2.8681915509259257,11.5531226851852,2.0,4.0,13.0,34.80000000000001,1.0,1.0,1.0,1.0,1.0,1.0,2.0,3.0
user_accounts_only,file_band,six_plus,6+ files,2020,52,30,8,23,57.69230769230769,15.384615384615385,44.23076923076923,26.666666666666668,0.15384615384615385,1,2.0576923076923075,1.0,25,False,True,0.08024884259259259,0.8775636574074074,3.5132060185185185,10.168155092592588,127.5,239.0,728.25,1646.4999999999995,7.0,11.0,17.25,29.9,2.0,3.0,9.0,30.69999999999998
user_accounts_only,file_band,two_to_five,2–5 files,2020,61,40,9,33,65.57377049180327,14.754098360655737,54.09836065573771,22.5,0.19672131147540983,1.3333333333333333,1.639344262295082,1.0,36,False,True,0.4550578703703704,2.9451388888888888,5.589803240740741,22.700185185185184,20.0,46.0,96.0,238.0,2.0,3.0,4.0,5.0,1.0,2.0,3.0,5.0
user_accounts_only,file_band,zero,0 files,2020,1,1,0,1,100.0,0.0,100.0,0.0,0,,1,1.0,1,True,True,0.005185185185185185,0.005185185185185185,0.005185185185185185,0.005185185185185185,0.0,0.0,0.0,0.0,0.0,0.0,0.0,0.0,1.0,1.0,1.0,1.0
user_accounts_only,file_band,one,1 file,2021,82,54,4,49,65.85365853658537,4.878048780487805,59.75609756097561,7.407407407407407,0.06097560975609756,1.25,1.0731707317073171,1.0,46,False,True,0.04546585648148148,0.3103703703703704,3.7072974537037036,13.382459490740745,3.0,8.0,18.0,36.80000000000001,1.0,1.0,1.0,1.0,1.0,1.0,2.0,3.0
user_accounts_only,file_band,six_plus,6+ files,2021,53,28,13,21,52.83018867924528,24.528301886792452,39.62264150943396,46.42857142857143,0.37735849056603776,1.5384615384615385,3.660377358490566,1.0,17,False,False,0.09059027777777778,0.8164699074074074,3.1886689814814817,12.051,176.0,319.0,553.0,1169.8000000000006,9.0,12.0,18.0,26.200000000000017,3.0,6.0,11.0,16.0
user_accounts_only,file_band,two_to_five,2–5 files,2021,63,41,9,36,65.07936507936508,14.285714285714286,57.142857142857146,21.951219512195124,0.19047619047619047,1.3333333333333333,1.4444444444444444,1.0,34,False,True,0.08072916666666666,0.7342013888888889,2.81912037037037,6.438377314814816,16.0,38.0,69.5,260.2000000000003,2.0,3.0,4.0,4.0,1.0,2.0,3.0,5.800000000000004
user_accounts_only,file_band,zero,0 files,2021,1,1,0,1,100.0,0.0,100.0,0.0,0,,1,1.0,1,True,True,0.00900462962962963,0.00900462962962963,0.00900462962962963,0.00900462962962963,0.0,0.0,0.0,0.0,0.0,0.0,0.0,0.0,1.0,1.0,1.0,1.0
user_accounts_only,file_band,one,1 file,2022,99,94,1,93,94.94949494949495,1.0101010101010102,93.93939393939394,1.0638297872340425,0.010101010101010102,1,1.2525252525252526,1.0,33,False,True,0.010295138888888888,0.02851851851851852,0.1731886574074074,2.1037824074074085,2.0,4.0,10.5,21.0,1.0,1.0,1.0,1.0,1.0,1.0,1.0,2.0
user_accounts_only,file_band,six_plus,6+ files,2022,36,32,9,31,88.88888888888889,25.0,86.11111111111111,28.125,0.3333333333333333,1.3333333333333333,5.055555555555555,1.0,19,False,True,0.05960358796296296,0.6689525462962963,2.2703616898148145,8.48626736111111,74.5,146.0,299.0,893.0,7.0,10.0,13.25,18.0,2.0,3.0,6.5,14.0
user_accounts_only,file_band,two_to_five,2–5 files,2022,65,62,7,60,95.38461538461539,10.76923076923077,92.3076923076923,11.290322580645162,0.13846153846153847,1.2857142857142858,1.8615384615384616,1.0,26,False,True,0.011122685185185185,0.028645833333333332,0.2612847222222222,1.1190833333333337,21.0,40.0,63.0,107.40000000000003,2.0,3.0,4.0,4.600000000000001,1.0,1.0,2.0,4.600000000000001
user_accounts_only,file_band,one,1 file,2023,93,93,3,93,100.0,3.225806451612903,100.0,3.225806451612903,0.03225806451612903,1,1.3978494623655915,1.0,35,False,True,0.01056712962962963,0.017291666666666667,0.10958333333333334,0.9731226851851847,2.0,5.0,13.0,30.39999999999999,1.0,1.0,1.0,1.0,1.0,1.0,1.0,2.0
user_accounts_only,file_band,six_plus,6+ files,2023,25,25,1,25,100.0,4.0,100.0,4.0,0.04,1,2.12,1.0,13,True,True,0.09034722222222222,0.6669328703703704,2.2168402777777776,11.881784722222225,90.0,216.0,309.0,536.2,8.0,10.0,13.0,21.400000000000013,2.0,4.0,11.0,16.60000000000001
user_accounts_only,file_band,two_to_five,2–5 files,2023,82,82,9,82,100.0,10.975609756097562,100.0,10.975609756097562,0.10975609756097561,1,1.646341463414634,1.0,30,False,True,0.01265335648148148,0.0709664351851852,0.7672222222222222,1.2106250000000007,10.0,27.0,59.75,138.40000000000003,2.0,3.0,3.0,5.0,1.0,1.0,2.0,4.0
user_accounts_only,file_band,one,1 file,2024,81,81,0,81,100.0,0.0,100.0,0.0,0,,1.3703703703703705,1.0,31,False,True,0.010810185185185185,0.015393518518518518,0.06072916666666667,0.6552430555555555,4.0,8.0,24.0,45.0,1.0,1.0,1.0,1.0,1.0,1.0,1.0,2.0
user_accounts_only,file_band,six_plus,6+ files,2024,26,26,1,26,100.0,3.8461538461538463,100.0,3.8461538461538463,0.038461538461538464,1,1.7692307692307692,1.0,18,True,True,0.01503761574074074,0.09755787037037036,1.6466637731481482,4.316539351851852,64.25,140.0,303.25,825.5,7.25,9.0,13.75,23.5,1.0,2.0,4.0,7.5
user_accounts_only,file_band,two_to_five,2–5 files,2024,91,91,2,91,100.0,2.197802197802198,100.0,2.197802197802198,0.02197802197802198,1,1.2967032967032968,1.0,26,False,True,0.011863425925925927,0.016655092592592593,0.05148726851851852,0.47230324074074076,14.0,41.0,103.0,190.0,2.0,3.0,4.0,5.0,1.0,1.0,2.0,3.0
user_accounts_only,file_band,one,1 file,2025,89,89,0,89,100.0,0.0,100.0,0.0,0,,1.4719101123595506,1.0,30,False,True,0.012962962962962963,0.018865740740740742,0.08277777777777778,0.5160138888888889,3.0,7.0,18.0,36.400000000000006,1.0,1.0,1.0,1.0,1.0,1.0,1.0,2.0
user_accounts_only,file_band,six_plus,6+ files,2025,30,30,1,30,100.0,3.3333333333333335,100.0,3.3333333333333335,0.03333333333333333,1,2.7,2.0,14,False,True,0.021241319444444445,0.06195023148148148,1.0306741898148148,3.503305555555556,79.5,167.5,423.0,1229.4,7.0,9.5,15.75,31.400000000000006,1.0,3.0,7.75,16.60000000000001
user_accounts_only,file_band,two_to_five,2–5 files,2025,70,70,1,70,100.0,1.4285714285714286,100.0,1.4285714285714286,0.02857142857142857,2,1.7428571428571429,1.0,32,False,True,0.013984375,0.02699074074074074,0.11741030092592593,1.8916504629629665,11.0,27.5,61.75,112.60000000000002,2.0,2.0,4.0,5.0,1.0,1.0,2.0,3.1000000000000014
user_accounts_only,file_band,one,1 file,2026,52,52,1,52,100.0,1.9230769230769231,100.0,1.9230769230769231,0.019230769230769232,1,2.519230769230769,2.0,30,False,True,0.016903935185185185,0.030185185185185183,0.0741869212962963,4.866696759259258,3.0,6.0,14.75,32.49999999999999,1.0,1.0,1.0,1.0,1.0,1.0,2.0,3.0
user_accounts_only,file_band,six_plus,6+ files,2026,53,53,1,53,100.0,1.8867924528301887,100.0,1.8867924528301887,0.018867924528301886,1,4.037735849056604,3.0,26,False,True,0.03259259259259259,0.1112962962962963,0.7905555555555556,3.017956018518519,189.0,414.0,749.0,1575.0000000000002,7.0,11.0,16.0,30.60000000000001,2.0,2.0,5.0,14.0
user_accounts_only,file_band,two_to_five,2–5 files,2026,74,74,0,74,100.0,0.0,100.0,0.0,0,,2.810810810810811,2.0,34,False,True,0.028182870370370372,0.04480324074074074,0.09961516203703703,0.9151944444444445,29.0,69.5,135.75,307.80000000000007,2.0,3.0,4.0,5.0,1.0,2.0,3.0,4.400000000000006
user_accounts_only,commit_band,one,1 commit,2017,109,22,1,16,20.18348623853211,0.9174311926605505,14.678899082568808,4.545454545454546,0.009174311926605505,1,0.5229357798165137,0.0,63,False,True,0.04365740740740741,0.5981481481481481,2.958645833333333,22.526113425925946,4.0,9.0,33.0,115.40000000000003,1.0,1.0,2.0,5.0,1.0,1.0,1.0,1.0
user_accounts_only,commit_band,six_plus,6+ commits,2017,24,16,9,10,66.66666666666667,37.5,41.666666666666664,56.25,0.4166666666666667,1.1111111111111112,2.2916666666666665,1.0,18,True,True,0.07864872685185186,6.514380787037037,16.82191550925926,28.319222222222216,76.25,303.5,783.25,1766.8999999999999,3.75,9.5,15.75,31.7,7.0,9.5,16.25,33.69999999999999
user_accounts_only,commit_band,two_to_five,2–5 commits,2017,67,27,15,14,40.298507462686565,22.388059701492537,20.895522388059703,55.55555555555556,0.31343283582089554,1.4,1.2985074626865671,0.0,38,False,False,0.11571180555555555,0.8625694444444445,5.889212962962963,18.0089375,15.0,39.0,127.0,367.3999999999999,1.0,2.0,5.0,13.399999999999999,2.0,2.0,3.0,4.0
user_accounts_only,commit_band,one,1 commit,2018,98,42,2,36,42.857142857142854,2.0408163265306123,36.734693877551024,4.761904761904762,0.02040816326530612,1,0.5816326530612245,0.0,61,False,True,0.04833912037037037,0.5694328703703704,2.5741811342592595,12.19478356481481,2.0,6.0,24.5,65.59999999999997,1.0,1.0,2.0,4.299999999999997,1.0,1.0,1.0,1.0
user_accounts_only,commit_band,six_plus,6+ commits,2018,30,13,7,10,43.333333333333336,23.333333333333332,33.333333333333336,53.84615384615385,0.36666666666666664,1.5714285714285714,2.566666666666667,0.0,18,False,True,0.6188773148148148,3.738721064814815,13.704774305555556,37.038550925926,119.0,262.5,833.5,1939.8000000000015,4.0,9.0,14.0,31.300000000000004,6.25,9.0,13.0,37.2
user_accounts_only,commit_band,two_to_five,2–5 commits,2018,72,42,14,26,58.333333333333336,19.444444444444443,36.111111111111114,33.333333333333336,0.2222222222222222,1.1428571428571428,1.2083333333333333,1.0,43,False,False,0.5826736111111112,3.0412731481481483,7.457042824074074,18.745082175925926,11.75,34.5,71.25,194.7,1.0,2.0,4.0,9.0,2.0,3.0,4.0,4.0
user_accounts_only,commit_band,one,1 commit,2019,89,50,2,49,56.17977528089887,2.247191011235955,55.056179775280896,4.0,0.033707865168539325,1.5,0.7078651685393258,1.0,49,False,True,0.04752314814814815,0.3095717592592593,2.4436805555555554,26.76085185185187,4.0,10.0,22.0,70.0,1.0,1.0,3.0,5.0,1.0,1.0,1.0,1.0
user_accounts_only,commit_band,six_plus,6+ commits,2019,30,19,8,9,63.333333333333336,26.666666666666668,30.0,42.10526315789474,0.4,1.5,2.7333333333333334,1.0,22,False,True,0.4415914351851852,2.799074074074074,9.152951388888889,85.71692476851858,44.5,116.5,419.25,975.7,3.0,5.0,12.75,19.300000000000004,7.0,8.0,12.0,16.300000000000004
user_accounts_only,commit_band,two_to_five,2–5 commits,2019,81,46,18,39,56.79012345679013,22.22222222222222,48.148148148148145,39.130434782608695,0.2345679012345679,1.0555555555555556,1.382716049382716,1.0,46,False,False,0.14126157407407408,0.9490740740740741,5.225034722222222,22.286527777777778,15.0,41.0,142.0,554.0,2.0,2.0,6.0,8.0,2.0,2.0,4.0,5.0
user_accounts_only,commit_band,one,1 commit,2020,75,51,3,46,68.0,4.0,61.333333333333336,5.882352941176471,0.04,1,0.9733333333333334,1.0,40,False,True,0.03740162037037037,0.48789351851851853,1.8887905092592594,4.707516203703706,2.0,6.0,36.0,93.20000000000002,1.0,1.0,2.0,7.0,1.0,1.0,1.0,1.0
user_accounts_only,commit_band,six_plus,6+ commits,2020,23,12,6,8,52.17391304347826,26.08695652173913,34.78260869565217,50.0,0.2608695652173913,1,2.3043478260869565,1.0,13,True,True,0.3405266203703704,1.897013888888889,6.644710648148148,32.15612037037038,274.0,671.0,1540.5,2166.8,6.0,12.0,24.5,43.8,9.0,13.0,25.5,40.6
user_accounts_only,commit_band,two_to_five,2–5 commits,2020,98,61,14,53,62.244897959183675,14.285714285714286,54.08163265306123,22.950819672131146,0.17346938775510204,1.2142857142857142,1.6734693877551021,1.0,58,False,False,0.4594965277777778,2.635543981481481,5.095219907407407,25.300273148148143,12.25,44.0,119.5,269.9,1.0,2.0,5.0,10.299999999999997,2.0,2.0,3.0,4.299999999999997
user_accounts_only,commit_band,one,1 commit,2021,90,59,2,56,65.55555555555556,2.2222222222222223,62.22222222222222,3.389830508474576,0.022222222222222223,1,0.8111111111111111,1.0,43,False,True,0.024244791666666664,0.11861111111111111,1.7019184027777778,5.302973379629634,3.0,8.0,36.5,147.2000000000002,1.0,1.0,2.0,6.0,1.0,1.0,1.0,1.0
user_accounts_only,commit_band,six_plus,6+ commits,2021,40,26,16,19,65.0,40.0,47.5,61.53846153846154,0.625,1.5625,5.125,1.0,15,False,False,0.17977719907407408,0.8892824074074074,4.919045138888889,19.08902777777778,133.0,348.0,499.75,915.2000000000003,4.75,10.0,14.0,20.0,7.75,9.5,12.25,22.0
user_accounts_only,commit_band,two_to_five,2–5 commits,2021,69,39,8,32,56.52173913043478,11.594202898550725,46.3768115942029,20.512820512820515,0.14492753623188406,1.25,1.391304347826087,1.0,40,False,True,0.12790509259259258,0.8657407407407407,3.755335648148148,11.973370370370374,16.0,32.0,130.0,397.60000000000025,1.0,2.0,4.0,13.0,2.0,2.0,4.0,4.200000000000003
user_accounts_only,commit_band,one,1 commit,2022,135,129,1,128,95.55555555555556,0.7407407407407407,94.81481481481481,0.7751937984496124,0.007407407407407408,1,1.0518518518518518,1.0,33,False,True,0.010271990740740741,0.020613425925925927,0.06886574074074074,0.4376828703703707,2.0,12.0,30.5,66.60000000000001,1.0,1.0,2.5,4.0,1.0,1.0,1.0,1.0
user_accounts_only,commit_band,six_plus,6+ commits,2022,18,17,10,14,94.44444444444444,55.55555555555556,77.77777777777777,58.8235294117647,0.7777777777777778,1.4,10,2.0,12,True,False,0.45155960648148147,1.01390625,4.300607638888889,22.155918981481484,86.25,169.5,529.75,872.2,4.25,6.0,10.75,14.600000000000001,8.25,10.0,14.5,16.0
user_accounts_only,commit_band,two_to_five,2–5 commits,2022,47,42,6,42,89.36170212765957,12.76595744680851,89.36170212765957,14.285714285714286,0.14893617021276595,1.1666666666666667,2.234042553191489,1.0,27,False,True,0.035896990740740736,0.6476041666666666,1.8352314814814816,6.920192129629626,11.5,45.0,92.5,194.39999999999998,1.0,3.0,7.0,11.799999999999997,2.0,2.0,3.0,4.0
user_accounts_only,commit_band,one,1 commit,2023,133,133,1,133,100.0,0.7518796992481203,100.0,0.7518796992481203,0.007518796992481203,1,1.1654135338345866,1.0,37,False,True,0.01056712962962963,0.016666666666666666,0.08978009259259259,0.6989166666666666,4.0,8.0,28.0,73.99999999999999,1.0,1.0,2.0,3.0,1.0,1.0,1.0,1.0
user_accounts_only,commit_band,six_plus,6+ commits,2023,14,14,3,14,100.0,21.428571428571427,100.0,21.428571428571427,0.21428571428571427,1,3.142857142857143,1.5,9,True,True,0.9971469907407408,2.496047453703704,5.325535300925926,12.09866203703704,90.5,293.0,544.75,1238.1000000000008,7.5,11.0,14.5,22.30000000000001,9.25,11.5,13.0,24.60000000000001
user_accounts_only,commit_band,two_to_five,2–5 commits,2023,53,53,9,53,100.0,16.9811320754717,100.0,16.9811320754717,0.16981132075471697,1,2.2452830188679247,1.0,26,False,True,0.07429398148148147,0.4490972222222222,1.0183217592592593,4.627356481481488,10.0,28.0,60.0,150.20000000000002,1.0,3.0,4.0,7.800000000000004,2.0,3.0,3.0,4.0
user_accounts_only,commit_band,one,1 commit,2024,138,138,0,138,100.0,0.0,100.0,0.0,0,,1.1376811594202898,1.0,29,False,True,0.011006944444444444,0.013414351851851851,0.030133101851851852,0.14501851851851852,5.25,18.0,48.0,113.39999999999998,1.0,2.0,3.0,4.0,1.0,1.0,1.0,1.0
user_accounts_only,commit_band,six_plus,6+ commits,2024,7,7,1,7,100.0,14.285714285714286,100.0,14.285714285714286,0.14285714285714285,1,3.142857142857143,2.0,6,True,True,1.7611747685185186,2.971273148148148,4.297326388888889,13.320157407407414,21.0,36.0,280.5,593.2,1.5,5.0,14.0,26.600000000000005,8.5,9.0,10.5,12.200000000000001
user_accounts_only,commit_band,two_to_five,2–5 commits,2024,53,53,2,53,100.0,3.7735849056603774,100.0,3.7735849056603774,0.03773584905660377,1,1.8113207547169812,1.0,23,False,True,0.016724537037037038,0.07731481481481481,0.7082638888888889,3.589583333333337,28.0,66.0,158.0,225.0,2.0,4.0,6.0,12.400000000000013,2.0,2.0,3.0,4.0
user_accounts_only,commit_band,one,1 commit,2025,134,134,0,134,100.0,0.0,100.0,0.0,0,,1.4104477611940298,1.0,31,False,True,0.01247974537037037,0.01721064814814815,0.04243923611111111,0.30451851851851863,4.0,10.5,34.5,79.20000000000002,1.0,1.0,2.0,5.0,1.0,1.0,1.0,1.0
user_accounts_only,commit_band,six_plus,6+ commits,2025,12,12,0,12,100.0,0.0,100.0,0.0,0,,4.166666666666667,2.0,8,True,True,1.2858275462962963,2.6441840277777775,7.26627025462963,10.979765046296297,224.5,654.0,1231.5,1594.8000000000002,6.5,15.5,24.25,34.6,9.5,11.5,17.5,28.300000000000004
user_accounts_only,commit_band,two_to_five,2–5 commits,2025,43,43,2,43,100.0,4.651162790697675,100.0,4.651162790697675,0.06976744186046512,1.5,2.2093023255813953,2.0,26,False,True,0.024762731481481483,0.05506944444444444,0.7222800925925926,4.016250000000003,18.5,45.0,82.5,178.0000000000001,1.5,3.0,5.0,8.0,2.0,2.0,3.0,4.0
user_accounts_only,commit_band,one,1 commit,2026,69,69,0,69,100.0,0.0,100.0,0.0,0,,2.101449275362319,2.0,32,False,True,0.014780092592592593,0.023368055555555555,0.05228009259259259,0.09648611111111113,4.0,13.0,58.0,203.20000000000022,1.0,1.0,3.0,6.200000000000003,1.0,1.0,1.0,1.0
user_accounts_only,commit_band,six_plus,6+ commits,2026,19,19,1,19,100.0,5.2631578947368425,100.0,5.2631578947368425,0.05263157894736842,1,4.894736842105263,3.0,12,True,True,0.16153935185185186,1.1511805555555557,2.9903761574074075,4.7057662037037025,121.5,633.0,883.5,1342.7999999999995,4.5,12.0,15.5,31.2,7.5,10.0,15.0,22.599999999999998
user_accounts_only,commit_band,two_to_five,2–5 commits,2026,91,91,1,91,100.0,1.098901098901099,100.0,1.098901098901099,0.01098901098901099,1,3.4615384615384617,3.0,37,False,True,0.03293402777777778,0.07135416666666666,0.20762731481481483,2.784988425925926,45.0,98.0,307.0,493.0,2.0,4.0,7.0,15.0,2.0,2.0,3.0,3.0
complete_years_only,size_band,large,"201–1,000 changed lines",2017,27,13,8,6,48.148148148148145,29.62962962962963,22.22222222222222,61.53846153846154,0.3333333333333333,1.125,2.4074074074074074,0.0,15,True,True,0.048125,0.7435185185185185,5.614120370370371,36.0432615740741,261.5,401.0,509.0,759.6,5.0,9.0,14.0,16.800000000000004,2.0,5.0,9.5,14.200000000000006
complete_years_only,size_band,medium,51–200 changed lines,2017,39,16,9,7,41.02564102564103,23.076923076923077,17.94871794871795,56.25,0.3076923076923077,1.3333333333333333,1.2307692307692308,0.0,22,False,True,0.026782407407407408,1.1408796296296295,4.828408564814815,29.613541666666695,65.5,81.0,124.5,157.80000000000007,2.0,4.0,7.0,13.600000000000009,1.0,2.0,3.0,4.200000000000003
complete_years_only,size_band,small,11–50 changed lines,2017,54,17,6,14,31.48148148148148,11.11111111111111,25.925925925925927,35.294117647058826,0.14814814814814814,1.3333333333333333,0.9074074074074074,0.0,35,False,True,0.15758391203703703,0.9721527777777779,9.070752314814815,22.834938657407413,15.25,24.0,31.0,36.7,1.0,2.0,3.0,4.700000000000003,1.0,2.0,2.0,4.400000000000006
complete_years_only,size_band,xl,"1,001+ changed lines",2017,8,3,0,2,37.5,0.0,25.0,0.0,0,,1.25,0.0,7,True,True,0.16480613425925925,0.9513368055555556,7.7389930555555555,16.822374999999997,1308.0,1511.5,2253.25,3971.2,24.75,31.5,45.0,142.19999999999996,1.75,16.0,43.75,58.0
complete_years_only,size_band,xs,1–10 changed lines,2017,72,16,2,11,22.22222222222222,2.7777777777777777,15.277777777777779,12.5,0.041666666666666664,1.5,0.375,0.0,56,False,True,0.08127893518518518,0.572511574074074,3.3013425925925928,16.713263888888886,2.0,4.0,8.0,9.0,1.0,1.0,1.0,1.8999999999999986,1.0,1.0,1.0,2.0
complete_years_only,size_band,large,"201–1,000 changed lines",2018,18,9,2,5,50.0,11.11111111111111,27.77777777777778,22.22222222222222,0.16666666666666666,1.5,1.2222222222222223,0.5,9,True,True,0.2416898148148148,2.3696064814814815,4.8334346064814815,5.195770833333334,260.5,397.5,651.75,819.6,8.25,9.5,13.0,14.3,4.0,6.0,7.75,9.0
complete_years_only,size_band,medium,51–200 changed lines,2018,45,27,8,19,60.0,17.77777777777778,42.22222222222222,29.62962962962963,0.2222222222222222,1.25,1.8666666666666667,1.0,30,False,True,0.16549768518518518,2.063414351851852,13.81394675925926,49.08017592592597,63.0,85.0,138.0,169.8,2.0,3.0,6.0,9.0,1.0,3.0,4.0,9.600000000000001
complete_years_only,size_band,small,11–50 changed lines,2018,54,26,9,17,48.148148148148145,16.666666666666668,31.48148148148148,34.61538461538461,0.2037037037037037,1.2222222222222223,0.9444444444444444,0.0,39,False,True,0.7923350694444444,3.1254340277777777,13.692300347222222,35.650789351851856,14.25,22.0,31.75,42.7,1.0,2.0,3.0,4.700000000000003,1.0,1.5,3.0,4.0
complete_years_only,size_band,xl,"1,001+ changed lines",2018,8,0,0,0,0.0,0.0,0.0,,0,,0,0.0,5,True,True,0.21244212962962963,2.752974537037037,9.54988425925926,46.58548842592591,1438.75,2355.0,4987.0,8049.4,17.25,24.5,35.25,77.99999999999997,14.75,27.0,47.5,103.59999999999998
complete_years_only,size_band,xs,1–10 changed lines,2018,72,35,4,31,48.611111111111114,5.555555555555555,43.05555555555556,11.428571428571429,0.06944444444444445,1.25,0.8888888888888888,0.0,55,False,True,0.03649594907407408,0.5149999999999999,1.9562731481481481,5.855456018518517,2.0,4.0,5.25,7.899999999999999,1.0,1.0,1.0,2.0,1.0,1.0,1.25,2.0
complete_years_only,size_band,zero,0 changed lines,2018,3,0,0,0,0.0,0.0,0.0,,0,,0,0.0,2,True,True,0.22872685185185185,0.33643518518518517,0.5987384259259259,0.7561203703703704,0.0,0.0,0.0,0.0,28.0,55.0,55.0,55.0,1.0,1.0,1.0,1.0
complete_years_only,size_band,large,"201–1,000 changed lines",2019,24,8,2,5,33.333333333333336,8.333333333333334,20.833333333333332,25.0,0.08333333333333333,1,0.875,0.0,15,True,True,0.06549189814814815,0.9773263888888888,3.9689236111111112,18.75781944444444,273.5,432.5,596.75,922.8,5.0,9.5,15.25,18.4,2.0,3.5,12.0,15.099999999999998
complete_years_only,size_band,medium,51–200 changed lines,2019,44,34,11,25,77.27272727272727,25.0,56.81818181818182,32.35294117647059,0.3181818181818182,1.2727272727272727,2.022727272727273,1.0,26,False,False,0.1393778935185185,1.737980324074074,4.774505208333333,19.691781250000027,67.5,96.0,121.75,144.10000000000002,2.0,4.0,6.25,8.0,1.75,2.5,4.25,7.700000000000003
complete_years_only,size_band,small,11–50 changed lines,2019,61,35,8,30,57.377049180327866,13.114754098360656,49.18032786885246,22.857142857142858,0.18032786885245902,1.375,1.2295081967213115,1.0,39,False,True,0.09737268518518519,0.8504513888888889,6.134085648148148,92.02084490740741,16.0,21.0,32.0,41.0,1.0,2.0,4.0,5.0,1.0,2.0,4.0,6.0
complete_years_only,size_band,xl,"1,001+ changed lines",2019,6,1,0,1,16.666666666666668,0.0,16.666666666666668,0.0,0,,0.8333333333333334,0.0,6,True,True,0.03323206018518519,0.7975925925925926,3.3724652777777777,4.7229629629629635,1143.0,1193.0,1843.0,2166.5,8.5,11.5,20.5,23.5,2.75,5.0,12.5,21.5
complete_years_only,size_band,xs,1–10 changed lines,2019,65,37,7,36,56.92307692307692,10.76923076923077,55.38461538461539,18.91891891891892,0.1076923076923077,1,1.0307692307692307,1.0,49,False,True,0.08560185185185185,0.33760416666666665,3.0496412037037035,24.92606712962963,2.0,4.0,7.0,9.0,1.0,1.0,1.0,2.0,1.0,1.0,1.0,2.0
complete_years_only,size_band,large,"201–1,000 changed lines",2020,26,15,4,10,57.69230769230769,15.384615384615385,38.46153846153846,26.666666666666668,0.19230769230769232,1.25,2.3076923076923075,1.0,18,True,True,0.11631944444444443,1.2940740740740742,4.332971643518519,16.86536458333333,277.5,371.0,647.5,784.5,5.25,11.0,19.25,36.0,3.0,4.5,8.5,14.0
complete_years_only,size_band,medium,51–200 changed lines,2020,48,30,8,24,62.5,16.666666666666668,50.0,26.666666666666668,0.1875,1.125,1.7291666666666667,1.0,27,False,True,0.16858506944444446,1.6689641203703705,3.889933449074074,5.928511574074079,68.0,93.0,133.5,161.8,2.75,5.0,7.0,8.900000000000013,1.0,2.0,3.0,5.0
complete_years_only,size_band,small,11–50 changed lines,2020,45,33,5,28,73.33333333333333,11.11111111111111,62.22222222222222,15.151515151515152,0.13333333333333333,1.2,1.5555555555555556,1.0,29,False,True,0.3263425925925926,2.786446759259259,6.5567013888888885,33.00054398148153,17.0,26.0,33.0,42.6,1.0,2.0,3.0,4.0,1.0,2.0,3.0,3.6000000000000014
complete_years_only,size_band,xl,"1,001+ changed lines",2020,9,5,3,4,55.55555555555556,33.333333333333336,44.44444444444444,60.0,0.3333333333333333,1,2.4444444444444446,1.0,7,True,True,0.07766203703703704,3.420775462962963,6.367314814814815,28.33958796296298,1408.0,2122.0,2173.0,3988.4000000000015,15.0,21.0,30.0,72.4,15.0,32.0,39.0,96.60000000000005
complete_years_only,size_band,xs,1–10 changed lines,2020,71,41,3,41,57.74647887323944,4.225352112676056,57.74647887323944,7.317073170731708,0.04225352112676056,1,0.7746478873239436,1.0,50,False,True,0.11704282407407407,0.6314351851851852,1.9157870370370371,8.781539351851851,2.0,3.0,6.0,8.0,1.0,1.0,1.0,2.0,1.0,1.0,2.0,2.0
complete_years_only,size_band,zero,0 changed lines,2020,1,1,0,1,100.0,0.0,100.0,0.0,0,,1,1.0,1,True,True,0.005185185185185185,0.005185185185185185,0.005185185185185185,0.005185185185185185,0.0,0.0,0.0,0.0,0.0,0.0,0.0,0.0,1.0,1.0,1.0,1.0
complete_years_only,size_band,large,"201–1,000 changed lines",2021,39,20,8,14,51.282051282051285,20.512820512820515,35.8974358974359,40.0,0.3076923076923077,1.5,2.9743589743589745,1.0,17,False,True,0.17700810185185184,0.8269328703703703,2.9598958333333334,6.382277777777797,279.0,371.0,494.0,688.4000000000002,5.5,10.0,14.5,19.200000000000003,3.5,6.0,11.0,16.0
complete_years_only,size_band,medium,51–200 changed lines,2021,36,25,10,23,69.44444444444444,27.77777777777778,63.888888888888886,40.0,0.4166666666666667,1.5,2.7222222222222223,1.0,23,False,False,0.08712962962962964,0.8492013888888889,5.060633680555555,33.20980902777778,60.0,77.0,134.25,161.5,2.75,4.0,7.25,10.0,1.0,2.0,5.0,9.0
complete_years_only,size_band,small,11–50 changed lines,2021,55,34,4,29,61.81818181818182,7.2727272727272725,52.72727272727273,11.764705882352942,0.09090909090909091,1.25,1.4,1.0,36,False,True,0.07527777777777778,0.5258912037037037,2.8851446759259263,7.039386574074076,16.5,21.0,31.0,41.400000000000006,1.0,2.0,3.0,4.0,1.0,2.0,3.0,4.0
complete_years_only,size_band,xl,"1,001+ changed lines",2021,8,4,1,4,50.0,12.5,50.0,25.0,0.25,2,3.625,0.5,7,True,True,0.44741030092592593,0.8726909722222222,5.502682291666666,12.426437499999999,1163.0,1501.5,3964.25,11614.999999999996,18.25,28.0,86.25,321.9,2.75,6.5,14.25,26.4
complete_years_only,size_band,xs,1–10 changed lines,2021,60,40,3,36,66.66666666666667,5.0,60.0,7.5,0.05,1,0.8833333333333333,1.0,39,False,True,0.023182870370370368,0.08968171296296296,2.8133333333333335,7.249895833333344,2.0,4.0,8.0,9.100000000000001,1.0,1.0,1.0,2.0,1.0,1.0,1.0,2.0
complete_years_only,size_band,zero,0 changed lines,2021,2,1,0,1,50.0,0.0,50.0,0.0,0,,0.5,0.5,2,True,True,0.0626099537037037,0.11621527777777776,0.16982060185185185,0.2019837962962963,0.0,0.0,0.0,0.0,0.75,1.5,2.25,2.7,1.0,1.0,1.0,1.0
complete_years_only,size_band,large,"201–1,000 changed lines",2022,11,10,5,10,90.9090909090909,45.45454545454545,90.9090909090909,50.0,0.45454545454545453,1,5.454545454545454,2.0,9,True,True,0.08375578703703704,0.690300925925926,1.5194270833333334,5.6478125,286.5,325.0,704.5,841.0,7.0,11.0,13.5,16.0,4.0,6.0,14.0,15.0
complete_years_only,size_band,medium,51–200 changed lines,2022,46,42,7,40,91.30434782608695,15.217391304347826,86.95652173913044,16.666666666666668,0.21739130434782608,1.4285714285714286,2.5217391304347827,1.0,21,False,True,0.022491319444444446,0.18312499999999998,0.9759346064814816,2.022152777777778,63.5,81.0,118.5,169.5,3.0,5.0,7.75,10.0,1.0,2.0,3.75,7.5
complete_years_only,size_band,small,11–50 changed lines,2022,62,59,5,58,95.16129032258064,8.064516129032258,93.54838709677419,8.474576271186441,0.11290322580645161,1.4,1.6935483870967742,1.0,25,False,True,0.010639467592592593,0.02765046296296296,0.2579890046296296,1.183625,15.25,23.0,32.75,42.8,1.0,2.0,3.0,4.899999999999999,1.0,1.0,2.0,3.0
complete_years_only,size_band,xl,"1,001+ changed lines",2022,3,3,0,3,100.0,0.0,100.0,0.0,0,,17.333333333333332,1.0,3,True,True,1.46640625,2.8988425925925925,3.973015046296296,4.617518518518518,2274.0,2530.0,3018.5,3311.6,21.0,23.0,33.5,39.8,2.5,3.0,23.5,35.800000000000004
complete_years_only,size_band,xs,1–10 changed lines,2022,78,74,0,73,94.87179487179488,0.0,93.58974358974359,0.0,0,,1.205128205128205,1.0,33,False,True,0.010199652777777778,0.023634259259259258,0.15139178240740742,2.1433993055555547,2.0,2.0,6.0,8.0,1.0,1.0,1.0,1.0,1.0,1.0,1.0,2.0
complete_years_only,size_band,large,"201–1,000 changed lines",2023,14,14,2,14,100.0,14.285714285714286,100.0,14.285714285714286,0.14285714285714285,1,2.142857142857143,1.0,10,True,True,0.17134837962962962,0.9839583333333333,2.6356510416666667,9.13708680555556,240.25,277.0,374.0,541.9000000000001,6.25,10.0,13.0,15.700000000000001,1.25,4.5,9.75,11.700000000000001
complete_years_only,size_band,medium,51–200 changed lines,2023,35,35,3,35,100.0,8.571428571428571,100.0,8.571428571428571,0.08571428571428572,1,1.8857142857142857,1.0,18,False,True,0.012835648148148148,0.08462962962962962,0.6271412037037036,6.319557870370376,68.0,81.0,126.0,163.60000000000002,2.0,4.0,6.5,9.0,1.0,2.0,4.0,9.000000000000007
complete_years_only,size_band,small,11–50 changed lines,2023,59,59,5,59,100.0,8.474576271186441,100.0,8.474576271186441,0.0847457627118644,1,1.5254237288135593,1.0,28,False,True,0.012193287037037037,0.04746527777777778,0.7456539351851852,1.7740138888888928,16.0,24.0,34.0,42.2,1.0,2.0,3.0,4.0,1.0,1.0,2.0,3.0
complete_years_only,size_band,xl,"1,001+ changed lines",2023,3,3,0,3,100.0,0.0,100.0,0.0,0,,2.6666666666666665,1.0,3,True,True,1.0765104166666666,1.1621875,2.0472164351851854,2.5782337962962965,1871.5,2237.0,2413.0,2518.6,15.0,25.0,43.5,54.6,14.0,27.0,28.0,28.6
complete_years_only,size_band,xs,1–10 changed lines,2023,89,89,3,89,100.0,3.3707865168539324,100.0,3.3707865168539324,0.033707865168539325,1,1.3932584269662922,1.0,35,False,True,0.010532407407407407,0.018541666666666668,0.14427083333333332,1.0120902777777778,2.0,4.0,8.0,9.0,1.0,1.0,2.0,2.0,1.0,1.0,1.0,2.0
complete_years_only,size_band,large,"201–1,000 changed lines",2024,15,15,1,15,100.0,6.666666666666667,100.0,6.666666666666667,0.06666666666666667,1,1.6666666666666667,1.0,12,True,True,0.014207175925925925,0.0358912037037037,1.4709143518518517,3.794087962962962,255.5,315.0,454.5,673.8,3.0,5.0,11.5,21.6,1.0,2.0,3.5,7.599999999999998
complete_years_only,size_band,medium,51–200 changed lines,2024,53,53,1,53,100.0,1.8867924528301887,100.0,1.8867924528301887,0.018867924528301886,1,1.3962264150943395,1.0,20,False,True,0.011782407407407408,0.020370370370370372,0.1310185185185185,0.6711782407407416,64.0,94.0,134.0,170.8,2.0,4.0,5.0,8.600000000000009,1.0,2.0,2.0,4.0
complete_years_only,size_band,small,11–50 changed lines,2024,66,66,1,66,100.0,1.5151515151515151,100.0,1.5151515151515151,0.015151515151515152,1,1.3181818181818181,1.0,25,False,True,0.01171875,0.0165625,0.050755208333333336,0.7244849537037037,15.0,26.0,36.0,44.0,1.0,2.0,3.0,4.5,1.0,1.0,1.0,2.0
complete_years_only,size_band,xl,"1,001+ changed lines",2024,2,2,0,2,100.0,0.0,100.0,0.0,0,,2,1.5,2,True,True,4.766440972222222,9.396319444444444,14.026197916666666,16.804125,3055.75,4510.5,5965.25,6838.1,21.5,30.0,38.5,43.6,2.5,3.0,3.5,3.8
complete_years_only,size_band,xs,1–10 changed lines,2024,64,64,0,64,100.0,0.0,100.0,0.0,0,,1.359375,1.0,28,False,True,0.011171875,0.013570601851851851,0.06170138888888889,0.5782638888888896,2.0,4.0,6.25,9.0,1.0,1.0,2.0,2.0,1.0,1.0,1.0,2.0
complete_years_only,size_band,large,"201–1,000 changed lines",2025,14,14,2,14,100.0,14.285714285714286,100.0,14.285714285714286,0.14285714285714285,1,2.2857142857142856,1.0,10,True,True,0.021241319444444445,0.02475115740740741,1.2858275462962963,5.927910879629634,253.75,308.0,423.0,561.5000000000001,3.5,6.5,11.5,31.100000000000016,1.0,3.0,6.5,12.100000000000003
complete_years_only,size_band,medium,51–200 changed lines,2025,42,42,2,42,100.0,4.761904761904762,100.0,4.761904761904762,0.07142857142857142,1.5,2.119047619047619,2.0,24,False,True,0.016533564814814813,0.053315972222222216,0.21629340277777778,4.514711805555555,66.25,85.5,123.25,152.6,2.0,4.0,7.0,8.899999999999999,1.0,2.0,4.0,6.899999999999999
complete_years_only,size_band,small,11–50 changed lines,2025,60,60,0,60,100.0,0.0,100.0,0.0,0,,1.5833333333333333,1.0,24,False,True,0.013920717592592592,0.02201388888888889,0.0770920138888889,0.7651643518518524,16.75,25.0,35.0,45.0,1.0,2.0,3.0,5.0,1.0,1.0,1.25,2.0
complete_years_only,size_band,xl,"1,001+ changed lines",2025,6,6,0,6,100.0,0.0,100.0,0.0,0,,4.666666666666667,2.5,5,True,True,2.312042824074074,2.6441840277777775,3.5193373842592592,5.924259259259259,1231.5,1351.0,1590.5,2839.0,16.75,20.5,28.75,84.0,10.5,17.0,27.25,33.5
complete_years_only,size_band,xs,1–10 changed lines,2025,77,77,0,77,100.0,0.0,100.0,0.0,0,,1.5584415584415585,1.0,31,False,True,0.012962962962962963,0.02189814814814815,0.10633101851851852,0.6017754629629638,2.0,4.0,7.0,9.0,1.0,1.0,1.0,2.0,1.0,1.0,1.0,2.0
complete_years_only,size_band,zero,0 changed lines,2025,1,1,0,1,100.0,0.0,100.0,0.0,0,,2,2.0,1,True,True,0.6899537037037037,0.6899537037037037,0.6899537037037037,0.6899537037037037,0.0,0.0,0.0,0.0,1.0,1.0,1.0,1.0,1.0,1.0,1.0,1.0
complete_years_only,author_kind,user,User account,2017,200,65,25,40,32.5,12.5,20.0,38.46153846153846,0.16,1.28,0.995,0.0,93,False,False,0.06390046296296296,0.7777430555555556,5.783816550925925,21.68020949074073,6.0,24.0,110.25,409.4,1.0,2.0,5.0,13.0,1.0,1.0,3.0,6.0
complete_years_only,author_kind,user,User account,2018,200,97,23,72,48.5,11.5,36.0,23.711340206185568,0.145,1.2608695652173914,1.105,0.0,96,False,False,0.1618894675925926,1.1978819444444444,5.41037037037037,18.194443287037036,4.0,20.0,78.75,292.99999999999994,1.0,2.0,4.0,10.099999999999994,1.0,2.0,4.0,7.0
complete_years_only,author_kind,user,User account,2019,200,115,28,97,57.5,14.0,48.5,24.347826086956523,0.17,1.2142857142857142,1.285,1.0,84,False,False,0.09281828703703704,0.8648726851851852,4.629314236111111,29.062754629629612,7.0,22.5,101.0,368.0999999999999,1.0,2.0,5.0,8.199999999999989,1.0,2.0,4.0,7.0
complete_years_only,author_kind,bot,Bot account,2020,3,0,0,0,0.0,0.0,0.0,,0,,0,0.0,1,True,True,0.4464930555555555,0.6314351851851852,0.9571006944444445,1.1525,8.0,10.0,11.5,12.4,1.0,1.0,1.0,1.0,1.0,1.0,1.5,1.8
complete_years_only,author_kind,other_unknown,Other / unknown account,2020,1,1,0,1,100.0,0.0,100.0,0.0,0,,1,1.0,1,True,True,6.044976851851852,6.044976851851852,6.044976851851852,6.044976851851852,3.0,3.0,3.0,3.0,1.0,1.0,1.0,1.0,1.0,1.0,1.0,1.0
complete_years_only,author_kind,user,User account,2020,196,124,23,107,63.265306122448976,11.73469387755102,54.59183673469388,18.548387096774192,0.1326530612244898,1.1304347826086956,1.4795918367346939,1.0,81,False,False,0.1402488425925926,1.0134837962962964,4.282468171296296,12.469398148148148,5.0,30.0,124.5,482.0,1.0,2.0,6.0,12.0,1.0,2.0,3.0,6.5
complete_years_only,author_kind,bot,Bot account,2021,1,0,0,0,0.0,0.0,0.0,,0,,0,0.0,1,True,True,0.04137731481481482,0.04137731481481482,0.04137731481481482,0.04137731481481482,8.0,8.0,8.0,8.0,1.0,1.0,1.0,1.0,1.0,1.0,1.0,1.0
complete_years_only,author_kind,user,User account,2021,199,124,26,107,62.311557788944725,13.06532663316583,53.768844221105525,20.967741935483872,0.18592964824120603,1.4230769230769231,1.879396984924623,1.0,70,False,False,0.057401620370370374,0.5707523148148148,3.0876620370370373,11.865770833333338,8.0,29.0,171.5,476.20000000000005,1.0,2.0,6.0,13.200000000000017,1.0,2.0,4.0,9.200000000000017
complete_years_only,author_kind,user,User account,2022,200,188,17,184,94.0,8.5,92.0,9.042553191489361,0.11,1.2941176470588236,2.135,1.0,47,False,False,0.01064525462962963,0.036412037037037034,0.5749652777777777,2.458813657407406,4.0,17.5,60.5,160.89999999999995,1.0,2.0,4.0,10.0,1.0,1.0,2.0,5.0
complete_years_only,author_kind,user,User account,2023,200,200,13,200,100.0,6.5,100.0,6.5,0.065,1,1.59,1.0,45,False,False,0.011802662037037037,0.04473958333333333,0.6979658564814815,2.230652777777777,5.0,14.0,52.0,173.09999999999994,1.0,2.0,3.0,7.0,1.0,1.0,2.0,4.0
complete_years_only,author_kind,bot,Bot account,2024,2,2,0,2,100.0,0.0,100.0,0.0,0,,1,1.0,1,True,True,0.4394415509259259,0.48023726851851856,0.5210329861111112,0.5455104166666667,17.0,24.0,31.0,35.2,1.0,1.0,1.0,1.0,1.0,1.0,1.0,1.0
complete_years_only,author_kind,user,User account,2024,198,198,3,198,100.0,1.5151515151515151,100.0,1.5151515151515151,0.015151515151515152,1,1.3888888888888888,1.0,36,False,True,0.011669560185185186,0.01697337962962963,0.08203125,0.9094120370370379,7.0,27.5,75.75,177.20000000000005,1.0,2.0,4.0,7.0,1.0,1.0,2.0,3.0
complete_years_only,author_kind,bot,Bot account,2025,11,11,2,11,100.0,18.181818181818183,100.0,18.181818181818183,0.18181818181818182,1,2.909090909090909,3.0,2,True,True,0.5449016203703703,3.4246296296296297,9.379131944444445,10.01863425925926,10.0,87.0,122.0,219.0,1.0,1.0,2.0,3.0,1.5,5.0,6.5,13.0
complete_years_only,author_kind,user,User account,2025,189,189,2,189,100.0,1.0582010582010581,100.0,1.0582010582010581,0.015873015873015872,1.5,1.7671957671957672,1.0,43,False,True,0.013344907407407408,0.024247685185185185,0.11680555555555555,1.4406550925925967,6.0,19.0,61.0,181.60000000000005,1.0,2.0,4.0,8.0,1.0,1.0,2.0,3.200000000000017
complete_years_only,association_group,contributor_first_time,Contributor / first-time contributor,2017,162,50,22,28,30.864197530864196,13.580246913580247,17.28395061728395,44.0,0.17901234567901234,1.3181818181818181,0.9753086419753086,0.0,71,False,False,0.05642361111111111,0.7899479166666667,5.923582175925926,23.219848379629642,7.0,24.5,110.75,395.4000000000003,1.0,2.0,5.0,11.900000000000006,1.0,1.0,2.75,6.0
complete_years_only,association_group,member_owner_collaborator,Member / owner / collaborator,2017,21,8,2,6,38.095238095238095,9.523809523809524,28.571428571428573,25.0,0.09523809523809523,1,0.7142857142857143,0.0,7,True,True,0.06535879629629629,0.6737615740740741,3.0738773148148146,5.717523148148148,9.0,23.0,138.0,742.0,1.0,2.0,5.0,16.0,1.0,2.0,3.0,13.0
complete_years_only,association_group,none,No recorded association,2017,17,7,1,6,41.1764705882353,5.882352941176471,35.294117647058826,14.285714285714286,0.058823529411764705,1,1.5294117647058822,0.0,15,True,True,0.543599537037037,0.9913541666666666,14.11724537037037,40.90243750000001,2.0,24.0,60.0,182.60000000000005,1.0,1.0,2.0,4.0,1.0,1.0,2.0,7.600000000000001
complete_years_only,association_group,contributor_first_time,Contributor / first-time contributor,2018,141,63,16,46,44.680851063829785,11.347517730496454,32.6241134751773,25.396825396825395,0.14893617021276595,1.3125,1.1205673758865249,0.0,76,False,False,0.21155092592592592,1.2687152777777777,4.864907407407407,17.67875,4.0,14.0,63.0,192.0,1.0,2.0,3.0,10.0,1.0,1.0,3.0,6.0
complete_years_only,association_group,member_owner_collaborator,Member / owner / collaborator,2018,34,24,3,21,70.58823529411765,8.823529411764707,61.76470588235294,12.5,0.08823529411764706,1,1.3529411764705883,1.0,9,False,True,0.25349537037037034,1.1028587962962964,6.2783420138888895,18.51722800925926,22.0,75.0,225.25,771.5999999999999,2.0,3.0,7.0,11.799999999999997,1.0,2.0,6.0,8.7
complete_years_only,association_group,none,No recorded association,2018,25,10,4,5,40.0,16.0,20.0,40.0,0.2,1.25,0.68,0.0,11,True,True,0.02480324074074074,0.9144212962962963,5.534155092592592,18.15517361111112,8.0,20.0,54.0,194.6,1.0,2.0,4.0,9.0,1.0,2.0,3.0,5.0
complete_years_only,association_group,contributor_first_time,Contributor / first-time contributor,2019,137,73,22,59,53.284671532846716,16.05839416058394,43.065693430656935,30.136986301369863,0.20437956204379562,1.2727272727272727,1.416058394160584,1.0,63,False,False,0.099375,1.0644560185185186,5.225034722222222,32.161594907407405,6.0,24.0,104.0,429.8000000000002,1.0,2.0,5.0,11.400000000000006,1.0,2.0,4.0,8.0
complete_years_only,association_group,member_owner_collaborator,Member / owner / collaborator,2019,48,33,5,30,68.75,10.416666666666666,62.5,15.151515151515152,0.10416666666666667,1,1.0833333333333333,1.0,12,False,True,0.0522193287037037,0.20277199074074073,1.349939236111111,8.54062268518519,10.0,24.5,97.25,297.7000000000003,1.0,2.0,5.0,7.300000000000004,1.0,2.0,3.0,5.0
complete_years_only,association_group,none,No recorded association,2019,15,9,1,8,60.0,6.666666666666667,53.333333333333336,11.11111111111111,0.06666666666666667,1,0.7333333333333333,1.0,9,True,True,0.6312500000000001,0.8504513888888889,22.896591435185186,96.70006249999997,11.5,17.0,34.0,61.599999999999994,1.0,1.0,3.0,4.6,1.0,1.0,2.5,6.199999999999999
complete_years_only,association_group,contributor_first_time,Contributor / first-time contributor,2020,138,76,18,62,55.072463768115945,13.043478260869565,44.927536231884055,23.68421052631579,0.15217391304347827,1.1666666666666667,1.318840579710145,1.0,67,False,False,0.33920138888888884,1.6537326388888889,4.854215856481481,24.636170138888886,5.0,28.0,102.75,480.79999999999995,1.0,2.0,5.0,11.299999999999997,1.0,2.0,3.0,6.599999999999994
complete_years_only,association_group,member_owner_collaborator,Member / owner / collaborator,2020,57,44,4,43,77.19298245614036,7.017543859649122,75.43859649122807,9.090909090909092,0.07017543859649122,1,1.736842105263158,1.0,13,False,True,0.0528587962962963,0.49922453703703706,2.9377546296296297,6.443069444444444,6.0,51.0,160.0,414.5999999999998,1.0,2.0,7.0,13.799999999999997,1.0,2.0,3.0,5.799999999999997
complete_years_only,association_group,none,No recorded association,2020,5,5,1,3,100.0,20.0,60.0,20.0,0.2,1,2,1.0,3,True,True,0.11543981481481481,0.2775578703703704,0.4550578703703704,3.80900925925926,8.0,13.0,34.0,63.400000000000006,1.0,1.0,2.0,5.6000000000000005,1.0,1.0,2.0,2.0
complete_years_only,association_group,contributor_first_time,Contributor / first-time contributor,2021,103,57,12,48,55.33980582524272,11.650485436893204,46.601941747572816,21.05263157894737,0.1650485436893204,1.4166666666666667,1.4271844660194175,1.0,52,False,False,0.0788599537037037,0.5976041666666667,3.815960648148148,13.477564814814812,8.0,22.0,130.0,386.0,1.0,2.0,4.0,13.0,1.0,2.0,4.0,9.0
complete_years_only,association_group,member_owner_collaborator,Member / owner / collaborator,2021,95,67,14,59,70.52631578947368,14.736842105263158,62.10526315789474,20.895522388059703,0.21052631578947367,1.4285714285714286,2.389473684210526,1.0,18,False,False,0.04251157407407408,0.46576388888888887,2.8161805555555555,5.157993055555558,8.5,39.0,212.5,480.00000000000006,1.0,2.0,9.0,13.600000000000009,1.0,2.0,4.5,11.0
complete_years_only,association_group,none,No recorded association,2021,2,0,0,0,0.0,0.0,0.0,,0,,0,0.0,1,True,True,10.725257523148148,20.785260416666667,30.845263310185185,36.8812650462963,82.25,104.5,126.75,140.10000000000002,5.5,8.0,10.5,12.0,5.25,5.5,5.75,5.9
complete_years_only,association_group,contributor_first_time,Contributor / first-time contributor,2022,102,94,10,93,92.15686274509804,9.803921568627452,91.17647058823529,10.638297872340425,0.10784313725490197,1.1,2.392156862745098,1.0,29,False,False,0.02062210648148148,0.08943287037037037,0.9598958333333334,2.9035196759259256,4.0,17.5,67.75,188.0000000000001,1.0,1.0,4.0,10.0,1.0,1.0,2.0,5.900000000000006
complete_years_only,association_group,member_owner_collaborator,Member / owner / collaborator,2022,98,94,7,91,95.91836734693878,7.142857142857143,92.85714285714286,7.446808510638298,0.11224489795918367,1.5714285714285714,1.8673469387755102,1.0,18,False,True,0.010402199074074074,0.02204861111111111,0.1740596064814815,0.9702372685185182,4.0,17.5,54.0,125.69999999999997,1.0,2.0,4.0,7.0,1.0,1.0,2.0,4.0
complete_years_only,association_group,contributor_first_time,Contributor / first-time contributor,2023,91,91,6,91,100.0,6.593406593406593,100.0,6.593406593406593,0.06593406593406594,1,1.5824175824175823,1.0,25,False,True,0.012476851851851852,0.04866898148148148,0.9589583333333334,2.847847222222222,5.0,13.0,41.5,196.0,1.0,2.0,3.0,5.0,1.0,1.0,2.0,4.0
complete_years_only,association_group,member_owner_collaborator,Member / owner / collaborator,2023,109,109,7,109,100.0,6.422018348623853,100.0,6.422018348623853,0.06422018348623854,1,1.5963302752293578,1.0,20,False,True,0.011412037037037037,0.035416666666666666,0.3284837962962963,1.0280902777777778,5.0,15.0,67.0,152.00000000000006,1.0,2.0,3.0,7.0,1.0,1.0,2.0,4.0
complete_years_only,association_group,contributor_first_time,Contributor / first-time contributor,2024,105,105,1,105,100.0,0.9523809523809523,100.0,0.9523809523809523,0.009523809523809525,1,1.361904761904762,1.0,20,False,True,0.011840277777777778,0.019444444444444445,0.14722222222222223,2.061668981481484,6.0,30.0,66.0,171.0,1.0,2.0,4.0,6.0,1.0,1.0,2.0,3.6000000000000085
complete_years_only,association_group,member_owner_collaborator,Member / owner / collaborator,2024,95,95,2,95,100.0,2.1052631578947367,100.0,2.1052631578947367,0.021052631578947368,1,1.4105263157894736,1.0,17,False,True,0.011238425925925926,0.016724537037037038,0.055769675925925924,0.4016504629629656,8.5,26.0,76.0,178.40000000000003,1.0,2.0,3.5,8.0,1.0,1.0,1.5,2.0
complete_years_only,association_group,contributor_first_time,Contributor / first-time contributor,2025,108,108,4,108,100.0,3.7037037037037037,100.0,3.7037037037037037,0.046296296296296294,1.25,1.8518518518518519,1.0,24,False,True,0.014380787037037037,0.03561342592592592,0.6954253472222223,5.291690972222216,7.0,27.5,91.5,224.99999999999994,1.0,2.0,5.0,8.299999999999997,1.0,1.0,3.0,7.299999999999997
complete_years_only,association_group,member_owner_collaborator,Member / owner / collaborator,2025,92,92,0,92,100.0,0.0,100.0,0.0,0,,1.8043478260869565,1.5,21,False,True,0.01310763888888889,0.02233217592592593,0.07075520833333333,0.31423379629629655,6.0,16.0,45.75,113.30000000000027,1.0,1.0,2.25,6.0,1.0,1.0,1.0,3.0
complete_years_only,author_association,COLLABORATOR,COLLABORATOR,2017,6,4,1,3,66.66666666666667,16.666666666666668,50.0,25.0,0.16666666666666666,1,0.8333333333333334,1.0,1,True,True,0.05206886574074074,0.3724074074074074,1.9489091435185186,2.723917824074074,9.25,11.5,18.25,37.0,1.0,1.5,2.0,3.5,1.0,1.0,1.75,2.5
complete_years_only,author_association,CONTRIBUTOR,CONTRIBUTOR,2017,162,50,22,28,30.864197530864196,13.580246913580247,17.28395061728395,44.0,0.17901234567901234,1.3181818181818181,0.9753086419753086,0.0,71,False,False,0.05642361111111111,0.7899479166666667,5.923582175925926,23.219848379629642,7.0,24.5,110.75,395.4000000000003,1.0,2.0,5.0,11.900000000000006,1.0,1.0,2.75,6.0
complete_years_only,author_association,MEMBER,MEMBER,2017,15,4,1,3,26.666666666666668,6.666666666666667,20.0,25.0,0.06666666666666667,1,0.6666666666666666,0.0,6,True,True,0.11229166666666666,0.6921990740740741,5.367673611111111,7.830037037037036,9.5,29.0,335.0,987.9999999999999,1.0,2.0,10.5,19.0,1.0,2.0,4.5,13.0
complete_years_only,author_association,NONE,NONE,2017,17,7,1,6,41.1764705882353,5.882352941176471,35.294117647058826,14.285714285714286,0.058823529411764705,1,1.5294117647058822,0.0,15,True,True,0.543599537037037,0.9913541666666666,14.11724537037037,40.90243750000001,2.0,24.0,60.0,182.60000000000005,1.0,1.0,2.0,4.0,1.0,1.0,2.0,7.600000000000001
complete_years_only,author_association,COLLABORATOR,COLLABORATOR,2018,2,1,0,1,50.0,0.0,50.0,0.0,0,,0.5,0.5,1,True,True,15.257271412037037,30.51148726851852,45.765703125,54.91823263888889,18.5,30.0,41.5,48.4,2.0,2.0,2.0,2.0,1.0,1.0,1.0,1.0
complete_years_only,author_association,CONTRIBUTOR,CONTRIBUTOR,2018,141,63,16,46,44.680851063829785,11.347517730496454,32.6241134751773,25.396825396825395,0.14893617021276595,1.3125,1.1205673758865249,0.0,76,False,False,0.21155092592592592,1.2687152777777777,4.864907407407407,17.67875,4.0,14.0,63.0,192.0,1.0,2.0,3.0,10.0,1.0,1.0,3.0,6.0
complete_years_only,author_association,MEMBER,MEMBER,2018,32,23,3,20,71.875,9.375,62.5,13.043478260869565,0.09375,1,1.40625,1.0,8,False,True,0.42317129629629624,1.1028587962962964,6.029516782407407,17.656606481481486,26.0,95.5,263.0,793.2000000000003,1.75,3.0,7.25,12.600000000000009,1.0,2.5,6.0,8.900000000000002
complete_years_only,author_association,NONE,NONE,2018,25,10,4,5,40.0,16.0,20.0,40.0,0.2,1.25,0.68,0.0,11,True,True,0.02480324074074074,0.9144212962962963,5.534155092592592,18.15517361111112,8.0,20.0,54.0,194.6,1.0,2.0,4.0,9.0,1.0,2.0,3.0,5.0
complete_years_only,author_association,COLLABORATOR,COLLABORATOR,2019,6,4,0,4,66.66666666666667,0.0,66.66666666666667,0.0,0,,0.8333333333333334,1.0,2,True,True,0.051006944444444445,0.06098958333333333,0.7286805555555556,1.1216724537037037,11.75,18.5,20.0,60.5,3.25,4.0,4.75,5.5,1.0,1.0,1.75,3.5
complete_years_only,author_association,CONTRIBUTOR,CONTRIBUTOR,2019,137,73,22,59,53.284671532846716,16.05839416058394,43.065693430656935,30.136986301369863,0.20437956204379562,1.2727272727272727,1.416058394160584,1.0,63,False,False,0.099375,1.0644560185185186,5.225034722222222,32.161594907407405,6.0,24.0,104.0,429.8000000000002,1.0,2.0,5.0,11.400000000000006,1.0,2.0,4.0,8.0
complete_years_only,author_association,MEMBER,MEMBER,2019,42,29,5,26,69.04761904761905,11.904761904761905,61.904761904761905,17.24137931034483,0.11904761904761904,1,1.119047619047619,1.0,10,False,True,0.06368344907407407,0.21403935185185186,2.0322569444444447,9.143233796296295,10.25,30.0,104.25,333.0999999999999,1.0,2.0,5.0,7.899999999999999,1.0,2.0,3.0,5.0
complete_years_only,author_association,NONE,NONE,2019,15,9,1,8,60.0,6.666666666666667,53.333333333333336,11.11111111111111,0.06666666666666667,1,0.7333333333333333,1.0,9,True,True,0.6312500000000001,0.8504513888888889,22.896591435185186,96.70006249999997,11.5,17.0,34.0,61.599999999999994,1.0,1.0,3.0,4.6,1.0,1.0,2.5,6.199999999999999
complete_years_only,author_association,COLLABORATOR,COLLABORATOR,2020,11,8,1,8,72.72727272727273,9.090909090909092,72.72727272727273,12.5,0.09090909090909091,1,2,1.0,3,True,True,0.07414930555555554,0.5851620370370371,5.196944444444444,7.051759259259259,16.5,119.0,304.0,507.0,1.5,2.0,9.0,29.0,1.5,3.0,5.5,15.0
complete_years_only,author_association,CONTRIBUTOR,CONTRIBUTOR,2020,138,76,18,62,55.072463768115945,13.043478260869565,44.927536231884055,23.68421052631579,0.15217391304347827,1.1666666666666667,1.318840579710145,1.0,67,False,False,0.33920138888888884,1.6537326388888889,4.854215856481481,24.636170138888886,5.0,28.0,102.75,480.79999999999995,1.0,2.0,5.0,11.299999999999997,1.0,2.0,3.0,6.599999999999994
complete_years_only,author_association,MEMBER,MEMBER,2020,46,36,3,35,78.26086956521739,6.521739130434782,76.08695652173913,8.333333333333334,0.06521739130434782,1,1.673913043478261,1.0,10,False,True,0.03710069444444444,0.4935590277777778,2.7848003472222222,4.44566550925926,6.0,35.0,127.5,316.0,1.0,2.0,6.75,12.5,1.0,2.0,3.0,5.0
complete_years_only,author_association,NONE,NONE,2020,5,5,1,3,100.0,20.0,60.0,20.0,0.2,1,2,1.0,3,True,True,0.11543981481481481,0.2775578703703704,0.4550578703703704,3.80900925925926,8.0,13.0,34.0,63.400000000000006,1.0,1.0,2.0,5.6000000000000005,1.0,1.0,2.0,2.0
complete_years_only,author_association,COLLABORATOR,COLLABORATOR,2021,28,19,8,15,67.85714285714286,28.571428571428573,53.57142857142857,42.10526315789474,0.35714285714285715,1.25,2.7142857142857144,1.0,3,True,True,0.04341435185185185,0.1438888888888889,1.045529513888889,3.5059907407407422,10.5,39.5,110.75,437.1,1.0,4.0,7.5,14.500000000000004,1.0,2.5,7.25,11.0
complete_years_only,author_association,CONTRIBUTOR,CONTRIBUTOR,2021,103,57,12,48,55.33980582524272,11.650485436893204,46.601941747572816,21.05263157894737,0.1650485436893204,1.4166666666666667,1.4271844660194175,1.0,52,False,False,0.0788599537037037,0.5976041666666667,3.815960648148148,13.477564814814812,8.0,22.0,130.0,386.0,1.0,2.0,4.0,13.0,1.0,2.0,4.0,9.0
complete_years_only,author_association,MEMBER,MEMBER,2021,67,48,6,44,71.64179104477611,8.955223880597014,65.67164179104478,12.5,0.14925373134328357,1.6666666666666667,2.253731343283582,1.0,15,False,True,0.04313078703703704,0.8191087962962963,3.142991898148148,6.219907407407407,7.0,39.0,255.0,507.9999999999999,1.0,2.0,9.0,13.399999999999999,1.0,2.0,3.5,10.399999999999999
complete_years_only,author_association,NONE,NONE,2021,2,0,0,0,0.0,0.0,0.0,,0,,0,0.0,1,True,True,10.725257523148148,20.785260416666667,30.845263310185185,36.8812650462963,82.25,104.5,126.75,140.10000000000002,5.5,8.0,10.5,12.0,5.25,5.5,5.75,5.9
complete_years_only,author_association,COLLABORATOR,COLLABORATOR,2022,24,22,4,20,91.66666666666667,16.666666666666668,83.33333333333333,18.181818181818183,0.25,1.5,3.5416666666666665,1.0,4,True,True,0.012065972222222221,0.045844907407407404,0.6783912037037036,1.6682604166666661,2.75,13.5,39.0,72.1,1.0,1.0,3.25,7.0,1.0,2.0,3.25,8.399999999999999
complete_years_only,author_association,CONTRIBUTOR,CONTRIBUTOR,2022,102,94,10,93,92.15686274509804,9.803921568627452,91.17647058823529,10.638297872340425,0.10784313725490197,1.1,2.392156862745098,1.0,29,False,False,0.02062210648148148,0.08943287037037037,0.9598958333333334,2.9035196759259256,4.0,17.5,67.75,188.0000000000001,1.0,1.0,4.0,10.0,1.0,1.0,2.0,5.900000000000006
complete_years_only,author_association,MEMBER,MEMBER,2022,74,72,3,71,97.29729729729729,4.054054054054054,95.94594594594595,4.166666666666667,0.06756756756756757,1.6666666666666667,1.3243243243243243,1.0,14,False,True,0.010303819444444445,0.018113425925925925,0.0695775462962963,0.8226805555555557,4.5,21.5,58.75,157.9000000000001,1.0,2.0,4.0,7.700000000000003,1.0,1.0,1.0,2.0
complete_years_only,author_association,COLLABORATOR,COLLABORATOR,2023,44,44,5,44,100.0,11.363636363636363,100.0,11.363636363636363,0.11363636363636363,1,1.7954545454545454,1.0,9,False,True,0.013411458333333333,0.061828703703703705,0.5877806712962963,1.5859097222222243,3.75,9.0,41.25,87.30000000000003,1.0,2.0,3.0,5.700000000000003,1.0,1.0,3.0,5.700000000000003
complete_years_only,author_association,CONTRIBUTOR,CONTRIBUTOR,2023,91,91,6,91,100.0,6.593406593406593,100.0,6.593406593406593,0.06593406593406594,1,1.5824175824175823,1.0,25,False,True,0.012476851851851852,0.04866898148148148,0.9589583333333334,2.847847222222222,5.0,13.0,41.5,196.0,1.0,2.0,3.0,5.0,1.0,1.0,2.0,4.0
complete_years_only,author_association,MEMBER,MEMBER,2023,65,65,2,65,100.0,3.076923076923077,100.0,3.076923076923077,0.03076923076923077,1,1.4615384615384615,1.0,11,False,True,0.011412037037037037,0.02861111111111111,0.14427083333333332,0.7815694444444445,7.0,27.0,75.0,190.20000000000002,1.0,2.0,3.0,8.600000000000001,1.0,1.0,1.0,3.0
complete_years_only,author_association,COLLABORATOR,COLLABORATOR,2024,31,31,2,31,100.0,6.451612903225806,100.0,6.451612903225806,0.06451612903225806,1,1.6129032258064515,1.0,9,False,True,0.011342592592592593,0.024895833333333332,0.11844328703703703,1.6024189814814815,9.5,20.0,68.5,268.0,1.0,2.0,4.0,8.0,1.0,1.0,2.0,4.0
complete_years_only,author_association,CONTRIBUTOR,CONTRIBUTOR,2024,105,105,1,105,100.0,0.9523809523809523,100.0,0.9523809523809523,0.009523809523809525,1,1.361904761904762,1.0,20,False,True,0.011840277777777778,0.019444444444444445,0.14722222222222223,2.061668981481484,6.0,30.0,66.0,171.0,1.0,2.0,4.0,6.0,1.0,1.0,2.0,3.6000000000000085
complete_years_only,author_association,MEMBER,MEMBER,2024,64,64,0,64,100.0,0.0,100.0,0.0,0,,1.3125,1.0,8,False,True,0.01126736111111111,0.01379050925925926,0.0423582175925926,0.14428125000000006,7.0,27.0,77.5,155.3,1.0,2.0,3.0,6.700000000000003,1.0,1.0,1.0,2.0
complete_years_only,author_association,COLLABORATOR,COLLABORATOR,2025,28,28,0,28,100.0,0.0,100.0,0.0,0,,1.9642857142857142,2.0,11,True,True,0.01587673611111111,0.043680555555555556,0.10908854166666666,0.6861562500000005,7.75,19.5,59.5,84.40000000000003,1.0,2.0,2.25,4.600000000000001,1.0,1.0,2.0,3.0
complete_years_only,author_association,CONTRIBUTOR,CONTRIBUTOR,2025,108,108,4,108,100.0,3.7037037037037037,100.0,3.7037037037037037,0.046296296296296294,1.25,1.8518518518518519,1.0,24,False,True,0.014380787037037037,0.03561342592592592,0.6954253472222223,5.291690972222216,7.0,27.5,91.5,224.99999999999994,1.0,2.0,5.0,8.299999999999997,1.0,1.0,3.0,7.299999999999997
complete_years_only,author_association,MEMBER,MEMBER,2025,64,64,0,64,100.0,0.0,100.0,0.0,0,,1.734375,1.0,10,False,True,0.013046875000000001,0.01814236111111111,0.039496527777777776,0.2091712962962964,5.75,11.0,37.25,128.40000000000023,1.0,1.0,2.25,6.700000000000003,1.0,1.0,1.0,2.0
complete_years_only,review_profile,approval_and_change_request,Both approval and change request,2017,12,12,12,12,100.0,100.0,100.0,100.0,1.3333333333333333,1.3333333333333333,4.666666666666667,2.0,10,True,False,5.15806712962963,8.420810185185186,21.46081886574074,39.84272337962963,37.0,127.0,257.75,301.40000000000003,1.75,3.5,7.0,8.8,3.75,6.0,9.25,12.700000000000001
complete_years_only,review_profile,approval_without_change_request,"Approval(s), no change request",2017,28,28,0,28,100.0,0.0,100.0,0.0,0,,1.5,1.0,21,True,True,0.069453125,0.8705381944444445,3.4278385416666666,14.304429398148148,3.75,16.0,59.25,235.60000000000002,1.0,1.5,4.0,8.700000000000006,1.0,1.0,2.0,6.0
complete_years_only,review_profile,change_request_without_approval,"Change request(s), no approval",2017,13,13,13,0,100.0,100.0,0.0,100.0,1.2307692307692308,1.2307692307692308,4.6923076923076925,2.0,10,True,False,0.6737615740740741,9.835208333333334,30.4221875,50.64890046296297,54.0,79.0,219.0,447.6,2.0,3.0,8.0,13.600000000000001,2.0,3.0,5.0,8.600000000000001
complete_years_only,review_profile,no_submitted_review,No submitted review,2017,135,0,0,0,0.0,0.0,0.0,,0,,0,0.0,71,False,True,0.0413425925925926,0.559224537037037,3.1450694444444443,19.92836111111112,6.0,16.0,68.5,378.6000000000005,1.0,1.0,4.0,10.600000000000009,1.0,1.0,2.0,4.0
complete_years_only,review_profile,review_without_decision,"Review(s), no approval or change request",2017,12,12,0,0,100.0,0.0,0.0,0.0,0,,3.3333333333333335,2.0,7,True,True,0.3844878472222222,1.2426620370370371,4.714997106481482,14.137877314814817,23.5,64.5,310.25,401.6,1.0,6.0,10.0,17.5,1.0,2.0,4.75,15.400000000000002
complete_years_only,review_profile,approval_and_change_request,Both approval and change request,2018,10,10,10,10,100.0,100.0,100.0,100.0,1.3,1.3,5.7,1.5,10,True,False,1.2689149305555554,4.022471064814814,17.08140914351852,32.1593449074074,14.0,44.0,140.25,174.49999999999997,1.0,2.5,3.0,4.899999999999997,3.0,6.0,9.0,13.0
complete_years_only,review_profile,approval_without_change_request,"Approval(s), no change request",2018,62,62,0,62,100.0,0.0,100.0,0.0,0,,1.7096774193548387,1.0,32,False,True,0.09652488425925926,0.9075578703703704,2.692566550925926,13.175789351851844,4.0,16.0,61.0,161.1,1.0,2.0,2.75,6.799999999999997,1.0,1.0,2.0,4.0
complete_years_only,review_profile,change_request_without_approval,"Change request(s), no approval",2018,13,13,13,0,100.0,100.0,0.0,100.0,1.2307692307692308,1.2307692307692308,2.8461538461538463,1.0,11,True,False,3.7089351851851853,7.253078703703704,18.81391203703704,55.79772685185188,13.0,22.0,55.0,120.60000000000005,1.0,1.0,4.0,4.0,2.0,3.0,5.0,5.0
complete_years_only,review_profile,no_submitted_review,No submitted review,2018,103,0,0,0,0.0,0.0,0.0,,0,,0,0.0,59,False,True,0.06221643518518519,0.8610416666666667,4.658888888888889,15.342749999999997,4.0,15.0,81.5,751.9999999999998,1.0,2.0,5.5,18.799999999999983,1.0,1.0,3.0,8.0
complete_years_only,review_profile,review_without_decision,"Review(s), no approval or change request",2018,12,12,0,0,100.0,0.0,0.0,0.0,0,,1.75,1.0,11,True,True,2.0095081018518517,4.87833912037037,16.207155671296295,17.95350115740741,25.5,113.5,177.25,490.3000000000001,1.75,5.5,8.25,10.8,1.0,3.0,4.25,5.9
complete_years_only,review_profile,approval_and_change_request,Both approval and change request,2019,16,16,16,16,100.0,100.0,100.0,100.0,1.1875,1.1875,4.5625,2.0,15,True,False,1.3696903935185185,8.084560185185186,21.894444444444446,27.439305555555556,6.75,23.0,83.25,110.5,1.0,2.0,5.25,6.0,2.0,3.0,5.0,6.0
complete_years_only,review_profile,approval_without_change_request,"Approval(s), no change request",2019,81,81,0,81,100.0,0.0,100.0,0.0,0,,1.5308641975308641,1.0,38,False,True,0.06704861111111111,0.21756944444444445,1.5830208333333333,5.45650462962963,6.0,20.0,62.0,121.0,1.0,2.0,4.0,7.0,1.0,1.0,3.0,5.0
complete_years_only,review_profile,change_request_without_approval,"Change request(s), no approval",2019,12,12,12,0,100.0,100.0,0.0,100.0,1.25,1.25,4.25,1.0,12,True,False,2.1265798611111113,3.5039583333333333,5.3963454861111115,43.50474652777779,31.75,85.0,147.25,174.70000000000002,2.0,3.5,5.5,7.0,2.0,4.5,7.25,8.0
complete_years_only,review_profile,no_submitted_review,No submitted review,2019,85,0,0,0,0.0,0.0,0.0,,0,,0,0.0,50,False,True,0.06497685185185186,0.9510185185185185,6.960902777777778,51.46799074074088,8.0,20.0,135.0,627.2000000000007,1.0,2.0,6.0,12.600000000000009,1.0,2.0,3.0,8.0
complete_years_only,review_profile,review_without_decision,"Review(s), no approval or change request",2019,6,6,0,0,100.0,0.0,0.0,0.0,0,,1.5,1.0,6,True,True,1.7843315972222222,3.8790567129629627,4.279771412037037,78.09768518518517,89.5,136.5,749.75,964.0,5.5,7.5,8.0,12.0,6.5,9.5,11.0,13.5
complete_years_only,review_profile,approval_and_change_request,Both approval and change request,2020,14,14,14,14,100.0,100.0,100.0,100.0,1.0714285714285714,1.0714285714285714,4.285714285714286,2.0,14,True,False,2.9164322916666667,4.127916666666667,9.477644675925927,18.797188657407418,26.0,141.5,297.25,1300.6000000000004,1.25,4.0,7.5,11.0,2.0,3.5,8.75,26.90000000000002
complete_years_only,review_profile,approval_without_change_request,"Approval(s), no change request",2020,94,94,0,94,100.0,0.0,100.0,0.0,0,,1.8297872340425532,1.0,41,False,True,0.12276909722222223,0.8387268518518518,3.197199074074074,8.821546296296296,3.0,16.5,62.5,170.7,1.0,1.0,4.0,7.700000000000003,1.0,2.0,2.0,3.700000000000003
complete_years_only,review_profile,change_request_without_approval,"Change request(s), no approval",2020,9,9,9,0,100.0,100.0,0.0,100.0,1.2222222222222223,1.2222222222222223,4.777777777777778,2.0,9,True,True,4.372280092592592,6.922106481481482,36.172662037037036,125.61742824074081,35.0,83.0,90.0,164.60000000000005,2.0,3.0,5.0,6.4,3.0,3.0,5.0,14.0
complete_years_only,review_profile,no_submitted_review,No submitted review,2020,75,0,0,0,0.0,0.0,0.0,,0,,0,0.0,45,False,True,0.07953703703703703,0.6314351851851852,1.9600983796296296,5.8832245370370515,6.0,30.0,147.0,589.0000000000008,1.0,2.0,7.5,16.800000000000026,1.0,2.0,4.0,9.0
complete_years_only,review_profile,review_without_decision,"Review(s), no approval or change request",2020,8,8,0,0,100.0,0.0,0.0,0.0,0,,2,1.0,6,True,True,1.5408130787037035,5.568414351851851,8.19648148148148,38.49924884259257,69.75,567.0,886.5,3639.5999999999985,3.5,9.5,23.0,140.59999999999997,1.0,1.0,4.5,101.99999999999994
complete_years_only,review_profile,approval_and_change_request,Both approval and change request,2021,14,14,14,14,100.0,100.0,100.0,100.0,1.4285714285714286,1.4285714285714286,9,2.0,9,True,False,1.6734664351851851,3.136087962962963,8.109884259259259,27.770534722222248,74.25,119.0,255.25,669.2000000000004,3.25,6.5,9.75,13.0,5.25,9.0,14.5,27.800000000000015
complete_years_only,review_profile,approval_without_change_request,"Approval(s), no change request",2021,93,93,0,93,100.0,0.0,100.0,0.0,0,,1.5913978494623655,1.0,40,False,True,0.033854166666666664,0.22140046296296295,2.8177430555555554,6.104009259259258,4.0,20.0,74.0,268.79999999999984,1.0,1.0,3.0,7.0,1.0,1.0,2.0,5.0
complete_years_only,review_profile,change_request_without_approval,"Change request(s), no approval",2021,12,12,12,0,100.0,100.0,0.0,100.0,1.4166666666666667,1.4166666666666667,7.166666666666667,2.0,10,True,False,0.7772685185185185,5.143142361111111,6.484918981481481,17.66339467592593,13.25,46.0,410.25,594.9000000000001,1.0,3.0,10.25,17.6,2.0,6.5,10.25,11.0
complete_years_only,review_profile,no_submitted_review,No submitted review,2021,76,0,0,0,0.0,0.0,0.0,,0,,0,0.0,35,False,True,0.06877314814814815,0.4254050925925926,2.486614583333333,6.863929398148148,9.75,37.0,293.75,526.5,1.0,2.5,10.0,18.0,1.0,2.0,4.0,8.0
complete_years_only,review_profile,review_without_decision,"Review(s), no approval or change request",2021,5,5,0,0,100.0,0.0,0.0,0.0,0,,2.8,2.0,5,True,True,0.18619212962962964,0.5615625,0.9917013888888889,13.347784722222222,24.0,33.0,187.0,212.2,3.0,4.0,8.0,13.4,2.0,4.0,4.0,5.2
complete_years_only,review_profile,approval_and_change_request,Both approval and change request,2022,14,14,14,14,100.0,100.0,100.0,100.0,1.2142857142857142,1.2142857142857142,7.285714285714286,2.0,13,True,False,0.7441319444444445,1.0327719907407409,1.7674508101851851,17.22861342592594,47.5,118.0,311.0,406.20000000000016,4.0,6.0,9.5,11.700000000000001,3.25,5.5,12.25,15.700000000000001
complete_years_only,review_profile,approval_without_change_request,"Approval(s), no change request",2022,170,170,0,170,100.0,0.0,100.0,0.0,0,,1.7705882352941176,1.0,38,False,True,0.010477430555555556,0.027569444444444445,0.19560763888888888,2.0651874999999995,3.25,15.0,50.25,105.29999999999993,1.0,1.0,3.0,7.0,1.0,1.0,1.75,3.0
complete_years_only,review_profile,change_request_without_approval,"Change request(s), no approval",2022,3,3,3,0,100.0,100.0,0.0,100.0,1.6666666666666667,1.6666666666666667,7.333333333333333,2.0,2,True,True,0.5322974537037037,0.6937731481481482,5.820219907407408,8.896087962962964,84.0,132.0,142.0,148.0,3.5,4.0,5.0,5.6,6.5,7.0,8.5,9.4
complete_years_only,review_profile,no_submitted_review,No submitted review,2022,12,0,0,0,0.0,0.0,0.0,,0,,0,0.0,10,True,True,0.049846643518518516,0.22901041666666666,0.5749652777777777,0.9882916666666668,8.0,28.5,71.75,97.4,1.0,2.0,7.75,10.9,1.0,1.5,3.0,3.9000000000000004
complete_years_only,review_profile,review_without_decision,"Review(s), no approval or change request",2022,1,1,0,0,100.0,0.0,0.0,0.0,0,,2,2.0,1,True,True,3.5694444444444446,3.5694444444444446,3.5694444444444446,3.5694444444444446,6.0,6.0,6.0,6.0,1.0,1.0,1.0,1.0,1.0,1.0,1.0,1.0
complete_years_only,review_profile,approval_and_change_request,Both approval and change request,2023,13,13,13,13,100.0,100.0,100.0,100.0,1,1,4.846153846153846,2.0,8,True,False,0.21275462962962963,0.6975925925925925,0.9440856481481481,3.399599537037039,11.0,39.0,78.0,248.2000000000001,2.0,2.0,4.0,5.0,3.0,4.0,5.0,11.600000000000001
complete_years_only,review_profile,approval_without_change_request,"Approval(s), no change request",2023,187,187,0,187,100.0,0.0,100.0,0.0,0,,1.3636363636363635,1.0,44,False,True,0.011400462962962963,0.03453703703703704,0.5536574074074074,2.154333333333334,5.0,13.0,49.5,159.40000000000012,1.0,2.0,3.0,7.0,1.0,1.0,2.0,4.0
complete_years_only,review_profile,approval_and_change_request,Both approval and change request,2024,3,3,3,3,100.0,100.0,100.0,100.0,1,1,3.6666666666666665,2.0,3,True,True,1.0118981481481482,1.9804513888888888,2.4758622685185183,2.773108796296296,68.5,117.0,216.0,275.4,3.0,4.0,6.0,7.2,3.0,4.0,5.0,5.6
complete_years_only,review_profile,approval_without_change_request,"Approval(s), no change request",2024,197,197,0,197,100.0,0.0,100.0,0.0,0,,1.350253807106599,1.0,37,False,True,0.011666666666666667,0.016909722222222222,0.08320601851851851,0.7290925925925927,7.0,27.0,70.0,173.00000000000003,1.0,2.0,4.0,7.0,1.0,1.0,2.0,3.0
complete_years_only,review_profile,approval_and_change_request,Both approval and change request,2025,4,4,4,4,100.0,100.0,100.0,100.0,1.25,1.25,4.5,2.5,3,True,True,2.640390625,3.7512789351851854,4.159401041666667,4.405385416666666,101.0,207.5,327.0,363.0,2.75,3.5,5.5,8.200000000000001,4.75,5.0,5.5,6.4
complete_years_only,review_profile,approval_without_change_request,"Approval(s), no change request",2025,196,196,0,196,100.0,0.0,100.0,0.0,0,,1.7755102040816326,1.0,44,False,True,0.01369212962962963,0.024762731481481483,0.14640046296296297,2.326423611111111,6.0,18.5,62.5,167.5,1.0,2.0,4.0,7.5,1.0,1.0,2.0,4.0
complete_years_only,reviewer_band,one,1 identifiable reviewer,2017,33,33,7,25,100.0,21.21212121212121,75.75757575757575,21.21212121212121,0.3333333333333333,1.5714285714285714,1.2424242424242424,1.0,23,False,True,0.186875,0.7769444444444444,3.348564814814815,13.759995370370374,5.0,25.0,67.0,246.60000000000002,1.0,2.0,4.0,9.0,1.0,2.0,3.0,6.0
complete_years_only,reviewer_band,three_plus,3+ identifiable reviewers,2017,6,6,5,2,100.0,83.33333333333333,33.333333333333336,83.33333333333333,1.1666666666666667,1.4,7.333333333333333,3.0,5,True,True,2.0182812500000002,6.784733796296296,35.068009259259256,45.44246527777778,79.0,280.0,446.5,633.0,3.75,6.5,11.5,39.5,3.0,3.5,4.0,11.0
complete_years_only,reviewer_band,two,2 identifiable reviewers,2017,26,26,13,13,100.0,50.0,50.0,50.0,0.5384615384615384,1.0769230769230769,4.384615384615385,2.0,18,True,False,1.239045138888889,5.837737268518518,15.434791666666667,25.954971064814814,32.5,80.0,245.25,831.5,1.0,3.0,7.75,17.5,2.0,3.5,9.0,15.0
complete_years_only,reviewer_band,zero,0 identifiable reviewers,2017,135,0,0,0,0.0,0.0,0.0,,0,,0,0.0,71,False,True,0.0413425925925926,0.559224537037037,3.1450694444444443,19.92836111111112,6.0,16.0,68.5,378.6000000000005,1.0,1.0,4.0,10.600000000000009,1.0,1.0,2.0,4.0
complete_years_only,reviewer_band,one,1 identifiable reviewer,2018,74,74,13,57,100.0,17.56756756756757,77.02702702702703,17.56756756756757,0.20270270270270271,1.1538461538461537,1.3513513513513513,1.0,42,False,False,0.18131944444444442,1.0630381944444445,4.835109953703704,17.296472222222228,5.0,20.0,61.0,166.20000000000002,1.0,2.0,3.75,6.700000000000003,1.0,1.0,3.0,4.0
complete_years_only,reviewer_band,three_plus,3+ identifiable reviewers,2018,5,5,2,5,100.0,40.0,100.0,40.0,0.8,2,7.8,4.0,5,True,True,3.349270833333333,6.119398148148148,6.936157407407407,15.052358796296298,36.0,65.0,167.0,364.40000000000003,3.0,10.0,13.0,13.6,6.0,9.0,13.0,14.8
complete_years_only,reviewer_band,two,2 identifiable reviewers,2018,18,18,8,10,100.0,44.44444444444444,55.55555555555556,44.44444444444444,0.5555555555555556,1.25,4.555555555555555,2.0,16,True,True,1.3774623842592593,6.057876157407407,15.765789930555556,33.52562731481482,14.5,55.0,100.25,181.60000000000005,1.0,2.0,3.0,8.3,2.0,3.5,5.0,6.0
complete_years_only,reviewer_band,zero,0 identifiable reviewers,2018,103,0,0,0,0.0,0.0,0.0,,0,,0,0.0,59,False,True,0.06221643518518519,0.8610416666666667,4.658888888888889,15.342749999999997,4.0,15.0,81.5,751.9999999999998,1.0,2.0,5.5,18.799999999999983,1.0,1.0,3.0,8.0
complete_years_only,reviewer_band,one,1 identifiable reviewer,2019,82,82,14,70,100.0,17.073170731707318,85.36585365853658,17.073170731707318,0.17073170731707318,1,1.1341463414634145,1.0,41,False,False,0.099609375,0.5893807870370371,3.0798234953703707,11.58947106481483,6.25,20.0,70.0,144.20000000000005,1.0,2.0,4.0,7.0,1.0,1.0,3.0,6.0
complete_years_only,reviewer_band,three_plus,3+ identifiable reviewers,2019,3,3,2,2,100.0,66.66666666666667,66.66666666666667,66.66666666666667,0.6666666666666666,1,7.666666666666667,3.0,3,True,True,2.7106192129629627,4.6243287037037035,4.6342997685185185,4.640282407407407,52.0,101.0,121.5,133.8,2.0,3.0,3.0,3.0,2.5,3.0,7.0,9.4
complete_years_only,reviewer_band,two,2 identifiable reviewers,2019,30,30,12,25,100.0,40.0,83.33333333333333,40.0,0.6,1.5,4.7,2.0,27,False,False,0.2217476851851852,1.2294849537037038,8.713333333333333,33.1445451388889,20.25,38.0,103.25,296.40000000000043,1.0,2.0,6.0,15.0,2.0,3.0,5.75,8.0
complete_years_only,reviewer_band,zero,0 identifiable reviewers,2019,85,0,0,0,0.0,0.0,0.0,,0,,0,0.0,50,False,True,0.06497685185185186,0.9510185185185185,6.960902777777778,51.46799074074088,8.0,20.0,135.0,627.2000000000007,1.0,2.0,6.0,12.600000000000009,1.0,2.0,3.0,8.0
complete_years_only,reviewer_band,one,1 identifiable reviewer,2020,82,82,6,73,100.0,7.317073170731708,89.02439024390245,7.317073170731708,0.07317073170731707,1,1.1951219512195121,1.0,37,False,True,0.11425636574074075,0.9693113425925926,4.907867476851852,9.259473379629632,2.25,15.0,53.75,169.00000000000006,1.0,1.0,3.0,7.0,1.0,1.0,2.0,3.0
complete_years_only,reviewer_band,three_plus,3+ identifiable reviewers,2020,10,10,3,7,100.0,30.0,70.0,30.0,0.4,1.3333333333333333,6.9,3.0,10,True,True,3.966255787037037,10.668912037037035,25.522103587962963,42.51942129629627,67.75,255.0,359.5,1700.9999999999968,4.5,7.0,9.5,45.199999999999996,3.5,5.0,6.5,40.89999999999989
complete_years_only,reviewer_band,two,2 identifiable reviewers,2020,33,33,14,28,100.0,42.42424242424242,84.84848484848484,42.42424242424242,0.48484848484848486,1.1428571428571428,3.757575757575758,2.0,23,False,False,0.8230671296296296,2.6187152777777776,4.2804166666666665,9.66303703703704,18.0,70.0,138.0,297.40000000000003,2.0,4.0,6.0,8.0,2.0,2.0,3.0,11.400000000000006
complete_years_only,reviewer_band,zero,0 identifiable reviewers,2020,75,0,0,0,0.0,0.0,0.0,,0,,0,0.0,45,False,True,0.07953703703703703,0.6314351851851852,1.9600983796296296,5.8832245370370515,6.0,30.0,147.0,589.0000000000008,1.0,2.0,7.5,16.800000000000026,1.0,2.0,4.0,9.0
complete_years_only,reviewer_band,one,1 identifiable reviewer,2021,79,79,5,74,100.0,6.329113924050633,93.67088607594937,6.329113924050633,0.0759493670886076,1.2,1.1265822784810127,1.0,37,False,True,0.030862268518518518,0.12737268518518519,2.7744328703703705,6.197349537037037,4.0,18.0,71.5,216.80000000000007,1.0,1.0,3.0,7.0,1.0,1.0,2.0,5.0
complete_years_only,reviewer_band,three_plus,3+ identifiable reviewers,2021,13,13,8,11,100.0,61.53846153846154,84.61538461538461,61.53846153846154,1,1.625,9.307692307692308,3.0,11,True,True,1.5214930555555555,4.326064814814814,12.65074074074074,29.857983796296313,19.0,57.0,181.0,366.4000000000001,1.0,2.0,9.0,12.400000000000002,3.0,6.0,10.0,17.6
complete_years_only,reviewer_band,two,2 identifiable reviewers,2021,32,32,13,22,100.0,40.625,68.75,40.625,0.5625,1.3846153846153846,5.125,2.0,22,False,False,0.25420428240740744,0.8331481481481482,5.260185185185185,18.22352430555557,21.0,73.5,417.75,602.5000000000001,2.0,4.0,9.25,13.900000000000002,2.0,4.0,8.25,11.0
complete_years_only,reviewer_band,zero,0 identifiable reviewers,2021,76,0,0,0,0.0,0.0,0.0,,0,,0,0.0,35,False,True,0.06877314814814815,0.4254050925925926,2.486614583333333,6.863929398148148,9.75,37.0,293.75,526.5,1.0,2.5,10.0,18.0,1.0,2.0,4.0,8.0
complete_years_only,reviewer_band,one,1 identifiable reviewer,2022,145,145,0,145,100.0,0.0,100.0,0.0,0,,1.0620689655172413,1.0,27,False,True,0.0103125,0.021157407407407406,0.07023148148148148,0.6958009259259258,3.0,15.0,43.0,90.59999999999997,1.0,1.0,3.0,5.599999999999994,1.0,1.0,1.0,2.0
complete_years_only,reviewer_band,three_plus,3+ identifiable reviewers,2022,8,8,5,8,100.0,62.5,100.0,62.5,0.625,1,8.875,3.0,8,True,True,0.8517939814814814,1.4591145833333334,9.684464699074073,15.419945601851852,11.75,37.0,354.0,551.9999999999999,1.0,3.0,8.5,10.0,2.75,4.5,10.0,13.6
complete_years_only,reviewer_band,two,2 identifiable reviewers,2022,35,35,12,31,100.0,34.285714285714285,88.57142857142857,34.285714285714285,0.4857142857142857,1.4166666666666667,5.771428571428571,2.0,23,False,False,0.26416087962962964,1.0336342592592593,5.082563657407407,17.02161805555557,12.0,45.0,142.0,259.4000000000001,1.0,4.0,6.5,12.600000000000001,1.5,4.0,8.5,13.800000000000004
complete_years_only,reviewer_band,zero,0 identifiable reviewers,2022,12,0,0,0,0.0,0.0,0.0,,0,,0,0.0,10,True,True,0.049846643518518516,0.22901041666666666,0.5749652777777777,0.9882916666666668,8.0,28.5,71.75,97.4,1.0,2.0,7.75,10.9,1.0,1.5,3.0,3.9000000000000004
complete_years_only,reviewer_band,one,1 identifiable reviewer,2023,152,152,2,152,100.0,1.3157894736842106,100.0,1.3157894736842106,0.013157894736842105,1,1.111842105263158,1.0,33,False,True,0.011142939814814814,0.023587962962962963,0.12083043981481481,1.0008564814814815,5.0,12.5,43.25,169.50000000000014,1.0,2.0,3.0,5.900000000000006,1.0,1.0,1.0,3.0
complete_years_only,reviewer_band,three_plus,3+ identifiable reviewers,2023,9,9,5,9,100.0,55.55555555555556,100.0,55.55555555555556,0.5555555555555556,1,5.111111111111111,3.0,8,True,True,0.7596412037037037,0.9738310185185185,4.9159143518518515,21.994722222222236,27.0,45.0,78.0,524.2,2.0,5.0,7.0,9.8,3.0,3.0,10.0,12.2
complete_years_only,reviewer_band,two,2 identifiable reviewers,2023,39,39,6,39,100.0,15.384615384615385,100.0,15.384615384615385,0.15384615384615385,1,2.641025641025641,2.0,25,False,True,0.052089120370370376,0.4490972222222222,1.1921412037037036,3.041754629629631,4.5,20.0,70.5,136.60000000000005,1.0,1.0,3.0,9.0,1.0,2.0,4.0,5.0
complete_years_only,reviewer_band,one,1 identifiable reviewer,2024,158,158,1,158,100.0,0.6329113924050633,100.0,0.6329113924050633,0.006329113924050633,1,1.0443037974683544,1.0,29,False,True,0.01146412037037037,0.014027777777777778,0.04732349537037037,0.21725578703703707,8.0,27.0,64.0,172.50000000000006,1.0,2.0,3.0,6.300000000000011,1.0,1.0,1.0,2.0
complete_years_only,reviewer_band,three_plus,3+ identifiable reviewers,2024,10,10,1,10,100.0,10.0,100.0,10.0,0.1,1,4.3,3.0,10,True,True,1.9218258101851853,3.3484837962962963,7.210442708333333,46.398515046296225,11.0,28.0,114.75,794.6999999999999,1.25,2.5,17.25,25.999999999999996,2.0,2.5,5.5,9.499999999999998
complete_years_only,reviewer_band,two,2 identifiable reviewers,2024,32,32,1,32,100.0,3.125,100.0,3.125,0.03125,1,2.15625,2.0,19,False,True,0.015445601851851853,0.06665509259259259,0.4849363425925926,1.0186307870370372,5.0,34.5,95.5,169.70000000000002,1.0,1.5,4.25,6.0,1.0,2.0,2.25,4.0
complete_years_only,reviewer_band,one,1 identifiable reviewer,2025,105,105,1,105,100.0,0.9523809523809523,100.0,0.9523809523809523,0.009523809523809525,1,1.0761904761904761,1.0,29,False,True,0.01244212962962963,0.018738425925925926,0.06053240740740741,0.4899675925925934,6.0,15.0,45.0,142.60000000000022,1.0,1.0,3.0,6.0,1.0,1.0,1.0,2.0
complete_years_only,reviewer_band,three_plus,3+ identifiable reviewers,2025,22,22,2,22,100.0,9.090909090909092,100.0,9.090909090909092,0.09090909090909091,1,4.681818181818182,3.0,12,True,True,0.06885995370370371,1.2505613425925926,7.325234375,9.704120370370372,11.0,66.0,167.25,990.3000000000017,1.25,2.0,7.75,15.900000000000002,2.0,3.5,9.25,12.900000000000002
complete_years_only,reviewer_band,two,2 identifiable reviewers,2025,73,73,1,73,100.0,1.36986301369863,100.0,1.36986301369863,0.0273972602739726,2,2.0547945205479454,2.0,31,False,True,0.01412037037037037,0.028043981481481482,0.14810185185185185,2.404185185185185,4.0,25.0,67.0,152.2,1.0,2.0,4.0,7.799999999999997,1.0,1.0,2.0,4.799999999999997
complete_years_only,merge_time_band,day_to_week,1 to under 7 days,2017,49,18,6,11,36.734693877551024,12.244897959183673,22.448979591836736,33.333333333333336,0.1836734693877551,1.5,1.2448979591836735,0.0,34,False,True,2.0512384259259258,2.834189814814815,4.380821759259259,5.992,6.0,20.0,87.0,270.2000000000002,1.0,2.0,5.0,9.0,1.0,1.0,2.0,4.200000000000003
complete_years_only,merge_time_band,hour_to_day,1 hour to under 1 day,2017,70,22,5,13,31.428571428571427,7.142857142857143,18.571428571428573,22.727272727272727,0.08571428571428572,1.2,0.5,0.0,44,False,True,0.09198206018518519,0.24009259259259258,0.5920833333333333,0.7808229166666667,5.25,15.5,61.5,507.4,1.0,1.0,4.0,13.300000000000004,1.0,1.0,2.0,5.100000000000001
complete_years_only,merge_time_band,month_plus,30+ days,2017,17,7,6,3,41.1764705882353,35.294117647058826,17.647058823529413,85.71428571428571,0.35294117647058826,1,2.176470588235294,0.0,17,True,True,41.88216435185185,51.26216435185185,65.61043981481481,86.54978703703705,14.0,37.0,193.0,412.6,1.0,2.0,5.0,5.4,1.0,1.0,4.0,12.200000000000003
complete_years_only,merge_time_band,under_hour,Under 1 hour,2017,38,4,0,4,10.526315789473685,0.0,10.526315789473685,0.0,0,,0.10526315789473684,0.0,15,False,True,0.0014583333333333332,0.011620370370370371,0.023891782407407407,0.02794444444444445,8.25,28.0,112.5,275.80000000000086,1.25,3.0,5.0,14.300000000000004,1.0,1.0,2.0,3.3000000000000043
complete_years_only,merge_time_band,week_to_month,7 to under 30 days,2017,26,14,8,9,53.84615384615385,30.76923076923077,34.61538461538461,57.142857142857146,0.4230769230769231,1.375,2.3846153846153846,1.0,24,True,True,10.065789930555557,15.408078703703705,20.769681712962964,22.450028935185188,11.25,34.5,76.25,287.0,1.0,1.5,3.0,9.5,1.25,2.5,6.75,9.5
complete_years_only,merge_time_band,day_to_week,1 to under 7 days,2018,61,31,9,22,50.81967213114754,14.754098360655737,36.0655737704918,29.032258064516128,0.18032786885245902,1.2222222222222223,1.180327868852459,1.0,40,False,True,2.0035300925925927,3.3097916666666665,4.735150462962963,5.790034722222222,5.0,30.0,138.0,372.0,1.0,2.0,5.0,11.0,1.0,2.0,4.0,6.0
complete_years_only,merge_time_band,hour_to_day,1 hour to under 1 day,2018,60,28,3,26,46.666666666666664,5.0,43.333333333333336,10.714285714285714,0.05,1,0.95,0.0,39,False,True,0.18366608796296297,0.4269675925925926,0.7597366898148148,0.9161134259259259,4.0,9.5,63.0,193.3000000000001,1.0,2.0,4.25,12.100000000000001,1.0,1.0,2.25,4.0
complete_years_only,merge_time_band,month_plus,30+ days,2018,15,7,5,3,46.666666666666664,33.333333333333336,20.0,71.42857142857143,0.4,1.2,1.7333333333333334,0.0,15,True,True,37.37997685185185,60.81615740740741,159.94196180555556,258.4431597222222,21.5,50.0,74.0,105.6,1.0,2.0,3.5,5.199999999999999,1.0,3.0,7.0,13.0
complete_years_only,merge_time_band,under_hour,Under 1 hour,2018,37,14,0,13,37.83783783783784,0.0,35.13513513513514,0.0,0,,0.5675675675675675,0.0,19,False,True,0.002673611111111111,0.006516203703703704,0.01681712962962963,0.02155324074074074,3.0,10.0,67.0,258.19999999999976,1.0,2.0,4.0,7.799999999999997,1.0,1.0,2.0,5.799999999999997
complete_years_only,merge_time_band,week_to_month,7 to under 30 days,2018,27,17,6,8,62.96296296296296,22.22222222222222,29.62962962962963,35.294117647058826,0.3333333333333333,1.5,1.6666666666666667,1.0,22,True,True,11.75041087962963,14.639027777777779,17.75185763888889,20.477604166666666,12.5,37.0,107.5,434.2000000000015,1.0,2.0,4.5,11.00000000000001,1.5,3.0,5.0,11.800000000000004
complete_years_only,merge_time_band,day_to_week,1 to under 7 days,2019,52,31,12,19,59.61538461538461,23.076923076923077,36.53846153846154,38.70967741935484,0.2692307692307692,1.1666666666666667,1.3653846153846154,1.0,34,False,False,1.5760966435185186,2.8721412037037037,4.058865740740741,5.433357638888889,10.75,44.0,146.25,399.1999999999997,1.0,3.0,7.0,8.0,1.0,2.0,5.0,11.0
complete_years_only,merge_time_band,hour_to_day,1 hour to under 1 day,2019,74,49,6,46,66.21621621621621,8.108108108108109,62.16216216216216,12.244897959183673,0.08108108108108109,1,1.2297297297297298,1.0,37,False,True,0.099609375,0.18840856481481483,0.5894068287037038,0.8706412037037038,6.0,20.0,62.75,150.40000000000003,1.0,2.0,4.0,11.700000000000003,1.0,2.0,3.0,5.700000000000003
complete_years_only,merge_time_band,month_plus,30+ days,2019,20,8,4,5,40.0,20.0,25.0,50.0,0.35,1.75,2,0.0,18,True,True,46.368550347222225,96.11533564814815,160.00197337962962,203.76395254629634,10.0,19.5,63.5,139.20000000000022,1.0,2.0,4.0,6.0,1.0,2.0,5.25,7.0
complete_years_only,merge_time_band,under_hour,Under 1 hour,2019,34,16,0,16,47.05882352941177,0.0,47.05882352941177,0.0,0,,0.47058823529411764,0.0,19,False,True,0.00044560185185185187,0.0018923611111111112,0.016793981481481483,0.019734953703703702,3.25,21.0,128.25,703.3,1.0,2.0,5.0,15.099999999999998,1.0,1.0,2.0,4.0
complete_years_only,merge_time_band,week_to_month,7 to under 30 days,2019,20,11,6,11,55.0,30.0,55.0,54.54545454545455,0.35,1.1666666666666667,1.95,1.0,16,True,True,11.36644675925926,13.437494212962964,21.894444444444446,24.34309837962963,7.5,40.5,72.75,285.9000000000001,1.0,2.0,5.25,6.100000000000001,1.0,2.0,3.25,6.200000000000003
complete_years_only,merge_time_band,day_to_week,1 to under 7 days,2020,71,47,12,39,66.19718309859155,16.901408450704224,54.929577464788736,25.53191489361702,0.19718309859154928,1.1666666666666667,1.4507042253521127,1.0,48,False,False,1.916990740740741,2.9694560185185184,4.395138888888889,6.044976851851852,9.5,53.0,141.0,337.0,1.0,2.0,6.0,10.0,1.0,2.0,3.0,6.0
complete_years_only,merge_time_band,hour_to_day,1 hour to under 1 day,2020,66,37,3,34,56.06060606060606,4.545454545454546,51.515151515151516,8.108108108108109,0.045454545454545456,1,1.0757575757575757,1.0,35,False,True,0.15891493055555556,0.4168923611111111,0.7333159722222222,0.8411689814814814,4.0,14.5,111.75,411.0,1.0,1.0,5.75,12.0,1.0,2.0,2.0,4.5
complete_years_only,merge_time_band,month_plus,30+ days,2020,12,7,4,3,58.333333333333336,33.333333333333336,25.0,57.142857142857146,0.3333333333333333,1,2.1666666666666665,1.0,12,True,True,39.879814814814814,55.692384259259256,201.6550289351852,289.722712962963,13.75,30.5,80.25,357.3000000000001,1.0,2.0,4.25,5.9,2.0,3.0,6.0,12.9
complete_years_only,merge_time_band,under_hour,Under 1 hour,2020,34,19,0,19,55.88235294117647,0.0,55.88235294117647,0.0,0,,0.6470588235294118,1.0,14,False,True,0.0018229166666666667,0.0056076388888888894,0.02546585648148148,0.03553935185185185,2.5,13.0,57.0,604.1999999999998,1.0,2.0,6.0,18.599999999999994,1.0,1.0,3.0,5.699999999999999
complete_years_only,merge_time_band,week_to_month,7 to under 30 days,2020,17,15,4,13,88.23529411764706,23.529411764705884,76.47058823529412,26.666666666666668,0.29411764705882354,1.25,4.0588235294117645,1.0,16,True,True,9.306226851851852,12.295960648148148,22.700185185185184,25.46634027777778,8.0,30.0,226.0,599.4000000000001,1.0,3.0,6.0,11.4,1.0,2.0,5.0,5.800000000000001
complete_years_only,merge_time_band,day_to_week,1 to under 7 days,2021,53,35,13,29,66.0377358490566,24.528301886792452,54.716981132075475,37.142857142857146,0.3018867924528302,1.2307692307692308,2.3207547169811322,1.0,35,False,False,2.006388888888889,2.9866550925925925,4.821666666666666,6.131877314814815,9.0,23.0,103.0,387.8,1.0,2.0,4.0,9.800000000000004,1.0,2.0,5.0,9.800000000000004
complete_years_only,merge_time_band,hour_to_day,1 hour to under 1 day,2021,81,48,7,40,59.25925925925926,8.641975308641975,49.382716049382715,14.583333333333334,0.09876543209876543,1.1428571428571428,1.3209876543209877,1.0,32,False,True,0.09059027777777778,0.21708333333333332,0.6517476851851852,0.8498263888888888,11.0,39.0,232.0,547.0,1.0,3.0,9.0,18.0,1.0,2.0,5.0,10.0
complete_years_only,merge_time_band,month_plus,30+ days,2021,7,5,3,4,71.42857142857143,42.857142857142854,57.142857142857146,60.0,1,2.3333333333333335,5.571428571428571,1.0,6,True,True,37.46907407407407,69.94508101851852,99.98261574074074,114.88332407407408,60.5,105.0,147.0,161.8,1.0,2.0,9.0,15.400000000000002,1.5,5.0,9.5,13.200000000000003
complete_years_only,merge_time_band,under_hour,Under 1 hour,2021,42,25,0,25,59.523809523809526,0.0,59.523809523809526,0.0,0,,0.7380952380952381,1.0,21,False,True,0.004907407407407407,0.011655092592592592,0.026397569444444446,0.03361689814814814,4.0,10.5,64.5,165.89999999999998,1.0,1.0,4.0,9.899999999999999,1.0,1.0,2.0,2.8999999999999986
complete_years_only,merge_time_band,week_to_month,7 to under 30 days,2021,17,11,3,9,64.70588235294117,17.647058823529413,52.94117647058823,27.272727272727273,0.35294117647058826,2,4.352941176470588,1.0,16,True,True,12.112743055555555,13.684270833333333,15.622199074074073,20.730715277777776,10.0,26.0,506.0,883.8000000000002,1.0,2.0,9.0,14.0,2.0,2.0,4.0,18.400000000000002
complete_years_only,merge_time_band,day_to_week,1 to under 7 days,2022,25,23,5,22,92.0,20.0,88.0,21.73913043478261,0.28,1.4,5.6,2.0,16,True,True,1.6459143518518518,2.4207175925925926,3.1133449074074075,5.152113425925926,10.0,45.0,117.0,650.600000000001,1.0,4.0,7.0,13.600000000000001,1.0,2.0,5.0,12.600000000000009
complete_years_only,merge_time_band,hour_to_day,1 hour to under 1 day,2022,61,53,7,51,86.88524590163935,11.475409836065573,83.60655737704919,13.20754716981132,0.13114754098360656,1.1428571428571428,2.1475409836065573,1.0,29,False,True,0.08728009259259259,0.19957175925925927,0.6476041666666666,0.7749768518518518,8.0,27.0,75.0,170.0,1.0,2.0,4.0,10.0,1.0,1.0,3.0,7.0
complete_years_only,merge_time_band,month_plus,30+ days,2022,1,1,0,1,100.0,0.0,100.0,0.0,0,,3,2.0,1,True,True,118.06637731481482,118.06637731481482,118.06637731481482,118.06637731481482,192.0,192.0,192.0,192.0,10.0,10.0,10.0,10.0,4.0,4.0,4.0,4.0
complete_years_only,merge_time_band,under_hour,Under 1 hour,2022,105,103,1,103,98.0952380952381,0.9523809523809523,98.0952380952381,0.970873786407767,0.009523809523809525,1,1.0666666666666667,1.0,23,False,True,0.009594907407407408,0.011122685185185185,0.02140046296296296,0.03262037037037038,3.0,13.0,38.0,82.60000000000001,1.0,1.0,3.0,5.0,1.0,1.0,1.0,2.0
complete_years_only,merge_time_band,week_to_month,7 to under 30 days,2022,8,8,4,7,100.0,50.0,87.5,50.0,0.75,1.5,5.125,2.0,8,True,True,13.201284722222223,19.95740740740741,22.370222800925923,25.593950231481482,6.5,22.5,141.25,206.2,1.0,1.5,6.0,7.799999999999999,3.75,5.5,9.25,11.799999999999999
complete_years_only,merge_time_band,day_to_week,1 to under 7 days,2023,26,26,3,26,100.0,11.538461538461538,100.0,11.538461538461538,0.11538461538461539,1,2.4615384615384617,2.0,15,True,True,1.1061863425925926,2.1647511574074074,3.3429050925925927,4.915081018518519,8.25,28.0,87.0,502.5,1.0,2.0,5.0,11.5,1.0,2.0,5.75,11.5
complete_years_only,merge_time_band,hour_to_day,1 hour to under 1 day,2023,69,69,10,69,100.0,14.492753623188406,100.0,14.492753623188406,0.14492753623188406,1,1.826086956521739,1.0,29,False,False,0.08462962962962962,0.14627314814814815,0.6669328703703704,0.8264282407407408,8.0,24.0,60.0,201.4000000000001,1.0,2.0,4.0,7.200000000000003,1.0,1.0,3.0,3.200000000000003
complete_years_only,merge_time_band,month_plus,30+ days,2023,2,2,0,2,100.0,0.0,100.0,0.0,0,,3.5,2.5,2,True,True,97.95918981481482,109.02106481481482,120.08293981481482,126.72006481481483,20.5,38.0,55.5,66.0,3.0,5.0,7.0,8.2,7.0,9.0,11.0,12.2
complete_years_only,merge_time_band,under_hour,Under 1 hour,2023,97,97,0,97,100.0,0.0,100.0,0.0,0,,1.1443298969072164,1.0,27,False,True,0.010358796296296297,0.011423611111111112,0.016666666666666666,0.029004629629629634,4.0,8.0,28.0,82.2000000000001,1.0,1.0,2.0,3.4000000000000057,1.0,1.0,1.0,1.4000000000000057
complete_years_only,merge_time_band,week_to_month,7 to under 30 days,2023,6,6,0,6,100.0,0.0,100.0,0.0,0,,1.6666666666666667,1.0,6,True,True,8.659140625,11.664907407407407,24.25868634259259,28.14300925925926,67.25,96.5,199.25,395.5,2.25,5.0,9.25,12.5,2.5,4.0,9.25,11.5
complete_years_only,merge_time_band,day_to_week,1 to under 7 days,2024,14,14,2,14,100.0,14.285714285714286,100.0,14.285714285714286,0.14285714285714285,1,2.5714285714285716,2.0,10,True,True,2.031851851851852,2.925659722222222,3.7566493055555554,4.585916666666668,16.25,48.5,114.75,288.0000000000001,1.25,3.0,7.5,18.400000000000013,2.0,3.5,5.75,8.700000000000001
complete_years_only,merge_time_band,hour_to_day,1 hour to under 1 day,2024,51,51,1,51,100.0,1.9607843137254901,100.0,1.9607843137254901,0.0196078431372549,1,1.4509803921568627,1.0,23,False,True,0.060723379629629634,0.12497685185185185,0.31276620370370367,0.6926851851851852,8.5,36.0,101.5,190.0,1.0,3.0,4.5,8.0,1.0,1.0,2.0,3.0
complete_years_only,merge_time_band,month_plus,30+ days,2024,2,2,0,2,100.0,0.0,100.0,0.0,0,,4,3.5,2,True,True,261.80302662037036,293.59350694444447,325.3839872685185,344.45827546296294,5.5,7.0,8.5,9.4,1.25,1.5,1.75,1.9,2.0,2.0,2.0,2.0
complete_years_only,merge_time_band,under_hour,Under 1 hour,2024,130,130,0,130,100.0,0.0,100.0,0.0,0,,1.1307692307692307,1.0,28,False,True,0.010787037037037038,0.012349537037037037,0.016707175925925927,0.024936342592592593,6.0,24.5,58.75,139.40000000000003,1.0,2.0,3.0,5.0,1.0,1.0,1.0,2.0
complete_years_only,merge_time_band,week_to_month,7 to under 30 days,2024,3,3,0,3,100.0,0.0,100.0,0.0,0,,4,3.0,3,True,True,13.323981481481482,18.656076388888888,22.326516203703704,24.52878009259259,394.5,787.0,1194.0,1438.2,18.0,35.0,41.0,44.6,1.5,2.0,8.0,11.600000000000001
complete_years_only,merge_time_band,day_to_week,1 to under 7 days,2025,20,20,3,20,100.0,15.0,100.0,15.0,0.2,1.3333333333333333,3.35,2.0,15,True,True,1.5915017361111112,3.17890625,4.054646990740741,4.999915509259261,26.0,97.5,382.5,1268.6000000000006,1.75,4.5,9.25,22.900000000000013,2.0,4.5,10.5,22.70000000000001
complete_years_only,merge_time_band,hour_to_day,1 hour to under 1 day,2025,52,52,1,52,100.0,1.9230769230769231,100.0,1.9230769230769231,0.019230769230769232,1,1.7692307692307692,1.0,26,False,True,0.0644212962962963,0.11737268518518519,0.31667245370370367,0.5431006944444444,7.0,23.5,67.75,131.5,1.0,2.0,4.25,7.0,1.0,1.0,2.25,4.0
complete_years_only,merge_time_band,month_plus,30+ days,2025,2,2,0,2,100.0,0.0,100.0,0.0,0,,2,2.0,2,True,True,126.43951388888888,194.2275810185185,262.01564814814816,302.6884884259259,88.0,90.0,92.0,93.2,2.75,3.5,4.25,4.7,4.75,5.5,6.25,6.7
complete_years_only,merge_time_band,under_hour,Under 1 hour,2025,118,118,0,118,100.0,0.0,100.0,0.0,0,,1.4661016949152543,1.0,27,False,True,0.011640625,0.014490740740740742,0.022158564814814815,0.027825231481481482,5.25,13.5,45.0,120.09999999999998,1.0,1.0,3.0,5.299999999999997,1.0,1.0,1.0,2.0
complete_years_only,merge_time_band,week_to_month,7 to under 30 days,2025,8,8,0,8,100.0,0.0,100.0,0.0,0,,3.75,3.0,5,True,True,9.186359953703704,9.886753472222223,12.398090277777778,16.794045138888887,8.25,68.5,190.5,525.8999999999999,1.0,1.5,5.25,15.3,1.0,6.5,11.5,13.899999999999999
complete_years_only,file_band,one,1 file,2017,91,23,5,17,25.274725274725274,5.4945054945054945,18.681318681318682,21.73913043478261,0.08791208791208792,1.6,0.7252747252747253,0.0,65,False,True,0.15772569444444445,0.7769444444444444,5.837737268518518,23.41230324074074,2.0,6.0,14.0,36.0,1.0,1.0,1.0,1.0,1.0,1.0,1.0,2.0
complete_years_only,file_band,six_plus,6+ files,2017,41,19,9,9,46.34146341463415,21.951219512195124,21.951219512195124,47.36842105263158,0.2926829268292683,1.3333333333333333,1.3658536585365855,0.0,17,False,True,0.04365740740740741,0.470474537037037,2.758414351851852,10.757534722222223,124.0,302.0,742.0,1360.0,7.0,13.0,18.0,39.0,2.0,4.0,10.0,18.0
complete_years_only,file_band,two_to_five,2–5 files,2017,68,23,11,14,33.8235294117647,16.176470588235293,20.58823529411765,47.82608695652174,0.17647058823529413,1.0909090909090908,1.1323529411764706,0.0,41,False,False,0.02811921296296296,0.9133506944444445,7.041906828703704,34.87085995370372,17.0,33.5,78.25,187.40000000000003,2.0,3.0,4.0,5.0,1.0,2.0,3.0,5.300000000000004
complete_years_only,file_band,one,1 file,2018,86,44,11,34,51.16279069767442,12.790697674418604,39.53488372093023,25.0,0.1511627906976744,1.1818181818181819,1.069767441860465,1.0,66,False,False,0.07848958333333333,0.9533680555555555,4.731417824074074,14.39623263888889,2.0,4.5,13.75,34.0,1.0,1.0,1.0,1.0,1.0,1.0,2.0,4.0
complete_years_only,file_band,six_plus,6+ files,2018,41,15,2,8,36.58536585365854,4.878048780487805,19.51219512195122,13.333333333333334,0.07317073170731707,1.5,1.048780487804878,0.0,18,False,True,0.22703703703703704,1.7037037037037037,5.905104166666667,14.283148148148149,118.0,250.0,804.0,1836.0,9.0,10.0,20.0,55.0,2.0,5.0,8.0,17.0
complete_years_only,file_band,two_to_five,2–5 files,2018,73,38,10,30,52.054794520547944,13.698630136986301,41.0958904109589,26.31578947368421,0.1780821917808219,1.3,1.178082191780822,1.0,41,False,False,0.15106481481481482,1.2687152777777777,5.974189814814815,29.280817129629597,12.0,34.0,71.0,137.6,2.0,2.0,3.0,4.0,1.0,2.0,3.0,5.799999999999997
complete_years_only,file_band,one,1 file,2019,78,46,7,44,58.97435897435897,8.974358974358974,56.41025641025641,15.217391304347826,0.08974358974358974,1,0.8589743589743589,1.0,55,False,True,0.09202256944444444,0.46346643518518515,3.6403125000000003,66.50207754629622,2.0,6.0,11.0,36.09999999999998,1.0,1.0,1.0,1.0,1.0,1.0,2.0,3.0
complete_years_only,file_band,six_plus,6+ files,2019,44,22,7,15,50.0,15.909090909090908,34.09090909090909,31.818181818181817,0.18181818181818182,1.1428571428571428,1.1818181818181819,0.5,24,False,True,0.09063078703703703,1.3038831018518517,4.607430555555555,11.897146990740742,95.25,197.5,593.0,1014.1000000000001,7.0,8.0,15.0,20.400000000000006,2.0,4.0,8.5,13.0
complete_years_only,file_band,two_to_five,2–5 files,2019,78,47,14,38,60.256410256410255,17.94871794871795,48.717948717948715,29.78723404255319,0.24358974358974358,1.3571428571428572,1.7692307692307692,1.0,41,False,False,0.09899884259259259,0.8449247685185186,5.653203125,24.568436342592577,18.25,31.0,77.75,169.89999999999986,2.0,3.0,4.0,5.0,1.0,2.0,4.0,6.299999999999997
complete_years_only,file_band,one,1 file,2020,86,54,6,51,62.7906976744186,6.976744186046512,59.30232558139535,11.11111111111111,0.06976744186046512,1,0.9651162790697675,1.0,53,False,True,0.18416087962962963,0.7787847222222222,2.8681915509259257,10.554502314814815,2.0,4.5,13.0,34.0,1.0,1.0,1.0,1.0,1.0,1.0,2.0,3.0
complete_years_only,file_band,six_plus,6+ files,2020,52,30,8,23,57.69230769230769,15.384615384615385,44.23076923076923,26.666666666666668,0.15384615384615385,1,2.0576923076923075,1.0,25,False,True,0.08024884259259259,0.8775636574074074,3.5132060185185185,10.168155092592588,127.5,239.0,728.25,1646.4999999999995,7.0,11.0,17.25,29.9,2.0,3.0,9.0,30.69999999999998
complete_years_only,file_band,two_to_five,2–5 files,2020,61,40,9,33,65.57377049180327,14.754098360655737,54.09836065573771,22.5,0.19672131147540983,1.3333333333333333,1.639344262295082,1.0,36,False,True,0.4550578703703704,2.9451388888888888,5.589803240740741,22.700185185185184,20.0,46.0,96.0,238.0,2.0,3.0,4.0,5.0,1.0,2.0,3.0,5.0
complete_years_only,file_band,zero,0 files,2020,1,1,0,1,100.0,0.0,100.0,0.0,0,,1,1.0,1,True,True,0.005185185185185185,0.005185185185185185,0.005185185185185185,0.005185185185185185,0.0,0.0,0.0,0.0,0.0,0.0,0.0,0.0,1.0,1.0,1.0,1.0
complete_years_only,file_band,one,1 file,2021,83,54,4,49,65.06024096385542,4.819277108433735,59.036144578313255,7.407407407407407,0.060240963855421686,1.25,1.0602409638554218,1.0,47,False,True,0.042847222222222224,0.27163194444444444,3.659259259259259,13.301157407407405,3.0,8.0,18.0,36.599999999999994,1.0,1.0,1.0,1.0,1.0,1.0,2.0,3.0
complete_years_only,file_band,six_plus,6+ files,2021,53,28,13,21,52.83018867924528,24.528301886792452,39.62264150943396,46.42857142857143,0.37735849056603776,1.5384615384615385,3.660377358490566,1.0,17,False,False,0.09059027777777778,0.8164699074074074,3.1886689814814817,12.051,176.0,319.0,553.0,1169.8000000000006,9.0,12.0,18.0,26.200000000000017,3.0,6.0,11.0,16.0
complete_years_only,file_band,two_to_five,2–5 files,2021,63,41,9,36,65.07936507936508,14.285714285714286,57.142857142857146,21.951219512195124,0.19047619047619047,1.3333333333333333,1.4444444444444444,1.0,34,False,True,0.08072916666666666,0.7342013888888889,2.81912037037037,6.438377314814816,16.0,38.0,69.5,260.2000000000003,2.0,3.0,4.0,4.0,1.0,2.0,3.0,5.800000000000004
complete_years_only,file_band,zero,0 files,2021,1,1,0,1,100.0,0.0,100.0,0.0,0,,1,1.0,1,True,True,0.00900462962962963,0.00900462962962963,0.00900462962962963,0.00900462962962963,0.0,0.0,0.0,0.0,0.0,0.0,0.0,0.0,1.0,1.0,1.0,1.0
complete_years_only,file_band,one,1 file,2022,99,94,1,93,94.94949494949495,1.0101010101010102,93.93939393939394,1.0638297872340425,0.010101010101010102,1,1.2525252525252526,1.0,33,False,True,0.010295138888888888,0.02851851851851852,0.1731886574074074,2.1037824074074085,2.0,4.0,10.5,21.0,1.0,1.0,1.0,1.0,1.0,1.0,1.0,2.0
complete_years_only,file_band,six_plus,6+ files,2022,36,32,9,31,88.88888888888889,25.0,86.11111111111111,28.125,0.3333333333333333,1.3333333333333333,5.055555555555555,1.0,19,False,True,0.05960358796296296,0.6689525462962963,2.2703616898148145,8.48626736111111,74.5,146.0,299.0,893.0,7.0,10.0,13.25,18.0,2.0,3.0,6.5,14.0
complete_years_only,file_band,two_to_five,2–5 files,2022,65,62,7,60,95.38461538461539,10.76923076923077,92.3076923076923,11.290322580645162,0.13846153846153847,1.2857142857142858,1.8615384615384616,1.0,26,False,True,0.011122685185185185,0.028645833333333332,0.2612847222222222,1.1190833333333337,21.0,40.0,63.0,107.40000000000003,2.0,3.0,4.0,4.600000000000001,1.0,1.0,2.0,4.600000000000001
complete_years_only,file_band,one,1 file,2023,93,93,3,93,100.0,3.225806451612903,100.0,3.225806451612903,0.03225806451612903,1,1.3978494623655915,1.0,35,False,True,0.01056712962962963,0.017291666666666667,0.10958333333333334,0.9731226851851847,2.0,5.0,13.0,30.39999999999999,1.0,1.0,1.0,1.0,1.0,1.0,1.0,2.0
complete_years_only,file_band,six_plus,6+ files,2023,25,25,1,25,100.0,4.0,100.0,4.0,0.04,1,2.12,1.0,13,True,True,0.09034722222222222,0.6669328703703704,2.2168402777777776,11.881784722222225,90.0,216.0,309.0,536.2,8.0,10.0,13.0,21.400000000000013,2.0,4.0,11.0,16.60000000000001
complete_years_only,file_band,two_to_five,2–5 files,2023,82,82,9,82,100.0,10.975609756097562,100.0,10.975609756097562,0.10975609756097561,1,1.646341463414634,1.0,30,False,True,0.01265335648148148,0.0709664351851852,0.7672222222222222,1.2106250000000007,10.0,27.0,59.75,138.40000000000003,2.0,3.0,3.0,5.0,1.0,1.0,2.0,4.0
complete_years_only,file_band,one,1 file,2024,83,83,0,83,100.0,0.0,100.0,0.0,0,,1.3614457831325302,1.0,32,False,True,0.010873842592592591,0.01607638888888889,0.0671701388888889,0.6365601851851849,4.0,9.0,24.5,44.8,1.0,1.0,1.0,1.0,1.0,1.0,1.0,2.0
complete_years_only,file_band,six_plus,6+ files,2024,26,26,1,26,100.0,3.8461538461538463,100.0,3.8461538461538463,0.038461538461538464,1,1.7692307692307692,1.0,18,True,True,0.01503761574074074,0.09755787037037036,1.6466637731481482,4.316539351851852,64.25,140.0,303.25,825.5,7.25,9.0,13.75,23.5,1.0,2.0,4.0,7.5
complete_years_only,file_band,two_to_five,2–5 files,2024,91,91,2,91,100.0,2.197802197802198,100.0,2.197802197802198,0.02197802197802198,1,1.2967032967032968,1.0,26,False,True,0.011863425925925927,0.016655092592592593,0.05148726851851852,0.47230324074074076,14.0,41.0,103.0,190.0,2.0,3.0,4.0,5.0,1.0,1.0,2.0,3.0
complete_years_only,file_band,one,1 file,2025,95,95,0,95,100.0,0.0,100.0,0.0,0,,1.5263157894736843,1.0,32,False,True,0.013038194444444446,0.021574074074074075,0.10627893518518519,0.8183842592592611,3.0,7.0,18.0,42.20000000000006,1.0,1.0,1.0,1.0,1.0,1.0,1.0,2.0
complete_years_only,file_band,six_plus,6+ files,2025,31,31,1,31,100.0,3.225806451612903,100.0,3.225806451612903,0.03225806451612903,1,2.7096774193548385,2.0,15,False,True,0.021579861111111112,0.06674768518518519,1.3560416666666666,3.479814814814815,81.0,154.0,411.0,1228.0,7.0,9.0,15.5,31.0,1.0,3.0,7.5,16.0
complete_years_only,file_band,two_to_five,2–5 files,2025,74,74,3,74,100.0,4.054054054054054,100.0,4.054054054054054,0.05405405405405406,1.3333333333333333,1.8513513513513513,1.5,33,False,True,0.014638310185185185,0.029427083333333333,0.22514756944444445,4.112074074074075,11.25,28.5,70.0,126.7,2.0,2.0,4.0,5.0,1.0,1.0,2.0,4.700000000000003
complete_years_only,commit_band,one,1 commit,2017,109,22,1,16,20.18348623853211,0.9174311926605505,14.678899082568808,4.545454545454546,0.009174311926605505,1,0.5229357798165137,0.0,63,False,True,0.04365740740740741,0.5981481481481481,2.958645833333333,22.526113425925946,4.0,9.0,33.0,115.40000000000003,1.0,1.0,2.0,5.0,1.0,1.0,1.0,1.0
complete_years_only,commit_band,six_plus,6+ commits,2017,24,16,9,10,66.66666666666667,37.5,41.666666666666664,56.25,0.4166666666666667,1.1111111111111112,2.2916666666666665,1.0,18,True,True,0.07864872685185186,6.514380787037037,16.82191550925926,28.319222222222216,76.25,303.5,783.25,1766.8999999999999,3.75,9.5,15.75,31.7,7.0,9.5,16.25,33.69999999999999
complete_years_only,commit_band,two_to_five,2–5 commits,2017,67,27,15,14,40.298507462686565,22.388059701492537,20.895522388059703,55.55555555555556,0.31343283582089554,1.4,1.2985074626865671,0.0,38,False,False,0.11571180555555555,0.8625694444444445,5.889212962962963,18.0089375,15.0,39.0,127.0,367.3999999999999,1.0,2.0,5.0,13.399999999999999,2.0,2.0,3.0,4.0
complete_years_only,commit_band,one,1 commit,2018,98,42,2,36,42.857142857142854,2.0408163265306123,36.734693877551024,4.761904761904762,0.02040816326530612,1,0.5816326530612245,0.0,61,False,True,0.04833912037037037,0.5694328703703704,2.5741811342592595,12.19478356481481,2.0,6.0,24.5,65.59999999999997,1.0,1.0,2.0,4.299999999999997,1.0,1.0,1.0,1.0
complete_years_only,commit_band,six_plus,6+ commits,2018,30,13,7,10,43.333333333333336,23.333333333333332,33.333333333333336,53.84615384615385,0.36666666666666664,1.5714285714285714,2.566666666666667,0.0,18,False,True,0.6188773148148148,3.738721064814815,13.704774305555556,37.038550925926,119.0,262.5,833.5,1939.8000000000015,4.0,9.0,14.0,31.300000000000004,6.25,9.0,13.0,37.2
complete_years_only,commit_band,two_to_five,2–5 commits,2018,72,42,14,26,58.333333333333336,19.444444444444443,36.111111111111114,33.333333333333336,0.2222222222222222,1.1428571428571428,1.2083333333333333,1.0,43,False,False,0.5826736111111112,3.0412731481481483,7.457042824074074,18.745082175925926,11.75,34.5,71.25,194.7,1.0,2.0,4.0,9.0,2.0,3.0,4.0,4.0
complete_years_only,commit_band,one,1 commit,2019,89,50,2,49,56.17977528089887,2.247191011235955,55.056179775280896,4.0,0.033707865168539325,1.5,0.7078651685393258,1.0,49,False,True,0.04752314814814815,0.3095717592592593,2.4436805555555554,26.76085185185187,4.0,10.0,22.0,70.0,1.0,1.0,3.0,5.0,1.0,1.0,1.0,1.0
complete_years_only,commit_band,six_plus,6+ commits,2019,30,19,8,9,63.333333333333336,26.666666666666668,30.0,42.10526315789474,0.4,1.5,2.7333333333333334,1.0,22,False,True,0.4415914351851852,2.799074074074074,9.152951388888889,85.71692476851858,44.5,116.5,419.25,975.7,3.0,5.0,12.75,19.300000000000004,7.0,8.0,12.0,16.300000000000004
complete_years_only,commit_band,two_to_five,2–5 commits,2019,81,46,18,39,56.79012345679013,22.22222222222222,48.148148148148145,39.130434782608695,0.2345679012345679,1.0555555555555556,1.382716049382716,1.0,46,False,False,0.14126157407407408,0.9490740740740741,5.225034722222222,22.286527777777778,15.0,41.0,142.0,554.0,2.0,2.0,6.0,8.0,2.0,2.0,4.0,5.0
complete_years_only,commit_band,one,1 commit,2020,78,52,3,47,66.66666666666667,3.8461538461538463,60.256410256410255,5.769230769230769,0.038461538461538464,1,0.9487179487179487,1.0,42,False,True,0.03818576388888889,0.4905439814814815,1.8916984953703704,5.171978009259256,2.0,6.0,32.75,92.6,1.0,1.0,2.0,7.0,1.0,1.0,1.0,1.0
complete_years_only,commit_band,six_plus,6+ commits,2020,23,12,6,8,52.17391304347826,26.08695652173913,34.78260869565217,50.0,0.2608695652173913,1,2.3043478260869565,1.0,13,True,True,0.3405266203703704,1.897013888888889,6.644710648148148,32.15612037037038,274.0,671.0,1540.5,2166.8,6.0,12.0,24.5,43.8,9.0,13.0,25.5,40.6
complete_years_only,commit_band,two_to_five,2–5 commits,2020,99,61,14,53,61.61616161616162,14.141414141414142,53.535353535353536,22.950819672131146,0.1717171717171717,1.2142857142857142,1.6565656565656566,1.0,59,False,False,0.4639351851851852,2.6187152777777776,5.087199074074074,25.134206018518523,12.0,43.0,116.0,268.6,1.0,2.0,5.0,10.200000000000003,2.0,2.0,3.0,4.200000000000003
complete_years_only,commit_band,one,1 commit,2021,91,59,2,56,64.83516483516483,2.197802197802198,61.53846153846154,3.389830508474576,0.02197802197802198,1,0.8021978021978022,1.0,44,False,True,0.025179398148148145,0.10984953703703704,1.6742650462962962,5.245428240740741,3.0,8.0,36.0,145.0,1.0,1.0,2.0,6.0,1.0,1.0,1.0,1.0
complete_years_only,commit_band,six_plus,6+ commits,2021,40,26,16,19,65.0,40.0,47.5,61.53846153846154,0.625,1.5625,5.125,1.0,15,False,False,0.17977719907407408,0.8892824074074074,4.919045138888889,19.08902777777778,133.0,348.0,499.75,915.2000000000003,4.75,10.0,14.0,20.0,7.75,9.5,12.25,22.0
complete_years_only,commit_band,two_to_five,2–5 commits,2021,69,39,8,32,56.52173913043478,11.594202898550725,46.3768115942029,20.512820512820515,0.14492753623188406,1.25,1.391304347826087,1.0,40,False,True,0.12790509259259258,0.8657407407407407,3.755335648148148,11.973370370370374,16.0,32.0,130.0,397.60000000000025,1.0,2.0,4.0,13.0,2.0,2.0,4.0,4.200000000000003
complete_years_only,commit_band,one,1 commit,2022,135,129,1,128,95.55555555555556,0.7407407407407407,94.81481481481481,0.7751937984496124,0.007407407407407408,1,1.0518518518518518,1.0,33,False,True,0.010271990740740741,0.020613425925925927,0.06886574074074074,0.4376828703703707,2.0,12.0,30.5,66.60000000000001,1.0,1.0,2.5,4.0,1.0,1.0,1.0,1.0
complete_years_only,commit_band,six_plus,6+ commits,2022,18,17,10,14,94.44444444444444,55.55555555555556,77.77777777777777,58.8235294117647,0.7777777777777778,1.4,10,2.0,12,True,False,0.45155960648148147,1.01390625,4.300607638888889,22.155918981481484,86.25,169.5,529.75,872.2,4.25,6.0,10.75,14.600000000000001,8.25,10.0,14.5,16.0
complete_years_only,commit_band,two_to_five,2–5 commits,2022,47,42,6,42,89.36170212765957,12.76595744680851,89.36170212765957,14.285714285714286,0.14893617021276595,1.1666666666666667,2.234042553191489,1.0,27,False,True,0.035896990740740736,0.6476041666666666,1.8352314814814816,6.920192129629626,11.5,45.0,92.5,194.39999999999998,1.0,3.0,7.0,11.799999999999997,2.0,2.0,3.0,4.0
complete_years_only,commit_band,one,1 commit,2023,133,133,1,133,100.0,0.7518796992481203,100.0,0.7518796992481203,0.007518796992481203,1,1.1654135338345866,1.0,37,False,True,0.01056712962962963,0.016666666666666666,0.08978009259259259,0.6989166666666666,4.0,8.0,28.0,73.99999999999999,1.0,1.0,2.0,3.0,1.0,1.0,1.0,1.0
complete_years_only,commit_band,six_plus,6+ commits,2023,14,14,3,14,100.0,21.428571428571427,100.0,21.428571428571427,0.21428571428571427,1,3.142857142857143,1.5,9,True,True,0.9971469907407408,2.496047453703704,5.325535300925926,12.09866203703704,90.5,293.0,544.75,1238.1000000000008,7.5,11.0,14.5,22.30000000000001,9.25,11.5,13.0,24.60000000000001
complete_years_only,commit_band,two_to_five,2–5 commits,2023,53,53,9,53,100.0,16.9811320754717,100.0,16.9811320754717,0.16981132075471697,1,2.2452830188679247,1.0,26,False,True,0.07429398148148147,0.4490972222222222,1.0183217592592593,4.627356481481488,10.0,28.0,60.0,150.20000000000002,1.0,3.0,4.0,7.800000000000004,2.0,3.0,3.0,4.0
complete_years_only,commit_band,one,1 commit,2024,140,140,0,140,100.0,0.0,100.0,0.0,0,,1.1357142857142857,1.0,30,False,True,0.011099537037037038,0.013478009259259259,0.031594328703703704,0.1506319444444445,5.75,18.0,48.0,111.80000000000007,1.0,2.0,3.0,4.0,1.0,1.0,1.0,1.0
complete_years_only,commit_band,six_plus,6+ commits,2024,7,7,1,7,100.0,14.285714285714286,100.0,14.285714285714286,0.14285714285714285,1,3.142857142857143,2.0,6,True,True,1.7611747685185186,2.971273148148148,4.297326388888889,13.320157407407414,21.0,36.0,280.5,593.2,1.5,5.0,14.0,26.600000000000005,8.5,9.0,10.5,12.200000000000001
complete_years_only,commit_band,two_to_five,2–5 commits,2024,53,53,2,53,100.0,3.7735849056603774,100.0,3.7735849056603774,0.03773584905660377,1,1.8113207547169812,1.0,23,False,True,0.016724537037037038,0.07731481481481481,0.7082638888888889,3.589583333333337,28.0,66.0,158.0,225.0,2.0,4.0,6.0,12.400000000000013,2.0,2.0,3.0,4.0
complete_years_only,commit_band,one,1 commit,2025,137,137,0,137,100.0,0.0,100.0,0.0,0,,1.4014598540145986,1.0,32,False,True,0.012592592592592593,0.01871527777777778,0.04469907407407407,0.3834305555555557,4.0,10.0,35.0,82.20000000000002,1.0,1.0,2.0,5.0,1.0,1.0,1.0,1.0
complete_years_only,commit_band,six_plus,6+ commits,2025,16,16,1,16,100.0,6.25,100.0,6.25,0.0625,1,4.0625,2.5,9,True,True,2.1334172453703704,3.569675925925926,8.351195023148147,10.525428240740741,124.0,274.0,1106.5,1438.0,4.25,7.5,19.75,33.0,7.75,11.5,16.0,25.5
complete_years_only,commit_band,two_to_five,2–5 commits,2025,47,47,3,47,100.0,6.382978723404255,100.0,6.382978723404255,0.0851063829787234,1.3333333333333333,2.3191489361702127,2.0,27,False,True,0.02586226851851852,0.057152777777777775,0.7222800925925926,3.7480324074074067,18.5,52.0,87.0,233.19999999999982,1.0,3.0,5.0,8.0,2.0,2.0,3.0,4.399999999999999
matched_calendar_window,size_band,large,"201–1,000 changed lines",2017,25,13,8,6,52.0,32.0,24.0,61.53846153846154,0.36,1.125,2.6,1.0,15,True,True,0.049351851851851855,0.7785416666666667,6.847418981481481,38.85379861111113,269.0,401.0,507.0,763.4,4.0,7.0,13.0,16.800000000000004,2.0,5.0,10.0,14.800000000000004
matched_calendar_window,size_band,medium,51–200 changed lines,2017,31,13,7,7,41.935483870967744,22.580645161290324,22.580645161290324,53.84615384615385,0.3225806451612903,1.4285714285714286,1.4193548387096775,0.0,18,False,True,0.02675347222222222,0.7761574074074075,2.846591435185185,15.46150462962963,64.0,80.0,124.5,154.0,3.0,4.0,7.5,16.0,1.0,2.0,3.0,4.0
matched_calendar_window,size_band,small,11–50 changed lines,2017,43,15,5,12,34.883720930232556,11.627906976744185,27.906976744186046,33.333333333333336,0.16279069767441862,1.4,1.0465116279069768,0.0,28,False,True,0.1061574074074074,0.8176041666666667,6.245601851851852,21.48057175925926,15.0,23.0,29.5,34.60000000000001,1.0,2.0,3.0,4.0,1.0,2.0,2.0,4.6000000000000085
matched_calendar_window,size_band,xl,"1,001+ changed lines",2017,6,2,0,2,33.333333333333336,0.0,33.333333333333336,0.0,0,,1,0.0,5,True,True,0.12388599537037037,0.7441840277777778,4.296400462962962,13.098657407407408,1373.75,1511.5,1778.25,3443.5,22.25,28.5,31.75,47.5,4.75,16.0,34.75,52.5
matched_calendar_window,size_band,xs,1–10 changed lines,2017,39,9,0,8,23.076923076923077,0.0,20.512820512820515,0.0,0,,0.38461538461538464,0.0,31,False,True,0.036174768518518516,0.5691087962962963,3.0162615740740737,8.336835648148169,2.0,4.0,7.0,9.0,1.0,1.0,1.0,1.2000000000000028,1.0,1.0,1.0,2.0
matched_calendar_window,size_band,large,"201–1,000 changed lines",2018,16,8,2,5,50.0,12.5,31.25,25.0,0.1875,1.5,1.25,0.5,9,True,True,0.18819155092592593,1.4866087962962964,4.774956597222222,5.385005787037037,245.75,362.5,501.75,731.0,7.75,9.5,13.25,14.5,4.0,6.5,8.0,9.0
matched_calendar_window,size_band,medium,51–200 changed lines,2018,31,16,5,11,51.61290322580645,16.129032258064516,35.483870967741936,31.25,0.22580645161290322,1.4,1.967741935483871,1.0,21,False,True,0.12215856481481482,1.2687152777777777,7.055520833333333,61.01991898148148,64.5,81.0,159.5,187.0,2.0,4.0,7.5,10.0,1.0,3.0,5.5,11.0
matched_calendar_window,size_band,small,11–50 changed lines,2018,40,16,7,10,40.0,17.5,25.0,43.75,0.225,1.2857142857142858,1,0.0,30,False,True,0.906484375,3.1254340277777777,9.926657986111111,35.79683796296297,14.75,20.0,30.25,40.2,1.0,2.0,3.0,5.0,1.0,2.0,3.0,4.100000000000001
matched_calendar_window,size_band,xl,"1,001+ changed lines",2018,5,0,0,0,0.0,0.0,0.0,,0,,0,0.0,5,True,True,0.1686574074074074,1.4629050925925926,4.043043981481482,10.187106481481482,1836.0,4465.0,6553.0,9545.800000000001,9.0,20.0,34.0,115.00000000000001,8.0,17.0,17.0,50.60000000000001
matched_calendar_window,size_band,xs,1–10 changed lines,2018,38,13,1,10,34.21052631578947,2.6315789473684212,26.31578947368421,7.6923076923076925,0.02631578947368421,1,0.631578947368421,0.0,32,False,True,0.08892939814814815,0.7106018518518518,2.605121527777778,5.9884259259259265,2.0,3.0,5.0,6.300000000000004,1.0,1.0,1.0,2.0,1.0,1.0,1.75,2.3000000000000043
matched_calendar_window,size_band,zero,0 changed lines,2018,1,0,0,0,0.0,0.0,0.0,,0,,0,0.0,1,True,True,0.33643518518518517,0.33643518518518517,0.33643518518518517,0.33643518518518517,0.0,0.0,0.0,0.0,55.0,55.0,55.0,55.0,1.0,1.0,1.0,1.0
matched_calendar_window,size_band,large,"201–1,000 changed lines",2019,18,6,2,3,33.333333333333336,11.11111111111111,16.666666666666668,33.333333333333336,0.1111111111111111,1,0.6666666666666666,0.0,12,True,True,0.10464988425925927,1.0908912037037037,6.357256944444445,24.730326388888898,294.75,449.0,639.0,960.0,5.25,9.5,14.5,17.6,2.0,3.5,12.75,16.900000000000002
matched_calendar_window,size_band,medium,51–200 changed lines,2019,32,24,8,17,75.0,25.0,53.125,33.333333333333336,0.34375,1.375,1.90625,1.0,21,False,True,0.1393778935185185,1.737980324074074,4.774505208333333,13.597396990740743,65.0,98.5,124.5,144.70000000000002,2.0,3.0,6.0,7.900000000000002,1.0,2.5,4.0,7.0
matched_calendar_window,size_band,small,11–50 changed lines,2019,44,24,5,21,54.54545454545455,11.363636363636363,47.72727272727273,20.833333333333332,0.1590909090909091,1.4,1.1136363636363635,1.0,31,False,True,0.07314525462962962,0.7634548611111112,9.49121238425926,97.75313194444446,17.5,21.0,29.5,39.7,1.0,2.0,4.0,5.0,1.0,2.0,5.0,6.0
matched_calendar_window,size_band,xl,"1,001+ changed lines",2019,3,0,0,0,0.0,0.0,0.0,,0,,0,0.0,3,True,True,0.7975925925925926,1.5215972222222223,2.7555092592592594,3.4958564814814816,1189.0,1237.0,1641.0,1883.4,5.5,8.0,15.5,20.0,3.5,5.0,16.5,23.400000000000002
matched_calendar_window,size_band,xs,1–10 changed lines,2019,49,30,5,29,61.224489795918366,10.204081632653061,59.183673469387756,16.666666666666668,0.10204081632653061,1,1.163265306122449,1.0,38,False,True,0.0515162037037037,0.2467013888888889,2.0586574074074075,25.828101851851876,2.0,4.0,8.0,10.0,1.0,1.0,1.0,2.0,1.0,1.0,1.0,2.0
matched_calendar_window,size_band,large,"201–1,000 changed lines",2020,16,10,3,6,62.5,18.75,37.5,30.0,0.25,1.3333333333333333,2.25,1.0,13,True,True,0.3849652777777778,1.4009490740740742,4.082086226851851,9.562974537037036,278.5,371.0,632.5,691.0,5.75,10.0,13.25,32.0,3.0,4.0,6.75,11.5
matched_calendar_window,size_band,medium,51–200 changed lines,2020,41,25,7,21,60.97560975609756,17.073170731707318,51.21951219512195,28.0,0.1951219512195122,1.1428571428571428,1.829268292682927,1.0,25,False,True,0.7561342592592593,1.897013888888889,3.8371875,4.875717592592593,65.0,96.0,138.0,160.0,3.0,5.0,8.0,11.0,2.0,2.0,3.0,5.0
matched_calendar_window,size_band,small,11–50 changed lines,2020,34,27,4,23,79.41176470588235,11.764705882352942,67.6470588235294,14.814814814814815,0.14705882352941177,1.25,1.5294117647058822,1.0,21,False,True,0.4804861111111111,2.4304282407407407,6.095587384259259,9.466400462962962,15.0,21.5,29.75,38.89999999999999,1.0,1.5,2.75,4.0,1.0,2.0,2.0,3.0
matched_calendar_window,size_band,xl,"1,001+ changed lines",2020,8,4,3,3,50.0,37.5,37.5,75.0,0.375,1,2.625,0.5,6,True,True,0.06616319444444445,3.605636574074074,7.404091435185185,37.25217129629628,1606.75,2132.0,2251.75,4738.5999999999985,14.0,24.5,36.5,80.6,15.0,34.0,39.5,124.39999999999995
matched_calendar_window,size_band,xs,1–10 changed lines,2020,55,32,2,32,58.18181818181818,3.6363636363636362,58.18181818181818,6.25,0.03636363636363636,1,0.6727272727272727,1.0,40,False,True,0.04338541666666667,0.6314351851851852,2.294670138888889,18.25165740740743,2.0,3.0,6.0,8.0,1.0,1.0,1.0,2.0,1.0,1.0,2.0,2.0
matched_calendar_window,size_band,zero,0 changed lines,2020,1,1,0,1,100.0,0.0,100.0,0.0,0,,1,1.0,1,True,True,0.005185185185185185,0.005185185185185185,0.005185185185185185,0.005185185185185185,0.0,0.0,0.0,0.0,0.0,0.0,0.0,0.0,1.0,1.0,1.0,1.0
matched_calendar_window,size_band,large,"201–1,000 changed lines",2021,30,16,5,13,53.333333333333336,16.666666666666668,43.333333333333336,31.25,0.2,1.2,1.9333333333333333,1.0,15,False,True,0.15683449074074074,0.8345775462962963,2.6597974537037037,5.704559027777787,269.75,353.0,480.75,745.4000000000001,4.25,9.0,13.75,20.0,3.0,6.5,10.75,16.0
matched_calendar_window,size_band,medium,51–200 changed lines,2021,29,20,8,19,68.96551724137932,27.586206896551722,65.51724137931035,40.0,0.41379310344827586,1.5,2.7241379310344827,1.0,19,True,True,0.3862037037037037,0.9917013888888889,4.689247685185185,35.40735879629629,60.0,99.0,143.0,168.79999999999998,2.0,4.0,7.0,10.599999999999998,1.0,2.0,5.0,9.0
matched_calendar_window,size_band,small,11–50 changed lines,2021,44,30,4,25,68.18181818181819,9.090909090909092,56.81818181818182,13.333333333333334,0.11363636363636363,1.25,1.3863636363636365,1.0,31,False,True,0.06263310185185185,0.4958275462962963,2.8346672453703703,6.119153935185186,16.75,21.0,29.25,38.0,1.0,2.0,3.0,4.0,1.0,2.0,2.25,4.0
matched_calendar_window,size_band,xl,"1,001+ changed lines",2021,5,3,1,3,60.0,20.0,60.0,33.333333333333336,0.4,2,5.2,1.0,5,True,True,0.8496990740740741,0.8956828703703704,3.299328703703704,9.214766203703705,1197.0,1477.0,1526.0,2968.4000000000005,27.0,29.0,39.0,340.20000000000005,3.0,5.0,24.0,28.8
matched_calendar_window,size_band,xs,1–10 changed lines,2021,43,28,1,26,65.11627906976744,2.3255813953488373,60.46511627906977,3.5714285714285716,0.023255813953488372,1,0.7906976744186046,1.0,32,False,True,0.023055555555555555,0.10049768518518519,2.6748611111111114,4.931425925925927,2.0,4.0,8.0,9.0,1.0,1.0,1.0,2.0,1.0,1.0,1.0,2.0
matched_calendar_window,size_band,zero,0 changed lines,2021,1,1,0,1,100.0,0.0,100.0,0.0,0,,1,1.0,1,True,True,0.00900462962962963,0.00900462962962963,0.00900462962962963,0.00900462962962963,0.0,0.0,0.0,0.0,0.0,0.0,0.0,0.0,1.0,1.0,1.0,1.0
matched_calendar_window,size_band,large,"201–1,000 changed lines",2022,11,10,5,10,90.9090909090909,45.45454545454545,90.9090909090909,50.0,0.45454545454545453,1,5.454545454545454,2.0,9,True,True,0.08375578703703704,0.690300925925926,1.5194270833333334,5.6478125,286.5,325.0,704.5,841.0,7.0,11.0,13.5,16.0,4.0,6.0,14.0,15.0
matched_calendar_window,size_band,medium,51–200 changed lines,2022,29,25,5,23,86.20689655172414,17.24137931034483,79.3103448275862,20.0,0.2413793103448276,1.4,2.9310344827586206,1.0,15,True,True,0.028680555555555556,0.5507523148148148,0.9941782407407408,1.8344189814814815,65.0,77.0,117.0,150.4,3.0,4.0,7.0,10.0,1.0,2.0,4.0,8.2
matched_calendar_window,size_band,small,11–50 changed lines,2022,36,33,4,32,91.66666666666667,11.11111111111111,88.88888888888889,12.121212121212121,0.16666666666666666,1.5,1.9722222222222223,1.0,15,False,True,0.018683449074074075,0.05524305555555556,0.44448206018518516,1.182476851851852,14.75,22.0,33.25,41.5,1.0,2.0,3.0,5.0,1.0,1.0,2.0,4.0
matched_calendar_window,size_band,xl,"1,001+ changed lines",2022,1,1,0,1,100.0,0.0,100.0,0.0,0,,49,2.0,1,True,True,5.0471875,5.0471875,5.0471875,5.0471875,2530.0,2530.0,2530.0,2530.0,19.0,19.0,19.0,19.0,44.0,44.0,44.0,44.0
matched_calendar_window,size_band,xs,1–10 changed lines,2022,52,48,0,47,92.3076923076923,0.0,90.38461538461539,0.0,0,,1.1923076923076923,1.0,28,False,True,0.00853587962962963,0.023634259259259258,0.1468113425925926,1.9627881944444439,2.0,2.0,6.25,8.0,1.0,1.0,1.0,1.0,1.0,1.0,1.0,2.0
matched_calendar_window,size_band,large,"201–1,000 changed lines",2023,9,9,1,9,100.0,11.11111111111111,100.0,11.11111111111111,0.1111111111111111,1,2.4444444444444446,1.0,7,True,True,0.2109837962962963,2.1126620370370373,2.7752546296296297,10.253432870370375,265.0,277.0,392.0,524.2,6.0,8.0,10.0,13.0,1.0,3.0,9.0,10.2
matched_calendar_window,size_band,medium,51–200 changed lines,2023,28,28,3,28,100.0,10.714285714285714,100.0,10.714285714285714,0.10714285714285714,1,2.0714285714285716,1.0,17,True,True,0.021264467592592592,0.08519097222222222,0.6979658564814815,5.157238425925929,69.0,79.5,134.5,160.60000000000002,2.0,3.5,7.25,9.600000000000001,1.0,2.0,4.25,11.3
matched_calendar_window,size_band,small,11–50 changed lines,2023,40,40,3,40,100.0,7.5,100.0,7.5,0.075,1,1.475,1.0,25,False,True,0.012630208333333334,0.08388888888888889,0.7984577546296296,3.623237268518521,14.75,23.5,33.5,42.2,1.0,2.0,3.0,4.0,1.0,1.0,3.0,3.0
matched_calendar_window,size_band,xl,"1,001+ changed lines",2023,2,2,0,2,100.0,0.0,100.0,0.0,0,,3.5,1.5,2,True,True,1.6047019675925926,2.0472164351851854,2.4897309027777776,2.755239583333333,1688.75,1871.5,2054.25,2163.9,34.25,43.5,52.75,58.300000000000004,27.5,28.0,28.5,28.8
matched_calendar_window,size_band,xs,1–10 changed lines,2023,64,64,1,64,100.0,1.5625,100.0,1.5625,0.015625,1,1.390625,1.0,28,False,True,0.010520833333333333,0.020347222222222225,0.12214988425925927,1.0622430555555558,2.0,4.0,8.0,9.0,1.0,1.0,1.25,2.0,1.0,1.0,1.0,2.0
matched_calendar_window,size_band,large,"201–1,000 changed lines",2024,13,13,1,13,100.0,7.6923076923076925,100.0,7.6923076923076925,0.07692307692307693,1,1.6153846153846154,1.0,11,True,True,0.013518518518518518,0.01892361111111111,1.9804513888888888,4.330099537037039,268.0,315.0,445.0,730.4000000000002,3.0,5.0,9.0,20.400000000000006,1.0,1.0,2.0,4.0
matched_calendar_window,size_band,medium,51–200 changed lines,2024,35,35,0,35,100.0,0.0,100.0,0.0,0,,1.3714285714285714,1.0,18,False,True,0.01228587962962963,0.019444444444444445,0.11631944444444445,1.3139768518518538,64.5,97.0,135.0,167.8,2.0,4.0,6.5,11.200000000000003,1.0,2.0,2.0,4.0
matched_calendar_window,size_band,small,11–50 changed lines,2024,43,43,0,43,100.0,0.0,100.0,0.0,0,,1.255813953488372,1.0,22,False,True,0.011614583333333334,0.016724537037037038,0.04835648148148148,0.8220787037037052,15.0,26.0,36.0,43.60000000000001,1.0,2.0,2.0,4.0,1.0,1.0,1.0,2.0
matched_calendar_window,size_band,xl,"1,001+ changed lines",2024,2,2,0,2,100.0,0.0,100.0,0.0,0,,2,1.5,2,True,True,4.766440972222222,9.396319444444444,14.026197916666666,16.804125,3055.75,4510.5,5965.25,6838.1,21.5,30.0,38.5,43.6,2.5,3.0,3.5,3.8
matched_calendar_window,size_band,xs,1–10 changed lines,2024,47,47,0,47,100.0,0.0,100.0,0.0,0,,1.4042553191489362,1.0,22,False,True,0.011689814814814816,0.013993055555555555,0.06070601851851852,0.5012847222222219,3.0,5.0,6.5,9.0,1.0,1.0,2.0,2.0,1.0,1.0,1.0,2.0
matched_calendar_window,size_band,large,"201–1,000 changed lines",2025,11,11,2,11,100.0,18.181818181818183,100.0,18.181818181818183,0.18181818181818182,1,2.090909090909091,1.0,10,True,True,0.018761574074074073,0.02480324074074074,2.5602488425925927,6.977094907407407,236.5,304.0,384.0,509.0,3.0,5.0,9.5,12.0,1.0,3.0,5.0,10.0
matched_calendar_window,size_band,medium,51–200 changed lines,2025,24,24,1,24,100.0,4.166666666666667,100.0,4.166666666666667,0.08333333333333333,2,1.625,1.0,18,True,True,0.013616898148148149,0.04981481481481481,0.19596354166666669,4.225951388888888,73.25,85.5,112.75,126.4,2.0,4.5,7.0,7.0,1.0,1.5,4.0,5.0
matched_calendar_window,size_band,small,11–50 changed lines,2025,40,40,0,40,100.0,0.0,100.0,0.0,0,,1.125,1.0,19,False,True,0.01318576388888889,0.01734953703703704,0.08657696759259259,0.41590277777777795,15.75,21.5,31.0,45.0,1.0,2.0,3.0,4.0,1.0,1.0,1.0,2.0
matched_calendar_window,size_band,xl,"1,001+ changed lines",2025,2,2,0,2,100.0,0.0,100.0,0.0,0,,2,1.5,1,True,True,0.9347482638888889,1.86140625,2.788064236111111,3.3440590277777775,2106.0,2752.0,3398.0,3785.6,7.75,12.5,17.25,20.1,8.0,15.0,22.0,26.2
matched_calendar_window,size_band,xs,1–10 changed lines,2025,46,46,0,46,100.0,0.0,100.0,0.0,0,,1.1956521739130435,1.0,24,False,True,0.01144386574074074,0.021799768518518517,0.11418692129629629,1.5517824074074076,2.0,4.0,7.0,9.0,1.0,1.0,1.0,2.0,1.0,1.0,1.0,1.0
matched_calendar_window,size_band,large,"201–1,000 changed lines",2026,41,41,1,41,100.0,2.4390243902439024,100.0,2.4390243902439024,0.024390243902439025,1,3.8292682926829267,2.0,25,False,True,0.04493055555555556,0.1112962962962963,0.8671180555555555,2.9444097222222223,296.0,436.0,633.0,840.0,5.0,8.0,13.0,19.0,2.0,2.0,4.0,14.0
matched_calendar_window,size_band,medium,51–200 changed lines,2026,56,56,0,56,100.0,0.0,100.0,0.0,0,,3.125,2.5,31,False,True,0.030969328703703704,0.06365162037037037,0.1567679398148148,0.8399363425925925,65.5,91.5,131.25,171.0,2.0,4.0,5.25,7.0,1.0,2.0,3.0,5.0
matched_calendar_window,size_band,small,11–50 changed lines,2026,45,45,0,45,100.0,0.0,100.0,0.0,0,,3.066666666666667,2.0,24,False,True,0.03210648148148148,0.05228009259259259,0.18641203703703704,2.9810254629629664,17.0,25.0,39.0,47.0,1.0,2.0,3.0,4.600000000000001,1.0,2.0,2.0,4.600000000000001
matched_calendar_window,size_band,xl,"1,001+ changed lines",2026,9,9,0,9,100.0,0.0,100.0,0.0,0,,4.111111111111111,2.0,6,True,True,0.0296875,0.06983796296296296,0.7143171296296297,1.0673125,1547.0,1998.0,2232.0,3314.4000000000005,15.0,18.0,31.0,44.0,2.0,2.0,7.0,11.0
matched_calendar_window,size_band,xs,1–10 changed lines,2026,49,49,1,49,100.0,2.0408163265306123,100.0,2.0408163265306123,0.02040816326530612,1,2.2448979591836733,2.0,28,False,True,0.016574074074074074,0.025486111111111112,0.08695601851851852,1.5928796296296417,2.0,4.0,6.0,8.200000000000003,1.0,1.0,1.0,2.0,1.0,1.0,1.0,2.0
matched_calendar_window,author_kind,user,User account,2017,144,52,20,35,36.111111111111114,13.88888888888889,24.305555555555557,38.46153846153846,0.18055555555555555,1.3,1.2152777777777777,0.0,60,False,False,0.053466435185185186,0.7178587962962963,4.609157986111111,21.03361226851852,9.75,30.0,138.0,426.70000000000016,1.0,2.0,5.0,13.700000000000017,1.0,2.0,3.0,7.0
matched_calendar_window,author_kind,user,User account,2018,131,53,15,36,40.458015267175576,11.450381679389313,27.480916030534353,28.30188679245283,0.15267175572519084,1.3333333333333333,1.1068702290076335,0.0,64,False,False,0.23005208333333332,1.4082407407407407,5.312841435185185,20.499270833333334,6.0,23.0,120.0,353.0,1.0,2.0,5.5,12.0,1.0,2.0,4.0,8.0
matched_calendar_window,author_kind,user,User account,2019,146,84,20,70,57.534246575342465,13.698630136986301,47.945205479452056,23.80952380952381,0.17123287671232876,1.25,1.226027397260274,1.0,68,False,False,0.08495949074074075,0.7944849537037038,4.639285300925926,32.17374421296296,8.0,22.0,99.75,352.5,1.0,2.0,4.0,8.0,1.0,2.0,4.0,7.0
matched_calendar_window,author_kind,bot,Bot account,2020,3,0,0,0,0.0,0.0,0.0,,0,,0,0.0,1,True,True,0.4464930555555555,0.6314351851851852,0.9571006944444445,1.1525,8.0,10.0,11.5,12.4,1.0,1.0,1.0,1.0,1.0,1.0,1.5,1.8
matched_calendar_window,author_kind,other_unknown,Other / unknown account,2020,1,1,0,1,100.0,0.0,100.0,0.0,0,,1,1.0,1,True,True,6.044976851851852,6.044976851851852,6.044976851851852,6.044976851851852,3.0,3.0,3.0,3.0,1.0,1.0,1.0,1.0,1.0,1.0,1.0,1.0
matched_calendar_window,author_kind,user,User account,2020,151,98,19,85,64.90066225165563,12.582781456953642,56.29139072847682,19.387755102040817,0.1456953642384106,1.1578947368421053,1.4635761589403973,1.0,65,False,False,0.1780613425925926,1.0559027777777779,4.164293981481482,9.535046296296295,5.0,28.0,118.5,387.0,1.0,2.0,6.0,12.0,1.0,2.0,3.0,5.0
matched_calendar_window,author_kind,bot,Bot account,2021,1,0,0,0,0.0,0.0,0.0,,0,,0,0.0,1,True,True,0.04137731481481482,0.04137731481481482,0.04137731481481482,0.04137731481481482,8.0,8.0,8.0,8.0,1.0,1.0,1.0,1.0,1.0,1.0,1.0,1.0
matched_calendar_window,author_kind,user,User account,2021,151,98,19,87,64.90066225165563,12.582781456953642,57.615894039735096,19.387755102040817,0.17218543046357615,1.368421052631579,1.7152317880794703,1.0,58,False,False,0.06081018518518519,0.6652546296296297,2.8488368055555555,8.735219907407407,9.0,29.0,171.5,387.0,1.0,2.0,5.0,13.0,1.0,2.0,4.0,10.0
matched_calendar_window,author_kind,user,User account,2022,129,117,14,113,90.69767441860465,10.852713178294573,87.59689922480621,11.965811965811966,0.13953488372093023,1.2857142857142858,2.5348837209302326,1.0,38,False,False,0.012094907407407407,0.05856481481481481,0.6937731481481482,2.0695069444444445,4.0,16.0,65.0,175.60000000000008,1.0,2.0,4.0,8.400000000000006,1.0,1.0,2.0,6.200000000000003
matched_calendar_window,author_kind,user,User account,2023,143,143,8,143,100.0,5.594405594405594,100.0,5.594405594405594,0.055944055944055944,1,1.6433566433566433,1.0,37,False,True,0.011591435185185186,0.056712962962962965,0.7456539351851852,2.691196759259258,5.0,13.0,53.5,150.2,1.0,2.0,3.0,7.0,1.0,1.0,2.0,4.0
matched_calendar_window,author_kind,bot,Bot account,2024,2,2,0,2,100.0,0.0,100.0,0.0,0,,1,1.0,1,True,True,0.4394415509259259,0.48023726851851856,0.5210329861111112,0.5455104166666667,17.0,24.0,31.0,35.2,1.0,1.0,1.0,1.0,1.0,1.0,1.0,1.0
matched_calendar_window,author_kind,user,User account,2024,138,138,1,138,100.0,0.7246376811594203,100.0,0.7246376811594203,0.007246376811594203,1,1.3840579710144927,1.0,33,False,True,0.01175347222222222,0.017118055555555553,0.07820891203703703,1.9067002314814812,6.25,27.0,84.25,225.0,1.0,2.0,4.0,8.0,1.0,1.0,2.0,3.299999999999997
matched_calendar_window,author_kind,bot,Bot account,2025,5,5,1,5,100.0,20.0,100.0,20.0,0.2,1,2.4,2.0,2,True,True,0.18579861111111112,3.4246296296296297,10.01863425925926,13.430099537037037,87.0,118.0,219.0,271.8,1.0,1.0,2.0,2.6,1.0,5.0,5.0,5.6
matched_calendar_window,author_kind,user,User account,2025,118,118,2,118,100.0,1.694915254237288,100.0,1.694915254237288,0.025423728813559324,1.5,1.305084745762712,1.0,35,False,True,0.01247974537037037,0.02205439814814815,0.11675925925925926,1.37989236111111,6.0,18.0,59.0,162.2999999999999,1.0,2.0,3.75,6.299999999999997,1.0,1.0,1.0,3.0
matched_calendar_window,author_kind,bot,Bot account,2026,21,21,0,21,100.0,0.0,100.0,0.0,0,,3.0476190476190474,3.0,3,True,True,0.07516203703703704,0.11648148148148148,0.7498148148148148,0.9448032407407407,6.0,19.0,56.0,92.0,1.0,2.0,3.0,4.0,1.0,1.0,2.0,3.0
matched_calendar_window,author_kind,user,User account,2026,179,179,2,179,100.0,1.1173184357541899,100.0,1.1173184357541899,0.0111731843575419,1,3.089385474860335,2.0,48,False,True,0.024253472222222225,0.04822916666666666,0.16730902777777779,2.1611435185185286,13.0,64.0,256.0,715.6,1.0,3.0,6.0,14.0,1.0,2.0,3.0,6.200000000000017
matched_calendar_window,association_group,contributor_first_time,Contributor / first-time contributor,2017,117,40,17,24,34.18803418803419,14.52991452991453,20.512820512820515,42.5,0.19658119658119658,1.3529411764705883,1.2136752136752136,0.0,44,False,False,0.04365740740740741,0.6108449074074074,4.128761574074074,21.234451388888893,10.0,32.0,154.0,438.8000000000001,1.0,3.0,6.0,13.400000000000006,1.0,2.0,3.0,6.400000000000006
matched_calendar_window,association_group,member_owner_collaborator,Member / owner / collaborator,2017,17,7,2,6,41.1764705882353,11.764705882352942,35.294117647058826,28.571428571428573,0.11764705882352941,1,0.7058823529411765,0.0,7,True,True,0.07105324074074074,0.6921990740740741,3.0738773148148146,6.960060185185187,9.0,23.0,138.0,712.2000000000003,1.0,2.0,5.0,17.400000000000002,1.0,2.0,3.0,13.0
matched_calendar_window,association_group,none,No recorded association,2017,10,5,1,5,50.0,10.0,50.0,20.0,0.1,1,2.1,0.5,9,True,True,0.547505787037037,0.8841493055555556,12.864690393518519,64.2500011574074,9.0,25.0,54.25,139.39999999999995,1.0,1.0,1.75,2.1999999999999993,1.0,1.0,2.0,6.399999999999999
matched_calendar_window,association_group,contributor_first_time,Contributor / first-time contributor,2018,95,34,10,22,35.78947368421053,10.526315789473685,23.157894736842106,29.41176470588235,0.14736842105263157,1.4,1.1368421052631579,0.0,50,False,False,0.26590856481481484,1.8179976851851851,4.863790509259259,14.640152777777784,4.5,19.0,74.5,242.80000000000015,1.0,2.0,4.0,10.600000000000009,1.0,1.0,3.0,6.0
matched_calendar_window,association_group,member_owner_collaborator,Member / owner / collaborator,2018,21,13,2,13,61.904761904761905,9.523809523809524,61.904761904761905,15.384615384615385,0.09523809523809523,1,1.380952380952381,1.0,8,True,True,0.5080092592592592,0.89125,4.735150462962963,23.988483796296297,30.0,64.0,353.0,696.0,2.0,3.0,7.0,14.0,1.0,4.0,7.0,11.0
matched_calendar_window,association_group,none,No recorded association,2018,15,6,3,1,40.0,20.0,6.666666666666667,50.0,0.26666666666666666,1.3333333333333333,0.5333333333333333,0.0,6,True,True,0.01572337962962963,0.9313425925925926,10.90695601851852,29.63411111111111,17.5,50.0,161.0,211.79999999999998,1.5,4.0,7.5,10.799999999999999,1.5,3.0,4.0,5.0
matched_calendar_window,association_group,contributor_first_time,Contributor / first-time contributor,2019,94,49,15,39,52.12765957446808,15.957446808510639,41.48936170212766,30.612244897959183,0.2127659574468085,1.3333333333333333,1.3297872340425532,1.0,49,False,False,0.08546006944444445,0.9322106481481481,5.139270833333334,50.12984490740748,6.25,25.0,107.0,450.20000000000005,1.0,2.0,5.0,10.100000000000009,1.0,2.0,4.0,10.100000000000009
matched_calendar_window,association_group,member_owner_collaborator,Member / owner / collaborator,2019,40,29,4,26,72.5,10.0,65.0,13.793103448275861,0.1,1,1.15,1.0,11,False,True,0.0522193287037037,0.20277199074074073,1.349939236111111,8.339752314814817,9.5,20.0,66.75,187.30000000000015,1.0,2.0,4.0,7.0,1.0,2.0,3.0,5.0
matched_calendar_window,association_group,none,No recorded association,2019,12,6,1,5,50.0,8.333333333333334,41.666666666666664,16.666666666666668,0.08333333333333333,1,0.6666666666666666,0.5,8,True,True,0.7444733796296297,2.2506770833333336,43.39876736111111,121.20913888888893,11.75,18.5,33.25,67.9,1.0,1.5,3.25,4.9,1.0,1.5,3.5,6.800000000000001
matched_calendar_window,association_group,contributor_first_time,Contributor / first-time contributor,2020,109,61,15,50,55.96330275229358,13.761467889908257,45.87155963302752,24.59016393442623,0.1651376146788991,1.2,1.3027522935779816,1.0,52,False,False,0.4391550925925926,1.8107175925925927,4.797835648148149,14.74978240740744,5.0,26.0,114.0,480.20000000000005,1.0,2.0,6.0,11.200000000000003,1.0,2.0,3.0,6.6000000000000085
matched_calendar_window,association_group,member_owner_collaborator,Member / owner / collaborator,2020,41,33,3,33,80.48780487804878,7.317073170731708,80.48780487804878,9.090909090909092,0.07317073170731707,1,1.7073170731707317,1.0,12,False,True,0.024953703703703704,0.6565625,2.9377546296296297,4.319293981481482,6.0,28.0,123.0,279.0,1.0,2.0,6.0,12.0,1.0,2.0,3.0,5.0
matched_calendar_window,association_group,none,No recorded association,2020,5,5,1,3,100.0,20.0,60.0,20.0,0.2,1,2,1.0,3,True,True,0.11543981481481481,0.2775578703703704,0.4550578703703704,3.80900925925926,8.0,13.0,34.0,63.400000000000006,1.0,1.0,2.0,5.6000000000000005,1.0,1.0,2.0,2.0
matched_calendar_window,association_group,contributor_first_time,Contributor / first-time contributor,2021,82,45,9,39,54.8780487804878,10.975609756097562,47.5609756097561,20.0,0.14634146341463414,1.3333333333333333,1.2804878048780488,1.0,40,False,True,0.08769097222222222,0.5823090277777778,2.798489583333333,11.46138657407409,8.25,24.0,133.75,377.30000000000007,1.0,2.0,4.0,13.0,1.0,2.0,4.0,9.0
matched_calendar_window,association_group,member_owner_collaborator,Member / owner / collaborator,2021,68,53,10,48,77.94117647058823,14.705882352941176,70.58823529411765,18.867924528301888,0.20588235294117646,1.4,2.264705882352941,1.0,18,False,False,0.035390625,0.6054629629629629,2.83865162037037,4.979258101851852,9.0,32.0,204.5,396.90000000000015,1.0,2.0,6.0,13.0,1.0,2.0,4.0,11.300000000000004
matched_calendar_window,association_group,none,No recorded association,2021,2,0,0,0,0.0,0.0,0.0,,0,,0,0.0,1,True,True,10.725257523148148,20.785260416666667,30.845263310185185,36.8812650462963,82.25,104.5,126.75,140.10000000000002,5.5,8.0,10.5,12.0,5.25,5.5,5.75,5.9
matched_calendar_window,association_group,contributor_first_time,Contributor / first-time contributor,2022,71,63,8,62,88.73239436619718,11.267605633802816,87.32394366197182,12.698412698412698,0.1267605633802817,1.125,2.7746478873239435,1.0,23,False,True,0.020931712962962964,0.10199074074074074,0.9418055555555556,2.4207175925925926,5.5,20.0,72.0,198.0,1.0,2.0,4.0,10.0,1.0,1.0,2.0,9.0
matched_calendar_window,association_group,member_owner_collaborator,Member / owner / collaborator,2022,58,54,6,51,93.10344827586206,10.344827586206897,87.93103448275862,11.11111111111111,0.15517241379310345,1.5,2.2413793103448274,1.0,15,False,True,0.009704861111111112,0.03460648148148148,0.6027662037037037,1.305616898148152,3.25,15.5,64.5,138.00000000000009,1.0,2.0,4.0,7.300000000000004,1.0,1.0,2.0,5.300000000000004
matched_calendar_window,association_group,contributor_first_time,Contributor / first-time contributor,2023,65,65,4,65,100.0,6.153846153846154,100.0,6.153846153846154,0.06153846153846154,1,1.6307692307692307,1.0,19,False,True,0.01175925925925926,0.08462962962962962,1.0016087962962963,2.9038703703703703,4.0,13.0,41.0,178.00000000000006,1.0,2.0,3.0,8.000000000000007,1.0,1.0,2.0,4.600000000000001
matched_calendar_window,association_group,member_owner_collaborator,Member / owner / collaborator,2023,78,78,4,78,100.0,5.128205128205129,100.0,5.128205128205129,0.05128205128205128,1,1.6538461538461537,1.0,18,False,True,0.011623263888888888,0.04599537037037037,0.3378761574074074,1.2894837962962942,6.0,14.0,72.0,141.39999999999998,1.0,2.0,3.0,7.0,1.0,1.0,2.0,4.0
matched_calendar_window,association_group,contributor_first_time,Contributor / first-time contributor,2024,74,74,0,74,100.0,0.0,100.0,0.0,0,,1.4189189189189189,1.0,18,False,True,0.012589699074074074,0.024450231481481483,0.37178819444444444,2.8983333333333348,6.0,25.0,65.5,214.5000000000001,1.0,2.0,3.0,6.700000000000003,1.0,1.0,2.0,4.0
matched_calendar_window,association_group,member_owner_collaborator,Member / owner / collaborator,2024,66,66,1,66,100.0,1.5151515151515151,100.0,1.5151515151515151,0.015151515151515152,1,1.3333333333333333,1.0,16,False,True,0.011336805555555555,0.01572916666666667,0.04561342592592593,0.12146412037037035,8.25,29.0,96.5,222.0,1.0,2.0,4.0,10.5,1.0,1.0,1.0,2.0
matched_calendar_window,association_group,contributor_first_time,Contributor / first-time contributor,2025,69,69,3,69,100.0,4.3478260869565215,100.0,4.3478260869565215,0.057971014492753624,1.3333333333333333,1.463768115942029,1.0,23,False,True,0.013715277777777778,0.03262731481481482,0.5132291666666666,4.234162037037038,6.0,27.0,87.0,206.20000000000005,1.0,2.0,4.0,7.0,1.0,1.0,2.0,5.0
matched_calendar_window,association_group,member_owner_collaborator,Member / owner / collaborator,2025,54,54,0,54,100.0,0.0,100.0,0.0,0,,1.2037037037037037,1.0,14,False,True,0.011255787037037036,0.01734953703703704,0.050792824074074074,0.2771134259259263,6.25,16.5,43.25,103.90000000000013,1.0,1.0,2.0,6.0,1.0,1.0,1.0,2.0
matched_calendar_window,association_group,contributor_first_time,Contributor / first-time contributor,2026,89,89,2,89,100.0,2.247191011235955,100.0,2.247191011235955,0.02247191011235955,1,3.3820224719101124,2.0,27,False,True,0.025763888888888888,0.06618055555555556,0.25469907407407405,3.846854166666667,8.0,50.0,203.0,747.4,1.0,2.0,4.0,14.200000000000003,1.0,2.0,2.0,3.200000000000003
matched_calendar_window,association_group,member_owner_collaborator,Member / owner / collaborator,2026,111,111,0,111,100.0,0.0,100.0,0.0,0,,2.8468468468468466,2.0,24,False,True,0.02367476851851852,0.04822916666666666,0.14583912037037036,1.3746064814814816,17.5,58.0,189.5,475.0,1.0,4.0,6.5,13.0,1.0,2.0,3.0,7.0
matched_calendar_window,author_association,COLLABORATOR,COLLABORATOR,2017,5,4,1,3,80.0,20.0,60.0,25.0,0.2,1,1,1.0,1,True,True,0.07105324074074074,0.6737615740740741,2.3739583333333334,2.7939097222222222,10.0,13.0,20.0,40.400000000000006,1.0,1.0,2.0,3.8000000000000003,1.0,1.0,2.0,2.6
matched_calendar_window,author_association,CONTRIBUTOR,CONTRIBUTOR,2017,117,40,17,24,34.18803418803419,14.52991452991453,20.512820512820515,42.5,0.19658119658119658,1.3529411764705883,1.2136752136752136,0.0,44,False,False,0.04365740740740741,0.6108449074074074,4.128761574074074,21.234451388888893,10.0,32.0,154.0,438.8000000000001,1.0,3.0,6.0,13.400000000000006,1.0,2.0,3.0,6.400000000000006
matched_calendar_window,author_association,MEMBER,MEMBER,2017,12,3,1,3,25.0,8.333333333333334,25.0,33.333333333333336,0.08333333333333333,1,0.5833333333333334,0.0,6,True,True,0.12071759259259261,0.997650462962963,5.330920138888889,8.858659722222225,8.25,26.5,293.0,1078.7000000000003,1.0,2.0,8.25,20.400000000000002,1.0,2.0,6.25,13.0
matched_calendar_window,author_association,NONE,NONE,2017,10,5,1,5,50.0,10.0,50.0,20.0,0.1,1,2.1,0.5,9,True,True,0.547505787037037,0.8841493055555556,12.864690393518519,64.2500011574074,9.0,25.0,54.25,139.39999999999995,1.0,1.0,1.75,2.1999999999999993,1.0,1.0,2.0,6.399999999999999
matched_calendar_window,author_association,COLLABORATOR,COLLABORATOR,2018,1,0,0,0,0.0,0.0,0.0,,0,,0,0.0,1,True,True,61.01991898148148,61.01991898148148,61.01991898148148,61.01991898148148,53.0,53.0,53.0,53.0,2.0,2.0,2.0,2.0,1.0,1.0,1.0,1.0
matched_calendar_window,author_association,CONTRIBUTOR,CONTRIBUTOR,2018,95,34,10,22,35.78947368421053,10.526315789473685,23.157894736842106,29.41176470588235,0.14736842105263157,1.4,1.1368421052631579,0.0,50,False,False,0.26590856481481484,1.8179976851851851,4.863790509259259,14.640152777777784,4.5,19.0,74.5,242.80000000000015,1.0,2.0,4.0,10.600000000000009,1.0,1.0,3.0,6.0
matched_calendar_window,author_association,MEMBER,MEMBER,2018,20,13,2,13,65.0,10.0,65.0,15.384615384615385,0.1,1,1.45,1.0,7,True,True,0.42317129629629624,0.825306712962963,3.3599855324074075,15.253681712962978,27.5,91.0,373.5,734.7000000000005,2.0,4.0,7.5,14.100000000000001,1.0,4.0,7.25,11.600000000000009
matched_calendar_window,author_association,NONE,NONE,2018,15,6,3,1,40.0,20.0,6.666666666666667,50.0,0.26666666666666666,1.3333333333333333,0.5333333333333333,0.0,6,True,True,0.01572337962962963,0.9313425925925926,10.90695601851852,29.63411111111111,17.5,50.0,161.0,211.79999999999998,1.5,4.0,7.5,10.799999999999999,1.5,3.0,4.0,5.0
matched_calendar_window,author_association,COLLABORATOR,COLLABORATOR,2019,4,2,0,2,50.0,0.0,50.0,0.0,0,,0.5,0.5,2,True,True,0.04212094907407407,0.05371527777777778,0.36752893518518515,0.9226435185185188,8.75,15.0,20.0,20.0,3.5,4.0,4.25,4.7,1.0,1.5,2.75,4.1000000000000005
matched_calendar_window,author_association,CONTRIBUTOR,CONTRIBUTOR,2019,94,49,15,39,52.12765957446808,15.957446808510639,41.48936170212766,30.612244897959183,0.2127659574468085,1.3333333333333333,1.3297872340425532,1.0,49,False,False,0.08546006944444445,0.9322106481481481,5.139270833333334,50.12984490740748,6.25,25.0,107.0,450.20000000000005,1.0,2.0,5.0,10.100000000000009,1.0,2.0,4.0,10.100000000000009
matched_calendar_window,author_association,MEMBER,MEMBER,2019,36,27,4,24,75.0,11.11111111111111,66.66666666666667,14.814814814814815,0.1111111111111111,1,1.2222222222222223,1.0,9,False,True,0.08614293981481481,0.21403935185185186,1.6918171296296296,8.741493055555555,9.5,24.5,87.0,228.5,1.0,2.0,4.0,7.0,1.0,2.0,3.0,5.0
matched_calendar_window,author_association,NONE,NONE,2019,12,6,1,5,50.0,8.333333333333334,41.666666666666664,16.666666666666668,0.08333333333333333,1,0.6666666666666666,0.5,8,True,True,0.7444733796296297,2.2506770833333336,43.39876736111111,121.20913888888893,11.75,18.5,33.25,67.9,1.0,1.5,3.25,4.9,1.0,1.5,3.5,6.800000000000001
matched_calendar_window,author_association,COLLABORATOR,COLLABORATOR,2020,3,3,0,3,100.0,0.0,100.0,0.0,0,,1,1.0,2,True,True,0.2951736111111111,0.5851620370370371,2.211174768518519,3.186782407407408,1.0,2.0,51.0,80.4,0.5,1.0,2.5,3.4000000000000004,1.5,2.0,2.0,2.0
matched_calendar_window,author_association,CONTRIBUTOR,CONTRIBUTOR,2020,109,61,15,50,55.96330275229358,13.761467889908257,45.87155963302752,24.59016393442623,0.1651376146788991,1.2,1.3027522935779816,1.0,52,False,False,0.4391550925925926,1.8107175925925927,4.797835648148149,14.74978240740744,5.0,26.0,114.0,480.20000000000005,1.0,2.0,6.0,11.200000000000003,1.0,2.0,3.0,6.6000000000000085
matched_calendar_window,author_association,MEMBER,MEMBER,2020,38,30,3,30,78.94736842105263,7.894736842105263,78.94736842105263,10.0,0.07894736842105263,1,1.763157894736842,1.0,10,False,True,0.025124421296296297,0.7398148148148148,2.9133564814814816,4.395116898148149,7.25,39.5,127.5,301.20000000000033,1.0,2.0,7.5,12.300000000000004,1.0,2.0,3.0,5.0
matched_calendar_window,author_association,NONE,NONE,2020,5,5,1,3,100.0,20.0,60.0,20.0,0.2,1,2,1.0,3,True,True,0.11543981481481481,0.2775578703703704,0.4550578703703704,3.80900925925926,8.0,13.0,34.0,63.400000000000006,1.0,1.0,2.0,5.6000000000000005,1.0,1.0,2.0,2.0
matched_calendar_window,author_association,COLLABORATOR,COLLABORATOR,2021,17,14,5,12,82.3529411764706,29.41176470588235,70.58823529411765,35.714285714285715,0.35294117647058826,1.2,2.4705882352941178,1.0,3,True,True,0.052974537037037035,0.15195601851851853,1.7979282407407406,4.938395833333333,9.0,47.0,212.0,442.8,1.0,4.0,9.0,15.400000000000002,1.0,2.0,8.0,13.000000000000002
matched_calendar_window,author_association,CONTRIBUTOR,CONTRIBUTOR,2021,82,45,9,39,54.8780487804878,10.975609756097562,47.5609756097561,20.0,0.14634146341463414,1.3333333333333333,1.2804878048780488,1.0,40,False,True,0.08769097222222222,0.5823090277777778,2.798489583333333,11.46138657407409,8.25,24.0,133.75,377.30000000000007,1.0,2.0,4.0,13.0,1.0,2.0,4.0,9.0
matched_calendar_window,author_association,MEMBER,MEMBER,2021,51,39,5,36,76.47058823529412,9.803921568627452,70.58823529411765,12.820512820512821,0.1568627450980392,1.6,2.196078431372549,1.0,15,False,True,0.028773148148148145,0.8191087962962963,3.0962210648148147,4.958865740740741,8.5,29.0,194.5,357.0,1.0,2.0,4.5,10.0,1.0,2.0,3.0,10.0
matched_calendar_window,author_association,NONE,NONE,2021,2,0,0,0,0.0,0.0,0.0,,0,,0,0.0,1,True,True,10.725257523148148,20.785260416666667,30.845263310185185,36.8812650462963,82.25,104.5,126.75,140.10000000000002,5.5,8.0,10.5,12.0,5.25,5.5,5.75,5.9
matched_calendar_window,author_association,COLLABORATOR,COLLABORATOR,2022,18,16,4,14,88.88888888888889,22.22222222222222,77.77777777777777,25.0,0.3333333333333333,1.5,4.222222222222222,1.0,4,True,True,0.010789930555555556,0.06291087962962963,0.613035300925926,1.3056168981481489,2.0,8.0,42.75,66.9,1.0,1.0,3.0,7.0,1.0,2.5,3.0,9.3
matched_calendar_window,author_association,CONTRIBUTOR,CONTRIBUTOR,2022,71,63,8,62,88.73239436619718,11.267605633802816,87.32394366197182,12.698412698412698,0.1267605633802817,1.125,2.7746478873239435,1.0,23,False,True,0.020931712962962964,0.10199074074074074,0.9418055555555556,2.4207175925925926,5.5,20.0,72.0,198.0,1.0,2.0,4.0,10.0,1.0,1.0,2.0,9.0
matched_calendar_window,author_association,MEMBER,MEMBER,2022,40,38,2,37,95.0,5.0,92.5,5.2631578947368425,0.075,1.5,1.35,1.0,11,False,True,0.010179398148148147,0.026741898148148147,0.31759837962962967,1.0315381944444462,6.25,21.0,67.0,206.3,1.0,2.0,4.25,8.200000000000003,1.0,1.0,1.0,3.1000000000000014
matched_calendar_window,author_association,COLLABORATOR,COLLABORATOR,2023,30,30,3,30,100.0,10.0,100.0,10.0,0.1,1,1.8333333333333333,1.0,8,False,True,0.01583622685185185,0.0746412037037037,0.9373553240740741,4.172334490740743,4.5,9.5,50.0,90.2,1.0,2.0,3.0,6.100000000000001,1.0,1.5,3.0,10.100000000000001
matched_calendar_window,author_association,CONTRIBUTOR,CONTRIBUTOR,2023,65,65,4,65,100.0,6.153846153846154,100.0,6.153846153846154,0.06153846153846154,1,1.6307692307692307,1.0,19,False,True,0.01175925925925926,0.08462962962962962,1.0016087962962963,2.9038703703703703,4.0,13.0,41.0,178.00000000000006,1.0,2.0,3.0,8.000000000000007,1.0,1.0,2.0,4.600000000000001
matched_calendar_window,author_association,MEMBER,MEMBER,2023,48,48,1,48,100.0,2.0833333333333335,100.0,2.0833333333333335,0.020833333333333332,1,1.5416666666666667,1.0,10,False,True,0.011307870370370371,0.03201388888888889,0.12822048611111111,0.7113287037037038,6.75,23.5,73.5,157.80000000000015,1.0,2.0,3.0,7.300000000000004,1.0,1.0,1.25,3.0
matched_calendar_window,author_association,COLLABORATOR,COLLABORATOR,2024,20,20,1,20,100.0,5.0,100.0,5.0,0.05,1,1.4,1.0,8,True,True,0.010740740740740742,0.01648726851851852,0.061510416666666665,0.3390138888888915,8.75,24.0,74.25,272.70000000000005,1.0,2.0,4.25,8.600000000000009,1.0,1.0,1.0,2.200000000000003
matched_calendar_window,author_association,CONTRIBUTOR,CONTRIBUTOR,2024,74,74,0,74,100.0,0.0,100.0,0.0,0,,1.4189189189189189,1.0,18,False,True,0.012589699074074074,0.024450231481481483,0.37178819444444444,2.8983333333333348,6.0,25.0,65.5,214.5000000000001,1.0,2.0,3.0,6.700000000000003,1.0,1.0,2.0,4.0
matched_calendar_window,author_association,MEMBER,MEMBER,2024,46,46,0,46,100.0,0.0,100.0,0.0,0,,1.3043478260869565,1.0,8,False,True,0.01146412037037037,0.01379050925925926,0.0354832175925926,0.08484375,7.5,30.0,96.5,153.5,1.0,2.0,3.75,10.5,1.0,1.0,1.0,2.0
matched_calendar_window,author_association,COLLABORATOR,COLLABORATOR,2025,15,15,0,15,100.0,0.0,100.0,0.0,0,,1.3333333333333333,1.0,6,True,True,0.012835648148148148,0.024699074074074075,0.05394675925925926,0.845159722222222,14.5,20.0,52.0,96.39999999999998,1.0,2.0,3.5,5.199999999999999,1.0,1.0,2.0,3.0
matched_calendar_window,author_association,CONTRIBUTOR,CONTRIBUTOR,2025,69,69,3,69,100.0,4.3478260869565215,100.0,4.3478260869565215,0.057971014492753624,1.3333333333333333,1.463768115942029,1.0,23,False,True,0.013715277777777778,0.03262731481481482,0.5132291666666666,4.234162037037038,6.0,27.0,87.0,206.20000000000005,1.0,2.0,4.0,7.0,1.0,1.0,2.0,5.0
matched_calendar_window,author_association,MEMBER,MEMBER,2025,39,39,0,39,100.0,0.0,100.0,0.0,0,,1.1538461538461537,1.0,8,False,True,0.010902777777777779,0.01685185185185185,0.04163773148148148,0.15568287037037046,5.0,10.0,37.5,103.60000000000046,1.0,1.0,2.0,6.0,1.0,1.0,1.0,1.2000000000000028
matched_calendar_window,author_association,COLLABORATOR,COLLABORATOR,2026,30,30,0,30,100.0,0.0,100.0,0.0,0,,3.1,2.0,8,False,True,0.030014467592592593,0.06446759259259259,0.28599537037037037,1.4060358796296302,8.25,33.5,133.25,366.30000000000007,1.0,2.0,5.75,13.0,1.0,2.0,2.75,7.200000000000003
matched_calendar_window,author_association,CONTRIBUTOR,CONTRIBUTOR,2026,89,89,2,89,100.0,2.247191011235955,100.0,2.247191011235955,0.02247191011235955,1,3.3820224719101124,2.0,27,False,True,0.025763888888888888,0.06618055555555556,0.25469907407407405,3.846854166666667,8.0,50.0,203.0,747.4,1.0,2.0,4.0,14.200000000000003,1.0,2.0,2.0,3.200000000000003
matched_calendar_window,author_association,MEMBER,MEMBER,2026,81,81,0,81,100.0,0.0,100.0,0.0,0,,2.753086419753086,2.0,16,False,True,0.02136574074074074,0.044675925925925924,0.11755787037037037,1.230960648148148,21.0,66.0,230.0,549.0,2.0,4.0,7.0,13.0,1.0,2.0,3.0,7.0
matched_calendar_window,review_profile,approval_and_change_request,Both approval and change request,2017,11,11,11,11,100.0,100.0,100.0,100.0,1.3636363636363635,1.3636363636363635,4.818181818181818,2.0,9,True,False,4.358182870370371,7.734594907407407,21.469797453703706,41.88216435185185,38.5,130.0,261.5,305.0,1.5,2.0,7.0,9.0,3.5,5.0,9.0,13.0
matched_calendar_window,review_profile,approval_without_change_request,"Approval(s), no change request",2017,24,24,0,24,100.0,0.0,100.0,0.0,0,,1.5833333333333333,1.0,17,True,True,0.062239583333333334,0.8705381944444445,2.8440075231481483,11.470321759259253,7.25,22.0,85.5,244.39999999999998,1.0,2.0,4.0,12.299999999999994,1.0,1.0,2.0,6.0
matched_calendar_window,review_profile,change_request_without_approval,"Change request(s), no approval",2017,9,9,9,0,100.0,100.0,0.0,100.0,1.2222222222222223,1.2222222222222223,5.888888888888889,2.0,7,True,True,0.6737615740740741,6.847418981481481,15.46150462962963,33.619761574074076,71.0,121.0,430.0,463.8,3.0,5.0,12.0,24.40000000000001,2.0,4.0,5.0,9.000000000000002
matched_calendar_window,review_profile,no_submitted_review,No submitted review,2017,92,0,0,0,0.0,0.0,0.0,,0,,0,0.0,44,False,True,0.027595486111111112,0.35878472222222224,2.9874537037037037,16.885560185185188,8.0,22.5,110.25,418.40000000000003,1.0,2.0,5.0,12.800000000000011,1.0,1.0,2.0,4.900000000000006
matched_calendar_window,review_profile,review_without_decision,"Review(s), no approval or change request",2017,8,8,0,0,100.0,0.0,0.0,0.0,0,,3.875,2.0,4,True,True,0.35010706018518517,0.9792418981481481,2.103538773148148,9.393432870370368,34.0,71.5,310.25,357.2,1.0,6.0,10.0,14.5,1.75,2.0,4.75,11.799999999999999
matched_calendar_window,review_profile,approval_and_change_request,Both approval and change request,2018,6,6,6,6,100.0,100.0,100.0,100.0,1.3333333333333333,1.3333333333333333,6.5,2.0,6,True,True,2.1359230324074074,5.835653935185185,25.34119212962963,34.89190972222222,33.5,73.0,140.25,196.5,1.5,3.0,3.75,8.5,3.75,6.0,6.0,9.5
matched_calendar_window,review_profile,approval_without_change_request,"Approval(s), no change request",2018,30,30,0,30,100.0,0.0,100.0,0.0,0,,2.033333333333333,1.0,16,False,True,0.24978587962962961,0.9238831018518519,2.658318865740741,5.926533564814815,5.25,34.0,74.0,219.00000000000023,1.0,2.0,5.0,9.100000000000001,1.0,2.0,3.75,6.100000000000001
matched_calendar_window,review_profile,change_request_without_approval,"Change request(s), no approval",2018,9,9,9,0,100.0,100.0,0.0,100.0,1.3333333333333333,1.3333333333333333,3.5555555555555554,1.0,7,True,True,3.7089351851851853,7.174884259259259,14.1534375,19.116504629629635,13.0,20.0,54.0,88.60000000000002,1.0,2.0,4.0,5.000000000000001,2.0,4.0,5.0,6.400000000000001
matched_calendar_window,review_profile,no_submitted_review,No submitted review,2018,78,0,0,0,0.0,0.0,0.0,,0,,0,0.0,47,False,True,0.06488715277777778,1.0686631944444445,4.77019386574074,21.546034722222213,5.0,20.5,96.25,504.89999999999924,1.0,2.0,6.0,13.299999999999997,1.0,1.0,3.0,8.0
matched_calendar_window,review_profile,review_without_decision,"Review(s), no approval or change request",2018,8,8,0,0,100.0,0.0,0.0,0.0,0,,1.625,1.0,7,True,True,1.4048726851851852,3.4680092592592593,7.3084375,122.69637499999995,24.75,125.0,177.25,318.09999999999997,1.0,4.0,8.25,9.6,1.0,3.0,4.0,6.699999999999998
matched_calendar_window,review_profile,approval_and_change_request,Both approval and change request,2019,10,10,10,10,100.0,100.0,100.0,100.0,1.2,1.2,4.6,1.5,10,True,False,1.872873263888889,9.738755787037038,19.313509837962965,23.70035185185185,6.5,23.0,70.0,157.69999999999985,1.25,2.0,5.0,6.0,2.0,3.0,5.0,6.499999999999998
matched_calendar_window,review_profile,approval_without_change_request,"Approval(s), no change request",2019,60,60,0,60,100.0,0.0,100.0,0.0,0,,1.3333333333333333,1.0,33,False,True,0.05722800925925926,0.20277199074074073,0.8999045138888889,4.263848379629636,4.0,20.0,58.0,96.60000000000001,1.0,1.5,3.25,5.0,1.0,1.0,2.25,4.100000000000001
matched_calendar_window,review_profile,change_request_without_approval,"Change request(s), no approval",2019,10,10,10,0,100.0,100.0,0.0,100.0,1.3,1.3,4.6,1.0,10,True,False,2.4105353009259263,4.298767361111111,5.738967013888889,51.00027893518517,41.25,102.5,151.75,186.89999999999998,2.25,3.5,4.75,7.1,2.5,5.5,7.75,8.299999999999999
matched_calendar_window,review_profile,no_submitted_review,No submitted review,2019,62,0,0,0,0.0,0.0,0.0,,0,,0,0.0,39,False,True,0.05558449074074074,0.9534259259259259,10.56027488425926,88.59868865740737,9.0,21.0,132.75,543.7999999999998,1.0,2.0,5.75,12.0,1.0,2.0,4.0,8.0
matched_calendar_window,review_profile,review_without_decision,"Review(s), no approval or change request",2019,4,4,0,0,100.0,0.0,0.0,0.0,0,,1.75,1.0,4,True,True,3.1646354166666666,4.1579803240740745,41.249623842592584,107.57613425925926,107.5,545.5,959.0,968.0,4.5,6.0,9.25,13.3,5.25,8.5,12.25,14.5
matched_calendar_window,review_profile,approval_and_change_request,Both approval and change request,2020,12,12,12,12,100.0,100.0,100.0,100.0,1.0833333333333333,1.0833333333333333,4.333333333333333,2.0,12,True,False,2.4181423611111112,3.7939583333333333,6.284953703703704,10.09971064814815,28.0,141.5,490.5,1372.2,1.75,4.0,8.75,11.0,1.75,3.5,6.25,14.500000000000002
matched_calendar_window,review_profile,approval_without_change_request,"Approval(s), no change request",2020,74,74,0,74,100.0,0.0,100.0,0.0,0,,1.6486486486486487,1.0,34,False,True,0.12376157407407408,0.8989236111111111,3.8261400462962962,9.165966435185187,3.25,15.0,54.75,127.20000000000002,1.0,1.0,4.0,7.700000000000003,1.0,1.5,2.0,3.0
matched_calendar_window,review_profile,change_request_without_approval,"Change request(s), no approval",2020,7,7,7,0,100.0,100.0,0.0,100.0,1.2857142857142858,1.2857142857142858,4.857142857142857,2.0,7,True,True,4.326348379629629,4.875717592592593,8.22857638888889,20.190092592592602,43.5,83.0,97.0,220.2000000000001,2.5,4.0,5.5,6.800000000000001,2.5,3.0,4.0,10.200000000000005
matched_calendar_window,review_profile,no_submitted_review,No submitted review,2020,56,0,0,0,0.0,0.0,0.0,,0,,0,0.0,34,False,True,0.13732349537037036,0.746568287037037,1.9485329861111111,4.684936342592593,5.75,29.0,145.5,648.0,1.0,2.0,8.0,14.5,1.0,2.0,4.0,12.5
matched_calendar_window,review_profile,review_without_decision,"Review(s), no approval or change request",2020,6,6,0,0,100.0,0.0,0.0,0.0,0,,2.3333333333333335,1.0,5,True,True,2.5759230324074074,5.623993055555555,10.929467592592593,55.96810763888888,144.5,567.0,852.25,5454.0,2.5,8.0,45.0,197.0,1.0,1.0,2.5,161.0
matched_calendar_window,review_profile,approval_and_change_request,Both approval and change request,2021,13,13,13,13,100.0,100.0,100.0,100.0,1.4615384615384615,1.4615384615384615,8.923076923076923,2.0,9,True,False,1.7979282407407406,3.395,8.735219907407407,29.857983796296313,74.0,135.0,280.0,704.8000000000002,3.0,6.0,10.0,13.0,5.0,9.0,16.0,29.20000000000001
matched_calendar_window,review_profile,approval_without_change_request,"Approval(s), no change request",2021,74,74,0,74,100.0,0.0,100.0,0.0,0,,1.472972972972973,1.0,34,False,True,0.03114583333333333,0.2247800925925926,2.722410300925926,4.882009259259259,6.5,21.0,81.5,264.20000000000016,1.0,1.0,3.0,6.700000000000003,1.0,1.0,2.0,4.700000000000003
matched_calendar_window,review_profile,change_request_without_approval,"Change request(s), no approval",2021,6,6,6,0,100.0,100.0,0.0,100.0,1.1666666666666667,1.1666666666666667,3.3333333333333335,2.0,6,True,True,0.9793576388888889,3.710162037037037,6.20574074074074,38.11633101851852,15.25,17.5,178.75,354.5,1.25,2.5,7.5,14.5,2.0,6.0,10.0,10.5
matched_calendar_window,review_profile,no_submitted_review,No submitted review,2021,54,0,0,0,0.0,0.0,0.0,,0,,0,0.0,30,False,True,0.09210358796296297,0.48785300925925923,2.3066493055555553,5.777587962962967,8.25,30.5,271.25,470.30000000000035,1.0,2.5,9.75,18.700000000000003,1.0,2.0,4.0,8.400000000000006
matched_calendar_window,review_profile,review_without_decision,"Review(s), no approval or change request",2021,5,5,0,0,100.0,0.0,0.0,0.0,0,,2.8,2.0,5,True,True,0.18619212962962964,0.5615625,0.9917013888888889,13.347784722222222,24.0,33.0,187.0,212.2,3.0,4.0,8.0,13.4,2.0,4.0,4.0,5.2
matched_calendar_window,review_profile,approval_and_change_request,Both approval and change request,2022,11,11,11,11,100.0,100.0,100.0,100.0,1.1818181818181819,1.1818181818181819,7.818181818181818,2.0,10,True,False,0.797962962962963,1.0319097222222222,1.4945023148148149,8.261678240740741,57.0,117.0,321.0,441.0,4.0,6.0,9.0,12.0,4.5,6.0,14.0,16.0
matched_calendar_window,review_profile,approval_without_change_request,"Approval(s), no change request",2022,102,102,0,102,100.0,0.0,100.0,0.0,0,,2.127450980392157,1.0,30,False,True,0.010315393518518519,0.03459490740740741,0.2540190972222222,1.8869131944444475,3.25,13.5,51.75,114.60000000000014,1.0,1.0,3.0,6.0,1.0,1.0,2.0,3.0
matched_calendar_window,review_profile,change_request_without_approval,"Change request(s), no approval",2022,3,3,3,0,100.0,100.0,0.0,100.0,1.6666666666666667,1.6666666666666667,7.333333333333333,2.0,2,True,True,0.5322974537037037,0.6937731481481482,5.820219907407408,8.896087962962964,84.0,132.0,142.0,148.0,3.5,4.0,5.0,5.6,6.5,7.0,8.5,9.4
matched_calendar_window,review_profile,no_submitted_review,No submitted review,2022,12,0,0,0,0.0,0.0,0.0,,0,,0,0.0,10,True,True,0.049846643518518516,0.22901041666666666,0.5749652777777777,0.9882916666666668,8.0,28.5,71.75,97.4,1.0,2.0,7.75,10.9,1.0,1.5,3.0,3.9000000000000004
matched_calendar_window,review_profile,review_without_decision,"Review(s), no approval or change request",2022,1,1,0,0,100.0,0.0,0.0,0.0,0,,2,2.0,1,True,True,3.5694444444444446,3.5694444444444446,3.5694444444444446,3.5694444444444446,6.0,6.0,6.0,6.0,1.0,1.0,1.0,1.0,1.0,1.0,1.0,1.0
matched_calendar_window,review_profile,approval_and_change_request,Both approval and change request,2023,8,8,8,8,100.0,100.0,100.0,100.0,1,1,4.75,2.0,5,True,True,0.08816261574074075,0.7812152777777778,1.7067939814814814,4.527165509259259,23.75,45.5,91.75,276.9999999999999,2.0,2.5,3.25,4.3,3.0,4.5,6.25,10.6
matched_calendar_window,review_profile,approval_without_change_request,"Approval(s), no change request",2023,135,135,0,135,100.0,0.0,100.0,0.0,0,,1.4592592592592593,1.0,36,False,True,0.011400462962962963,0.042986111111111114,0.701394675925926,2.299715277777779,4.5,13.0,51.5,149.40000000000003,1.0,2.0,3.0,7.6000000000000085,1.0,1.0,2.0,3.6000000000000085
matched_calendar_window,review_profile,approval_and_change_request,Both approval and change request,2024,1,1,1,1,100.0,100.0,100.0,100.0,1,1,2,1.0,1,True,True,1.9804513888888888,1.9804513888888888,1.9804513888888888,1.9804513888888888,315.0,315.0,315.0,315.0,8.0,8.0,8.0,8.0,4.0,4.0,4.0,4.0
matched_calendar_window,review_profile,approval_without_change_request,"Approval(s), no change request",2024,139,139,0,139,100.0,0.0,100.0,0.0,0,,1.3741007194244603,1.0,34,False,True,0.011770833333333333,0.017326388888888888,0.08085648148148147,1.2016111111111134,6.5,27.0,78.0,197.0000000000001,1.0,2.0,3.5,8.0,1.0,1.0,2.0,3.0
matched_calendar_window,review_profile,approval_and_change_request,Both approval and change request,2025,3,3,3,3,100.0,100.0,100.0,100.0,1.3333333333333333,1.3333333333333333,4.666666666666667,2.0,3,True,True,1.800966435185185,3.479814814814815,4.024594907407407,4.351462962962963,193.5,307.0,347.0,371.0,3.5,4.0,7.0,8.8,4.5,5.0,5.0,5.0
matched_calendar_window,review_profile,approval_without_change_request,"Approval(s), no change request",2025,120,120,0,120,100.0,0.0,100.0,0.0,0,,1.2666666666666666,1.0,36,False,True,0.012554976851851852,0.02233217592592593,0.13908854166666668,1.7182581018518586,6.0,18.0,60.25,156.10000000000025,1.0,1.5,3.0,6.0,1.0,1.0,1.0,3.0
matched_calendar_window,review_profile,approval_and_change_request,Both approval and change request,2026,2,2,2,2,100.0,100.0,100.0,100.0,1,1,12,4.5,2,True,True,5.321417824074073,6.17636574074074,7.0313136574074075,7.544282407407407,226.5,445.0,663.5,794.6,4.75,8.5,12.25,14.5,9.25,14.5,19.75,22.900000000000002
matched_calendar_window,review_profile,approval_without_change_request,"Approval(s), no change request",2026,198,198,0,198,100.0,0.0,100.0,0.0,0,,2.994949494949495,2.0,50,False,True,0.025017361111111112,0.05236111111111111,0.18061342592592594,1.7841331018518554,12.0,57.0,189.75,509.80000000000064,1.0,3.0,6.0,13.0,1.0,2.0,3.0,5.0
matched_calendar_window,reviewer_band,one,1 identifiable reviewer,2017,25,25,5,21,100.0,20.0,84.0,20.0,0.36,1.8,1.32,1.0,17,True,True,0.049351851851851855,0.6921990740740741,2.3739583333333334,6.107020833333339,13.0,28.0,124.0,281.6000000000001,1.0,3.0,5.0,10.200000000000003,1.0,2.0,5.0,6.600000000000001
matched_calendar_window,reviewer_band,three_plus,3+ identifiable reviewers,2017,5,5,4,2,100.0,80.0,40.0,80.0,1,1.25,8,3.0,4,True,True,6.722048611111111,6.847418981481481,44.47487268518518,45.635983796296294,130.0,430.0,452.0,669.2,6.0,7.0,13.0,44.800000000000004,3.0,4.0,4.0,12.400000000000002
matched_calendar_window,reviewer_band,two,2 identifiable reviewers,2017,22,22,11,12,100.0,50.0,54.54545454545455,50.0,0.5454545454545454,1.0909090909090908,4.636363636363637,2.0,14,True,False,1.1566377314814815,4.837494212962962,15.125439814814815,21.447931712962966,33.0,80.0,245.25,493.4000000000004,1.0,2.5,7.75,13.800000000000004,2.0,2.5,7.75,13.0
matched_calendar_window,reviewer_band,zero,0 identifiable reviewers,2017,92,0,0,0,0.0,0.0,0.0,,0,,0,0.0,44,False,True,0.027595486111111112,0.35878472222222224,2.9874537037037037,16.885560185185188,8.0,22.5,110.25,418.40000000000003,1.0,2.0,5.0,12.800000000000011,1.0,1.0,2.0,4.900000000000006
matched_calendar_window,reviewer_band,one,1 identifiable reviewer,2018,37,37,7,26,100.0,18.91891891891892,70.27027027027027,18.91891891891892,0.24324324324324326,1.2857142857142858,1.2972972972972974,1.0,21,False,True,0.31278935185185186,1.252511574074074,4.745717592592593,10.827212962962953,8.0,32.0,122.0,210.39999999999998,1.0,2.0,5.0,9.0,1.0,2.0,3.0,5.399999999999999
matched_calendar_window,reviewer_band,three_plus,3+ identifiable reviewers,2018,4,4,1,4,100.0,25.0,100.0,25.0,0.5,2,7.5,3.5,4,True,True,2.6389554398148145,4.734334490740741,6.3235879629629625,6.691129629629629,57.75,116.0,249.25,397.30000000000007,7.75,11.5,13.25,13.7,5.5,7.5,10.75,13.900000000000002
matched_calendar_window,reviewer_band,two,2 identifiable reviewers,2018,12,12,7,6,100.0,58.333333333333336,50.0,58.333333333333336,0.75,1.2857142857142858,5.583333333333333,2.0,11,True,True,1.0832899305555554,4.2061979166666665,14.274835069444446,29.792486111111117,12.0,22.5,100.75,224.8,1.0,1.5,3.25,8.500000000000002,2.0,4.0,5.25,6.0
matched_calendar_window,reviewer_band,zero,0 identifiable reviewers,2018,78,0,0,0,0.0,0.0,0.0,,0,,0,0.0,47,False,True,0.06488715277777778,1.0686631944444445,4.77019386574074,21.546034722222213,5.0,20.5,96.25,504.89999999999924,1.0,2.0,6.0,13.299999999999997,1.0,1.0,3.0,8.0
matched_calendar_window,reviewer_band,one,1 identifiable reviewer,2019,64,64,11,55,100.0,17.1875,85.9375,17.1875,0.171875,1,1.140625,1.0,36,False,False,0.07340277777777779,0.2781365740740741,3.0497482638888886,11.928987268518519,6.0,21.0,70.0,148.5,1.0,2.0,4.0,6.0,1.0,1.0,3.0,6.0
matched_calendar_window,reviewer_band,three_plus,3+ identifiable reviewers,2019,3,3,2,2,100.0,66.66666666666667,66.66666666666667,66.66666666666667,0.6666666666666666,1,7.666666666666667,3.0,3,True,True,2.7106192129629627,4.6243287037037035,4.6342997685185185,4.640282407407407,52.0,101.0,121.5,133.8,2.0,3.0,3.0,3.0,2.5,3.0,7.0,9.4
matched_calendar_window,reviewer_band,two,2 identifiable reviewers,2019,17,17,7,13,100.0,41.1764705882353,76.47058823529412,41.1764705882353,0.7058823529411765,1.7142857142857142,4.882352941176471,2.0,16,True,True,0.33760416666666665,0.9153472222222222,10.233842592592593,26.504567129629635,8.0,22.0,40.0,290.4000000000002,1.0,2.0,4.0,9.600000000000003,2.0,3.0,6.0,8.0
matched_calendar_window,reviewer_band,zero,0 identifiable reviewers,2019,62,0,0,0,0.0,0.0,0.0,,0,,0,0.0,39,False,True,0.05558449074074074,0.9534259259259259,10.56027488425926,88.59868865740737,9.0,21.0,132.75,543.7999999999998,1.0,2.0,5.75,12.0,1.0,2.0,4.0,8.0
matched_calendar_window,reviewer_band,one,1 identifiable reviewer,2020,68,68,5,62,100.0,7.352941176470588,91.17647058823529,7.352941176470588,0.07352941176470588,1,1.2058823529411764,1.0,34,False,True,0.11982928240740741,1.5169502314814816,5.200818865740741,10.203146990740754,2.0,13.0,49.25,163.00000000000006,1.0,1.0,3.0,6.300000000000004,1.0,1.0,2.0,3.0
matched_calendar_window,reviewer_band,three_plus,3+ identifiable reviewers,2020,8,8,3,5,100.0,37.5,62.5,37.5,0.5,1.3333333333333333,6.75,3.0,8,True,True,2.464959490740741,10.668912037037035,28.890222800925926,55.2129398148148,29.25,212.5,304.5,3267.8999999999983,5.5,7.0,8.5,23.79999999999999,3.0,5.0,6.25,102.69999999999995
matched_calendar_window,reviewer_band,two,2 identifiable reviewers,2020,23,23,11,19,100.0,47.82608695652174,82.6086956521739,47.82608695652174,0.5652173913043478,1.1818181818181819,3.739130434782609,2.0,18,True,False,0.8327025462962963,2.786446759259259,4.118530092592593,4.7922569444444445,38.0,85.0,133.5,343.20000000000005,3.0,5.0,8.0,10.400000000000002,2.0,2.0,3.0,4.0
matched_calendar_window,reviewer_band,zero,0 identifiable reviewers,2020,56,0,0,0,0.0,0.0,0.0,,0,,0,0.0,34,False,True,0.13732349537037036,0.746568287037037,1.9485329861111111,4.684936342592593,5.75,29.0,145.5,648.0,1.0,2.0,8.0,14.5,1.0,2.0,4.0,12.5
matched_calendar_window,reviewer_band,one,1 identifiable reviewer,2021,66,66,4,62,100.0,6.0606060606060606,93.93939393939394,6.0606060606060606,0.07575757575757576,1.25,1.1363636363636365,1.0,33,False,True,0.03114583333333333,0.17883101851851851,2.6893605324074072,4.919149305555555,4.5,20.5,81.5,232.0,1.0,1.0,3.0,6.5,1.0,1.0,2.0,6.0
matched_calendar_window,reviewer_band,three_plus,3+ identifiable reviewers,2021,8,8,7,7,100.0,87.5,87.5,87.5,1.375,1.5714285714285714,11.5,3.0,7,True,True,1.5834259259259258,4.9946064814814815,18.37701388888889,44.80654166666666,50.5,123.0,205.75,555.0999999999999,1.75,7.5,10.75,14.799999999999999,5.5,10.0,16.5,22.199999999999996
matched_calendar_window,reviewer_band,two,2 identifiable reviewers,2021,24,24,8,18,100.0,33.333333333333336,75.0,33.333333333333336,0.4166666666666667,1.25,3.8333333333333335,2.0,19,True,True,0.25420428240740744,1.154965277777778,4.919045138888889,17.114770833333324,17.25,48.0,208.75,480.5,2.0,3.0,7.25,12.099999999999998,2.0,3.0,6.5,10.7
matched_calendar_window,reviewer_band,zero,0 identifiable reviewers,2021,54,0,0,0,0.0,0.0,0.0,,0,,0,0.0,30,False,True,0.09210358796296297,0.48785300925925923,2.3066493055555553,5.777587962962967,8.25,30.5,271.25,470.30000000000035,1.0,2.5,9.75,18.700000000000003,1.0,2.0,4.0,8.400000000000006
matched_calendar_window,reviewer_band,one,1 identifiable reviewer,2022,87,87,0,87,100.0,0.0,100.0,0.0,0,,1.0804597701149425,1.0,26,False,True,0.009565972222222222,0.02511574074074074,0.09821759259259259,0.8743564814814819,2.0,12.0,34.5,84.00000000000009,1.0,1.0,2.5,5.0,1.0,1.0,1.0,2.0
matched_calendar_window,reviewer_band,three_plus,3+ identifiable reviewers,2022,6,6,4,6,100.0,66.66666666666667,100.0,66.66666666666667,0.6666666666666666,1,10.666666666666666,3.0,6,True,True,0.9237152777777777,1.4591145833333334,6.681319444444444,11.107251157407408,28.5,189.5,412.0,626.0,2.5,6.0,9.5,10.0,3.5,7.0,12.0,14.0
matched_calendar_window,reviewer_band,two,2 identifiable reviewers,2022,24,24,10,20,100.0,41.666666666666664,83.33333333333333,41.666666666666664,0.5833333333333334,1.4,7.041666666666667,2.0,14,True,False,0.1868576388888889,0.8439756944444445,2.4380121527777776,5.912451388888889,15.5,61.5,156.5,309.79999999999995,2.5,4.0,6.25,13.7,2.0,5.0,9.25,15.7
matched_calendar_window,reviewer_band,zero,0 identifiable reviewers,2022,12,0,0,0,0.0,0.0,0.0,,0,,0,0.0,10,True,True,0.049846643518518516,0.22901041666666666,0.5749652777777777,0.9882916666666668,8.0,28.5,71.75,97.4,1.0,2.0,7.75,10.9,1.0,1.5,3.0,3.9000000000000004
matched_calendar_window,reviewer_band,one,1 identifiable reviewer,2023,104,104,1,104,100.0,0.9615384615384616,100.0,0.9615384615384616,0.009615384615384616,1,1.1346153846153846,1.0,29,False,True,0.011038773148148148,0.024050925925925927,0.12822048611111111,1.07321875,4.0,11.5,42.5,144.60000000000002,1.0,1.5,3.0,5.0,1.0,1.0,1.0,3.0
matched_calendar_window,reviewer_band,three_plus,3+ identifiable reviewers,2023,7,7,3,7,100.0,42.857142857142854,100.0,42.857142857142854,0.42857142857142855,1,5,3.0,6,True,True,0.9589583333333334,3.9949189814814816,5.342494212962963,38.220370370370404,33.0,73.0,290.0,546.4000000000001,2.5,5.0,8.0,10.600000000000001,3.0,6.0,11.0,12.4
matched_calendar_window,reviewer_band,two,2 identifiable reviewers,2023,32,32,4,32,100.0,12.5,100.0,12.5,0.125,1,2.5625,2.0,21,False,True,0.04721643518518519,0.33194444444444443,1.0903877314814814,2.8527025462962965,4.75,24.0,83.25,149.20000000000005,1.0,2.0,3.0,9.0,1.0,2.0,3.25,5.0
matched_calendar_window,reviewer_band,one,1 identifiable reviewer,2024,110,110,1,110,100.0,0.9090909090909091,100.0,0.9090909090909091,0.00909090909090909,1,1.0454545454545454,1.0,27,False,True,0.011669560185185186,0.014178240740740741,0.046877893518518524,0.2245949074074078,7.25,26.5,65.75,225.0,1.0,2.0,3.0,7.1000000000000085,1.0,1.0,1.0,2.0
matched_calendar_window,reviewer_band,three_plus,3+ identifiable reviewers,2024,7,7,0,7,100.0,0.0,100.0,0.0,0,,4.285714285714286,3.0,7,True,True,3.3028703703703703,4.8661111111111115,16.994421296296295,107.6031921296297,7.5,36.0,459.0,817.8000000000001,1.0,2.0,23.5,29.000000000000004,2.0,2.0,6.5,11.000000000000002
matched_calendar_window,reviewer_band,two,2 identifiable reviewers,2024,23,23,0,23,100.0,0.0,100.0,0.0,0,,2.0869565217391304,2.0,16,True,True,0.015734953703703702,0.050104166666666665,0.43419560185185185,1.0040208333333334,4.5,32.0,99.0,168.4,1.0,1.0,4.5,6.0,1.0,2.0,3.5,4.0
matched_calendar_window,reviewer_band,one,1 identifiable reviewer,2025,100,100,1,100,100.0,1.0,100.0,1.0,0.01,1,1.08,1.0,29,False,True,0.01224537037037037,0.01734953703703704,0.05725115740740741,0.41590277777777884,6.0,17.5,47.25,156.10000000000025,1.0,1.0,3.0,6.1000000000000085,1.0,1.0,1.0,2.1000000000000085
matched_calendar_window,reviewer_band,three_plus,3+ identifiable reviewers,2025,4,4,1,4,100.0,25.0,100.0,25.0,0.25,1,4,3.0,4,True,True,0.1399045138888889,0.6014988425925926,5.627005208333333,13.852718750000005,14.0,46.5,133.0,237.40000000000003,1.0,2.0,4.0,5.800000000000001,1.0,1.5,2.75,4.1000000000000005
matched_calendar_window,reviewer_band,two,2 identifiable reviewers,2025,19,19,1,19,100.0,5.2631578947368425,100.0,5.2631578947368425,0.10526315789473684,2,2.210526315789474,2.0,17,True,True,0.025989583333333333,0.5132291666666666,3.857476851851852,17.31196527777774,5.5,64.0,90.5,267.3999999999999,1.0,2.0,3.5,5.0,1.0,2.0,4.5,7.599999999999998
matched_calendar_window,reviewer_band,one,1 identifiable reviewer,2026,9,9,0,9,100.0,0.0,100.0,0.0,0,,1,1.0,4,True,True,0.025486111111111112,0.11269675925925926,0.6586342592592592,248.99961111111136,3.0,6.0,10.0,58.400000000000006,1.0,1.0,2.0,4.000000000000001,1.0,1.0,1.0,2.2
matched_calendar_window,reviewer_band,three_plus,3+ identifiable reviewers,2026,80,80,2,80,100.0,2.5,100.0,2.5,0.025,1,4.775,3.0,41,False,True,0.04735532407407407,0.11701967592592592,0.9309143518518519,4.029292824074078,28.75,71.0,235.5,641.5000000000007,2.0,4.0,8.0,16.300000000000026,2.0,2.0,3.0,7.1000000000000085
matched_calendar_window,reviewer_band,two,2 identifiable reviewers,2026,111,111,0,111,100.0,0.0,100.0,0.0,0,,2.036036036036036,2.0,36,False,True,0.018327546296296297,0.03388888888888889,0.07597800925925927,0.2326388888888889,7.0,44.0,196.0,549.0,1.0,2.0,5.0,9.0,1.0,1.0,2.0,3.0
matched_calendar_window,merge_time_band,day_to_week,1 to under 7 days,2017,35,16,6,11,45.714285714285715,17.142857142857142,31.428571428571427,37.5,0.2571428571428571,1.5,1.6285714285714286,0.0,25,False,True,2.1013020833333336,2.958645833333333,4.837494212962962,6.303131944444445,9.0,39.0,157.5,405.20000000000016,1.0,3.0,6.5,12.600000000000009,1.0,2.0,3.0,5.0
matched_calendar_window,merge_time_band,hour_to_day,1 hour to under 1 day,2017,51,18,4,11,35.294117647058826,7.8431372549019605,21.568627450980394,22.22222222222222,0.0784313725490196,1,0.5490196078431373,0.0,29,False,True,0.09434606481481482,0.24650462962962963,0.6044965277777777,0.8013541666666667,8.0,24.0,173.5,507.0,1.0,2.0,5.5,13.0,1.0,2.0,3.0,6.0
matched_calendar_window,merge_time_band,month_plus,30+ days,2017,11,4,4,2,36.36363636363637,36.36363636363637,18.181818181818183,100.0,0.36363636363636365,1,3,0.0,11,True,True,39.60616319444444,46.41005787037037,63.845306712962966,95.05721064814814,27.0,125.0,310.0,430.0,1.5,2.0,5.0,6.0,1.0,1.0,4.5,17.0
matched_calendar_window,merge_time_band,under_hour,Under 1 hour,2017,31,4,0,4,12.903225806451612,0.0,12.903225806451612,0.0,0,,0.12903225806451613,0.0,11,False,True,0.0013657407407407407,0.011226851851851852,0.017256944444444443,0.02763888888888889,9.0,30.0,110.5,413.0,1.0,3.0,5.0,15.0,1.0,1.0,2.0,4.0
matched_calendar_window,merge_time_band,week_to_month,7 to under 30 days,2017,16,10,6,7,62.5,37.5,43.75,60.0,0.5625,1.5,3.3125,1.0,15,True,True,13.277317708333333,15.764230324074074,20.949742476851853,21.469797453703706,21.75,33.0,88.75,287.0,1.0,1.5,3.25,9.5,2.0,3.5,7.0,9.0
matched_calendar_window,merge_time_band,day_to_week,1 to under 7 days,2018,45,21,7,14,46.666666666666664,15.555555555555555,31.11111111111111,33.333333333333336,0.2,1.2857142857142858,1.288888888888889,0.0,28,False,True,2.063414351851852,3.349270833333333,4.745717592592593,5.859076388888889,6.0,36.0,167.0,340.0000000000001,1.0,2.0,5.0,12.200000000000003,1.0,3.0,5.0,6.600000000000001
matched_calendar_window,merge_time_band,hour_to_day,1 hour to under 1 day,2018,37,17,1,15,45.945945945945944,2.7027027027027026,40.54054054054054,5.882352941176471,0.02702702702702703,1,1.054054054054054,0.0,25,False,True,0.2287847222222222,0.5080092592592592,0.7593634259259259,0.933287037037037,4.0,15.0,75.0,270.79999999999995,1.0,2.0,6.0,12.399999999999999,1.0,1.0,3.0,4.0
matched_calendar_window,merge_time_band,month_plus,30+ days,2018,12,5,3,3,41.666666666666664,25.0,25.0,60.0,0.3333333333333333,1.3333333333333333,1.9166666666666667,0.0,12,True,True,36.27025462962963,55.28101851851852,114.80633391203703,201.70713078703704,19.75,40.0,72.0,80.7,1.75,2.0,3.25,4.0,1.0,3.0,6.0,12.600000000000001
matched_calendar_window,merge_time_band,under_hour,Under 1 hour,2018,23,4,0,3,17.391304347826086,0.0,13.043478260869565,0.0,0,,0.17391304347826086,0.0,13,True,True,0.0024537037037037036,0.009502314814814814,0.018489583333333334,0.02411805555555556,5.5,23.0,161.0,627.4000000000003,1.0,2.0,5.5,9.0,1.0,1.0,3.0,7.800000000000001
matched_calendar_window,merge_time_band,week_to_month,7 to under 30 days,2018,14,6,4,1,42.857142857142854,28.571428571428573,7.142857142857143,66.66666666666667,0.42857142857142855,1.5,1.5,0.0,13,True,True,9.424563078703704,13.846493055555555,14.883229166666666,19.031784722222227,13.0,20.5,69.0,634.6000000000008,1.0,1.0,5.75,12.500000000000005,2.0,3.5,5.0,9.500000000000005
matched_calendar_window,merge_time_band,day_to_week,1 to under 7 days,2019,32,18,8,9,56.25,25.0,28.125,44.44444444444444,0.28125,1.125,1.3125,1.0,26,False,True,1.7671383101851852,2.8721412037037037,3.977259837962963,4.858208333333334,6.0,43.0,146.25,428.9000000000005,1.0,2.0,4.25,8.0,1.0,2.5,6.0,11.900000000000002
matched_calendar_window,merge_time_band,hour_to_day,1 hour to under 1 day,2019,55,37,4,35,67.27272727272727,7.2727272727272725,63.63636363636363,10.81081081081081,0.07272727272727272,1,1.1272727272727272,1.0,29,False,True,0.10250578703703703,0.1930324074074074,0.6209143518518518,0.8460300925925927,6.5,20.0,66.0,329.2000000000004,1.0,2.0,4.0,11.600000000000001,1.0,2.0,3.0,5.600000000000001
matched_calendar_window,merge_time_band,month_plus,30+ days,2019,17,6,3,3,35.294117647058826,17.647058823529413,17.647058823529413,50.0,0.35294117647058826,2,1.588235294117647,0.0,16,True,True,47.68190972222222,92.02084490740741,146.12648148148148,197.20131712962964,10.0,19.0,80.0,184.80000000000007,1.0,3.0,4.0,6.0,1.0,2.0,5.0,7.0
matched_calendar_window,merge_time_band,under_hour,Under 1 hour,2019,27,14,0,14,51.851851851851855,0.0,51.851851851851855,0.0,0,,0.5185185185185185,1.0,17,True,True,0.0008738425925925926,0.0032175925925925926,0.017795138888888888,0.02121296296296297,3.5,20.0,75.0,291.0000000000003,1.0,2.0,5.0,6.400000000000002,1.0,1.0,2.0,4.0
matched_calendar_window,merge_time_band,week_to_month,7 to under 30 days,2019,15,9,5,9,60.0,33.333333333333336,60.0,55.55555555555556,0.4,1.2,2.2666666666666666,1.0,12,True,True,10.988912037037037,11.962789351851852,20.532181712962966,23.64214814814815,18.5,41.0,89.0,315.4,2.0,2.0,5.5,6.6,1.5,2.0,4.0,7.199999999999999
matched_calendar_window,merge_time_band,day_to_week,1 to under 7 days,2020,60,41,12,34,68.33333333333333,20.0,56.666666666666664,29.26829268292683,0.23333333333333334,1.1666666666666667,1.5333333333333334,1.0,40,False,False,1.9556655092592592,3.004861111111111,4.38370949074074,5.875112268518519,13.75,53.5,139.5,308.9000000000001,1.0,3.0,7.0,10.100000000000001,1.0,2.0,3.0,5.0
matched_calendar_window,merge_time_band,hour_to_day,1 hour to under 1 day,2020,46,25,3,23,54.34782608695652,6.521739130434782,50.0,12.0,0.06521739130434782,1,1.0434782608695652,1.0,29,False,True,0.23218460648148148,0.5404108796296296,0.7811342592592593,0.8625289351851851,4.0,13.0,102.25,255.5,1.0,1.0,5.75,10.5,1.0,2.0,2.0,5.5
matched_calendar_window,merge_time_band,month_plus,30+ days,2020,8,5,2,3,62.5,25.0,37.5,40.0,0.25,1,2.125,1.0,8,True,True,35.838611111111106,43.48131365740741,62.29769386574074,147.8317546296296,8.25,20.5,154.5,3267.8999999999983,1.0,2.0,3.0,20.999999999999993,2.75,3.0,6.0,104.09999999999995
matched_calendar_window,merge_time_band,under_hour,Under 1 hour,2020,29,17,0,17,58.62068965517241,0.0,58.62068965517241,0.0,0,,0.6551724137931034,1.0,13,True,True,0.0017476851851851852,0.006030092592592593,0.024953703703703704,0.03190972222222222,2.0,8.0,54.0,426.19999999999976,1.0,2.0,6.0,14.599999999999994,1.0,1.0,3.0,5.799999999999997
matched_calendar_window,merge_time_band,week_to_month,7 to under 30 days,2020,12,11,2,9,91.66666666666667,16.666666666666668,75.0,18.181818181818183,0.25,1.5,3.8333333333333335,1.0,11,True,True,9.189343171296297,11.158599537037038,24.624320023148147,26.29667592592593,6.5,24.0,81.25,449.2000000000001,1.0,1.5,5.75,10.700000000000001,1.0,2.0,3.5,5.0
matched_calendar_window,merge_time_band,day_to_week,1 to under 7 days,2021,43,29,10,26,67.44186046511628,23.25581395348837,60.46511627906977,34.48275862068966,0.2558139534883721,1.1,2.1627906976744184,1.0,29,False,False,2.0002314814814817,2.877175925925926,4.586157407407407,5.662071759259263,9.5,23.0,116.5,413.40000000000015,1.0,2.0,4.0,9.800000000000004,1.0,2.0,5.0,9.800000000000004
matched_calendar_window,merge_time_band,hour_to_day,1 hour to under 1 day,2021,61,37,4,31,60.65573770491803,6.557377049180328,50.81967213114754,10.81081081081081,0.06557377049180328,1,1.0327868852459017,1.0,28,False,True,0.09664351851851852,0.27163194444444444,0.6944560185185186,0.8500462962962962,13.0,39.0,221.0,357.0,1.0,3.0,7.0,18.0,1.0,2.0,4.0,10.0
matched_calendar_window,merge_time_band,month_plus,30+ days,2021,6,5,3,4,83.33333333333333,50.0,66.66666666666667,60.0,1.1666666666666667,2.3333333333333335,6.5,1.5,5,True,True,35.75097800925926,55.42517361111111,90.9327806712963,99.98261574074074,102.75,125.0,148.0,165.0,1.25,3.5,11.0,16.0,2.75,7.0,9.75,14.0
matched_calendar_window,merge_time_band,under_hour,Under 1 hour,2021,32,21,0,21,65.625,0.0,65.625,0.0,0,,0.84375,1.0,17,False,True,0.008469328703703705,0.013373842592592593,0.026831597222222222,0.03349305555555556,4.0,10.5,68.5,266.9000000000002,1.0,1.0,4.0,9.800000000000004,1.0,1.0,2.0,2.0
matched_calendar_window,merge_time_band,week_to_month,7 to under 30 days,2021,10,6,2,5,60.0,20.0,50.0,33.333333333333336,0.4,2,3.7,1.0,10,True,True,12.142618634259259,13.574016203703703,19.003489583333334,20.84951736111111,11.5,78.5,474.0,647.0999999999998,1.0,3.0,7.75,13.1,2.0,2.5,3.75,17.599999999999994
matched_calendar_window,merge_time_band,day_to_week,1 to under 7 days,2022,19,17,4,16,89.47368421052632,21.05263157894737,84.21052631578948,23.529411764705884,0.3157894736842105,1.5,6.526315789473684,2.0,13,True,True,1.295428240740741,2.0608680555555554,2.965462962962963,5.1673124999999995,8.0,45.0,113.0,356.1999999999995,1.0,4.0,6.5,13.2,1.0,2.0,7.0,15.2
matched_calendar_window,merge_time_band,hour_to_day,1 hour to under 1 day,2022,48,40,7,38,83.33333333333333,14.583333333333334,79.16666666666667,17.5,0.16666666666666666,1.1428571428571428,2.3958333333333335,1.0,23,False,True,0.0830324074074074,0.2076273148148148,0.6805873842592592,0.8618750000000003,8.0,28.5,75.75,214.10000000000062,1.0,2.0,4.0,10.0,1.0,1.0,3.0,8.600000000000009
matched_calendar_window,merge_time_band,under_hour,Under 1 hour,2022,58,56,0,56,96.55172413793103,0.0,96.55172413793103,0.0,0,,1.0517241379310345,1.0,22,False,True,0.006909722222222222,0.010844907407407407,0.02127604166666667,0.03140740740740742,2.0,8.5,33.0,81.80000000000007,1.0,1.0,3.0,5.0,1.0,1.0,1.0,2.0
matched_calendar_window,merge_time_band,week_to_month,7 to under 30 days,2022,4,4,3,3,100.0,75.0,75.0,75.0,1,1.3333333333333333,6.75,2.5,4,True,True,10.275419560185185,12.44974537037037,15.732514467592592,18.935957175925928,17.0,76.0,172.25,244.70000000000005,1.75,4.0,7.5,10.200000000000001,4.25,5.5,8.5,13.000000000000002
matched_calendar_window,merge_time_band,day_to_week,1 to under 7 days,2023,22,22,2,22,100.0,9.090909090909092,100.0,9.090909090909092,0.09090909090909091,1,2.409090909090909,2.0,13,True,True,1.1605902777777777,2.2859027777777774,3.725251736111111,4.915747685185185,8.25,24.5,221.25,590.9000000000004,1.25,2.5,7.25,12.700000000000006,2.0,2.5,8.25,11.900000000000002
matched_calendar_window,merge_time_band,hour_to_day,1 hour to under 1 day,2023,49,49,6,49,100.0,12.244897959183673,100.0,12.244897959183673,0.12244897959183673,1,1.8571428571428572,1.0,26,False,True,0.08575231481481481,0.12287037037037037,0.6990856481481481,0.8264282407407408,8.0,24.0,52.0,157.4000000000001,1.0,2.0,3.0,7.0,1.0,1.0,3.0,3.200000000000003
matched_calendar_window,merge_time_band,month_plus,30+ days,2023,1,1,0,1,100.0,0.0,100.0,0.0,0,,5,3.0,1,True,True,86.89731481481482,86.89731481481482,86.89731481481482,86.89731481481482,73.0,73.0,73.0,73.0,9.0,9.0,9.0,9.0,13.0,13.0,13.0,13.0
matched_calendar_window,merge_time_band,under_hour,Under 1 hour,2023,67,67,0,67,100.0,0.0,100.0,0.0,0,,1.1940298507462686,1.0,24,False,True,0.01038773148148148,0.01138888888888889,0.01640625,0.029004629629629627,4.0,8.0,27.5,89.79999999999995,1.0,1.0,2.0,3.0,1.0,1.0,1.0,1.3999999999999986
matched_calendar_window,merge_time_band,week_to_month,7 to under 30 days,2023,4,4,0,4,100.0,0.0,100.0,0.0,0,,1.5,1.0,4,True,True,7.9813396990740735,10.383987268518517,16.6096875,23.558395833333336,54.5,75.5,127.0,190.00000000000003,2.5,5.0,7.75,9.100000000000001,1.75,3.0,5.75,8.900000000000002
matched_calendar_window,merge_time_band,day_to_week,1 to under 7 days,2024,12,12,1,12,100.0,8.333333333333334,100.0,8.333333333333334,0.08333333333333333,1,2.1666666666666665,1.5,8,True,True,2.1346527777777777,2.9614814814814814,3.8082581018518518,4.772712962962964,20.25,62.5,154.5,306.0,1.0,4.0,8.5,20.800000000000004,2.0,3.0,5.75,8.9
matched_calendar_window,merge_time_band,hour_to_day,1 hour to under 1 day,2024,32,32,0,32,100.0,0.0,100.0,0.0,0,,1.375,1.0,19,False,True,0.06364583333333333,0.11462384259259259,0.2750434027777778,0.5528761574074077,7.75,32.0,72.25,169.70000000000002,1.0,1.0,4.25,8.0,1.0,1.0,2.0,2.0
matched_calendar_window,merge_time_band,month_plus,30+ days,2024,1,1,0,1,100.0,0.0,100.0,0.0,0,,5,5.0,1,True,True,230.0125462962963,230.0125462962963,230.0125462962963,230.0125462962963,4.0,4.0,4.0,4.0,2.0,2.0,2.0,2.0,2.0,2.0,2.0,2.0
matched_calendar_window,merge_time_band,under_hour,Under 1 hour,2024,92,92,0,92,100.0,0.0,100.0,0.0,0,,1.1521739130434783,1.0,25,False,True,0.010902777777777777,0.012858796296296295,0.017013888888888887,0.02486689814814815,6.0,25.0,76.25,170.20000000000005,1.0,2.0,3.0,5.0,1.0,1.0,1.0,2.0
matched_calendar_window,merge_time_band,week_to_month,7 to under 30 days,2024,3,3,0,3,100.0,0.0,100.0,0.0,0,,4,3.0,3,True,True,13.323981481481482,18.656076388888888,22.326516203703704,24.52878009259259,394.5,787.0,1194.0,1438.2,18.0,35.0,41.0,44.6,1.5,2.0,8.0,11.600000000000001
matched_calendar_window,merge_time_band,day_to_week,1 to under 7 days,2025,12,12,2,12,100.0,16.666666666666668,100.0,16.666666666666668,0.25,1.5,2.3333333333333335,2.0,11,True,True,2.2224971064814816,3.522204861111111,4.255112847222222,5.769833333333334,14.5,99.0,274.5,386.4,1.0,3.0,6.0,9.9,2.0,4.5,7.0,12.700000000000001
matched_calendar_window,merge_time_band,hour_to_day,1 hour to under 1 day,2025,31,31,1,31,100.0,3.225806451612903,100.0,3.225806451612903,0.03225806451612903,1,1.4838709677419355,1.0,19,False,True,0.07165509259259259,0.13684027777777777,0.3172222222222222,0.5271527777777778,10.0,28.0,69.0,91.0,1.0,2.0,4.0,7.0,1.0,1.0,2.5,3.0
matched_calendar_window,merge_time_band,month_plus,30+ days,2025,2,2,0,2,100.0,0.0,100.0,0.0,0,,2,2.0,2,True,True,126.43951388888888,194.2275810185185,262.01564814814816,302.6884884259259,88.0,90.0,92.0,93.2,2.75,3.5,4.25,4.7,4.75,5.5,6.25,6.7
matched_calendar_window,merge_time_band,under_hour,Under 1 hour,2025,75,75,0,75,100.0,0.0,100.0,0.0,0,,1.1066666666666667,1.0,23,False,True,0.010439814814814815,0.013842592592592592,0.019820601851851853,0.025069444444444446,6.0,13.0,47.5,122.20000000000006,1.0,1.0,3.0,5.0,1.0,1.0,1.0,1.0
matched_calendar_window,merge_time_band,week_to_month,7 to under 30 days,2025,3,3,0,3,100.0,0.0,100.0,0.0,0,,1.6666666666666667,1.0,2,True,True,12.86152199074074,15.704409722222222,17.52046875,18.610104166666666,4.0,6.0,112.5,176.4,1.0,1.0,1.0,1.0,1.0,1.0,1.0,1.0
matched_calendar_window,merge_time_band,day_to_week,1 to under 7 days,2026,21,21,1,21,100.0,4.761904761904762,100.0,4.761904761904762,0.047619047619047616,1,6.142857142857143,3.0,17,True,True,1.688900462962963,2.9444097222222223,3.864502314814815,4.965138888888889,48.0,414.0,840.0,902.0,2.0,5.0,16.0,32.0,3.0,5.0,10.0,16.0
matched_calendar_window,merge_time_band,hour_to_day,1 hour to under 1 day,2026,93,93,0,93,100.0,0.0,100.0,0.0,0,,3.010752688172043,2.0,35,False,True,0.05758101851851852,0.08974537037037036,0.1809837962962963,0.7055694444444444,26.0,67.0,211.0,429.5999999999999,2.0,3.0,6.0,13.0,1.0,2.0,3.0,4.0
matched_calendar_window,merge_time_band,month_plus,30+ days,2026,2,2,0,2,100.0,0.0,100.0,0.0,0,,4.5,2.5,2,True,True,337.893978587963,639.2622511574075,940.6305237268518,1121.4514872685186,14.75,26.5,38.25,45.300000000000004,2.75,4.5,6.25,7.3,1.25,1.5,1.75,1.9
matched_calendar_window,merge_time_band,under_hour,Under 1 hour,2026,79,79,0,79,100.0,0.0,100.0,0.0,0,,2.2531645569620253,2.0,31,False,True,0.014849537037037036,0.020150462962962964,0.02914351851851852,0.03462268518518519,6.0,21.0,119.5,467.6000000000001,1.0,2.0,4.0,7.0,1.0,1.0,2.0,2.200000000000003
matched_calendar_window,merge_time_band,week_to_month,7 to under 30 days,2026,5,5,1,5,100.0,20.0,100.0,20.0,0.2,1,4.2,4.0,5,True,True,9.8775,11.949409722222223,12.907858796296296,21.1931712962963,8.0,14.0,47.0,96.80000000000001,1.0,1.0,2.0,4.4,2.0,2.0,4.0,7.0
matched_calendar_window,file_band,one,1 file,2017,58,17,3,14,29.310344827586206,5.172413793103448,24.137931034482758,17.647058823529413,0.08620689655172414,1.6666666666666667,0.9482758620689655,0.0,39,False,True,0.136015625,0.5923668981481481,4.164516782407407,21.19821990740741,3.0,8.0,23.75,38.300000000000004,1.0,1.0,1.0,1.0,1.0,1.0,2.0,3.0
matched_calendar_window,file_band,six_plus,6+ files,2017,35,17,9,9,48.57142857142857,25.714285714285715,25.714285714285715,52.94117647058823,0.34285714285714286,1.3333333333333333,1.457142857142857,0.0,14,False,True,0.04527777777777778,0.45035879629629627,3.212037037037037,9.5483587962963,127.0,302.0,591.0,1276.8000000000002,7.0,12.0,17.0,31.6,2.0,5.0,11.5,17.6
matched_calendar_window,file_band,two_to_five,2–5 files,2017,51,18,8,12,35.294117647058826,15.686274509803921,23.529411764705884,44.44444444444444,0.17647058823529413,1.125,1.3529411764705883,0.0,31,False,True,0.027262731481481478,0.8013541666666667,5.796035879629629,37.28813657407407,19.0,33.0,79.5,209.0,2.0,3.0,4.0,5.0,1.0,2.0,3.0,5.0
matched_calendar_window,file_band,one,1 file,2018,52,20,6,13,38.46153846153846,11.538461538461538,25.0,30.0,0.15384615384615385,1.3333333333333333,1.0192307692307692,0.0,42,False,True,0.44502604166666665,1.7530960648148148,5.847936921296296,14.59046875,2.0,5.5,15.0,29.29999999999999,1.0,1.0,1.0,1.0,1.0,1.0,2.25,4.0
matched_calendar_window,file_band,six_plus,6+ files,2018,33,12,2,7,36.36363636363637,6.0606060606060606,21.21212121212121,16.666666666666668,0.09090909090909091,1.5,1.0909090909090908,0.0,17,False,True,0.1686574074074074,0.9901504629629629,4.864907407407407,11.010699074074077,128.0,232.0,519.0,1685.4000000000005,9.0,10.0,14.0,50.80000000000001,2.0,4.0,8.0,15.000000000000004
matched_calendar_window,file_band,two_to_five,2–5 files,2018,46,21,7,16,45.65217391304348,15.217391304347826,34.78260869565217,33.333333333333336,0.1956521739130435,1.2857142857142858,1.2173913043478262,0.0,30,False,True,0.2368605324074074,1.2691145833333333,5.028828125,55.28101851851852,16.75,41.0,77.25,161.0,2.0,3.0,4.0,4.5,1.0,2.0,3.0,6.5
matched_calendar_window,file_band,one,1 file,2019,58,35,5,33,60.3448275862069,8.620689655172415,56.89655172413793,14.285714285714286,0.08620689655172414,1,0.8793103448275862,1.0,43,False,True,0.08174479166666666,0.27758680555555554,3.0507291666666667,66.50207754629642,3.0,6.0,11.75,47.000000000000085,1.0,1.0,1.0,1.0,1.0,1.0,2.0,3.3000000000000043
matched_calendar_window,file_band,six_plus,6+ files,2019,27,11,4,7,40.74074074074074,14.814814814814815,25.925925925925927,36.36363636363637,0.18518518518518517,1.25,0.7777777777777778,0.0,18,True,True,0.2544212962962963,1.5215972222222223,6.117094907407408,19.838608796296338,96.0,280.0,616.0,980.8000000000001,7.0,8.0,15.5,19.800000000000004,2.0,4.0,11.0,14.200000000000006
matched_calendar_window,file_band,two_to_five,2–5 files,2019,61,38,11,30,62.295081967213115,18.0327868852459,49.18032786885246,28.94736842105263,0.2459016393442623,1.3636363636363635,1.7540983606557377,1.0,35,False,False,0.07815972222222223,0.7682407407407408,5.910277777777778,28.775023148148147,18.0,28.0,96.0,154.0,2.0,3.0,4.0,5.0,1.0,2.0,5.0,7.0
matched_calendar_window,file_band,one,1 file,2020,66,41,3,40,62.121212121212125,4.545454545454546,60.60606060606061,7.317073170731708,0.045454545454545456,1,0.8181818181818182,1.0,42,False,True,0.18416087962962963,0.7787847222222222,2.8681915509259257,9.07245949074074,2.0,5.0,13.0,28.5,1.0,1.0,1.0,1.0,1.0,1.0,2.0,3.0
matched_calendar_window,file_band,six_plus,6+ files,2020,41,23,7,18,56.09756097560975,17.073170731707318,43.90243902439025,30.434782608695652,0.17073170731707318,1,2.073170731707317,1.0,21,False,True,0.12719907407407408,1.046574074074074,3.420775462962963,10.514421296296296,123.0,181.0,671.0,2122.0,8.0,10.0,14.0,30.0,2.0,3.0,9.0,32.0
matched_calendar_window,file_band,two_to_five,2–5 files,2020,47,34,9,27,72.34042553191489,19.148936170212767,57.4468085106383,26.470588235294116,0.2553191489361702,1.3333333333333333,1.7446808510638299,1.0,28,False,True,0.666261574074074,2.9694560185185184,4.874363425925926,9.036178240740739,19.0,46.0,95.0,138.4,2.0,3.0,4.0,5.0,1.0,2.0,3.0,4.399999999999999
matched_calendar_window,file_band,zero,0 files,2020,1,1,0,1,100.0,0.0,100.0,0.0,0,,1,1.0,1,True,True,0.005185185185185185,0.005185185185185185,0.005185185185185185,0.005185185185185185,0.0,0.0,0.0,0.0,0.0,0.0,0.0,0.0,1.0,1.0,1.0,1.0
matched_calendar_window,file_band,one,1 file,2021,62,41,2,38,66.12903225806451,3.225806451612903,61.29032258064516,4.878048780487805,0.04838709677419355,1.5,1,1.0,40,False,True,0.04211226851851852,0.3103703703703704,2.8550173611111114,5.73467824074074,3.0,9.0,18.75,51.199999999999974,1.0,1.0,1.0,1.0,1.0,1.0,2.0,3.0
matched_calendar_window,file_band,six_plus,6+ files,2021,37,20,9,16,54.054054054054056,24.324324324324323,43.24324324324324,45.0,0.35135135135135137,1.4444444444444444,3.27027027027027,1.0,14,False,True,0.1465162037037037,0.8496990740740741,3.299328703703704,12.345773148148147,176.0,280.0,506.0,1089.5999999999997,9.0,13.0,19.0,27.799999999999997,3.0,6.0,11.0,16.799999999999997
matched_calendar_window,file_band,two_to_five,2–5 files,2021,52,36,8,32,69.23076923076923,15.384615384615385,61.53846153846154,22.22222222222222,0.19230769230769232,1.25,1.4423076923076923,1.0,30,False,True,0.08868634259259259,0.8112731481481481,2.818431712962963,6.277549768518519,17.75,38.0,76.5,277.4,2.0,3.0,4.0,4.0,1.0,2.0,3.0,6.0
matched_calendar_window,file_band,zero,0 files,2021,1,1,0,1,100.0,0.0,100.0,0.0,0,,1,1.0,1,True,True,0.00900462962962963,0.00900462962962963,0.00900462962962963,0.00900462962962963,0.0,0.0,0.0,0.0,0.0,0.0,0.0,0.0,1.0,1.0,1.0,1.0
matched_calendar_window,file_band,one,1 file,2022,63,58,0,57,92.06349206349206,0.0,90.47619047619048,0.0,0,,1.2380952380952381,1.0,27,False,True,0.009577546296296296,0.03606481481481481,0.19471064814814815,1.3141689814814836,2.0,4.0,9.5,20.200000000000017,1.0,1.0,1.0,1.0,1.0,1.0,1.0,2.0
matched_calendar_window,file_band,six_plus,6+ files,2022,24,20,7,19,83.33333333333333,29.166666666666668,79.16666666666667,35.0,0.375,1.2857142857142858,6.375,2.0,15,True,True,0.06929976851851852,0.7109143518518519,1.9703993055555555,5.912451388888889,74.5,124.5,319.0,768.0999999999998,6.75,10.0,13.25,16.7,2.0,4.5,9.25,15.7
matched_calendar_window,file_band,two_to_five,2–5 files,2022,42,39,7,37,92.85714285714286,16.666666666666668,88.0952380952381,17.94871794871795,0.21428571428571427,1.2857142857142858,2.2857142857142856,1.0,18,False,True,0.01228298611111111,0.05864583333333333,0.6903501157407408,1.183625,20.25,37.0,66.5,147.29999999999995,2.0,3.0,4.0,4.899999999999999,1.0,1.0,2.0,6.799999999999997
matched_calendar_window,file_band,one,1 file,2023,67,67,1,67,100.0,1.492537313432836,100.0,1.492537313432836,0.014925373134328358,1,1.3880597014925373,1.0,29,False,True,0.011012731481481481,0.01986111111111111,0.10756944444444444,0.9161504629629628,2.0,6.0,12.5,33.19999999999998,1.0,1.0,1.0,1.0,1.0,1.0,1.0,2.0
matched_calendar_window,file_band,six_plus,6+ files,2023,19,19,0,19,100.0,0.0,100.0,0.0,0,,2.3157894736842106,1.0,12,True,True,0.10054976851851852,0.9738310185185185,2.496047453703704,15.837608796296283,85.5,195.0,297.5,702.7999999999993,7.5,9.0,12.5,16.199999999999992,2.5,4.0,10.0,15.79999999999999
matched_calendar_window,file_band,two_to_five,2–5 files,2023,57,57,7,57,100.0,12.280701754385966,100.0,12.280701754385966,0.12280701754385964,1,1.719298245614035,1.0,25,False,True,0.012650462962962962,0.08621527777777778,0.8182407407407407,3.010946759259257,10.0,28.0,60.0,142.2,2.0,2.0,3.0,5.0,1.0,1.0,2.0,4.0
matched_calendar_window,file_band,one,1 file,2024,59,59,0,59,100.0,0.0,100.0,0.0,0,,1.4406779661016949,1.0,27,False,True,0.011689814814814816,0.023414351851851853,0.09732638888888889,0.7315763888888894,4.0,8.0,22.5,39.60000000000001,1.0,1.0,1.0,1.0,1.0,1.0,1.0,2.0
matched_calendar_window,file_band,six_plus,6+ files,2024,21,21,1,21,100.0,4.761904761904762,100.0,4.761904761904762,0.047619047619047616,1,1.8095238095238095,1.0,16,True,True,0.014895833333333334,0.11190972222222222,1.9804513888888888,4.8661111111111115,65.0,149.0,315.0,864.0,8.0,9.0,14.0,25.0,1.0,2.0,4.0,5.0
matched_calendar_window,file_band,two_to_five,2–5 files,2024,60,60,0,60,100.0,0.0,100.0,0.0,0,,1.1666666666666667,1.0,23,False,True,0.011880787037037037,0.013917824074074074,0.024678819444444444,0.22459490740740748,13.0,40.0,106.25,225.0,2.0,2.0,3.25,4.100000000000001,1.0,1.0,2.0,2.0
matched_calendar_window,file_band,one,1 file,2025,60,60,0,60,100.0,0.0,100.0,0.0,0,,1.1833333333333333,1.0,28,False,True,0.01224537037037037,0.016805555555555553,0.10894965277777778,1.1930914351851871,3.75,7.5,18.25,45.50000000000001,1.0,1.0,1.0,1.0,1.0,1.0,1.0,2.0
matched_calendar_window,file_band,six_plus,6+ files,2025,16,16,1,16,100.0,6.25,100.0,6.25,0.0625,1,1.625,1.0,12,True,True,0.01980324074074074,0.05156828703703703,0.24942418981481482,2.3739699074074077,74.75,139.0,251.5,448.0,6.75,7.0,10.5,17.0,1.0,1.0,3.0,5.0
matched_calendar_window,file_band,two_to_five,2–5 files,2025,47,47,2,47,100.0,4.25531914893617,100.0,4.25531914893617,0.06382978723404255,1.5,1.4680851063829787,1.0,26,False,True,0.013275462962962963,0.024930555555555556,0.19571180555555556,3.7149212962962954,11.5,31.0,85.5,262.5999999999999,2.0,3.0,4.0,5.0,1.0,1.0,2.0,5.0
matched_calendar_window,file_band,one,1 file,2026,61,61,1,61,100.0,1.639344262295082,100.0,1.639344262295082,0.01639344262295082,1,2.442622950819672,2.0,33,False,True,0.018587962962962962,0.03491898148148148,0.10428240740740741,4.965138888888889,3.0,6.0,14.0,33.0,1.0,1.0,1.0,1.0,1.0,1.0,2.0,3.0
matched_calendar_window,file_band,six_plus,6+ files,2026,54,54,1,54,100.0,1.8518518518518519,100.0,1.8518518518518519,0.018518518518518517,1,3.9814814814814814,3.0,27,False,True,0.03308159722222222,0.11282407407407408,0.771495949074074,3.008762731481482,180.0,409.0,748.5,1571.5,7.0,10.5,15.75,30.400000000000006,2.0,2.0,4.75,14.0
matched_calendar_window,file_band,two_to_five,2–5 files,2026,85,85,0,85,100.0,0.0,100.0,0.0,0,,2.976470588235294,2.0,37,False,True,0.03152777777777778,0.06112268518518518,0.130625,0.9373958333333335,28.0,64.0,126.0,275.6000000000002,2.0,3.0,4.0,5.0,1.0,2.0,3.0,4.6000000000000085
matched_calendar_window,commit_band,one,1 commit,2017,70,16,1,13,22.857142857142858,1.4285714285714286,18.571428571428573,6.25,0.014285714285714285,1,0.7,0.0,38,False,True,0.01781539351851852,0.35878472222222224,2.808773148148148,22.7093865740741,4.0,13.0,49.0,156.00000000000003,1.0,1.0,3.0,5.100000000000001,1.0,1.0,1.0,1.0
matched_calendar_window,commit_band,six_plus,6+ commits,2017,21,13,7,9,61.904761904761905,33.333333333333336,42.857142857142854,53.84615384615385,0.38095238095238093,1.1428571428571428,2.1904761904761907,1.0,15,True,True,0.06164351851851852,1.3031018518518518,15.46150462962963,23.41230324074074,78.0,305.0,773.0,1608.0,3.0,10.0,15.0,31.0,7.0,10.0,16.0,19.0
matched_calendar_window,commit_band,two_to_five,2–5 commits,2017,53,23,12,13,43.39622641509434,22.641509433962263,24.528301886792452,52.17391304347826,0.32075471698113206,1.4166666666666667,1.509433962264151,0.0,28,False,False,0.15744212962962964,0.9641319444444445,5.4411805555555555,15.677013888888897,18.0,54.0,130.0,389.80000000000024,1.0,3.0,6.0,12.800000000000004,2.0,2.0,3.0,4.0
matched_calendar_window,commit_band,one,1 commit,2018,59,17,2,12,28.8135593220339,3.389830508474576,20.338983050847457,11.764705882352942,0.03389830508474576,1,0.4067796610169492,0.0,42,False,True,0.0997974537037037,0.7593634259259259,3.4602604166666664,12.34646527777779,3.0,12.0,31.0,107.60000000000011,1.0,1.0,2.5,5.200000000000003,1.0,1.0,1.0,1.0
matched_calendar_window,commit_band,six_plus,6+ commits,2018,24,10,5,8,41.666666666666664,20.833333333333332,33.333333333333336,50.0,0.3333333333333333,1.6,2.4583333333333335,0.0,16,True,True,0.42317129629629624,3.107974537037037,8.19453125,29.229887731481476,121.0,262.5,713.5,1610.0999999999995,4.0,9.0,13.25,26.19999999999999,6.0,8.0,12.25,16.7
matched_calendar_window,commit_band,two_to_five,2–5 commits,2018,48,26,8,16,54.166666666666664,16.666666666666668,33.333333333333336,30.76923076923077,0.20833333333333334,1.25,1.2916666666666667,1.0,28,False,True,0.5053616898148148,2.879108796296296,6.274363425925926,16.625021990740763,12.75,27.0,70.25,206.10000000000016,1.0,2.0,5.25,9.300000000000004,2.0,3.0,4.0,4.300000000000004
matched_calendar_window,commit_band,one,1 commit,2019,64,37,0,37,57.8125,0.0,57.8125,0.0,0,,0.640625,1.0,38,False,True,0.022294560185185185,0.23213541666666668,2.0768055555555556,29.83209490740743,4.0,9.0,22.25,70.0,1.0,1.0,3.0,5.0,1.0,1.0,1.0,1.0
matched_calendar_window,commit_band,six_plus,6+ commits,2019,23,14,7,6,60.869565217391305,30.434782608695652,26.08695652173913,50.0,0.4782608695652174,1.5714285714285714,2.5217391304347827,1.0,17,True,True,0.8417939814814814,3.034710648148148,10.988912037037037,119.67618518518523,31.5,104.0,449.0,970.0,3.0,4.0,10.0,18.400000000000002,7.0,8.0,12.5,18.400000000000002
matched_calendar_window,commit_band,two_to_five,2–5 commits,2019,59,33,13,27,55.932203389830505,22.033898305084747,45.76271186440678,39.39393939393939,0.23728813559322035,1.0769230769230769,1.3559322033898304,1.0,36,False,False,0.12019675925925927,0.8393981481481482,4.934652777777778,29.350486111111117,15.5,39.0,139.5,420.4000000000005,1.5,2.0,5.0,8.0,2.0,2.0,4.0,5.0
matched_calendar_window,commit_band,one,1 commit,2020,64,44,3,40,68.75,4.6875,62.5,6.818181818181818,0.046875,1,1,1.0,37,False,True,0.022806712962962963,0.5959722222222221,2.0060243055555556,5.670834490740745,2.0,6.5,29.75,93.4,1.0,1.0,2.0,7.700000000000003,1.0,1.0,1.0,1.0
matched_calendar_window,commit_band,six_plus,6+ commits,2020,15,6,4,4,40.0,26.666666666666668,26.666666666666668,66.66666666666667,0.26666666666666666,1,1.7333333333333334,0.0,9,True,True,0.25840856481481483,0.84,5.07890625,23.67071759259258,316.0,671.0,2132.0,2362.0,7.5,13.0,29.0,50.8,11.0,15.0,34.0,40.2
matched_calendar_window,commit_band,two_to_five,2–5 commits,2020,76,49,12,42,64.47368421052632,15.789473684210526,55.26315789473684,24.489795918367346,0.19736842105263158,1.25,1.736842105263158,1.0,47,False,False,0.7058333333333333,2.685422453703704,4.873686342592593,18.30242476851852,12.75,52.0,124.5,241.0,1.0,2.5,5.25,9.0,2.0,2.0,3.0,5.0
matched_calendar_window,commit_band,one,1 commit,2021,68,46,1,44,67.6470588235294,1.4705882352941178,64.70588235294117,2.1739130434782608,0.014705882352941176,1,0.8088235294117647,1.0,35,False,True,0.02611400462962963,0.11649305555555556,1.2650462962962963,4.544921296296297,3.0,8.5,33.5,169.70000000000005,1.0,1.0,2.0,5.300000000000004,1.0,1.0,1.0,1.0
matched_calendar_window,commit_band,six_plus,6+ commits,2021,30,20,12,16,66.66666666666667,40.0,53.333333333333336,60.0,0.6,1.5,4.466666666666667,1.0,13,False,False,0.19114583333333332,0.93421875,4.990908564814815,22.094288194444463,113.0,285.5,462.75,757.7000000000003,4.0,9.5,13.0,20.0,8.25,10.0,15.25,22.200000000000003
matched_calendar_window,commit_band,two_to_five,2–5 commits,2021,54,32,6,27,59.25925925925926,11.11111111111111,50.0,18.75,0.12962962962962962,1.1666666666666667,1.2962962962962963,1.0,36,False,True,0.15643518518518518,1.2259027777777778,3.846273148148148,12.96584143518519,16.25,34.5,123.75,329.90000000000026,1.0,2.0,4.0,12.100000000000009,2.0,2.0,3.0,4.0
matched_calendar_window,commit_band,one,1 commit,2022,82,76,0,75,92.6829268292683,0.0,91.46341463414635,0.0,0,,1,1.0,29,False,True,0.009577546296296296,0.02236111111111111,0.10010416666666666,0.6819039351851852,2.0,8.5,27.0,65.9,1.0,1.0,2.0,4.0,1.0,1.0,1.0,1.0
matched_calendar_window,commit_band,six_plus,6+ commits,2022,16,15,9,12,93.75,56.25,75.0,60.0,0.75,1.3333333333333333,10.625,2.0,10,True,True,0.3434375,0.986082175925926,1.9703993055555555,7.9969270833333335,106.75,231.5,651.25,893.0,4.75,6.5,11.25,15.0,7.75,10.0,15.0,16.0
matched_calendar_window,commit_band,two_to_five,2–5 commits,2022,31,26,5,26,83.87096774193549,16.129032258064516,83.87096774193549,19.23076923076923,0.1935483870967742,1.2,2.4193548387096775,1.0,19,False,True,0.041672453703703705,0.6654629629629629,1.1064756944444445,5.6478125,10.5,45.0,85.0,123.0,1.0,3.0,6.0,8.0,2.0,2.0,3.0,4.0
matched_calendar_window,commit_band,one,1 commit,2023,91,91,1,91,100.0,1.098901098901099,100.0,1.098901098901099,0.01098901098901099,1,1.2087912087912087,1.0,31,False,True,0.010636574074074074,0.016307870370370372,0.10628472222222222,0.6992476851851852,4.0,8.0,27.5,77.0,1.0,1.0,2.0,3.0,1.0,1.0,1.0,1.0
matched_calendar_window,commit_band,six_plus,6+ commits,2023,11,11,2,11,100.0,18.181818181818183,100.0,18.181818181818183,0.18181818181818182,1,3.4545454545454546,2.0,8,True,True,1.0842592592592593,2.7752546296296297,4.881996527777778,12.74929398148148,84.0,275.0,557.5,1506.0,6.0,9.0,13.0,25.0,9.5,11.0,13.0,27.0
matched_calendar_window,commit_band,two_to_five,2–5 commits,2023,41,41,5,41,100.0,12.195121951219512,100.0,12.195121951219512,0.12195121951219512,1,2.1219512195121952,1.0,21,False,True,0.07429398148148147,0.6669328703703704,1.0381944444444444,3.479791666666667,10.0,28.0,59.0,147.0,2.0,3.0,5.0,8.0,2.0,3.0,3.0,4.0
matched_calendar_window,commit_band,one,1 commit,2024,98,98,0,98,100.0,0.0,100.0,0.0,0,,1.153061224489796,1.0,29,False,True,0.01146412037037037,0.013645833333333333,0.03127893518518519,0.2078171296296296,6.0,17.5,48.0,140.2,1.0,2.0,2.0,4.0,1.0,1.0,1.0,1.0
matched_calendar_window,commit_band,six_plus,6+ commits,2024,5,5,0,5,100.0,0.0,100.0,0.0,0,,2.8,2.0,4,True,True,2.5609722222222224,3.7256944444444446,4.8689583333333335,17.54575694444445,22.0,36.0,97.0,511.00000000000006,1.0,5.0,7.0,23.800000000000004,9.0,9.0,11.0,12.8
matched_calendar_window,commit_band,two_to_five,2–5 commits,2024,37,37,1,37,100.0,2.7027027027027026,100.0,2.7027027027027026,0.02702702702702703,1,1.7837837837837838,1.0,18,False,True,0.016724537037037038,0.07731481481481481,0.8871412037037038,3.833032407407407,14.0,66.0,171.0,271.7999999999999,2.0,4.0,8.0,14.599999999999994,2.0,2.0,3.0,4.0
matched_calendar_window,commit_band,one,1 commit,2025,92,92,0,92,100.0,0.0,100.0,0.0,0,,1.141304347826087,1.0,29,False,True,0.010946180555555556,0.0165625,0.04306712962962963,0.39501967592592646,4.75,12.0,37.25,92.80000000000001,1.0,1.0,2.0,5.0,1.0,1.0,1.0,1.0
matched_calendar_window,commit_band,six_plus,6+ commits,2025,5,5,0,5,100.0,0.0,100.0,0.0,0,,2.2,2.0,5,True,True,3.4246296296296297,3.714722222222222,6.977094907407407,200.67306712962963,118.0,239.0,381.0,2578.8,5.0,5.0,5.0,15.200000000000001,7.0,10.0,13.0,22.6
matched_calendar_window,commit_band,two_to_five,2–5 commits,2025,26,26,3,26,100.0,11.538461538461538,100.0,11.538461538461538,0.15384615384615385,1.3333333333333333,1.9230769230769231,1.0,18,True,True,0.03281539351851852,0.11936921296296296,0.9760532407407407,3.8150868055555556,22.0,67.5,118.75,347.0,1.25,3.0,5.0,8.0,2.0,3.0,3.75,5.0
matched_calendar_window,commit_band,one,1 commit,2026,80,80,0,80,100.0,0.0,100.0,0.0,0,,2.0875,2.0,34,False,True,0.015931712962962963,0.025729166666666668,0.06660590277777778,0.1755856481481482,4.0,12.0,59.0,178.2000000000001,1.0,1.0,3.0,6.0,1.0,1.0,1.0,1.0
matched_calendar_window,commit_band,six_plus,6+ commits,2026,20,20,1,20,100.0,5.0,100.0,5.0,0.05,1,5.15,3.0,13,True,True,0.18353009259259262,1.4200405092592594,3.236197916666667,4.5861180555555565,99.0,514.5,882.75,1260.9000000000012,4.0,10.5,15.25,31.1,7.75,10.0,15.0,22.300000000000004
matched_calendar_window,commit_band,two_to_five,2–5 commits,2026,100,100,1,100,100.0,1.0,100.0,1.0,0.01,1,3.47,3.0,40,False,True,0.034921875000000005,0.07984374999999999,0.23815393518518518,2.81274652777778,39.0,89.0,269.5,484.0000000000001,2.0,4.0,7.0,14.100000000000009,2.0,2.0,3.0,3.1000000000000085
