repo,pr_number,url,title,created_at,merged_at,closed_at,updated_at,fetched_at,author_login,author_type,author_association,additions,deletions,changed_files,commits,review_count,reviewer_count,approval_count,change_request_count,has_review,has_change_request,dismissed_review_count,collection_status,error
microsoft/vscode,17853,https://github.com/microsoft/vscode/pull/17853,linux argument startup fix,2016-12-27T13:18:45Z,2017-01-03T09:21:13Z,2017-01-03T09:21:13Z,2020-03-27T07:04:00Z,2026-09-25T18:51:02Z,mrdrogdrog,User,CONTRIBUTOR,1,2,1,1,0,0,0,0,False,False,0,ok,
microsoft/vscode,18130,https://github.com/microsoft/vscode/pull/18130,Show Error Message if TypeScript Settings Update Fails,2017-01-04T23:33:54Z,2017-01-05T20:33:30Z,2017-01-05T20:33:30Z,2020-03-27T07:04:00Z,2026-09-25T18:51:03Z,mjbvz,User,CONTRIBUTOR,9,6,1,1,0,0,0,0,False,False,0,ok,
microsoft/vscode,18063,https://github.com/microsoft/vscode/pull/18063,Only apply TS Dot Accept Suggestion if Previous Character is a valid identifier,2017-01-03T23:02:30Z,2017-01-09T18:43:59Z,2017-01-09T18:43:59Z,2020-03-27T07:04:00Z,2026-09-25T18:51:04Z,mjbvz,User,CONTRIBUTOR,19,2,3,2,0,0,0,0,False,False,0,ok,
microsoft/vscode,18336,https://github.com/microsoft/vscode/pull/18336,Add createTerminal with options API with new option waitOnExit,2017-01-09T19:25:08Z,2017-01-11T04:00:56Z,2017-01-11T04:00:56Z,2020-03-27T07:04:00Z,2026-09-25T18:51:05Z,Tyriar,User,CONTRIBUTOR,59,9,7,3,0,0,0,0,False,False,0,ok,
microsoft/vscode,17684,https://github.com/microsoft/vscode/pull/17684,Update LICENSE.txt,2016-12-21T14:46:13Z,2017-01-12T01:36:52Z,2017-01-12T01:36:52Z,2020-03-27T07:04:00Z,2026-09-25T18:51:06Z,rohmanhm,User,CONTRIBUTOR,18,12,1,3,4,1,1,3,True,True,0,ok,
microsoft/vscode,18429,https://github.com/microsoft/vscode/pull/18429,Pick up TS 2.1.5 final release,2017-01-12T01:54:04Z,2017-01-12T02:10:14Z,2017-01-12T02:10:14Z,2020-03-27T07:04:00Z,2026-09-25T18:51:07Z,mjbvz,User,CONTRIBUTOR,5,5,3,1,0,0,0,0,False,False,0,ok,
microsoft/vscode,16129,https://github.com/microsoft/vscode/pull/16129,inline values as decorators when debugging,2016-11-28T06:07:36Z,2017-01-13T15:58:05Z,2017-01-13T15:58:05Z,2020-03-27T07:05:03Z,2026-09-25T18:51:11Z,nojvek,User,CONTRIBUTOR,429,1,3,1,19,3,0,1,True,True,0,ok,
microsoft/vscode,18539,https://github.com/microsoft/vscode/pull/18539,Fixing sorting of directory and filenames with numbers,2017-01-14T05:16:47Z,2017-01-16T08:41:44Z,2017-01-16T08:41:44Z,2020-03-27T07:04:00Z,2026-09-25T18:51:12Z,jchadwick,User,CONTRIBUTOR,10,25,3,2,0,0,0,0,False,False,0,ok,
microsoft/vscode,18658,https://github.com/microsoft/vscode/pull/18658,Improve discoverability of panels and explore the use of tabs for switching among panels,2017-01-17T13:16:33Z,2017-01-17T14:35:31Z,2017-01-17T14:35:31Z,2020-03-27T07:04:00Z,2026-09-25T18:51:13Z,bpasero,User,CONTRIBUTOR,327,180,13,6,0,0,0,0,False,False,0,ok,
microsoft/vscode,18626,https://github.com/microsoft/vscode/pull/18626,Implement hot exit on switching folders,2017-01-17T01:38:14Z,2017-01-18T06:31:52Z,2017-01-18T06:31:52Z,2020-03-27T07:04:00Z,2026-09-25T18:51:14Z,Tyriar,User,CONTRIBUTOR,231,23,7,13,3,2,1,1,True,True,0,ok,
microsoft/vscode,18119,https://github.com/microsoft/vscode/pull/18119,Added a link to disable an extension doc,2017-01-04T19:46:34Z,2017-01-18T22:35:24Z,2017-01-18T22:35:24Z,2020-03-27T07:04:00Z,2026-09-25T18:51:15Z,waderyan,User,NONE,19,6,1,2,6,2,1,0,True,False,0,ok,
microsoft/vscode,18762,https://github.com/microsoft/vscode/pull/18762,Prototyping Markdown Preview Synchronization With Editors,2017-01-19T00:47:42Z,2017-01-19T01:58:46Z,2017-01-19T01:58:46Z,2020-03-27T08:01:29Z,2026-09-25T18:51:16Z,mjbvz,User,CONTRIBUTOR,247,55,9,10,1,1,0,0,True,False,0,ok,
microsoft/vscode,18476,https://github.com/microsoft/vscode/pull/18476,fix #13945. support format on paste,2017-01-12T23:36:37Z,2017-01-19T16:56:22Z,2017-01-19T16:56:22Z,2020-03-27T07:04:00Z,2026-09-25T18:51:18Z,rebornix,User,CONTRIBUTOR,129,1,7,4,5,3,1,1,True,True,0,ok,
microsoft/vscode,16568,https://github.com/microsoft/vscode/pull/16568,Apply indent rule when enter.,2016-12-06T06:05:59Z,2017-01-19T17:29:48Z,2017-01-19T17:29:48Z,2020-03-27T10:00:38Z,2026-09-25T18:51:19Z,rebornix,User,CONTRIBUTOR,662,152,6,18,4,3,1,1,True,True,0,ok,
microsoft/vscode,16979,https://github.com/microsoft/vscode/pull/16979,Add outline support for Markdown files,2016-12-09T13:36:11Z,2017-01-20T10:46:30Z,2017-01-20T10:46:31Z,2020-03-27T10:00:38Z,2026-09-25T18:51:20Z,joaomoreno,User,CONTRIBUTOR,100,38,2,4,7,2,1,1,True,True,0,ok,
microsoft/vscode,18824,https://github.com/microsoft/vscode/pull/18824,Support Local File Links from the Markdown Preview,2017-01-20T02:03:03Z,2017-01-20T20:44:09Z,2017-01-20T20:44:10Z,2020-03-27T08:01:29Z,2026-09-25T18:51:21Z,mjbvz,User,CONTRIBUTOR,125,84,4,4,0,0,0,0,False,False,0,ok,
microsoft/vscode,19030,https://github.com/microsoft/vscode/pull/19030,Use named pipes to talk to extension host,2017-01-23T13:49:41Z,2017-01-23T14:29:14Z,2017-01-23T14:29:14Z,2020-03-27T08:01:29Z,2026-09-25T18:51:22Z,jrieken,User,CONTRIBUTOR,408,263,10,9,0,0,0,0,False,False,0,ok,
microsoft/vscode,18958,https://github.com/microsoft/vscode/pull/18958,Reindent all lines,2017-01-20T23:57:50Z,2017-01-23T15:43:20Z,2017-01-23T15:43:20Z,2020-03-27T08:01:29Z,2026-09-25T18:51:23Z,rebornix,User,CONTRIBUTOR,178,7,2,3,0,0,0,0,False,False,0,ok,
microsoft/vscode,19101,https://github.com/microsoft/vscode/pull/19101,Rename TypeDefinitionProvider to TypeImplementationProvider,2017-01-23T23:45:50Z,2017-01-24T00:25:38Z,2017-01-24T00:25:38Z,2020-03-27T08:01:29Z,2026-09-25T18:51:25Z,mjbvz,User,CONTRIBUTOR,60,60,16,2,0,0,0,0,False,False,0,ok,
microsoft/vscode,19107,https://github.com/microsoft/vscode/pull/19107,Safe handling of workspace executables,2017-01-24T05:12:59Z,2017-01-24T05:14:14Z,2017-01-24T05:14:14Z,2020-03-27T08:01:29Z,2026-09-25T18:51:26Z,kieferrm,User,MEMBER,385,34,15,13,0,0,0,0,False,False,0,ok,
microsoft/vscode,18757,https://github.com/microsoft/vscode/pull/18757,Fix #17645.,2017-01-18T20:47:48Z,2017-01-24T15:18:54Z,2017-01-24T15:18:55Z,2020-03-27T07:04:00Z,2026-09-25T18:51:27Z,rebornix,User,CONTRIBUTOR,19,1,2,1,0,0,0,0,False,False,0,ok,
microsoft/vscode,19282,https://github.com/microsoft/vscode/pull/19282,rename TypeImplementation Provider to Implementation Provider,2017-01-24T21:29:57Z,2017-01-24T21:32:36Z,2017-01-24T21:32:36Z,2020-03-27T08:01:29Z,2026-09-25T18:51:28Z,mjbvz,User,CONTRIBUTOR,55,55,16,1,0,0,0,0,False,False,0,ok,
microsoft/vscode,19340,https://github.com/microsoft/vscode/pull/19340,Support untitled JS and TS format and suggestions,2017-01-25T07:10:18Z,2017-01-25T07:29:51Z,2017-01-25T07:29:51Z,2020-03-27T08:01:29Z,2026-09-25T18:51:29Z,mjbvz,User,CONTRIBUTOR,34,32,16,1,0,0,0,0,False,False,0,ok,
microsoft/vscode,19395,https://github.com/microsoft/vscode/pull/19395,workspaces can't override settings for executables,2017-01-25T20:41:24Z,2017-01-25T20:44:26Z,2017-01-25T20:44:26Z,2020-03-27T08:01:29Z,2026-09-25T18:51:30Z,kieferrm,User,MEMBER,34,104,4,1,0,0,0,0,False,False,0,ok,
microsoft/vscode,19463,https://github.com/microsoft/vscode/pull/19463,Show warning on first load of workspace with typescript.tsdk setting,2017-01-26T22:18:49Z,2017-01-27T00:41:29Z,2017-01-27T00:41:29Z,2020-03-27T08:01:29Z,2026-09-25T18:51:31Z,mjbvz,User,CONTRIBUTOR,227,118,1,4,0,0,0,0,False,False,0,ok,
microsoft/vscode,19470,https://github.com/microsoft/vscode/pull/19470,Log preferences filter strings that produced no results,2017-01-27T01:53:55Z,2017-01-27T05:43:12Z,2017-01-27T05:43:12Z,2020-03-27T08:01:29Z,2026-09-25T18:51:32Z,roblourens,User,MEMBER,21,3,1,1,0,0,0,0,False,False,0,ok,
microsoft/vscode,19639,https://github.com/microsoft/vscode/pull/19639,Support Fragments for intra document markdown editor links,2017-01-31T19:04:49Z,2017-01-31T19:05:07Z,2017-01-31T19:05:07Z,2020-03-27T08:01:29Z,2026-09-25T18:51:33Z,mjbvz,User,CONTRIBUTOR,39,24,2,1,0,0,0,0,False,False,0,ok,
microsoft/vscode,19720,https://github.com/microsoft/vscode/pull/19720,#19719 - fixed typos in TypeScript extension settings keyword descriptions,2017-02-02T15:46:46Z,2017-02-02T18:59:57Z,2017-02-02T18:59:57Z,2020-03-27T08:01:29Z,2026-09-25T18:51:35Z,SeanHub,User,CONTRIBUTOR,4,4,1,1,0,0,0,0,False,False,0,ok,
microsoft/vscode,18702,https://github.com/microsoft/vscode/pull/18702,Display one decimal place for extensions downloads in Millions,2017-01-18T04:11:46Z,2017-02-06T10:36:13Z,2017-02-06T10:36:13Z,2020-03-27T07:04:00Z,2026-09-25T18:51:36Z,initialshl,User,CONTRIBUTOR,1,1,1,2,0,0,0,0,False,False,0,ok,
microsoft/vscode,20073,https://github.com/microsoft/vscode/pull/20073,Fix error markers and problems links in untitled js and ts files,2017-02-06T19:28:49Z,2017-02-06T19:29:12Z,2017-02-06T19:29:13Z,2020-03-27T08:01:29Z,2026-09-25T18:51:37Z,mjbvz,User,CONTRIBUTOR,3,1,1,1,0,0,0,0,False,False,0,ok,
microsoft/vscode,20092,https://github.com/microsoft/vscode/pull/20092,Open containing window,2017-02-07T00:25:07Z,2017-02-07T16:35:20Z,2017-02-07T16:35:20Z,2020-03-27T08:01:29Z,2026-09-25T18:51:38Z,chrmarti,User,COLLABORATOR,36,18,5,3,1,1,0,1,True,True,0,ok,
microsoft/vscode,20363,https://github.com/microsoft/vscode/pull/20363,Pick up TS 2.2 2/9 insiders build,2017-02-10T00:26:22Z,2017-02-10T00:26:46Z,2017-02-10T00:26:46Z,2020-03-27T07:02:56Z,2026-09-25T18:51:40Z,mjbvz,User,CONTRIBUTOR,4,4,2,1,0,0,0,0,False,False,0,ok,
microsoft/vscode,18980,https://github.com/microsoft/vscode/pull/18980,Fixes #17701 - Integrated Terminal Context Menu is triggered via contextmenu event instead of mousedown,2017-01-21T17:11:40Z,2017-02-11T19:20:35Z,2017-02-11T19:20:35Z,2020-03-27T08:01:29Z,2026-09-25T18:51:41Z,chirag64,User,CONTRIBUTOR,21,15,1,1,11,2,0,0,True,False,0,ok,
microsoft/vscode,20242,https://github.com/microsoft/vscode/pull/20242,Copy formatted code to clipboard,2017-02-09T01:07:25Z,2017-02-16T18:45:14Z,2017-02-16T18:45:14Z,2020-03-27T07:02:56Z,2026-09-25T18:51:42Z,rebornix,User,CONTRIBUTOR,268,37,11,7,2,1,1,1,True,True,0,ok,
microsoft/vscode,20663,https://github.com/microsoft/vscode/pull/20663,Add minimap,2017-02-15T15:16:34Z,2017-02-16T22:33:02Z,2017-02-16T22:33:02Z,2020-03-27T07:02:56Z,2026-09-25T18:51:43Z,alexdima,User,MEMBER,3743,1309,63,40,0,0,0,0,False,False,0,ok,
microsoft/vscode,15564,https://github.com/microsoft/vscode/pull/15564,Include newline when expanding line selection,2016-11-16T10:34:47Z,2017-02-20T09:00:18Z,2017-02-20T09:00:19Z,2020-03-27T07:05:03Z,2026-09-25T18:51:44Z,kaiwood,User,NONE,18,19,2,1,0,0,0,0,False,False,0,ok,
microsoft/vscode,19537,https://github.com/microsoft/vscode/pull/19537,Perform hot exit backup/discard operations in a queue,2017-01-27T23:55:03Z,2017-02-20T09:48:46Z,2017-02-20T09:48:46Z,2020-03-27T08:01:29Z,2026-09-25T18:51:45Z,Tyriar,User,CONTRIBUTOR,26,2,1,6,0,0,0,0,False,False,0,ok,
microsoft/vscode,20966,https://github.com/microsoft/vscode/pull/20966,Remove dependency on window.event in ListView,2017-02-21T02:18:45Z,2017-02-21T08:14:30Z,2017-02-21T08:14:30Z,2020-03-27T07:02:56Z,2026-09-25T18:51:47Z,rf-,User,CONTRIBUTOR,9,5,1,1,0,0,0,0,False,False,0,ok,
microsoft/vscode,21025,https://github.com/microsoft/vscode/pull/21025,Use CompletionItem for JsDoc Auto Complete,2017-02-21T23:00:51Z,2017-02-22T00:02:54Z,2017-02-22T00:02:54Z,2020-03-27T07:02:56Z,2026-09-25T18:51:48Z,mjbvz,User,CONTRIBUTOR,188,152,6,1,0,0,0,0,False,False,0,ok,
microsoft/vscode,21296,https://github.com/microsoft/vscode/pull/21296,Exception widget resizing,2017-02-23T16:47:32Z,2017-02-23T18:48:57Z,2017-02-23T18:48:57Z,2020-03-27T07:02:56Z,2026-09-25T18:51:49Z,michelkaporin,User,CONTRIBUTOR,16,1,2,6,0,0,0,0,False,False,0,ok,
microsoft/vscode,21334,https://github.com/microsoft/vscode/pull/21334,Exception widget: Preserve newlines,2017-02-24T08:22:16Z,2017-02-24T08:47:15Z,2017-02-24T08:47:15Z,2020-03-27T07:02:56Z,2026-09-25T18:51:50Z,michelkaporin,User,CONTRIBUTOR,1,0,1,4,0,0,0,0,False,False,0,ok,
microsoft/vscode,21401,https://github.com/microsoft/vscode/pull/21401,Don't include [ and ] in local terminal links,2017-02-24T23:49:58Z,2017-02-27T22:50:25Z,2017-02-27T22:50:25Z,2020-03-27T07:02:56Z,2026-09-25T18:51:51Z,Tyriar,User,CONTRIBUTOR,2,2,1,1,0,0,0,0,False,False,0,ok,
microsoft/vscode,21582,https://github.com/microsoft/vscode/pull/21582,Refactor to use Promise,2017-03-01T00:21:16Z,2017-03-01T11:38:45Z,2017-03-01T11:38:45Z,2020-03-27T07:02:56Z,2026-09-25T18:51:52Z,katainaka0503,User,CONTRIBUTOR,227,284,12,5,2,2,0,1,True,True,0,ok,
microsoft/vscode,21578,https://github.com/microsoft/vscode/pull/21578,Use common TS install for both the TS Extension and Html Extension,2017-02-28T23:11:13Z,2017-03-02T02:34:05Z,2017-03-02T02:34:05Z,2020-03-27T07:02:56Z,2026-09-25T18:51:54Z,mjbvz,User,CONTRIBUTOR,20,61,8,2,3,2,0,0,True,False,0,ok,
microsoft/vscode,21712,https://github.com/microsoft/vscode/pull/21712,Add typescript and javascript format.insertSpaceBeforeFunctionParenthesis,2017-03-02T07:46:36Z,2017-03-02T20:49:23Z,2017-03-02T20:49:23Z,2020-03-27T07:02:56Z,2026-09-25T18:51:55Z,ChiriVulpes,User,NONE,20,4,4,6,1,1,1,0,True,False,0,ok,
microsoft/vscode,21830,https://github.com/microsoft/vscode/pull/21830,Center panel header hit boxes,2017-03-02T20:29:09Z,2017-03-03T10:08:40Z,2017-03-03T10:08:40Z,2020-03-27T07:02:56Z,2026-09-25T18:51:56Z,Tyriar,User,CONTRIBUTOR,6,2,1,1,0,0,0,0,False,False,0,ok,
microsoft/vscode,22024,https://github.com/microsoft/vscode/pull/22024,Exclude CVS directories,2017-03-05T18:56:42Z,2017-03-06T08:43:06Z,2017-03-06T08:43:06Z,2020-03-27T09:00:30Z,2026-09-25T18:51:57Z,vp2177,User,CONTRIBUTOR,1,1,1,1,0,0,0,0,False,False,0,ok,
microsoft/vscode,21942,https://github.com/microsoft/vscode/pull/21942,Save All keybinding for Windows,2017-03-03T22:05:06Z,2017-03-06T23:51:29Z,2017-03-06T23:51:29Z,2020-03-27T09:00:30Z,2026-09-25T18:51:58Z,chrmarti,User,COLLABORATOR,1,1,1,1,0,0,0,0,False,False,0,ok,
microsoft/vscode,22117,https://github.com/microsoft/vscode/pull/22117,Use Gulp To Generate Markdown Langauge Includes,2017-03-07T01:52:48Z,2017-03-07T02:21:16Z,2017-03-07T02:21:16Z,2020-03-27T09:00:30Z,2026-09-25T18:51:59Z,mjbvz,User,CONTRIBUTOR,1356,59,4,1,0,0,0,0,False,False,0,ok,
microsoft/vscode,22165,https://github.com/microsoft/vscode/pull/22165,Add terminal kill confirmation message when exiting,2017-03-07T17:41:50Z,2017-03-07T19:10:36Z,2017-03-07T19:10:36Z,2020-03-27T09:00:30Z,2026-09-25T18:52:00Z,Tyriar,User,CONTRIBUTOR,301,472,11,7,0,0,0,0,False,False,0,ok,
microsoft/vscode,22389,https://github.com/microsoft/vscode/pull/22389,Implement join editors command,2017-03-10T12:44:56Z,2017-03-13T06:57:03Z,2017-03-13T06:57:03Z,2020-03-27T09:00:30Z,2026-09-25T18:52:02Z,initialshl,User,CONTRIBUTOR,102,22,9,5,4,1,1,3,True,True,0,ok,
microsoft/vscode,22553,https://github.com/microsoft/vscode/pull/22553,Fix Markdown TOC Provider for Invalid References,2017-03-13T17:25:16Z,2017-03-13T17:49:59Z,2017-03-13T17:49:59Z,2020-03-27T09:00:30Z,2026-09-25T18:52:03Z,mjbvz,User,CONTRIBUTOR,6,5,3,1,0,0,0,0,False,False,0,ok,
microsoft/vscode,22565,https://github.com/microsoft/vscode/pull/22565,Support terminal shell args as string,2017-03-13T22:45:16Z,2017-03-14T18:22:37Z,2017-03-14T18:22:38Z,2020-03-27T09:00:30Z,2026-09-25T18:52:04Z,Tyriar,User,CONTRIBUTOR,20,8,4,2,1,1,0,0,True,False,0,ok,
microsoft/vscode,22844,https://github.com/microsoft/vscode/pull/22844,"Fixes #18990, #21693 - Shutdown terminal pty process more gracefully",2017-03-19T07:02:52Z,2017-03-20T15:18:52Z,2017-03-20T15:18:52Z,2020-03-27T09:00:30Z,2026-09-25T18:52:06Z,chirag64,User,CONTRIBUTOR,1,0,1,1,4,2,0,0,True,False,0,ok,
microsoft/vscode,22867,https://github.com/microsoft/vscode/pull/22867,Send telemetry only to vortex,2017-03-20T03:22:15Z,2017-03-21T02:30:36Z,2017-03-21T02:30:36Z,2020-03-27T09:00:30Z,2026-09-25T18:52:07Z,ramya-rao-a,User,CONTRIBUTOR,1,10,4,2,2,2,2,0,True,False,0,ok,
microsoft/vscode,22957,https://github.com/microsoft/vscode/pull/22957,backups: stop lowercasing file paths (fixes #16591),2017-03-21T14:06:09Z,2017-03-21T20:01:07Z,2017-03-21T20:01:07Z,2020-03-27T09:00:30Z,2026-09-25T18:52:08Z,bpasero,User,CONTRIBUTOR,3,22,2,2,1,1,1,0,True,False,0,ok,
microsoft/vscode,23195,https://github.com/microsoft/vscode/pull/23195,Support `...` terminating Yaml FrontMatter,2017-03-25T02:49:54Z,2017-03-25T02:56:53Z,2017-03-25T02:56:53Z,2020-03-27T09:00:30Z,2026-09-25T18:52:09Z,richardmin,User,CONTRIBUTOR,3,3,3,3,0,0,0,0,False,False,0,ok,
microsoft/vscode,22630,https://github.com/microsoft/vscode/pull/22630,Add button to resource viewer to open unsupported resource in external program,2017-03-14T22:12:50Z,2017-03-25T16:23:41Z,2017-03-25T16:23:41Z,2020-03-27T09:00:30Z,2026-09-25T18:52:10Z,mjbvz,User,CONTRIBUTOR,83,38,8,2,3,2,0,1,True,True,0,ok,
microsoft/vscode,21416,https://github.com/microsoft/vscode/pull/21416,Auto guess encoding,2017-02-25T14:12:48Z,2017-03-28T00:20:45Z,2017-03-28T00:20:45Z,2020-03-27T07:02:56Z,2026-09-25T18:52:12Z,katainaka0503,User,CONTRIBUTOR,160,59,14,17,3,2,0,1,True,True,0,ok,
microsoft/vscode,23628,https://github.com/microsoft/vscode/pull/23628,Listen on configuration change,2017-03-30T00:03:27Z,2017-03-30T01:45:46Z,2017-03-30T01:45:46Z,2020-03-27T07:01:53Z,2026-09-25T18:52:13Z,chrmarti,User,COLLABORATOR,7,3,1,1,2,2,2,0,True,False,0,ok,
microsoft/vscode,23670,https://github.com/microsoft/vscode/pull/23670,Exception widget UI update with respect to DA protocol,2017-03-30T14:04:02Z,2017-03-30T14:41:17Z,2017-03-30T14:41:17Z,2020-03-27T07:01:53Z,2026-09-25T18:52:14Z,michelkaporin,User,CONTRIBUTOR,33,32,2,3,0,0,0,0,False,False,0,ok,
microsoft/vscode,23768,https://github.com/microsoft/vscode/pull/23768,Check for string not truthy,2017-03-31T22:17:28Z,2017-04-03T07:15:58Z,2017-04-03T07:15:58Z,2020-03-27T07:01:53Z,2026-09-25T18:52:15Z,chrmarti,User,COLLABORATOR,19,1,2,1,1,1,1,0,True,False,0,ok,
microsoft/vscode,23949,https://github.com/microsoft/vscode/pull/23949,Fix #23194,2017-04-05T18:18:48Z,2017-04-11T04:54:06Z,2017-04-11T04:54:06Z,2020-03-27T07:01:53Z,2026-09-25T18:52:16Z,roblourens,User,MEMBER,7,2,1,2,0,0,0,0,False,False,0,ok,
microsoft/vscode,24292,https://github.com/microsoft/vscode/pull/24292,fix Solarized Light theme highlighting  #24040,2017-04-08T03:20:19Z,2017-04-12T06:25:44Z,2017-04-12T06:25:44Z,2020-03-27T07:01:53Z,2026-09-25T18:52:17Z,Ikuyadeu,User,CONTRIBUTOR,336,435,3,2,0,0,0,0,False,False,0,ok,
microsoft/vscode,24654,https://github.com/microsoft/vscode/pull/24654,Adding 'never show again' in Git Extension,2017-04-13T06:44:46Z,2017-04-13T08:05:14Z,2017-04-13T08:05:14Z,2020-03-27T07:01:53Z,2026-09-25T18:52:18Z,timbanaveen,User,NONE,19,6,1,1,0,0,0,0,False,False,0,ok,
microsoft/vscode,24686,https://github.com/microsoft/vscode/pull/24686,Nested code lines now no longer display the hover border left.,2017-04-13T14:18:53Z,2017-04-13T18:05:36Z,2017-04-13T18:05:36Z,2020-03-27T07:01:53Z,2026-09-25T18:52:19Z,Kiricon,User,CONTRIBUTOR,12,0,1,2,0,0,0,0,False,False,0,ok,
microsoft/vscode,24731,https://github.com/microsoft/vscode/pull/24731,Fix a few compile issues when using TS 2.3,2017-04-13T23:33:35Z,2017-04-14T00:14:51Z,2017-04-14T00:14:51Z,2020-03-27T07:01:53Z,2026-09-25T18:52:23Z,mjbvz,User,CONTRIBUTOR,11,11,5,1,0,0,0,0,False,False,0,ok,
microsoft/vscode,24729,https://github.com/microsoft/vscode/pull/24729,Treat emmet snippets as textmate,2017-04-13T23:22:17Z,2017-04-18T08:30:40Z,2017-04-18T08:30:40Z,2020-03-27T07:01:53Z,2026-09-25T18:52:24Z,ramya-rao-a,User,CONTRIBUTOR,40,295,1,2,7,2,0,0,True,False,0,ok,
microsoft/vscode,24985,https://github.com/microsoft/vscode/pull/24985,Added markdown trace option for debugging user issues,2017-04-19T01:55:03Z,2017-04-19T01:57:01Z,2017-04-19T01:57:01Z,2020-03-27T07:01:53Z,2026-09-25T18:52:25Z,mjbvz,User,CONTRIBUTOR,106,5,5,1,0,0,0,0,False,False,0,ok,
microsoft/vscode,25100,https://github.com/microsoft/vscode/pull/25100,Disable Autoclosing Pairs for Quotes in c++ strings and comments,2017-04-20T22:21:28Z,2017-04-20T22:21:42Z,2017-04-20T22:21:43Z,2020-03-27T07:01:53Z,2026-09-25T18:52:26Z,mjbvz,User,CONTRIBUTOR,5,5,1,1,0,0,0,0,False,False,0,ok,
microsoft/vscode,25112,https://github.com/microsoft/vscode/pull/25112,Add setting to disable NPM Not installed Warning Message,2017-04-21T02:41:46Z,2017-04-21T21:19:26Z,2017-04-21T21:19:26Z,2020-03-27T07:01:53Z,2026-09-25T18:52:27Z,mjbvz,User,CONTRIBUTOR,51,8,3,1,0,0,0,0,False,False,0,ok,
microsoft/vscode,25167,https://github.com/microsoft/vscode/pull/25167,Pass Source and Level For TS/JS Diagnostics,2017-04-21T22:38:35Z,2017-04-21T22:41:13Z,2017-04-21T22:41:14Z,2020-03-27T07:01:53Z,2026-09-25T18:52:28Z,mjbvz,User,CONTRIBUTOR,27,5,2,1,0,0,0,0,False,False,0,ok,
microsoft/vscode,24911,https://github.com/microsoft/vscode/pull/24911,Added support for encodings for Git.,2017-04-17T20:03:53Z,2017-04-24T08:51:46Z,2017-04-24T08:51:46Z,2020-03-27T07:01:53Z,2026-09-25T18:52:29Z,igelbox,User,CONTRIBUTOR,24,9,5,1,0,0,0,0,False,False,0,ok,
microsoft/vscode,24832,https://github.com/microsoft/vscode/pull/24832,Adding line and column support for terminal,2017-04-15T17:24:07Z,2017-04-24T19:58:14Z,2017-04-24T19:58:14Z,2020-03-27T07:01:53Z,2026-09-25T18:52:31Z,timbanaveen,User,NONE,225,44,2,10,12,2,1,1,True,True,0,ok,
microsoft/vscode,25315,https://github.com/microsoft/vscode/pull/25315,Continue fixing TS 2.3.1 Compiler Errors in VSCode Codebase,2017-04-25T17:43:38Z,2017-04-25T19:52:41Z,2017-04-25T19:52:41Z,2020-03-27T08:00:26Z,2026-09-25T18:52:32Z,mjbvz,User,CONTRIBUTOR,88,86,48,1,0,0,0,0,False,False,0,ok,
microsoft/vscode,25621,https://github.com/microsoft/vscode/pull/25621,Consider to use dots instead of camel-case (fixes #25428),2017-04-28T11:00:42Z,2017-04-28T13:29:38Z,2017-04-28T13:29:38Z,2020-03-27T08:00:26Z,2026-09-25T18:52:33Z,bpasero,User,CONTRIBUTOR,680,680,26,2,0,0,0,0,False,False,0,ok,
microsoft/vscode,24950,https://github.com/microsoft/vscode/pull/24950,"added config option git.cloneDirectory, defaulting to os.homedir()",2017-04-18T12:29:29Z,2017-05-04T14:05:54Z,2017-05-04T14:05:54Z,2020-03-27T07:01:53Z,2026-09-25T18:52:34Z,ihalip,User,CONTRIBUTOR,16,2,4,2,0,0,0,0,False,False,0,ok,
microsoft/vscode,25038,https://github.com/microsoft/vscode/pull/25038,#24653 - Adds a new user configuration `extensions.ignoreRecommendations` - which allows user to enable or disable extension recommendations,2017-04-19T20:42:30Z,2017-05-04T14:29:49Z,2017-05-04T14:29:49Z,2020-03-27T07:01:53Z,2026-09-25T18:52:35Z,RishabhKothaari,User,CONTRIBUTOR,72,6,3,6,1,1,1,0,True,False,0,ok,
microsoft/vscode,25755,https://github.com/microsoft/vscode/pull/25755,Fixes #23005,2017-05-02T02:03:44Z,2017-05-05T10:25:40Z,2017-05-05T10:25:40Z,2020-03-27T08:00:26Z,2026-09-25T18:52:36Z,ramya-rao-a,User,CONTRIBUTOR,6,2,1,1,1,1,1,0,True,False,0,ok,
microsoft/vscode,25756,https://github.com/microsoft/vscode/pull/25756,Fix - #24242 #24550,2017-05-02T03:39:31Z,2017-05-05T10:30:47Z,2017-05-05T10:30:47Z,2020-03-27T08:00:26Z,2026-09-25T18:52:38Z,BuraChuhadar,User,CONTRIBUTOR,6,3,1,1,0,0,0,0,False,False,0,ok,
microsoft/vscode,26025,https://github.com/microsoft/vscode/pull/26025,Ben/next,2017-05-05T11:47:58Z,2017-05-05T11:48:17Z,2017-05-05T11:48:17Z,2020-03-27T08:00:26Z,2026-09-25T18:52:39Z,bpasero,User,CONTRIBUTOR,20,10,6,5,0,0,0,0,False,False,0,ok,
microsoft/vscode,26052,https://github.com/microsoft/vscode/pull/26052,Support terminal bg and fg color keys,2017-05-05T15:46:54Z,2017-05-05T16:09:42Z,2017-05-05T16:09:42Z,2020-03-27T08:00:26Z,2026-09-25T18:52:40Z,Tyriar,User,CONTRIBUTOR,13,2,3,2,1,1,1,0,True,False,0,ok,
microsoft/vscode,26319,https://github.com/microsoft/vscode/pull/26319,Code Folding won't be remembered after latest update. (fixes #26157),2017-05-09T16:03:53Z,2017-05-09T16:21:11Z,2017-05-09T16:21:11Z,2020-03-27T08:00:26Z,2026-09-25T18:52:41Z,bpasero,User,CONTRIBUTOR,66,14,5,2,0,0,0,0,False,False,0,ok,
microsoft/vscode,22354,https://github.com/microsoft/vscode/pull/22354,Update PHP snippets,2017-03-10T05:15:47Z,2017-05-09T22:46:17Z,2017-05-09T22:46:17Z,2020-03-27T09:00:30Z,2026-09-25T18:52:42Z,lamebear,User,NONE,67,58,1,1,0,0,0,0,False,False,0,ok,
microsoft/vscode,27098,https://github.com/microsoft/vscode/pull/27098,Do not unregister themingParticipantChangeListener.,2017-05-22T22:26:28Z,2017-05-23T13:06:05Z,2017-05-23T13:06:05Z,2020-03-27T07:00:49Z,2026-09-25T18:52:43Z,nicksnyder,User,CONTRIBUTOR,3,5,1,1,0,0,0,0,False,False,0,ok,
microsoft/vscode,27086,https://github.com/microsoft/vscode/pull/27086,Improve issue template,2017-05-22T19:05:49Z,2017-05-23T13:44:37Z,2017-05-23T13:44:37Z,2020-03-27T07:00:49Z,2026-09-25T18:52:44Z,ryanmcnamara,User,NONE,1,1,1,1,1,1,1,0,True,False,0,ok,
microsoft/vscode,26888,https://github.com/microsoft/vscode/pull/26888,Fix #26821 Memento,2017-05-18T21:02:00Z,2017-05-24T20:01:27Z,2017-05-24T20:01:27Z,2020-03-27T08:00:26Z,2026-09-25T18:52:45Z,Lixire,User,CONTRIBUTOR,26,13,1,3,4,2,2,1,True,True,0,ok,
microsoft/vscode,27207,https://github.com/microsoft/vscode/pull/27207,Handle progress results in quick open controller,2017-05-24T16:56:50Z,2017-05-26T15:57:48Z,2017-05-26T15:57:48Z,2020-03-27T07:00:49Z,2026-09-25T18:52:46Z,nicksnyder,User,CONTRIBUTOR,36,20,3,2,0,0,0,0,False,False,0,ok,
microsoft/vscode,27365,https://github.com/microsoft/vscode/pull/27365,Fixes #27364 - title showing \u2194 instead of ⟷,2017-05-27T08:47:05Z,2017-05-30T05:15:32Z,2017-05-30T05:15:32Z,2020-03-27T07:00:49Z,2026-09-25T18:52:47Z,eamodio,User,CONTRIBUTOR,1,1,1,1,0,0,0,0,False,False,0,ok,
microsoft/vscode,27760,https://github.com/microsoft/vscode/pull/27760,ATA is Automatic Type Acquisition,2017-05-31T17:14:47Z,2017-05-31T20:38:41Z,2017-05-31T20:38:41Z,2020-03-27T07:00:49Z,2026-09-25T18:52:48Z,gregvanl,User,NONE,2,2,1,1,0,0,0,0,False,False,0,ok,
microsoft/vscode,27967,https://github.com/microsoft/vscode/pull/27967,Next group action should not create new group,2017-06-03T11:41:05Z,2017-06-06T10:07:09Z,2017-06-06T10:07:09Z,2020-03-27T07:00:49Z,2026-09-25T18:52:50Z,hun1ahpu,User,CONTRIBUTOR,23,33,1,2,0,0,0,0,False,False,0,ok,
microsoft/vscode,28087,https://github.com/microsoft/vscode/pull/28087,fix casing,2017-06-06T06:25:53Z,2017-06-06T10:23:07Z,2017-06-06T10:23:07Z,2020-03-27T07:00:49Z,2026-09-25T18:52:51Z,jens1o,User,CONTRIBUTOR,2,2,1,1,0,0,0,0,False,False,0,ok,
microsoft/vscode,28172,https://github.com/microsoft/vscode/pull/28172,Default Markdown language configuration,2017-06-07T08:28:38Z,2017-06-07T21:53:55Z,2017-06-07T21:53:55Z,2020-03-27T07:00:49Z,2026-09-25T18:52:52Z,yzhang-gh,User,NONE,35,25,1,2,0,0,0,0,False,False,0,ok,
microsoft/vscode,28350,https://github.com/microsoft/vscode/pull/28350,Hot exit: set backupPath as configuration to windows,2017-06-09T13:50:33Z,2017-06-13T05:49:06Z,2017-06-13T05:49:06Z,2020-03-27T07:00:49Z,2026-09-25T18:52:53Z,bpasero,User,CONTRIBUTOR,43,186,15,5,1,1,1,0,True,False,0,ok,
microsoft/vscode,28012,https://github.com/microsoft/vscode/pull/28012,Make extension list in generated issue shorter,2017-06-05T01:24:06Z,2017-06-14T07:07:22Z,2017-06-14T07:07:22Z,2020-03-27T07:00:49Z,2026-09-25T18:52:54Z,roblourens,User,MEMBER,18,5,1,3,0,0,0,0,False,False,0,ok,
microsoft/vscode,28670,https://github.com/microsoft/vscode/pull/28670,Add CSP To Root Document,2017-06-13T23:32:28Z,2017-06-15T20:04:08Z,2017-06-15T20:04:09Z,2020-03-27T07:00:49Z,2026-09-25T18:52:56Z,mjbvz,User,CONTRIBUTOR,43,36,3,4,7,2,0,1,True,True,0,ok,
microsoft/vscode,28849,https://github.com/microsoft/vscode/pull/28849,changed command palette text for #28847,2017-06-15T23:43:25Z,2017-06-16T00:00:51Z,2017-06-16T00:00:51Z,2020-03-27T07:00:49Z,2026-09-25T18:52:58Z,aefernandes,User,CONTRIBUTOR,1,1,1,1,1,1,1,0,True,False,0,ok,
microsoft/vscode,28948,https://github.com/microsoft/vscode/pull/28948,Add opt-in multi-root aware file watcher based on Axosoft/nsfw,2017-06-17T23:50:22Z,2017-06-18T00:57:54Z,2017-06-18T00:57:54Z,2020-03-27T07:00:49Z,2026-09-25T18:52:59Z,Tyriar,User,CONTRIBUTOR,398,11,18,16,1,1,0,0,True,False,0,ok,
microsoft/vscode,28957,https://github.com/microsoft/vscode/pull/28957,Improve grammar of config setting description,2017-06-18T09:37:51Z,2017-06-19T09:25:24Z,2017-06-19T09:25:24Z,2020-03-27T07:00:49Z,2026-09-25T18:53:01Z,gandreadis,User,NONE,2,2,1,1,1,1,1,0,True,False,0,ok,
microsoft/vscode,28913,https://github.com/microsoft/vscode/pull/28913,Continue html renderer cleanup,2017-06-16T22:53:35Z,2017-06-19T15:06:46Z,2017-06-19T15:06:46Z,2020-03-27T07:00:49Z,2026-09-25T18:53:02Z,mjbvz,User,CONTRIBUTOR,3,105,4,1,2,2,2,0,True,False,0,ok,
microsoft/vscode,29060,https://github.com/microsoft/vscode/pull/29060,Continue refactoring html content renderer,2017-06-19T23:35:52Z,2017-06-20T00:33:39Z,2017-06-20T00:33:39Z,2020-03-27T06:04:21Z,2026-09-25T18:53:03Z,mjbvz,User,CONTRIBUTOR,176,237,6,1,0,0,0,0,False,False,0,ok,
microsoft/vscode,29212,https://github.com/microsoft/vscode/pull/29212,"Add Support [line, col] in terminal links",2017-06-21T20:41:25Z,2017-06-21T21:31:42Z,2017-06-21T21:31:42Z,2020-03-27T06:04:20Z,2026-09-25T18:53:04Z,Krzysztof-Cieslak,User,CONTRIBUTOR,11,4,2,2,0,0,0,0,False,False,0,ok,
microsoft/vscode,29342,https://github.com/microsoft/vscode/pull/29342,Remove action wrappers and fix key bindings,2017-06-23T17:41:53Z,2017-06-23T17:43:51Z,2017-06-23T17:43:51Z,2020-03-27T06:04:20Z,2026-09-25T18:53:05Z,Lixire,User,CONTRIBUTOR,6,148,3,1,1,1,1,0,True,False,0,ok,
microsoft/vscode,26979,https://github.com/microsoft/vscode/pull/26979,Git: Pull from specific branch adds feature to #26738,2017-05-20T05:54:28Z,2017-06-26T13:49:54Z,2017-06-26T13:49:54Z,2020-03-27T08:00:26Z,2026-09-25T18:53:06Z,BuraChuhadar,User,CONTRIBUTOR,63,6,5,1,0,0,0,0,False,False,0,ok,
microsoft/vscode,29034,https://github.com/microsoft/vscode/pull/29034,Always reject Promises with Error instances,2017-06-19T17:43:56Z,2017-06-26T14:04:13Z,2017-06-26T14:04:13Z,2020-03-27T07:00:49Z,2026-09-25T18:53:08Z,felixfbecker,User,CONTRIBUTOR,212,240,66,4,9,3,0,2,True,True,0,ok,
microsoft/vscode,29596,https://github.com/microsoft/vscode/pull/29596,Multi root folders view name is not updated on removing …,2017-06-27T12:51:28Z,2017-06-28T09:33:34Z,2017-06-28T09:33:35Z,2020-03-27T06:04:20Z,2026-09-25T18:53:09Z,foreverest,User,CONTRIBUTOR,19,4,2,2,0,0,0,0,False,False,0,ok,
microsoft/vscode,29815,https://github.com/microsoft/vscode/pull/29815,Reactivate windows nsfw tests,2017-06-29T02:06:15Z,2017-06-29T02:29:55Z,2017-06-29T02:29:55Z,2020-03-27T06:04:20Z,2026-09-25T18:53:10Z,Tyriar,User,CONTRIBUTOR,18,13,1,1,0,0,0,0,False,False,0,ok,
microsoft/vscode,29966,https://github.com/microsoft/vscode/pull/29966,Reset JavaScript expression coloring in template expressions,2017-06-30T18:40:27Z,2017-06-30T23:11:48Z,2017-06-30T23:11:48Z,2020-03-27T06:04:20Z,2026-09-25T18:53:11Z,mjbvz,User,CONTRIBUTOR,112,61,7,2,0,0,0,0,False,False,0,ok,
microsoft/vscode,29963,https://github.com/microsoft/vscode/pull/29963,Fix doc comment spelling errors in problemMatcher.ts,2017-06-30T17:38:44Z,2017-07-03T07:53:15Z,2017-07-03T07:53:15Z,2020-03-27T06:04:20Z,2026-09-25T18:53:12Z,dlech,User,CONTRIBUTOR,6,6,1,1,0,0,0,0,False,False,0,ok,
microsoft/vscode,30016,https://github.com/microsoft/vscode/pull/30016,"Find in webview based views (html preview, release notes, extension editor)",2017-07-02T13:17:18Z,2017-07-07T20:20:54Z,2017-07-07T20:20:54Z,2020-03-27T06:04:20Z,2026-09-25T18:53:13Z,hoovercj,User,MEMBER,797,355,21,13,4,2,3,0,True,False,0,ok,
microsoft/vscode,30207,https://github.com/microsoft/vscode/pull/30207,"vscode.TaskGroup.Test should be Test, not Clean",2017-07-06T18:44:16Z,2017-07-10T07:06:44Z,2017-07-10T07:06:44Z,2020-03-27T06:04:20Z,2026-09-25T18:53:15Z,jgranick,User,CONTRIBUTOR,2,2,1,1,0,0,0,0,False,False,0,ok,
microsoft/vscode,30353,https://github.com/microsoft/vscode/pull/30353,Preserve '\n' terminal keystrokes,2017-07-10T20:53:50Z,2017-07-10T21:59:42Z,2017-07-10T21:59:42Z,2020-03-27T05:42:43Z,2026-09-25T18:53:16Z,chrmarti,User,COLLABORATOR,5,8,1,2,1,1,1,0,True,False,0,ok,
microsoft/vscode,30365,https://github.com/microsoft/vscode/pull/30365,"Fix #30294 - allow theming the terminal cursor, fg and bg",2017-07-11T01:31:31Z,2017-07-11T18:08:17Z,2017-07-11T18:08:17Z,2020-03-27T05:42:43Z,2026-09-25T18:53:17Z,roblourens,User,MEMBER,22,7,2,2,2,1,1,1,True,True,0,ok,
microsoft/vscode,30459,https://github.com/microsoft/vscode/pull/30459,Multi root++,2017-07-12T04:47:23Z,2017-07-12T09:14:10Z,2017-07-12T09:14:10Z,2020-03-27T05:42:43Z,2026-09-25T18:53:18Z,bpasero,User,CONTRIBUTOR,1180,428,32,19,0,0,0,0,False,False,0,ok,
microsoft/vscode,30473,https://github.com/microsoft/vscode/pull/30473,Build VSCode using TS 2.4,2017-07-12T07:40:16Z,2017-07-12T18:28:47Z,2017-07-12T18:28:47Z,2020-03-27T05:42:43Z,2026-09-25T18:53:19Z,mjbvz,User,CONTRIBUTOR,32,30,13,3,3,3,0,0,True,False,0,ok,
microsoft/vscode,30572,https://github.com/microsoft/vscode/pull/30572,Sort by `type` doesn't affect folders,2017-07-13T05:11:00Z,2017-07-13T08:58:32Z,2017-07-13T08:58:32Z,2020-03-27T05:42:43Z,2026-09-25T18:53:24Z,foreverest,User,CONTRIBUTOR,15,1,1,1,0,0,0,0,False,False,0,ok,
microsoft/vscode,30969,https://github.com/microsoft/vscode/pull/30969,Fix links,2017-07-19T00:42:07Z,2017-07-19T00:45:52Z,2017-07-19T00:45:52Z,2020-03-27T05:42:43Z,2026-09-25T18:53:25Z,Lixire,User,CONTRIBUTOR,3,3,1,1,0,0,0,0,False,False,0,ok,
microsoft/vscode,29986,https://github.com/microsoft/vscode/pull/29986,support hot registration emmet,2017-07-01T10:58:03Z,2017-07-22T22:40:25Z,2017-07-22T22:40:25Z,2020-03-27T06:04:20Z,2026-09-25T18:53:26Z,jens1o,User,CONTRIBUTOR,28,10,1,8,6,2,1,1,True,True,0,ok,
microsoft/vscode,31211,https://github.com/microsoft/vscode/pull/31211,#30955 Implement virtual editor for workspace settings in MR workspace,2017-07-21T12:48:28Z,2017-07-23T06:30:58Z,2017-07-23T06:30:58Z,2020-03-27T05:42:43Z,2026-09-25T18:53:27Z,sandy081,User,MEMBER,225,26,6,1,1,1,1,0,True,False,0,ok,
microsoft/vscode,30238,https://github.com/microsoft/vscode/pull/30238,Out-of-the-box color picker,2017-07-07T09:44:47Z,2017-07-28T07:25:19Z,2017-07-28T07:25:19Z,2020-03-27T06:04:20Z,2026-09-25T18:53:28Z,michelkaporin,User,CONTRIBUTOR,1771,64,31,65,2,2,1,0,True,False,0,ok,
microsoft/vscode,31732,https://github.com/microsoft/vscode/pull/31732,Remove task panel experiment,2017-07-30T18:55:12Z,2017-07-30T19:58:04Z,2017-07-30T19:58:04Z,2020-03-27T05:42:43Z,2026-09-25T18:53:30Z,Lixire,User,CONTRIBUTOR,0,246,7,1,0,0,0,0,False,False,0,ok,
microsoft/vscode,31946,https://github.com/microsoft/vscode/pull/31946,Add dispose to WindowsShellHelper,2017-08-03T00:08:11Z,2017-08-03T03:12:30Z,2017-08-03T03:12:30Z,2020-03-27T05:42:43Z,2026-09-25T18:53:31Z,Lixire,User,CONTRIBUTOR,28,4,2,2,3,2,0,1,True,True,0,ok,
microsoft/vscode,32104,https://github.com/microsoft/vscode/pull/32104,Fix spelling in TaskDefinition doc comment,2017-08-07T23:20:35Z,2017-08-07T23:21:53Z,2017-08-07T23:21:53Z,2020-03-27T05:42:43Z,2026-09-25T18:53:32Z,dlech,User,CONTRIBUTOR,1,1,1,1,0,0,0,0,False,False,0,ok,
microsoft/vscode,32160,https://github.com/microsoft/vscode/pull/32160,Add Kill Terminal Option to Terminal Quick Pick,2017-08-08T21:56:23Z,2017-08-08T22:19:35Z,2017-08-08T22:19:35Z,2020-03-27T05:42:43Z,2026-09-25T18:53:33Z,Lixire,User,CONTRIBUTOR,26,0,1,1,1,1,1,0,True,False,0,ok,
microsoft/vscode,32161,https://github.com/microsoft/vscode/pull/32161,Fix dangling active terminal on delete,2017-08-08T23:01:19Z,2017-08-09T00:20:31Z,2017-08-09T00:20:31Z,2020-03-27T05:42:43Z,2026-09-25T18:53:34Z,Lixire,User,CONTRIBUTOR,3,0,1,2,3,2,1,0,True,False,0,ok,
microsoft/vscode,26147,https://github.com/microsoft/vscode/pull/26147,Fix staging lines to not corrupt line endings when autocrlf is enabled,2017-05-07T07:17:22Z,2017-08-10T08:39:45Z,2017-08-10T08:39:45Z,2020-03-30T23:22:33Z,2026-09-25T18:53:35Z,samlh,User,CONTRIBUTOR,2,2,1,1,0,0,0,0,False,False,0,ok,
microsoft/vscode,32253,https://github.com/microsoft/vscode/pull/32253,Add .cake file extension for C# language,2017-08-10T20:07:05Z,2017-08-11T09:49:31Z,2017-08-11T09:49:31Z,2020-03-27T06:04:20Z,2026-09-25T18:53:36Z,DustinCampbell,User,MEMBER,2,1,1,1,0,0,0,0,False,False,0,ok,
microsoft/vscode,31488,https://github.com/microsoft/vscode/pull/31488,Enable extensionHost debugging with --inspect,2017-07-27T01:18:15Z,2017-08-13T00:44:26Z,2017-08-13T00:44:26Z,2020-03-27T05:42:43Z,2026-09-25T18:53:37Z,roblourens,User,MEMBER,3,3,2,4,0,0,0,0,False,False,0,ok,
microsoft/vscode,32483,https://github.com/microsoft/vscode/pull/32483,Add remove action for FolderMatch,2017-08-14T15:04:59Z,2017-08-14T16:38:05Z,2017-08-14T16:38:05Z,2020-03-27T06:04:20Z,2026-09-25T18:53:38Z,keegancsmith,User,CONTRIBUTOR,36,17,3,1,1,1,1,0,True,False,0,ok,
microsoft/vscode,31733,https://github.com/microsoft/vscode/pull/31733,Use r+ with truncation when saving existing files,2017-07-30T19:35:55Z,2017-08-15T06:40:29Z,2017-08-15T06:40:29Z,2020-03-27T05:42:43Z,2026-09-25T18:53:39Z,seishun,User,CONTRIBUTOR,45,26,3,7,6,2,0,2,True,True,0,ok,
microsoft/vscode,32412,https://github.com/microsoft/vscode/pull/32412,Automatically restart ts server after disableAutomaticTypeAcquisition config changed,2017-08-13T12:34:33Z,2017-08-16T23:43:41Z,2017-08-16T23:43:41Z,2020-03-27T06:04:21Z,2026-09-25T18:53:40Z,yume-chan,User,CONTRIBUTOR,11,4,3,2,0,0,0,0,False,False,0,ok,
microsoft/vscode,32641,https://github.com/microsoft/vscode/pull/32641,Add publishsettings to list of xml file types,2017-08-16T14:07:37Z,2017-08-16T23:57:35Z,2017-08-16T23:57:35Z,2020-03-27T06:04:20Z,2026-09-25T18:53:41Z,RobPethick,User,CONTRIBUTOR,1,0,1,1,0,0,0,0,False,False,0,ok,
microsoft/vscode,32833,https://github.com/microsoft/vscode/pull/32833,#32508. Emmet only force tokenization only when it is cheap.,2017-08-19T19:34:18Z,2017-08-21T21:01:06Z,2017-08-21T21:01:06Z,2020-03-27T23:30:35Z,2026-09-25T18:53:43Z,rebornix,User,CONTRIBUTOR,1,1,1,1,1,1,1,0,True,False,0,ok,
microsoft/vscode,29082,https://github.com/microsoft/vscode/pull/29082,Allow links in hover decorations to be inside a <code> tag,2017-06-20T05:35:59Z,2017-08-24T20:15:01Z,2017-08-24T20:15:01Z,2020-03-27T23:30:35Z,2026-09-25T18:53:44Z,eamodio,User,CONTRIBUTOR,10,4,1,1,0,0,0,0,False,False,0,ok,
microsoft/vscode,33244,https://github.com/microsoft/vscode/pull/33244,Enable dnd for file search results,2017-08-28T08:44:44Z,2017-08-28T14:21:14Z,2017-08-28T14:21:14Z,2020-03-27T23:30:35Z,2026-09-25T18:53:45Z,bpasero,User,CONTRIBUTOR,4,1,1,1,1,1,1,0,True,False,0,ok,
microsoft/vscode,31253,https://github.com/microsoft/vscode/pull/31253,Fixes some extensions strings missing for i18n,2017-07-22T13:09:45Z,2017-08-28T20:04:40Z,2017-08-28T20:04:40Z,2020-03-27T05:42:43Z,2026-09-25T18:53:46Z,yfdyh000,User,CONTRIBUTOR,11,6,5,1,0,0,0,0,False,False,0,ok,
microsoft/vscode,29655,https://github.com/microsoft/vscode/pull/29655,Keep undo history even when file changes outside Code.,2017-06-27T18:31:15Z,2017-08-28T20:26:42Z,2017-08-28T20:26:42Z,2020-03-27T23:30:35Z,2026-09-25T18:53:47Z,stringham,User,CONTRIBUTOR,397,4,2,5,0,0,0,0,False,False,0,ok,
microsoft/vscode,33422,https://github.com/microsoft/vscode/pull/33422,Change activation of azure extension,2017-08-29T16:29:14Z,2017-08-29T16:36:43Z,2017-08-29T16:36:43Z,2020-03-27T23:30:35Z,2026-09-25T18:53:48Z,kieferrm,User,MEMBER,5,1,1,1,0,0,0,0,False,False,0,ok,
microsoft/vscode,34001,https://github.com/microsoft/vscode/pull/34001,Functional style formatter. Color range is all float numb…,2017-09-08T08:27:19Z,2017-09-09T02:17:59Z,2017-09-09T02:17:59Z,2020-03-27T05:41:40Z,2026-09-25T18:53:49Z,rebornix,User,CONTRIBUTOR,287,465,25,3,0,0,0,0,False,False,0,ok,
microsoft/vscode,34399,https://github.com/microsoft/vscode/pull/34399,"""Everyday"" typo",2017-09-14T19:39:40Z,2017-09-15T04:59:55Z,2017-09-15T04:59:55Z,2020-03-27T05:41:39Z,2026-09-25T18:53:50Z,rileyskains,User,CONTRIBUTOR,1,1,1,1,0,0,0,0,False,False,0,ok,
microsoft/vscode,34576,https://github.com/microsoft/vscode/pull/34576,Fix tests and out of bounds in scorer,2017-09-18T13:35:35Z,2017-09-19T08:49:32Z,2017-09-19T08:49:32Z,2020-03-27T05:41:39Z,2026-09-25T18:53:51Z,keegancsmith,User,CONTRIBUTOR,8,5,2,3,0,0,0,0,False,False,0,ok,
microsoft/vscode,34649,https://github.com/microsoft/vscode/pull/34649,Closes #27408 - Adds ViewColumn.Active,2017-09-19T16:47:26Z,2017-09-20T07:08:46Z,2017-09-20T07:08:46Z,2020-03-27T05:41:40Z,2026-09-25T18:53:53Z,eamodio,User,CONTRIBUTOR,24,0,4,1,0,0,0,0,False,False,0,ok,
microsoft/vscode,33981,https://github.com/microsoft/vscode/pull/33981,Use unused param,2017-09-08T02:38:23Z,2017-09-22T10:53:44Z,2017-09-22T10:53:44Z,2020-03-30T23:22:33Z,2026-09-25T18:53:55Z,nicksnyder,User,CONTRIBUTOR,1,1,1,1,0,0,0,0,False,False,0,ok,
microsoft/vscode,34933,https://github.com/microsoft/vscode/pull/34933,Scroll to selection after cursorUndo command,2017-09-25T07:55:02Z,2017-09-25T15:48:05Z,2017-09-25T15:48:06Z,2020-03-27T05:41:39Z,2026-09-25T18:53:56Z,yume-chan,User,CONTRIBUTOR,3,2,1,1,0,0,0,0,False,False,0,ok,
microsoft/vscode,35358,https://github.com/microsoft/vscode/pull/35358,Clarify parameters and add missing 'id' to the error message in viewRegistry.ts,2017-09-29T07:13:43Z,2017-09-29T08:29:14Z,2017-09-29T08:29:14Z,2020-03-27T05:41:39Z,2026-09-25T18:53:57Z,qcz,User,CONTRIBUTOR,2,2,1,1,0,0,0,0,False,False,0,ok,
microsoft/vscode,35387,https://github.com/microsoft/vscode/pull/35387,Clarify debugRequestNotSupported message in debugService.ts,2017-09-29T16:22:11Z,2017-10-02T08:42:00Z,2017-10-02T08:42:00Z,2020-03-27T05:41:40Z,2026-09-25T18:53:58Z,qcz,User,CONTRIBUTOR,3,3,1,1,0,0,0,0,False,False,0,ok,
microsoft/vscode,35473,https://github.com/microsoft/vscode/pull/35473,Cache npm cache in CI,2017-10-02T05:16:55Z,2017-10-02T09:46:01Z,2017-10-02T09:46:01Z,2020-03-27T05:41:39Z,2026-09-25T18:53:59Z,felixfbecker,User,CONTRIBUTOR,7,0,2,1,1,1,0,0,True,False,0,ok,
microsoft/vscode,34947,https://github.com/microsoft/vscode/pull/34947,replace 'Courier New' with 'monospace' in Linux font list,2017-09-25T09:57:43Z,2017-10-02T20:24:06Z,2017-10-02T20:24:06Z,2020-03-27T05:41:39Z,2026-09-25T18:54:00Z,andyli,User,CONTRIBUTOR,1,1,1,1,1,1,1,0,True,False,0,ok,
microsoft/vscode,35444,https://github.com/microsoft/vscode/pull/35444,Fix #35322: Modernize javascript snippets,2017-10-01T05:54:54Z,2017-10-09T19:32:38Z,2017-10-09T19:32:39Z,2020-03-27T05:41:39Z,2026-09-25T18:54:01Z,prog-rajkamal,User,CONTRIBUTOR,38,0,2,1,0,0,0,0,False,False,0,ok,
microsoft/vscode,35919,https://github.com/microsoft/vscode/pull/35919,expand editor code region styles - fsharp,2017-10-09T16:11:02Z,2017-10-09T19:46:12Z,2017-10-09T19:46:12Z,2020-03-30T23:22:33Z,2026-09-25T18:54:02Z,pr-yemibedu,User,CONTRIBUTOR,2,2,1,1,0,0,0,0,False,False,0,ok,
microsoft/vscode,35856,https://github.com/microsoft/vscode/pull/35856,allow hiding explorer arrows via icon theme,2017-10-09T02:37:14Z,2017-10-12T07:48:39Z,2017-10-12T07:48:39Z,2020-03-30T23:22:33Z,2026-09-25T18:54:03Z,tam5,User,CONTRIBUTOR,17,2,5,2,0,0,0,0,False,False,0,ok,
microsoft/vscode,36242,https://github.com/microsoft/vscode/pull/36242,Removing env variables,2017-10-13T17:02:44Z,2017-10-13T17:05:37Z,2017-10-13T17:05:37Z,2020-03-29T23:24:03Z,2026-09-25T18:54:04Z,chrmarti,User,COLLABORATOR,7,2,2,1,0,0,0,0,False,False,0,ok,
microsoft/vscode,36265,https://github.com/microsoft/vscode/pull/36265,add missing awaits,2017-10-14T07:18:18Z,2017-10-16T10:32:16Z,2017-10-16T10:32:16Z,2020-03-29T23:24:03Z,2026-09-25T18:54:05Z,nicksnyder,User,CONTRIBUTOR,2,2,1,1,0,0,0,0,False,False,0,ok,
microsoft/vscode,36694,https://github.com/microsoft/vscode/pull/36694,Fix grammar: Current => Currently,2017-10-21T22:42:07Z,2017-10-23T06:16:56Z,2017-10-23T06:16:56Z,2020-03-29T23:24:03Z,2026-09-25T18:54:07Z,vnbhattarai,User,NONE,1,1,1,1,0,0,0,0,False,False,0,ok,
microsoft/vscode,36686,https://github.com/microsoft/vscode/pull/36686,Have terminal listen to fine grained events,2017-10-21T16:28:47Z,2017-10-23T17:37:06Z,2017-10-23T17:37:06Z,2020-03-29T23:24:03Z,2026-09-25T18:54:07Z,Tyriar,User,CONTRIBUTOR,10,2,2,1,0,0,0,0,False,False,0,ok,
microsoft/vscode,36666,https://github.com/microsoft/vscode/pull/36666,Do not capture task shortcuts in terminal,2017-10-21T04:32:53Z,2017-10-23T20:34:41Z,2017-10-23T20:34:41Z,2020-03-29T23:24:03Z,2026-09-25T18:54:09Z,octref,User,CONTRIBUTOR,7,0,1,1,0,0,0,0,False,False,0,ok,
microsoft/vscode,36865,https://github.com/microsoft/vscode/pull/36865,Show recommended label in view and reason in editor #36649,2017-10-25T04:32:05Z,2017-10-25T04:34:35Z,2017-10-25T04:34:35Z,2020-03-29T23:24:03Z,2026-09-25T18:54:10Z,ramya-rao-a,User,CONTRIBUTOR,94,19,7,1,0,0,0,0,False,False,0,ok,
microsoft/vscode,36855,https://github.com/microsoft/vscode/pull/36855,fixes #36854 folder picker api,2017-10-24T23:32:32Z,2017-10-25T04:53:25Z,2017-10-25T04:53:25Z,2020-03-29T23:24:03Z,2026-09-25T18:54:11Z,DonJayamanne,User,CONTRIBUTOR,3,3,1,1,0,0,0,0,False,False,0,ok,
microsoft/vscode,36857,https://github.com/microsoft/vscode/pull/36857,Fix windowOpenNoOpener not opening new window,2017-10-25T01:32:25Z,2017-10-25T06:46:34Z,2017-10-25T06:46:34Z,2020-03-29T23:24:03Z,2026-09-25T18:54:12Z,misoguy,User,CONTRIBUTOR,10,4,1,2,0,0,0,0,False,False,0,ok,
microsoft/vscode,36948,https://github.com/microsoft/vscode/pull/36948,Add unique build number per build to support fuzzy settings search,2017-10-26T02:51:40Z,2017-10-26T04:25:47Z,2017-10-26T04:25:47Z,2020-03-29T23:24:03Z,2026-09-25T18:54:13Z,roblourens,User,MEMBER,69,3,1,3,0,0,0,0,False,False,0,ok,
microsoft/vscode,36539,https://github.com/microsoft/vscode/pull/36539,Only restore expansion state when there are items.,2017-10-19T08:56:05Z,2017-10-26T14:11:59Z,2017-10-26T14:11:59Z,2020-03-29T23:24:03Z,2026-09-25T18:54:14Z,guw,User,CONTRIBUTOR,7,2,1,1,0,0,0,0,False,False,0,ok,
microsoft/vscode,36999,https://github.com/microsoft/vscode/pull/36999,Provide an ITerminalInstance.onLineData internal API,2017-10-26T18:08:20Z,2017-10-26T19:09:37Z,2017-10-26T19:09:38Z,2020-03-29T23:24:03Z,2026-09-25T18:54:15Z,Tyriar,User,CONTRIBUTOR,39,0,2,1,0,0,0,0,False,False,0,ok,
microsoft/vscode,37073,https://github.com/microsoft/vscode/pull/37073,Consolidate env merge logic and add tests,2017-10-28T07:24:47Z,2017-10-28T08:02:07Z,2017-10-28T08:02:07Z,2020-03-29T23:24:03Z,2026-09-25T18:54:16Z,Tyriar,User,CONTRIBUTOR,110,35,2,2,0,0,0,0,False,False,0,ok,
microsoft/vscode,37789,https://github.com/microsoft/vscode/pull/37789,Add Region folding for CSS (#3422),2017-11-07T22:48:24Z,2017-11-08T08:36:50Z,2017-11-08T08:36:50Z,2020-03-27T05:40:35Z,2026-09-25T18:54:17Z,KillyMXI,User,CONTRIBUTOR,8,2,1,1,0,0,0,0,False,False,0,ok,
microsoft/vscode,37744,https://github.com/microsoft/vscode/pull/37744,Start moving html ext to strict mode compile,2017-11-06T23:21:47Z,2017-11-09T08:57:16Z,2017-11-09T08:57:16Z,2020-03-27T05:40:35Z,2026-09-25T18:54:19Z,mjbvz,User,CONTRIBUTOR,31,36,9,1,1,1,0,0,True,False,0,ok,
microsoft/vscode,34690,https://github.com/microsoft/vscode/pull/34690,Compare to correct Ressource-URI when fetching content,2017-09-20T10:23:37Z,2017-11-10T16:41:08Z,2017-11-10T16:41:09Z,2020-03-27T05:41:39Z,2026-09-25T18:54:20Z,thierer,User,CONTRIBUTOR,1,1,1,1,0,0,0,0,False,False,0,ok,
microsoft/vscode,37889,https://github.com/microsoft/vscode/pull/37889,Add logging snippets for Javascript & typescript,2017-11-09T06:38:59Z,2017-11-10T19:19:36Z,2017-11-10T19:19:36Z,2020-03-27T05:40:36Z,2026-09-25T18:54:21Z,abinavseelan,User,CONTRIBUTOR,40,0,2,1,0,0,0,0,False,False,0,ok,
microsoft/vscode,38170,https://github.com/microsoft/vscode/pull/38170,Git: checkIgnore Promise/resolve bug Fixes: #38169,2017-11-12T23:48:58Z,2017-11-13T08:33:21Z,2017-11-13T08:33:21Z,2020-03-27T05:40:35Z,2026-09-25T18:54:22Z,cleidigh,User,CONTRIBUTOR,1,1,1,1,0,0,0,0,False,False,0,ok,
microsoft/vscode,36866,https://github.com/microsoft/vscode/pull/36866,fix Keyboard dispatch help message typos,2017-10-25T05:48:30Z,2017-11-14T14:40:16Z,2017-11-14T14:40:16Z,2020-03-29T23:24:03Z,2026-09-25T18:54:23Z,alcortesm,User,CONTRIBUTOR,1,1,1,1,0,0,0,0,False,False,0,ok,
microsoft/vscode,37120,https://github.com/microsoft/vscode/pull/37120,Add line number interval setting,2017-10-30T08:00:30Z,2017-11-14T16:31:12Z,2017-11-14T16:31:12Z,2020-03-29T23:24:03Z,2026-09-25T18:54:24Z,djweber,User,CONTRIBUTOR,25,9,5,9,3,2,2,1,True,True,0,ok,
microsoft/vscode,38130,https://github.com/microsoft/vscode/pull/38130,Update monaco-editor-setup.js,2017-11-11T20:33:09Z,2017-11-14T16:34:23Z,2017-11-14T16:34:23Z,2020-03-27T05:40:35Z,2026-09-25T18:54:25Z,suhasdeshpande,User,CONTRIBUTOR,2,2,1,1,0,0,0,0,False,False,0,ok,
microsoft/vscode,38567,https://github.com/microsoft/vscode/pull/38567,Fix typos that show on settings and complex command pages.,2017-11-17T00:05:05Z,2017-11-17T00:43:15Z,2017-11-17T00:43:15Z,2020-03-27T05:40:35Z,2026-09-25T18:54:26Z,gregvanl,User,NONE,5,5,4,1,0,0,0,0,False,False,0,ok,
microsoft/vscode,38605,https://github.com/microsoft/vscode/pull/38605,"Update NumberBadge to show hundreds in full, show thousands with k",2017-11-17T10:31:26Z,2017-11-17T17:07:20Z,2017-11-17T17:07:20Z,2020-03-27T05:40:35Z,2026-09-25T18:54:28Z,danbovey,User,CONTRIBUTOR,7,1,1,3,4,3,0,2,True,True,0,ok,
microsoft/vscode,36673,https://github.com/microsoft/vscode/pull/36673,Update CONTRIBUTING.md,2017-10-21T07:42:50Z,2017-11-18T00:08:21Z,2017-11-18T00:08:21Z,2020-03-29T23:24:03Z,2026-09-25T18:54:30Z,brookr,User,NONE,70,29,1,2,0,0,0,0,False,False,0,ok,
microsoft/vscode,38698,https://github.com/microsoft/vscode/pull/38698,Correct spelling of Message in reloadMessaage in extensionsActions.ts and extensionsActions.test.ts,2017-11-18T20:26:36Z,2017-11-19T19:58:03Z,2017-11-19T19:58:03Z,2020-03-27T05:40:35Z,2026-09-25T18:54:31Z,shivammittal99,User,CONTRIBUTOR,12,12,2,1,0,0,0,0,False,False,0,ok,
microsoft/vscode,38683,https://github.com/microsoft/vscode/pull/38683,cache icon data optimistically like color themes,2017-11-18T14:09:58Z,2017-11-20T15:23:45Z,2017-11-20T15:23:45Z,2020-03-27T05:40:35Z,2026-09-25T18:54:32Z,bpasero,User,CONTRIBUTOR,74,13,2,1,0,0,0,0,False,False,0,ok,
microsoft/vscode,36902,https://github.com/microsoft/vscode/pull/36902,Ensure Replace box's width when showing,2017-10-25T13:29:33Z,2017-11-22T20:01:54Z,2017-11-22T20:01:54Z,2020-03-29T23:24:03Z,2026-09-25T18:54:33Z,zesik,User,CONTRIBUTOR,1,0,1,1,0,0,0,0,False,False,0,ok,
microsoft/vscode,38659,https://github.com/microsoft/vscode/pull/38659,Defer RichEditBrackets creation,2017-11-17T22:30:07Z,2017-11-27T18:32:49Z,2017-11-27T18:32:49Z,2020-03-27T05:40:35Z,2026-09-25T18:54:34Z,mjbvz,User,CONTRIBUTOR,40,16,2,3,1,1,0,1,True,True,0,ok,
microsoft/vscode,38912,https://github.com/microsoft/vscode/pull/38912,more friendly bot messages,2017-11-22T01:42:34Z,2017-11-27T18:55:48Z,2017-11-27T18:55:48Z,2020-03-27T05:40:35Z,2026-09-25T18:54:36Z,kieferrm,User,MEMBER,5,5,1,1,3,2,0,0,True,False,0,ok,
microsoft/vscode,39334,https://github.com/microsoft/vscode/pull/39334,Add code folding #region support in coffeescript,2017-11-29T19:11:24Z,2017-11-30T10:25:14Z,2017-11-30T10:25:14Z,2020-03-27T23:29:31Z,2026-09-25T18:54:37Z,nkofl,User,CONTRIBUTOR,6,2,1,1,0,0,0,0,False,False,0,ok,
microsoft/vscode,35956,https://github.com/microsoft/vscode/pull/35956,Add support for macOS globalFindClipboard #11233 #28896,2017-10-10T05:51:08Z,2017-11-30T22:51:32Z,2017-11-30T22:51:32Z,2020-03-30T23:22:33Z,2026-09-25T18:54:39Z,melvin0008,User,CONTRIBUTOR,174,19,5,9,2,2,0,1,True,True,1,ok,
microsoft/vscode,39814,https://github.com/microsoft/vscode/pull/39814,Add .nvmrc file,2017-12-06T17:14:33Z,2017-12-07T08:21:57Z,2017-12-07T08:21:57Z,2020-03-27T23:29:31Z,2026-09-25T18:54:40Z,ohana54,User,NONE,1,0,1,1,1,1,1,0,True,False,0,ok,
microsoft/vscode,39868,https://github.com/microsoft/vscode/pull/39868,Fix #39867 fix git popStash type check,2017-12-07T13:06:32Z,2017-12-07T13:48:51Z,2017-12-07T13:48:51Z,2020-03-27T23:29:31Z,2026-09-25T18:54:41Z,Frozenfire92,User,CONTRIBUTOR,1,1,1,1,0,0,0,0,False,False,0,ok,
microsoft/vscode,40021,https://github.com/microsoft/vscode/pull/40021,Compile monaco in build machines,2017-12-11T12:55:46Z,2017-12-11T13:32:09Z,2017-12-11T13:32:09Z,2020-03-27T23:29:31Z,2026-09-25T18:54:42Z,jrieken,User,CONTRIBUTOR,2,0,2,2,0,0,0,0,False,False,0,ok,
microsoft/vscode,34781,https://github.com/microsoft/vscode/pull/34781,Fixed issue of Illegal git value for `line`,2017-09-21T19:01:22Z,2017-12-11T16:05:56Z,2017-12-11T16:05:56Z,2020-03-27T05:41:39Z,2026-09-25T18:54:44Z,Jeyanthinath,User,CONTRIBUTOR,3,1,1,2,1,1,0,1,True,True,0,ok,
microsoft/vscode,35403,https://github.com/microsoft/vscode/pull/35403,"use previous commit msg for amend, Fixes #35182",2017-09-29T21:40:02Z,2017-12-11T16:16:22Z,2017-12-11T16:16:22Z,2020-03-27T05:41:39Z,2026-09-25T18:54:45Z,ferderber,User,CONTRIBUTOR,8,0,1,1,0,0,0,0,False,False,0,ok,
microsoft/vscode,39832,https://github.com/microsoft/vscode/pull/39832,terminal scroll cursor set to default,2017-12-06T22:16:50Z,2017-12-11T18:07:19Z,2017-12-11T18:07:19Z,2020-03-27T23:29:31Z,2026-09-25T18:54:46Z,zemafaz,User,NONE,1,0,1,1,0,0,0,0,False,False,0,ok,
microsoft/vscode,40107,https://github.com/microsoft/vscode/pull/40107, Allow to save files that need user elevation,2017-12-12T15:01:45Z,2017-12-12T15:03:26Z,2017-12-12T15:03:26Z,2020-03-27T23:29:31Z,2026-09-25T18:54:47Z,bpasero,User,CONTRIBUTOR,195,22,14,2,0,0,0,0,False,False,0,ok,
microsoft/vscode,40130,https://github.com/microsoft/vscode/pull/40130,reset focus context key when the webview is disposed,2017-12-12T19:00:09Z,2017-12-12T23:41:42Z,2017-12-12T23:41:42Z,2020-03-27T23:29:31Z,2026-09-25T18:54:48Z,nicksnyder,User,CONTRIBUTOR,4,0,1,1,0,0,0,0,False,False,0,ok,
microsoft/vscode,40052,https://github.com/microsoft/vscode/pull/40052,Point to correct keybinding in smoketest,2017-12-11T21:57:17Z,2017-12-13T08:44:26Z,2017-12-13T08:44:27Z,2020-03-27T23:29:31Z,2026-09-25T18:54:49Z,octref,User,CONTRIBUTOR,1,1,1,1,0,0,0,0,False,False,0,ok,
microsoft/vscode,40134,https://github.com/microsoft/vscode/pull/40134,2017-12-12. Merged in translations from Transifex.,2017-12-12T20:57:54Z,2017-12-13T11:21:17Z,2017-12-13T11:21:17Z,2020-03-27T23:29:31Z,2026-09-25T18:54:50Z,danyeh,User,CONTRIBUTOR,918,159,327,1,0,0,0,0,False,False,0,ok,
microsoft/vscode,40160,https://github.com/microsoft/vscode/pull/40160,Remove extra new lines,2017-12-13T10:49:28Z,2017-12-13T18:32:40Z,2017-12-13T18:32:40Z,2020-03-27T23:29:31Z,2026-09-25T18:54:51Z,dragfire,User,CONTRIBUTOR,0,2,1,1,1,1,1,0,True,False,0,ok,
microsoft/vscode,40180,https://github.com/microsoft/vscode/pull/40180,Logs should be in the output panel,2017-12-13T22:28:56Z,2017-12-14T10:53:28Z,2017-12-14T10:53:28Z,2020-03-27T23:29:31Z,2026-09-25T18:54:52Z,sandy081,User,MEMBER,472,270,16,5,0,0,0,0,False,False,0,ok,
microsoft/vscode,40292,https://github.com/microsoft/vscode/pull/40292,Update Ruby indent pattern,2017-12-15T11:59:00Z,2017-12-15T14:00:57Z,2017-12-15T14:00:57Z,2020-03-27T23:29:31Z,2026-09-25T18:54:54Z,TeeSeal,User,NONE,1,1,1,2,0,0,0,0,False,False,0,ok,
microsoft/vscode,37030,https://github.com/microsoft/vscode/pull/37030,git: Sort RepositoryPicks to rank active repo first,2017-10-27T09:10:27Z,2017-12-15T14:23:32Z,2017-12-15T14:23:32Z,2020-03-29T23:24:03Z,2026-09-25T18:54:55Z,keegancsmith,User,CONTRIBUTOR,29,2,1,1,0,0,0,0,False,False,0,ok,
microsoft/vscode,39245,https://github.com/microsoft/vscode/pull/39245,Setting to show Source Control Provider even for single repository,2017-11-28T11:07:44Z,2017-12-15T15:12:53Z,2017-12-15T15:12:53Z,2020-03-27T23:29:31Z,2026-09-25T18:54:56Z,shivammittal99,User,CONTRIBUTOR,25,10,2,2,0,0,0,0,False,False,0,ok,
microsoft/vscode,39960,https://github.com/microsoft/vscode/pull/39960,fix: #39738,2017-12-09T12:13:36Z,2017-12-15T15:18:12Z,2017-12-15T15:18:13Z,2020-03-27T23:29:31Z,2026-09-25T18:54:57Z,pfongkye,User,CONTRIBUTOR,6,3,1,1,0,0,0,0,False,False,0,ok,
microsoft/vscode,38132,https://github.com/microsoft/vscode/pull/38132,Add cwd to createTerminal via TerminalOptions for extension API  Addresses: #37709,2017-11-11T21:42:13Z,2017-12-15T17:44:27Z,2017-12-15T17:44:27Z,2020-03-27T05:40:35Z,2026-09-25T18:54:58Z,cleidigh,User,CONTRIBUTOR,13,4,4,2,1,1,1,0,True,False,0,ok,
microsoft/vscode,40475,https://github.com/microsoft/vscode/pull/40475,SelectBox select on mouseup only Fixes: #40438,2017-12-19T04:18:50Z,2017-12-19T05:46:14Z,2017-12-19T05:46:15Z,2020-03-27T05:39:32Z,2026-09-25T18:54:59Z,cleidigh,User,CONTRIBUTOR,3,3,1,1,0,0,0,0,False,False,0,ok,
microsoft/vscode,40168,https://github.com/microsoft/vscode/pull/40168,explorer: initial actions to commands transition,2017-12-13T15:43:10Z,2017-12-28T17:28:58Z,2017-12-28T17:28:59Z,2020-03-27T23:29:31Z,2026-09-25T18:55:00Z,isidorn,User,NONE,1540,1968,39,55,4,2,0,0,True,False,0,ok,
microsoft/vscode,40561,https://github.com/microsoft/vscode/pull/40561,Buffer improvements,2017-12-20T09:08:34Z,2018-01-03T15:56:18Z,2018-01-03T15:56:18Z,2020-03-27T05:39:32Z,2026-09-25T18:55:01Z,alexdima,User,MEMBER,2043,2422,34,17,0,0,0,0,False,False,0,ok,
microsoft/vscode,40914,https://github.com/microsoft/vscode/pull/40914,"Monokai Dimmed & Light Themes - Increase foreground, hover contrast. Fixes: #40731, #40732",2017-12-28T20:04:23Z,2018-01-03T19:27:13Z,2018-01-03T19:27:14Z,2020-03-27T05:39:32Z,2026-09-25T18:55:02Z,cleidigh,User,CONTRIBUTOR,4,2,3,2,0,0,0,0,False,False,0,ok,
microsoft/vscode,41275,https://github.com/microsoft/vscode/pull/41275,"Adopt list commands for editor's ""Find References"" peek UI",2018-01-08T10:44:18Z,2018-01-09T17:11:15Z,2018-01-09T17:11:16Z,2020-03-27T05:39:32Z,2026-09-25T18:55:04Z,bpasero,User,CONTRIBUTOR,68,92,3,6,9,2,1,1,True,True,0,ok,
microsoft/vscode,41313,https://github.com/microsoft/vscode/pull/41313,Fix hr in github issues,2018-01-08T21:02:24Z,2018-01-10T06:50:16Z,2018-01-10T06:50:16Z,2020-03-27T05:39:32Z,2026-09-25T18:55:05Z,usernamehw,User,CONTRIBUTOR,1,0,1,1,0,0,0,0,False,False,0,ok,
microsoft/vscode,41602,https://github.com/microsoft/vscode/pull/41602,fix: #41516 (wrap with abbrevation),2018-01-14T23:13:06Z,2018-01-15T00:52:48Z,2018-01-15T00:52:48Z,2020-03-27T05:39:32Z,2026-09-25T18:55:06Z,pfongkye,User,CONTRIBUTOR,69,6,2,1,1,1,1,0,True,False,0,ok,
microsoft/vscode,41407,https://github.com/microsoft/vscode/pull/41407,API: Add resourceUri property to TreeItem,2018-01-10T15:21:30Z,2018-01-15T09:00:07Z,2018-01-15T09:00:07Z,2020-03-27T05:39:32Z,2026-09-25T18:55:07Z,sandy081,User,MEMBER,17,3,1,3,2,1,1,1,True,True,0,ok,
microsoft/vscode,41496,https://github.com/microsoft/vscode/pull/41496,Remove hard-coded zebra in running extensions Fixes #40432,2018-01-12T00:39:52Z,2018-01-16T08:57:31Z,2018-01-16T08:57:31Z,2020-03-27T05:39:32Z,2026-09-25T18:55:08Z,usernamehw,User,CONTRIBUTOR,5,17,4,3,0,0,0,0,False,False,0,ok,
microsoft/vscode,41895,https://github.com/microsoft/vscode/pull/41895,Add workbench.fontAliasing.auto option,2018-01-20T07:52:13Z,2018-01-22T17:41:44Z,2018-01-22T17:41:44Z,2020-03-30T23:22:33Z,2026-09-25T18:55:09Z,Cryrivers,User,CONTRIBUTOR,33,9,3,3,0,0,0,0,False,False,0,ok,
microsoft/vscode,42129,https://github.com/microsoft/vscode/pull/42129,Display enabled extension information in Issue Reporter,2018-01-25T00:03:37Z,2018-01-25T06:36:27Z,2018-01-25T06:36:27Z,2020-03-31T23:22:18Z,2026-09-25T18:55:10Z,RMacfarlane,User,NONE,201,101,12,1,0,0,0,0,False,False,0,ok,
microsoft/vscode,42314,https://github.com/microsoft/vscode/pull/42314,Introduce and adopt workbench.list.openMode,2018-01-29T13:33:21Z,2018-01-29T14:03:13Z,2018-01-29T14:03:14Z,2020-03-31T23:22:18Z,2026-09-25T18:55:11Z,bpasero,User,CONTRIBUTOR,487,279,31,8,0,0,0,0,False,False,0,ok,
microsoft/vscode,42778,https://github.com/microsoft/vscode/pull/42778,Add terminal move to line start/end commands,2018-02-02T01:59:09Z,2018-02-05T17:33:28Z,2018-02-05T17:33:29Z,2020-03-31T23:22:18Z,2026-09-25T18:55:12Z,Tyriar,User,CONTRIBUTOR,63,22,2,3,0,0,0,0,False,False,0,ok,
microsoft/vscode,43007,https://github.com/microsoft/vscode/pull/43007,Issue reporter responsive CSS,2018-02-06T01:35:15Z,2018-02-06T02:10:58Z,2018-02-06T02:10:58Z,2020-03-31T23:22:10Z,2026-09-25T18:55:13Z,RMacfarlane,User,NONE,139,56,4,5,0,0,0,0,False,False,0,ok,
microsoft/vscode,42809,https://github.com/microsoft/vscode/pull/42809,typo,2018-02-02T10:09:29Z,2018-02-06T14:23:19Z,2018-02-06T14:23:19Z,2020-07-26T23:22:41Z,2026-09-25T18:55:14Z,aldonetti,User,CONTRIBUTOR,1,1,1,1,0,0,0,0,False,False,0,ok,
microsoft/vscode,43334,https://github.com/microsoft/vscode/pull/43334,Make diff gutter decorators width configurable,2018-02-09T17:04:12Z,2018-02-12T10:55:55Z,2018-02-12T10:55:55Z,2020-03-31T23:22:10Z,2026-09-25T18:55:15Z,usernamehw,User,CONTRIBUTOR,34,0,2,1,0,0,0,0,False,False,0,ok,
microsoft/vscode,43443,https://github.com/microsoft/vscode/pull/43443,Adresses #27393 - Added margin-left: -1px to remove effect of the left border,2018-02-11T20:22:29Z,2018-02-13T16:00:24Z,2018-02-13T16:00:24Z,2020-03-27T05:38:28Z,2026-09-25T18:55:16Z,ergunsh,User,CONTRIBUTOR,1,0,1,1,1,1,0,0,True,False,0,ok,
microsoft/vscode,43611,https://github.com/microsoft/vscode/pull/43611,Isolate inno updater,2018-02-13T19:19:43Z,2018-02-13T19:21:29Z,2018-02-13T19:21:29Z,2020-03-27T05:38:28Z,2026-09-25T18:55:17Z,joaomoreno,User,CONTRIBUTOR,3,3,2,3,0,0,0,0,False,False,0,ok,
microsoft/vscode,43552,https://github.com/microsoft/vscode/pull/43552,#42557 fix - make open in command multiselect aware ,2018-02-13T02:17:56Z,2018-02-16T10:40:53Z,2018-02-16T10:40:53Z,2020-03-27T05:38:28Z,2026-09-25T18:55:19Z,sriram-dev,User,CONTRIBUTOR,21,15,1,4,6,4,1,0,True,False,0,ok,
microsoft/vscode,43770,https://github.com/microsoft/vscode/pull/43770,Implement new notifications UX,2018-02-15T16:49:48Z,2018-02-19T17:51:47Z,2018-02-19T17:51:48Z,2020-03-27T05:38:28Z,2026-09-25T18:55:20Z,bpasero,User,CONTRIBUTOR,4208,2345,169,73,0,0,0,0,False,False,0,ok,
microsoft/vscode,43707,https://github.com/microsoft/vscode/pull/43707,"Add action to reload the window with disableExtensions set, #43156",2018-02-15T01:37:24Z,2018-02-22T05:49:14Z,2018-02-22T05:49:14Z,2020-03-27T05:38:28Z,2026-09-25T18:55:21Z,RMacfarlane,User,NONE,39,15,9,4,1,1,0,1,True,True,0,ok,
microsoft/vscode,43987,https://github.com/microsoft/vscode/pull/43987,Debug: Added collapse all in debug console Fixes: #38109,2018-02-19T20:41:25Z,2018-02-22T08:51:31Z,2018-02-22T08:51:31Z,2020-03-27T05:38:28Z,2026-09-25T18:55:22Z,svitlana-galianova,User,CONTRIBUTOR,4,1,1,6,0,0,0,0,False,False,0,ok,
microsoft/vscode,43152,https://github.com/microsoft/vscode/pull/43152,Dropdown: Restore original selection on escape exit Fixes: #42487,2018-02-08T01:14:57Z,2018-02-23T00:24:01Z,2018-02-23T00:24:01Z,2020-03-31T23:22:10Z,2026-09-25T18:55:24Z,raygervais,User,CONTRIBUTOR,13,0,1,5,2,1,0,2,True,True,0,ok,
microsoft/vscode,44308,https://github.com/microsoft/vscode/pull/44308,Disallow drag splitting of non-splittable editors,2018-02-24T00:27:36Z,2018-02-26T10:01:41Z,2018-02-26T10:01:41Z,2020-03-27T05:38:28Z,2026-09-25T18:55:27Z,mjbvz,User,CONTRIBUTOR,12,3,1,1,0,0,0,0,False,False,0,ok,
microsoft/vscode,42831,https://github.com/microsoft/vscode/pull/42831,Re-enable the unused variables tslint rule for the hygiene task fixes #42157,2018-02-02T15:22:56Z,2018-02-26T15:06:21Z,2018-02-26T15:06:21Z,2020-03-31T23:22:18Z,2026-09-25T18:55:28Z,egamma,User,MEMBER,88,30,7,11,0,0,0,0,False,False,0,ok,
microsoft/vscode,44259,https://github.com/microsoft/vscode/pull/44259,Treat full-width character as two visible columns.,2018-02-23T10:29:35Z,2018-03-01T11:00:45Z,2018-03-01T11:00:46Z,2020-03-27T05:38:28Z,2026-09-25T18:55:29Z,yh1224,User,NONE,4,0,1,1,0,0,0,0,False,False,0,ok,
microsoft/vscode,44981,https://github.com/microsoft/vscode/pull/44981,Remove flatpak task,2018-03-03T18:05:35Z,2018-03-04T21:37:31Z,2018-03-04T21:37:32Z,2020-03-27T05:38:28Z,2026-09-25T18:55:30Z,Tyriar,User,CONTRIBUTOR,2,136,3,1,0,0,0,0,False,False,0,ok,
microsoft/vscode,45158,https://github.com/microsoft/vscode/pull/45158,Debug icon consistensy pass,2018-03-06T20:49:25Z,2018-03-07T20:35:14Z,2018-03-07T20:35:14Z,2020-03-27T23:28:28Z,2026-09-25T18:55:31Z,chryw,User,CONTRIBUTOR,69,118,69,2,0,0,0,0,False,False,0,ok,
microsoft/vscode,43733,https://github.com/microsoft/vscode/pull/43733,Added support for links of file paths with spaces (#13245),2018-02-15T09:00:25Z,2018-03-07T20:59:22Z,2018-03-07T20:59:22Z,2020-03-27T05:38:28Z,2026-09-25T18:55:32Z,doivosevic,User,NONE,26,7,2,3,0,0,0,0,False,False,0,ok,
microsoft/vscode,45298,https://github.com/microsoft/vscode/pull/45298,"Revert ""Debug icons consistency and housekeeping work""",2018-03-08T14:23:21Z,2018-03-08T14:23:27Z,2018-03-08T14:23:27Z,2020-03-27T23:28:28Z,2026-09-25T18:55:34Z,isidorn,User,NONE,130,64,65,1,0,0,0,0,False,False,0,ok,
microsoft/vscode,45434,https://github.com/microsoft/vscode/pull/45434,Emmet in Interactive Playground,2018-03-09T20:00:13Z,2018-03-09T20:53:13Z,2018-03-09T20:53:13Z,2020-03-27T23:28:28Z,2026-09-25T18:55:35Z,gushuro,User,CONTRIBUTOR,98,2,2,1,0,0,0,0,False,False,0,ok,
microsoft/vscode,43393,https://github.com/microsoft/vscode/pull/43393,Allow to filter keyBindings by 'Source'.,2018-02-10T17:07:47Z,2018-03-14T04:33:31Z,2018-03-14T04:33:32Z,2020-03-27T23:28:28Z,2026-09-25T18:55:36Z,shobhitchittora,User,CONTRIBUTOR,80,1,4,13,17,2,1,2,True,True,0,ok,
microsoft/vscode,45691,https://github.com/microsoft/vscode/pull/45691,More tweaks for #45406,2018-03-13T19:41:25Z,2018-03-14T10:07:11Z,2018-03-14T10:07:11Z,2020-03-27T23:28:28Z,2026-09-25T18:55:37Z,chryw,User,CONTRIBUTOR,15,16,13,4,0,0,0,0,False,False,0,ok,
microsoft/vscode,45659,https://github.com/microsoft/vscode/pull/45659,Fix #30450,2018-03-13T13:41:46Z,2018-03-19T08:39:25Z,2018-03-19T08:39:25Z,2020-03-27T23:28:28Z,2026-09-25T18:55:38Z,shizengzhou,User,CONTRIBUTOR,10,1,1,4,0,0,0,0,False,False,0,ok,
microsoft/vscode,45727,https://github.com/microsoft/vscode/pull/45727,Adds workspace config for submodules detection limit,2018-03-14T04:39:46Z,2018-03-19T13:31:17Z,2018-03-19T13:31:17Z,2020-03-27T23:28:28Z,2026-09-25T18:55:39Z,shobhitchittora,User,CONTRIBUTOR,12,1,3,1,0,0,0,0,False,False,0,ok,
microsoft/vscode,46169,https://github.com/microsoft/vscode/pull/46169,Simple widget editor that is hidden from extensions,2018-03-20T09:50:56Z,2018-03-20T10:13:15Z,2018-03-20T10:13:15Z,2020-03-27T23:28:28Z,2026-09-25T18:55:40Z,isidorn,User,NONE,96,32,9,3,1,1,0,0,True,False,0,ok,
microsoft/vscode,45815,https://github.com/microsoft/vscode/pull/45815,Hide tab fade until text overflows with sizing-shrink and close-button-left/off (fix #45728),2018-03-15T00:08:50Z,2018-03-22T06:13:16Z,2018-03-22T06:13:16Z,2020-03-27T23:28:28Z,2026-09-25T18:55:42Z,Dari-K,User,CONTRIBUTOR,13,0,1,2,8,2,0,1,True,True,0,ok,
microsoft/vscode,46032,https://github.com/microsoft/vscode/pull/46032,Add getWorker to MonacoEnvironment,2018-03-17T18:51:55Z,2018-03-26T12:12:07Z,2018-03-26T12:12:07Z,2020-03-27T23:28:28Z,2026-09-25T18:55:43Z,fathyb,User,CONTRIBUTOR,12,7,1,1,0,0,0,0,False,False,0,ok,
microsoft/vscode,45499,https://github.com/microsoft/vscode/pull/45499,Standardize transpose logic. Add basic support for transposing multibyte characters.,2018-03-11T05:40:20Z,2018-03-26T20:15:21Z,2018-03-26T20:15:21Z,2020-03-27T23:28:28Z,2026-09-25T18:55:44Z,JacksonKearl,User,CONTRIBUTOR,60,14,1,1,0,0,0,0,False,False,0,ok,
microsoft/vscode,46849,https://github.com/microsoft/vscode/pull/46849,HTTPS link,2018-03-28T13:28:17Z,2018-03-29T06:36:18Z,2018-03-29T06:36:18Z,2020-03-27T05:37:25Z,2026-09-25T18:55:45Z,coliff,User,CONTRIBUTOR,2,2,1,1,0,0,0,0,False,False,0,ok,
microsoft/vscode,46380,https://github.com/microsoft/vscode/pull/46380,Add webview restoration api proposal,2018-03-23T02:09:05Z,2018-04-04T01:25:23Z,2018-04-04T01:25:23Z,2020-03-30T23:22:16Z,2026-09-25T18:55:46Z,mjbvz,User,CONTRIBUTOR,685,171,14,6,0,0,0,0,False,False,0,ok,
microsoft/vscode,47184,https://github.com/microsoft/vscode/pull/47184, Change explorer model to a Map to fix #47120,2018-04-04T09:22:50Z,2018-04-04T11:37:07Z,2018-04-04T11:37:07Z,2020-03-27T05:37:25Z,2026-09-25T18:55:47Z,bpasero,User,CONTRIBUTOR,40,22,2,1,1,1,1,0,True,False,0,ok,
microsoft/vscode,47359,https://github.com/microsoft/vscode/pull/47359,Fail build when settings search build id generation fails,2018-04-06T21:09:58Z,2018-04-06T21:10:51Z,2018-04-06T21:10:52Z,2020-03-27T05:37:25Z,2026-09-25T18:55:48Z,roblourens,User,MEMBER,281,72,5,7,0,0,0,0,False,False,0,ok,
microsoft/vscode,44988,https://github.com/microsoft/vscode/pull/44988,move huge file params to user config for Microsoft/vscode#44986 and mechatroner/vscode_rainbow_csv#3,2018-03-03T21:32:38Z,2018-04-09T08:24:00Z,2018-04-09T08:24:00Z,2020-03-27T05:38:28Z,2026-09-25T18:55:50Z,mechatroner,User,NONE,44,6,6,5,0,0,0,0,False,False,0,ok,
microsoft/vscode,47370,https://github.com/microsoft/vscode/pull/47370,Split out `Webview` from `WebviewEditor` in proposed API,2018-04-07T00:55:13Z,2018-04-11T18:49:03Z,2018-04-11T18:49:03Z,2020-03-27T05:37:25Z,2026-09-25T18:55:51Z,mjbvz,User,CONTRIBUTOR,227,145,9,3,1,1,1,0,True,False,0,ok,
microsoft/vscode,47767,https://github.com/microsoft/vscode/pull/47767,Exclude yarn-error from hygiene,2018-04-12T17:40:06Z,2018-04-12T17:47:24Z,2018-04-12T17:47:24Z,2020-03-27T05:37:25Z,2026-09-25T18:55:52Z,octref,User,CONTRIBUTOR,1,0,1,1,0,0,0,0,False,False,0,ok,
microsoft/vscode,47857,https://github.com/microsoft/vscode/pull/47857,"Add buttons terminate and restart to ""already active"" task notification.",2018-04-14T01:24:54Z,2018-04-16T10:00:32Z,2018-04-16T10:00:32Z,2020-03-27T05:37:25Z,2026-09-25T18:55:53Z,skl131313,User,CONTRIBUTOR,13,2,1,1,0,0,0,0,False,False,0,ok,
microsoft/vscode,47850,https://github.com/microsoft/vscode/pull/47850,Move TS/JS to use organize imports codeAction instead of command,2018-04-13T21:09:19Z,2018-04-18T17:51:34Z,2018-04-18T17:51:34Z,2020-03-27T05:37:25Z,2026-09-25T18:55:55Z,mjbvz,User,CONTRIBUTOR,95,137,11,4,3,2,0,0,True,False,0,ok,
microsoft/vscode,47219,https://github.com/microsoft/vscode/pull/47219,implemented start debugger on restart debugger if debugger isn't started,2018-04-05T05:19:57Z,2018-04-19T09:00:54Z,2018-04-19T09:00:54Z,2020-03-27T05:37:25Z,2026-09-25T18:55:56Z,ivorlags,User,CONTRIBUTOR,19,3,1,5,7,2,0,2,True,True,0,ok,
microsoft/vscode,48324,https://github.com/microsoft/vscode/pull/48324,Enable clear search even if there are no results found,2018-04-21T16:01:36Z,2018-04-22T22:05:13Z,2018-04-22T22:05:13Z,2020-03-27T03:43:06Z,2026-09-25T18:55:57Z,waldreiter,User,CONTRIBUTOR,1,1,1,1,1,1,1,0,True,False,0,ok,
microsoft/vscode,46629,https://github.com/microsoft/vscode/pull/46629,Fixes #46509 - Added key binding to disable a single breakpoint,2018-03-27T08:01:50Z,2018-05-04T15:24:48Z,2018-05-04T15:24:48Z,2020-03-27T05:37:25Z,2026-09-25T18:55:58Z,marcobeltempo,User,CONTRIBUTOR,23,0,1,3,2,2,1,1,True,True,0,ok,
microsoft/vscode,49189,https://github.com/microsoft/vscode/pull/49189,Automatic wrapping with `` (backticks) for PHP and SQL,2018-05-04T08:44:15Z,2018-05-04T19:18:26Z,2018-05-04T19:18:26Z,2020-03-27T03:43:06Z,2026-09-25T18:55:59Z,ranolfi,User,CONTRIBUTOR,4,2,2,2,0,0,0,0,False,False,0,ok,
microsoft/vscode,49365,https://github.com/microsoft/vscode/pull/49365,Enhance Composite bar,2018-05-07T13:25:20Z,2018-05-07T17:28:12Z,2018-05-07T17:28:12Z,2020-03-27T03:43:06Z,2026-09-25T18:56:01Z,sandy081,User,MEMBER,634,449,9,17,0,0,0,0,False,False,0,ok,
microsoft/vscode,49202,https://github.com/microsoft/vscode/pull/49202,Fixed the case where a notification was purged too soon,2018-05-04T11:22:38Z,2018-05-09T06:15:42Z,2018-05-09T06:15:42Z,2020-03-27T03:43:06Z,2026-09-25T18:56:02Z,ihalip,User,CONTRIBUTOR,3,0,1,1,0,0,0,0,False,False,0,ok,
microsoft/vscode,49313,https://github.com/microsoft/vscode/pull/49313,Allow to configure a top tab border color,2018-05-06T17:53:41Z,2018-05-10T07:05:17Z,2018-05-10T07:05:17Z,2020-03-27T03:43:06Z,2026-09-25T18:56:03Z,mkavidas,User,CONTRIBUTOR,17,2,2,5,3,2,0,1,True,True,0,ok,
microsoft/vscode,49581,https://github.com/microsoft/vscode/pull/49581,"Fixes #49580: Updated debug icons for ""continue"", renamed default to ""start""",2018-05-09T23:07:52Z,2018-05-10T09:03:21Z,2018-05-10T09:03:21Z,2020-03-27T03:43:06Z,2026-09-25T18:56:04Z,miguelsolorio,User,CONTRIBUTOR,8,6,6,1,0,0,0,0,False,False,0,ok,
microsoft/vscode,49869,https://github.com/microsoft/vscode/pull/49869,Remove redundant '6' in stdFork.ts,2018-05-15T01:49:47Z,2018-05-15T18:48:18Z,2018-05-15T18:48:18Z,2020-03-27T03:43:06Z,2026-09-25T18:56:05Z,jiegec,User,CONTRIBUTOR,1,1,1,1,0,0,0,0,False,False,0,ok,
microsoft/vscode,50063,https://github.com/microsoft/vscode/pull/50063,grammar fix for #50008,2018-05-17T19:22:41Z,2018-05-18T00:57:32Z,2018-05-18T00:57:32Z,2020-03-29T23:22:59Z,2026-09-25T18:56:06Z,mkavidas,User,CONTRIBUTOR,1,1,1,1,0,0,0,0,False,False,0,ok,
microsoft/vscode,49971,https://github.com/microsoft/vscode/pull/49971,Add activePanel context key,2018-05-16T11:12:52Z,2018-05-18T12:58:29Z,2018-05-18T12:58:30Z,2020-03-29T23:22:59Z,2026-09-25T18:56:07Z,Krzysztof-Cieslak,User,CONTRIBUTOR,28,2,1,1,2,1,0,0,True,False,0,ok,
microsoft/vscode,50074,https://github.com/microsoft/vscode/pull/50074,Prototype update import paths on file rename/move for JS/TS,2018-05-18T01:59:45Z,2018-05-21T20:26:24Z,2018-05-21T20:26:24Z,2020-03-29T23:23:00Z,2026-09-25T18:56:08Z,mjbvz,User,CONTRIBUTOR,285,7,13,7,0,0,0,0,False,False,0,ok,
microsoft/vscode,50049,https://github.com/microsoft/vscode/pull/50049,Add link to package homepage in package.json files,2018-05-17T14:17:29Z,2018-05-22T07:34:36Z,2018-05-22T07:34:36Z,2020-03-29T23:22:59Z,2026-09-25T18:56:09Z,callumisitt,User,CONTRIBUTOR,3,0,1,1,0,0,0,0,False,False,0,ok,
microsoft/vscode,50542,https://github.com/microsoft/vscode/pull/50542,"`{ ""editor.wrappingIndent"": ""deepIndent"" }` for 2 additional tabs on continuation lines",2018-05-28T01:36:48Z,2018-05-28T15:43:40Z,2018-05-28T15:43:40Z,2020-03-29T23:22:59Z,2026-09-25T18:56:10Z,h-h-h-h,User,CONTRIBUTOR,38,11,5,1,0,0,0,0,False,False,0,ok,
microsoft/vscode,50869,https://github.com/microsoft/vscode/pull/50869,Add support for `1.txt` format in incrementFileName,2018-05-31T10:17:19Z,2018-06-04T14:38:58Z,2018-06-04T14:38:59Z,2020-03-29T23:23:00Z,2026-09-25T18:56:11Z,Krzysztof-Cieslak,User,CONTRIBUTOR,23,0,2,1,0,0,0,0,False,False,0,ok,
microsoft/vscode,48978,https://github.com/microsoft/vscode/pull/48978,Make extension disablement persistent only one load,2018-05-01T00:07:28Z,2018-06-05T17:30:02Z,2018-06-05T17:30:02Z,2020-03-27T03:43:06Z,2026-09-25T18:56:12Z,RMacfarlane,User,NONE,12,8,2,3,1,1,0,1,True,True,0,ok,
microsoft/vscode,51204,https://github.com/microsoft/vscode/pull/51204,Support grid styles using CSS variables,2018-06-06T08:21:48Z,2018-06-06T12:20:07Z,2018-06-06T12:20:07Z,2020-03-29T23:22:59Z,2026-09-25T18:56:14Z,joaomoreno,User,CONTRIBUTOR,112,47,6,1,1,1,0,0,True,False,0,ok,
microsoft/vscode,51351,https://github.com/microsoft/vscode/pull/51351,Grid: Enable orthogonal sash resizing,2018-06-07T13:46:34Z,2018-06-07T15:11:15Z,2018-06-07T15:11:15Z,2020-03-29T23:22:59Z,2026-09-25T18:56:15Z,joaomoreno,User,CONTRIBUTOR,298,125,9,9,0,0,0,0,False,False,0,ok,
microsoft/vscode,51513,https://github.com/microsoft/vscode/pull/51513,Add a top-level terminal menu,2018-06-09T08:35:36Z,2018-06-09T08:43:28Z,2018-06-09T08:43:28Z,2020-03-27T23:27:24Z,2026-09-25T18:56:16Z,Tyriar,User,CONTRIBUTOR,72,0,1,3,0,0,0,0,False,False,0,ok,
microsoft/vscode,51570,https://github.com/microsoft/vscode/pull/51570,Center dropdown in debug toolbar,2018-06-11T03:21:08Z,2018-06-11T08:25:46Z,2018-06-11T08:25:46Z,2020-03-27T23:27:24Z,2026-09-25T18:56:17Z,miguelsolorio,User,CONTRIBUTOR,6,6,3,3,0,0,0,0,False,False,0,ok,
microsoft/vscode,51628,https://github.com/microsoft/vscode/pull/51628,Language pack descriptions are the local language name,2018-06-11T17:13:40Z,2018-06-11T22:43:07Z,2018-06-11T22:43:08Z,2020-03-27T23:27:25Z,2026-09-25T18:56:18Z,JacksonKearl,User,CONTRIBUTOR,5,0,1,4,4,1,1,0,True,False,0,ok,
microsoft/vscode,51876,https://github.com/microsoft/vscode/pull/51876,API tweaks for grid editor,2018-06-14T09:44:34Z,2018-06-14T15:17:40Z,2018-06-14T15:17:40Z,2020-03-27T03:42:02Z,2026-09-25T18:56:19Z,bpasero,User,CONTRIBUTOR,185,65,10,4,0,0,0,0,False,False,0,ok,
microsoft/vscode,52005,https://github.com/microsoft/vscode/pull/52005,splitView: inverseAltBehavior,2018-06-15T09:35:49Z,2018-06-15T09:40:17Z,2018-06-15T09:40:17Z,2020-03-27T03:42:02Z,2026-09-25T18:56:21Z,isidorn,User,NONE,6,0,1,1,1,1,1,0,True,False,0,ok,
microsoft/vscode,52067,https://github.com/microsoft/vscode/pull/52067,Fix typo in taskConfiguration.ts,2018-06-15T16:30:28Z,2018-06-18T07:48:56Z,2018-06-18T07:48:56Z,2020-03-27T03:42:02Z,2026-09-25T18:56:23Z,qcz,User,CONTRIBUTOR,1,1,1,1,0,0,0,0,False,False,0,ok,
microsoft/vscode,52149,https://github.com/microsoft/vscode/pull/52149,Statusbar polishing,2018-06-18T02:29:29Z,2018-06-18T14:52:19Z,2018-06-18T14:52:19Z,2020-03-27T03:42:02Z,2026-09-25T18:56:24Z,LeonardoBraga,User,CONTRIBUTOR,1,0,1,1,7,2,0,1,True,True,0,ok,
microsoft/vscode,52064,https://github.com/microsoft/vscode/pull/52064,Centered editor layout,2018-06-15T15:52:55Z,2018-06-19T08:53:47Z,2018-06-19T08:53:47Z,2020-03-27T03:42:02Z,2026-09-25T18:56:25Z,isidorn,User,NONE,184,39,4,12,2,1,0,2,True,True,0,ok,
microsoft/vscode,28392,https://github.com/microsoft/vscode/pull/28392,Keep deleting lines when triggering deleteAllLeft on column 1,2017-06-09T22:16:50Z,2018-06-19T18:12:18Z,2018-06-19T18:12:18Z,2020-03-27T23:30:35Z,2026-09-25T18:56:26Z,alfondotnet,User,CONTRIBUTOR,116,6,2,13,2,1,0,0,True,False,0,ok,
microsoft/vscode,51805,https://github.com/microsoft/vscode/pull/51805,"Add ""Click to view details"" on extension list items' aria-labels",2018-06-13T22:22:21Z,2018-06-22T00:01:37Z,2018-06-22T00:01:38Z,2020-03-27T03:42:02Z,2026-09-25T18:56:28Z,JacksonKearl,User,CONTRIBUTOR,9,4,1,2,1,1,1,0,True,False,0,ok,
microsoft/vscode,52765,https://github.com/microsoft/vscode/pull/52765,Win32 User Install,2018-06-24T18:17:38Z,2018-06-24T18:43:00Z,2018-06-24T18:43:00Z,2020-03-27T03:42:02Z,2026-09-25T18:56:29Z,joaomoreno,User,CONTRIBUTOR,962,874,9,8,0,0,0,0,False,False,0,ok,
microsoft/vscode,52780,https://github.com/microsoft/vscode/pull/52780,Submenus for Menu Widget,2018-06-25T07:21:39Z,2018-06-25T19:33:11Z,2018-06-25T19:33:11Z,2020-03-27T03:42:02Z,2026-09-25T18:56:30Z,sbatten,User,MEMBER,404,92,14,9,8,3,2,0,True,False,0,ok,
microsoft/vscode,52518,https://github.com/microsoft/vscode/pull/52518,"Improves support to Windows UNC files in a ""yet-to-be-saved"" state",2018-06-20T22:52:46Z,2018-06-26T05:02:14Z,2018-06-26T05:02:15Z,2020-03-27T03:42:02Z,2026-09-25T18:56:32Z,LeonardoBraga,User,CONTRIBUTOR,46,9,4,1,1,1,0,1,True,True,0,ok,
microsoft/vscode,53079,https://github.com/microsoft/vscode/pull/53079,Ignore Recommendation button on zoom/small width,2018-06-27T00:50:39Z,2018-06-27T22:43:18Z,2018-06-27T22:43:19Z,2020-03-27T03:42:02Z,2026-09-25T18:56:33Z,JacksonKearl,User,CONTRIBUTOR,8,12,2,3,1,1,1,0,True,False,0,ok,
microsoft/vscode,49034,https://github.com/microsoft/vscode/pull/49034,WinJS and ES6 Promises,2018-05-02T09:02:30Z,2018-07-02T09:31:11Z,2018-07-02T09:31:11Z,2020-03-27T03:43:06Z,2026-09-25T18:56:34Z,chrmarti,User,COLLABORATOR,53,0,2,1,0,0,0,0,False,False,0,ok,
microsoft/vscode,53383,https://github.com/microsoft/vscode/pull/53383,Remove title attr from review-comment,2018-06-30T16:53:34Z,2018-07-02T16:58:39Z,2018-07-02T16:58:39Z,2020-03-27T03:42:02Z,2026-09-25T18:56:35Z,Tyriar,User,CONTRIBUTOR,0,1,1,1,0,0,0,0,False,False,0,ok,
microsoft/vscode,47578,https://github.com/microsoft/vscode/pull/47578,"Fix #44776 - Error on ""Undo Last Commit"" if executed against the initial commit",2018-04-10T11:08:50Z,2018-07-06T13:32:22Z,2018-07-06T13:32:22Z,2020-03-27T05:37:25Z,2026-09-25T18:56:36Z,ryu1kn,User,CONTRIBUTOR,68,10,4,9,0,0,0,0,False,False,0,ok,
microsoft/vscode,49397,https://github.com/microsoft/vscode/pull/49397,Fixes #48714: Added conversion from local case of the file to git case,2018-05-07T18:41:38Z,2018-07-06T14:46:13Z,2018-07-06T14:46:13Z,2020-03-27T03:43:06Z,2026-09-25T18:56:37Z,alexr00,User,MEMBER,28,2,2,1,0,0,0,0,False,False,0,ok,
microsoft/vscode,53536,https://github.com/microsoft/vscode/pull/53536,Use events instead of PPromise for search IPC,2018-07-04T13:31:22Z,2018-07-09T10:16:50Z,2018-07-09T10:16:50Z,2020-03-27T05:36:21Z,2026-09-25T18:56:38Z,joaomoreno,User,CONTRIBUTOR,317,202,8,3,1,1,0,0,True,False,0,ok,
microsoft/vscode,53494,https://github.com/microsoft/vscode/pull/53494,Use HTML headings for viewlet titles.,2018-07-03T17:29:47Z,2018-07-10T15:57:51Z,2018-07-10T15:57:52Z,2020-03-27T03:42:02Z,2026-09-25T18:56:40Z,JacksonKearl,User,CONTRIBUTOR,38,27,13,6,7,4,1,2,True,True,0,ok,
microsoft/vscode,53603,https://github.com/microsoft/vscode/pull/53603,add telemetry appender that writes to log,2018-07-05T16:29:45Z,2018-07-11T19:21:41Z,2018-07-11T19:21:41Z,2020-06-30T06:39:52Z,2026-09-25T18:56:41Z,jrieken,User,CONTRIBUTOR,132,35,10,16,9,3,1,0,True,False,0,ok,
microsoft/vscode,54003,https://github.com/microsoft/vscode/pull/54003,theme custom menus,2018-07-11T01:34:51Z,2018-07-12T08:02:57Z,2018-07-12T08:02:57Z,2020-03-27T05:36:21Z,2026-09-25T18:56:43Z,sbatten,User,MEMBER,191,42,3,6,2,1,1,1,True,True,1,ok,
microsoft/vscode,54244,https://github.com/microsoft/vscode/pull/54244,Add a reason attribute to filePUT and fileGET,2018-07-13T09:25:18Z,2018-07-16T05:58:50Z,2018-07-16T05:58:50Z,2020-03-27T05:36:21Z,2026-09-25T18:56:44Z,bpasero,User,CONTRIBUTOR,48,23,5,2,2,1,1,0,True,False,0,ok,
microsoft/vscode,54402,https://github.com/microsoft/vscode/pull/54402,Update basic programming language icon,2018-07-16T16:05:10Z,2018-07-16T17:04:46Z,2018-07-16T17:04:46Z,2020-03-27T05:36:22Z,2026-09-25T18:56:45Z,miguelsolorio,User,CONTRIBUTOR,3,2,4,1,1,1,1,0,True,False,0,ok,
microsoft/vscode,54446,https://github.com/microsoft/vscode/pull/54446,SelectBox: Add setAriaLabel() Fixes: #54412,2018-07-17T04:23:12Z,2018-07-17T04:26:25Z,2018-07-17T04:26:25Z,2020-03-27T05:36:21Z,2026-09-25T18:56:46Z,cleidigh,User,CONTRIBUTOR,16,0,3,1,0,0,0,0,False,False,0,ok,
microsoft/vscode,54424,https://github.com/microsoft/vscode/pull/54424,Finalize definition link,2018-07-16T22:01:09Z,2018-07-18T23:32:28Z,2018-07-18T23:32:28Z,2020-03-27T05:36:21Z,2026-09-25T18:56:48Z,mjbvz,User,CONTRIBUTOR,85,107,9,3,1,1,1,0,True,False,0,ok,
microsoft/vscode,54672,https://github.com/microsoft/vscode/pull/54672,Fix autosuggest trigger chars not working in simpleWidgets,2018-07-19T15:49:47Z,2018-07-19T16:03:28Z,2018-07-19T16:03:28Z,2020-03-27T05:36:21Z,2026-09-25T18:56:49Z,JacksonKearl,User,CONTRIBUTOR,6,6,1,1,0,0,0,0,False,False,0,ok,
microsoft/vscode,54474,https://github.com/microsoft/vscode/pull/54474,Workaround duplicate rendered characters in Electron 2.0.x,2018-07-17T13:02:26Z,2018-07-20T14:10:10Z,2018-07-20T14:10:10Z,2020-03-27T05:36:21Z,2026-09-25T18:56:50Z,bpasero,User,CONTRIBUTOR,2,2,2,2,0,0,0,0,False,False,0,ok,
microsoft/vscode,54840,https://github.com/microsoft/vscode/pull/54840,Fix search cancellation,2018-07-23T04:18:20Z,2018-07-23T17:14:38Z,2018-07-23T17:14:38Z,2020-03-27T05:36:21Z,2026-09-25T18:56:51Z,roblourens,User,MEMBER,6,3,3,1,0,0,0,0,False,False,0,ok,
microsoft/vscode,54887,https://github.com/microsoft/vscode/pull/54887,incorrect English string,2018-07-23T17:35:16Z,2018-07-24T14:38:17Z,2018-07-24T14:38:17Z,2020-03-27T05:36:21Z,2026-09-25T18:56:52Z,aldonetti,User,CONTRIBUTOR,1,1,1,1,0,0,0,0,False,False,0,ok,
microsoft/vscode,54977,https://github.com/microsoft/vscode/pull/54977,Fix bug causing find widget to appear in extensions search box,2018-07-25T01:12:29Z,2018-07-25T01:16:24Z,2018-07-25T01:16:24Z,2020-03-27T03:40:58Z,2026-09-25T18:56:53Z,JacksonKearl,User,CONTRIBUTOR,2,1,1,1,0,0,0,0,False,False,0,ok,
microsoft/vscode,54873,https://github.com/microsoft/vscode/pull/54873,Electron 2.0.5,2018-07-23T14:38:19Z,2018-07-25T01:44:54Z,2018-07-25T01:44:54Z,2020-03-27T05:36:21Z,2026-09-25T18:56:55Z,Tyriar,User,CONTRIBUTOR,7584,3957,20,2,0,0,0,0,False,False,0,ok,
microsoft/vscode,55100,https://github.com/microsoft/vscode/pull/55100,merging menu/titlebar,2018-07-26T00:17:07Z,2018-07-27T17:10:27Z,2018-07-27T17:10:27Z,2020-03-27T03:40:58Z,2026-09-25T18:56:56Z,sbatten,User,MEMBER,192,243,9,6,2,2,2,0,True,False,0,ok,
microsoft/vscode,55197,https://github.com/microsoft/vscode/pull/55197,Extension Search should autosuggest dropdown on empty input (or at start of word),2018-07-26T23:05:09Z,2018-07-27T22:36:14Z,2018-07-27T22:36:14Z,2020-03-27T03:40:58Z,2026-09-25T18:56:57Z,JacksonKearl,User,CONTRIBUTOR,10,5,2,1,1,1,1,0,True,False,0,ok,
microsoft/vscode,55689,https://github.com/microsoft/vscode/pull/55689,Fix bug causing cursor to not move on paste,2018-08-02T17:23:25Z,2018-08-02T17:23:49Z,2018-08-02T17:23:49Z,2020-03-27T03:40:58Z,2026-09-25T18:56:58Z,JacksonKearl,User,CONTRIBUTOR,4,1,1,1,0,0,0,0,False,False,0,ok,
microsoft/vscode,55971,https://github.com/microsoft/vscode/pull/55971,@import completion for css/scss/less. Fix #51331,2018-08-07T23:14:39Z,2018-08-08T06:25:37Z,2018-08-08T06:25:37Z,2020-03-27T03:40:58Z,2026-09-25T18:56:59Z,octref,User,CONTRIBUTOR,152,19,8,1,0,0,0,0,False,False,0,ok,
microsoft/vscode,56031,https://github.com/microsoft/vscode/pull/56031,demote menubar from part,2018-08-08T18:57:06Z,2018-08-09T08:10:12Z,2018-08-09T08:10:13Z,2020-03-27T03:40:58Z,2026-09-25T18:57:01Z,sbatten,User,MEMBER,80,82,5,1,1,1,1,0,True,False,0,ok,
microsoft/vscode,56179,https://github.com/microsoft/vscode/pull/56179,Sbatten/check menu items,2018-08-11T00:05:34Z,2018-08-13T21:43:52Z,2018-08-13T21:43:52Z,2020-03-27T05:36:21Z,2026-09-25T18:57:03Z,sbatten,User,MEMBER,35,5,5,4,1,1,1,0,True,False,0,ok,
microsoft/vscode,56516,https://github.com/microsoft/vscode/pull/56516,"Update theme for error,rune types in Go ",2018-08-16T00:19:22Z,2018-08-16T07:49:47Z,2018-08-16T07:49:48Z,2020-03-27T23:27:24Z,2026-09-25T18:57:04Z,ramya-rao-a,User,CONTRIBUTOR,4,0,2,1,1,1,1,0,True,False,0,ok,
microsoft/vscode,56851,https://github.com/microsoft/vscode/pull/56851,Update Markdown link snippets to use https,2018-08-20T21:59:17Z,2018-08-21T16:14:55Z,2018-08-21T16:14:55Z,2020-03-27T23:27:24Z,2026-09-25T18:57:05Z,mattferderer,User,CONTRIBUTOR,2,2,1,1,0,0,0,0,False,False,0,ok,
microsoft/vscode,56944,https://github.com/microsoft/vscode/pull/56944,Add a missing compilation step for vscode-css-languageservice development,2018-08-21T20:56:37Z,2018-08-21T21:24:30Z,2018-08-21T21:24:31Z,2020-03-27T23:27:24Z,2026-09-25T18:57:06Z,connorshea,User,CONTRIBUTOR,4,3,1,1,0,0,0,0,False,False,0,ok,
microsoft/vscode,56957,https://github.com/microsoft/vscode/pull/56957,Fix exclude controls not accounting for the description height,2018-08-22T01:12:30Z,2018-08-22T01:26:29Z,2018-08-22T01:26:29Z,2020-03-27T23:27:24Z,2026-09-25T18:57:08Z,JacksonKearl,User,CONTRIBUTOR,1,1,1,2,1,1,1,0,True,False,0,ok,
microsoft/vscode,55938,https://github.com/microsoft/vscode/pull/55938,Hide the feedback form after clicking Submit a bug,2018-08-07T10:51:20Z,2018-08-22T02:11:32Z,2018-08-22T02:11:32Z,2020-03-27T03:40:58Z,2026-09-25T18:57:09Z,itamark,User,NONE,7,2,1,4,2,2,0,0,True,False,0,ok,
microsoft/vscode,56917,https://github.com/microsoft/vscode/pull/56917,debug remove stdFork usage,2018-08-21T15:47:00Z,2018-08-22T14:08:08Z,2018-08-22T14:08:08Z,2020-03-27T23:27:24Z,2026-09-25T18:57:10Z,isidorn,User,NONE,8,7,1,3,0,0,0,0,False,False,0,ok,
microsoft/vscode,57103,https://github.com/microsoft/vscode/pull/57103,Settings: Allow description to toggle checkbox Fixes: #54053,2018-08-23T19:39:08Z,2018-08-23T19:42:59Z,2018-08-23T19:42:59Z,2020-03-27T23:27:24Z,2026-09-25T18:57:11Z,cleidigh,User,CONTRIBUTOR,21,2,1,1,0,0,0,0,False,False,0,ok,
microsoft/vscode,57069,https://github.com/microsoft/vscode/pull/57069,add rust region comments (#55648),2018-08-23T08:52:00Z,2018-08-24T07:47:34Z,2018-08-24T07:47:35Z,2020-03-27T23:27:24Z,2026-09-25T18:57:12Z,DJMcNab,User,CONTRIBUTOR,7,1,1,2,1,1,1,0,True,False,0,ok,
microsoft/vscode,57144,https://github.com/microsoft/vscode/pull/57144,Convert renderer <-> ext host communication to a binary format,2018-08-24T09:41:50Z,2018-08-24T10:12:37Z,2018-08-24T10:12:37Z,2021-03-12T10:00:24Z,2026-09-25T18:57:13Z,alexdima,User,MEMBER,562,134,7,8,0,0,0,0,False,False,0,ok,
microsoft/vscode,57114,https://github.com/microsoft/vscode/pull/57114,Accessibility Updates for Mnemonics and Structuring,2018-08-23T22:58:13Z,2018-08-24T21:26:21Z,2018-08-24T21:26:21Z,2020-03-27T23:27:24Z,2026-09-25T18:57:15Z,sbatten,User,MEMBER,36,21,3,4,2,1,1,0,True,False,0,ok,
microsoft/vscode,57184,https://github.com/microsoft/vscode/pull/57184,Settings:  call onChange for checkbox toggle,2018-08-24T23:30:59Z,2018-08-24T23:32:23Z,2018-08-24T23:32:23Z,2020-03-29T23:22:59Z,2026-09-25T18:57:16Z,cleidigh,User,CONTRIBUTOR,1,0,1,1,0,0,0,0,False,False,0,ok,
microsoft/vscode,57275,https://github.com/microsoft/vscode/pull/57275,Fixes 56352: Missing gulp task return value,2018-08-27T14:47:46Z,2018-08-28T09:01:15Z,2018-08-28T09:01:15Z,2020-03-28T23:24:36Z,2026-09-25T18:57:17Z,dbaeumer,User,MEMBER,9,8,1,1,1,1,1,0,True,False,0,ok,
microsoft/vscode,57677,https://github.com/microsoft/vscode/pull/57677,debugService.onWillNewSession,2018-08-31T10:00:32Z,2018-08-31T10:19:01Z,2018-08-31T10:19:02Z,2020-03-27T03:39:54Z,2026-09-25T18:57:18Z,isidorn,User,NONE,20,3,4,2,0,0,0,0,False,False,0,ok,
microsoft/vscode,57747,https://github.com/microsoft/vscode/pull/57747,Automate macOS signing,2018-09-01T14:32:59Z,2018-09-03T07:03:59Z,2018-09-03T07:04:00Z,2020-03-27T03:39:54Z,2026-09-25T18:57:19Z,joaomoreno,User,CONTRIBUTOR,43,20,1,6,0,0,0,0,False,False,0,ok,
microsoft/vscode,57809,https://github.com/microsoft/vscode/pull/57809,Use file service to listen to changes,2018-09-03T13:02:59Z,2018-09-03T16:40:31Z,2018-09-03T16:40:31Z,2020-03-27T03:39:54Z,2026-09-25T18:57:20Z,sandy081,User,MEMBER,15,49,2,2,5,2,1,0,True,False,0,ok,
microsoft/vscode,58208,https://github.com/microsoft/vscode/pull/58208,fixes #57786,2018-09-07T16:44:55Z,2018-09-07T19:18:03Z,2018-09-07T19:18:03Z,2020-03-27T03:39:54Z,2026-09-25T18:57:21Z,sbatten,User,MEMBER,1,3,2,1,1,1,1,0,True,False,0,ok,
microsoft/vscode,58104,https://github.com/microsoft/vscode/pull/58104,Throttle code action auto trigger,2018-09-06T17:49:56Z,2018-09-07T21:30:01Z,2018-09-07T21:30:01Z,2020-03-27T03:39:54Z,2026-09-25T18:57:22Z,mjbvz,User,CONTRIBUTOR,41,7,2,2,1,1,1,0,True,False,0,ok,
microsoft/vscode,58436,https://github.com/microsoft/vscode/pull/58436,Adding electron ARM and ARM64 tasks for cross-compiling,2018-09-11T13:44:00Z,2018-09-11T15:43:42Z,2018-09-11T15:43:42Z,2020-03-27T03:39:54Z,2026-09-25T18:57:23Z,headmelted,User,CONTRIBUTOR,2,0,1,1,0,0,0,0,False,False,0,ok,
microsoft/vscode,54897,https://github.com/microsoft/vscode/pull/54897,Try to checkout a new local branch when checking out a remote branch,2018-07-23T19:21:49Z,2018-09-12T12:46:34Z,2018-09-12T12:46:34Z,2020-03-27T05:36:21Z,2026-09-25T18:57:25Z,segevfiner,User,CONTRIBUTOR,13,6,3,1,0,0,0,0,False,False,0,ok,
microsoft/vscode,55975,https://github.com/microsoft/vscode/pull/55975,Fixing text when reverting changes for deleted file,2018-08-08T02:00:27Z,2018-09-12T13:31:35Z,2018-09-12T13:31:36Z,2020-03-27T03:40:58Z,2026-09-25T18:57:27Z,wistcc,User,CONTRIBUTOR,12,2,1,1,0,0,0,0,False,False,0,ok,
microsoft/vscode,57651,https://github.com/microsoft/vscode/pull/57651,Git rebase detection,2018-08-31T00:50:09Z,2018-09-13T13:47:06Z,2018-09-13T13:47:06Z,2020-03-27T03:39:54Z,2026-09-25T18:57:29Z,jgbright,User,CONTRIBUTOR,10,1,1,3,0,0,0,0,False,False,0,ok,
microsoft/vscode,58627,https://github.com/microsoft/vscode/pull/58627,Extension host terminal onData events need to be queued when the terminal ID is not yet set,2018-09-13T18:43:26Z,2018-09-14T16:06:50Z,2018-09-14T16:06:50Z,2020-03-27T03:39:54Z,2026-09-25T18:57:30Z,alexr00,User,MEMBER,24,8,1,1,1,1,1,0,True,False,0,ok,
microsoft/vscode,44566,https://github.com/microsoft/vscode/pull/44566,Update language-configuration.json,2018-02-27T12:15:32Z,2018-09-17T15:18:44Z,2018-09-17T15:18:44Z,2020-03-27T05:38:28Z,2026-09-25T18:57:31Z,jhessin,User,CONTRIBUTOR,2,1,1,1,1,1,1,0,True,False,0,ok,
microsoft/vscode,58457,https://github.com/microsoft/vscode/pull/58457,Added find options to terminal find widget with keybindings,2018-09-11T21:12:55Z,2018-09-17T18:56:16Z,2018-09-17T18:56:16Z,2020-03-27T03:39:54Z,2026-09-25T18:57:32Z,alexr00,User,MEMBER,169,33,15,7,1,1,1,0,True,False,0,ok,
microsoft/vscode,44984,https://github.com/microsoft/vscode/pull/44984,"Keeping find input value unchanged on replace if find input is active, fixes #41027",2018-03-03T20:50:14Z,2018-09-17T19:04:07Z,2018-09-17T19:04:07Z,2020-03-27T05:38:28Z,2026-09-25T18:57:33Z,liqwid,User,CONTRIBUTOR,60,10,2,3,0,0,0,0,False,False,0,ok,
microsoft/vscode,58932,https://github.com/microsoft/vscode/pull/58932,dismiss context menus on window focus lost,2018-09-19T05:56:15Z,2018-09-19T18:35:09Z,2018-09-19T18:35:09Z,2020-03-27T05:35:18Z,2026-09-25T18:57:35Z,sbatten,User,MEMBER,2,0,1,2,2,2,2,0,True,False,0,ok,
microsoft/vscode,58986,https://github.com/microsoft/vscode/pull/58986,Update file icons per file type,2018-09-19T21:35:43Z,2018-09-20T05:40:11Z,2018-09-20T05:40:11Z,2020-03-27T05:35:18Z,2026-09-25T18:57:36Z,miguelsolorio,User,CONTRIBUTOR,0,0,55,1,0,0,0,0,False,False,0,ok,
microsoft/vscode,58269,https://github.com/microsoft/vscode/pull/58269,eslintrc: Mark as root config,2018-09-08T19:43:44Z,2018-09-20T08:28:37Z,2018-09-20T08:28:37Z,2020-03-27T03:39:54Z,2026-09-25T18:57:37Z,kevinji,User,CONTRIBUTOR,2,1,1,1,0,0,0,0,False,False,0,ok,
microsoft/vscode,59106,https://github.com/microsoft/vscode/pull/59106,Tree and list onMiddleMouseClick,2018-09-21T14:06:00Z,2018-09-21T14:28:58Z,2018-09-21T14:28:58Z,2020-03-27T05:35:18Z,2026-09-25T18:57:38Z,isidorn,User,NONE,42,9,6,2,0,0,0,0,False,False,0,ok,
microsoft/vscode,59282,https://github.com/microsoft/vscode/pull/59282,Added tags for azure py packages in requirements.txt,2018-09-25T01:43:28Z,2018-09-26T00:33:36Z,2018-09-26T00:33:37Z,2020-03-27T05:35:18Z,2026-09-25T18:57:39Z,bowdenk7,User,NONE,137,31,1,10,5,1,1,1,True,True,0,ok,
microsoft/vscode,59131,https://github.com/microsoft/vscode/pull/59131,Return whether git.checkout succeeded,2018-09-21T18:57:28Z,2018-09-27T07:46:39Z,2018-09-27T07:46:40Z,2020-03-27T05:35:18Z,2026-09-25T18:57:40Z,RMacfarlane,User,NONE,4,8,1,2,0,0,0,0,False,False,0,ok,
microsoft/vscode,59537,https://github.com/microsoft/vscode/pull/59537,Add leading whitespace offset to lookup offset,2018-09-27T10:57:01Z,2018-09-27T11:01:25Z,2018-09-27T11:01:26Z,2020-06-30T06:41:32Z,2026-09-25T18:57:41Z,chrmarti,User,COLLABORATOR,6,1,2,1,1,1,1,0,True,False,0,ok,
microsoft/vscode,59738,https://github.com/microsoft/vscode/pull/59738,linux build: limit yarn child concurrency,2018-10-01T13:01:47Z,2018-10-01T13:11:10Z,2018-10-01T13:11:10Z,2020-03-27T05:35:18Z,2026-09-25T18:57:42Z,joaomoreno,User,CONTRIBUTOR,1,1,1,1,7,1,7,0,True,False,0,ok,
microsoft/vscode,59749,https://github.com/microsoft/vscode/pull/59749,Adjust phrasing to sound more natural,2018-10-01T16:36:16Z,2018-10-01T17:39:29Z,2018-10-01T17:39:29Z,2020-03-27T05:35:18Z,2026-09-25T18:57:43Z,robflop,User,NONE,4,4,1,1,0,0,0,0,False,False,0,ok,
microsoft/vscode,59758,https://github.com/microsoft/vscode/pull/59758,Adding Pascal case to snippet format options,2018-10-01T17:44:44Z,2018-10-02T08:26:40Z,2018-10-02T08:26:41Z,2020-03-27T05:35:18Z,2026-09-25T18:57:45Z,ronihcohen,User,CONTRIBUTOR,12,0,2,2,2,1,1,1,True,True,0,ok,
microsoft/vscode,59891,https://github.com/microsoft/vscode/pull/59891,Fix R icon size,2018-10-03T11:33:31Z,2018-10-04T08:13:25Z,2018-10-04T08:13:25Z,2020-03-27T03:38:51Z,2026-09-25T18:57:46Z,yeahok,User,CONTRIBUTOR,0,0,1,1,0,0,0,0,False,False,0,ok,
microsoft/vscode,59797,https://github.com/microsoft/vscode/pull/59797,Fixes for 58176: Middle clicking files in breadcrumbs explorer opens …,2018-10-02T01:03:31Z,2018-10-05T08:29:37Z,2018-10-05T08:29:37Z,2020-03-27T05:35:18Z,2026-09-25T18:57:48Z,J-Graham,User,CONTRIBUTOR,3,3,1,2,2,1,1,1,True,True,0,ok,
microsoft/vscode,59914,https://github.com/microsoft/vscode/pull/59914,Update status bar when opening a binary file as text,2018-10-03T17:00:14Z,2018-10-08T09:07:56Z,2018-10-08T09:07:56Z,2020-03-27T03:38:51Z,2026-09-25T18:57:49Z,atitoa93,User,CONTRIBUTOR,22,9,3,2,0,0,0,0,False,False,0,ok,
microsoft/vscode,60674,https://github.com/microsoft/vscode/pull/60674,Update file icons to use file type icon in small views,2018-10-11T19:13:40Z,2018-10-11T22:07:56Z,2018-10-11T22:07:56Z,2020-03-28T23:24:36Z,2026-09-25T18:57:50Z,miguelsolorio,User,CONTRIBUTOR,0,0,55,1,0,0,0,0,False,False,0,ok,
microsoft/vscode,60706,https://github.com/microsoft/vscode/pull/60706,SelectBox: Use visually-hidden for describedby with VoiceOver. Fixes: #60429,2018-10-12T00:28:46Z,2018-10-12T00:31:54Z,2018-10-12T00:31:55Z,2020-03-28T23:24:36Z,2026-09-25T18:57:51Z,cleidigh,User,CONTRIBUTOR,13,9,2,1,0,0,0,0,False,False,0,ok,
microsoft/vscode,59976,https://github.com/microsoft/vscode/pull/59976,Adopt new tree in Problems panel,2018-10-04T15:35:30Z,2018-10-12T14:55:22Z,2018-10-12T14:55:22Z,2020-03-27T03:38:51Z,2026-09-25T18:57:53Z,joaomoreno,User,CONTRIBUTOR,1652,1222,39,37,0,0,0,0,False,False,0,ok,
microsoft/vscode,60539,https://github.com/microsoft/vscode/pull/60539,Fix #27393: Fix explorer inputbox alignment,2018-10-10T17:29:02Z,2018-10-15T08:58:56Z,2018-10-15T08:58:56Z,2020-03-27T03:38:51Z,2026-09-25T18:57:54Z,garymathews,User,NONE,3,0,1,1,0,0,0,0,False,False,0,ok,
microsoft/vscode,59861,https://github.com/microsoft/vscode/pull/59861,Don't include extension actions in tab order until focused,2018-10-02T22:30:49Z,2018-10-16T18:02:54Z,2018-10-16T18:02:54Z,2020-03-27T03:38:51Z,2026-09-25T18:57:55Z,ramya-rao-a,User,CONTRIBUTOR,120,33,3,3,2,2,1,0,True,False,0,ok,
microsoft/vscode,60996,https://github.com/microsoft/vscode/pull/60996,Rewording / copy change,2018-10-15T18:57:37Z,2018-10-16T22:28:05Z,2018-10-16T22:28:05Z,2020-03-28T23:24:36Z,2026-09-25T18:57:56Z,banuragaxioned,User,CONTRIBUTOR,1,1,1,2,1,1,1,0,True,False,0,ok,
microsoft/vscode,61216,https://github.com/microsoft/vscode/pull/61216,Corrected typo in comments,2018-10-18T08:11:01Z,2018-10-19T16:48:12Z,2018-10-19T16:48:12Z,2020-03-28T23:24:36Z,2026-09-25T18:57:57Z,orangegrove1955,User,CONTRIBUTOR,2,2,1,1,1,1,1,0,True,False,0,ok,
microsoft/vscode,60058,https://github.com/microsoft/vscode/pull/60058,"Fix #59774 - Handle accessibility events on ""Open Settings"" link in searchview",2018-10-06T05:36:18Z,2018-10-19T23:26:32Z,2018-10-19T23:26:32Z,2020-03-27T03:38:51Z,2026-09-25T18:57:59Z,w9jds,User,CONTRIBUTOR,36,13,1,1,1,1,1,0,True,False,0,ok,
microsoft/vscode,61403,https://github.com/microsoft/vscode/pull/61403,"typo: Double word ""Show""",2018-10-20T18:22:20Z,2018-10-22T16:56:41Z,2018-10-22T16:56:41Z,2020-03-27T23:26:21Z,2026-09-25T18:58:00Z,nschonni,User,CONTRIBUTOR,1,1,1,1,1,1,1,0,True,False,0,ok,
microsoft/vscode,61556,https://github.com/microsoft/vscode/pull/61556,Correcting minLength and maxLength validation messages,2018-10-23T04:15:12Z,2018-10-23T16:35:34Z,2018-10-23T16:35:34Z,2020-03-27T03:37:47Z,2026-09-25T18:58:01Z,medo64,User,CONTRIBUTOR,2,2,1,1,1,1,1,0,True,False,0,ok,
microsoft/vscode,61909,https://github.com/microsoft/vscode/pull/61909,Fixed typo in comment,2018-10-26T22:17:26Z,2018-10-26T23:47:50Z,2018-10-26T23:47:50Z,2020-03-27T03:37:47Z,2026-09-25T18:58:03Z,josh-cook,User,NONE,2,2,1,1,0,0,0,0,False,False,0,ok,
microsoft/vscode,60566,https://github.com/microsoft/vscode/pull/60566,improve titlebarpart layout perf,2018-10-10T22:12:21Z,2018-10-29T17:44:23Z,2018-10-29T17:44:24Z,2020-03-27T05:35:18Z,2026-09-25T18:58:05Z,sbatten,User,MEMBER,41,95,4,2,1,1,0,1,True,True,1,ok,
microsoft/vscode,61584,https://github.com/microsoft/vscode/pull/61584,Fix multi root workspace terminal split,2018-10-23T09:02:10Z,2018-10-29T18:42:08Z,2018-10-29T18:42:08Z,2020-03-27T03:37:47Z,2026-09-25T18:58:06Z,alexr00,User,MEMBER,26,32,1,1,1,1,1,0,True,False,0,ok,
microsoft/vscode,60304,https://github.com/microsoft/vscode/pull/60304,Minor style updates,2018-10-09T11:57:40Z,2018-10-29T23:04:37Z,2018-10-29T23:04:37Z,2020-03-27T03:38:51Z,2026-09-25T18:58:08Z,infinnie,User,CONTRIBUTOR,4,4,3,13,9,4,1,2,True,True,1,ok,
microsoft/vscode,62247,https://github.com/microsoft/vscode/pull/62247,Fix extension sort order when running experiments,2018-10-31T06:39:20Z,2018-11-01T01:04:32Z,2018-11-01T01:04:33Z,2020-03-27T03:37:48Z,2026-09-25T18:58:10Z,ramya-rao-a,User,CONTRIBUTOR,55,8,2,4,1,1,1,0,True,False,0,ok,
microsoft/vscode,62462,https://github.com/microsoft/vscode/pull/62462,Update distro ref,2018-11-02T12:03:38Z,2018-11-02T12:04:51Z,2018-11-02T12:04:52Z,2020-03-27T05:34:15Z,2026-09-25T18:58:11Z,joaomoreno,User,CONTRIBUTOR,2,2,1,1,1,1,1,0,True,False,0,ok,
microsoft/vscode,62508,https://github.com/microsoft/vscode/pull/62508,Force InstallCount sort only for empty extension query ,2018-11-02T22:38:51Z,2018-11-02T22:57:40Z,2018-11-02T22:57:40Z,2020-03-27T05:34:15Z,2026-09-25T18:58:12Z,ramya-rao-a,User,CONTRIBUTOR,29,2,2,1,1,1,1,0,True,False,0,ok,
microsoft/vscode,62605,https://github.com/microsoft/vscode/pull/62605,remove unnecessary filter conversion (#62505),2018-11-05T16:06:12Z,2018-11-05T16:13:20Z,2018-11-05T16:13:20Z,2020-03-27T05:34:15Z,2026-09-25T18:58:13Z,sbatten,User,MEMBER,2,7,1,1,1,1,1,0,True,False,0,ok,
microsoft/vscode,62551,https://github.com/microsoft/vscode/pull/62551,Fix exclude patterns for ./ searches,2018-11-04T22:13:16Z,2018-11-05T19:56:51Z,2018-11-05T19:56:51Z,2020-03-27T05:34:15Z,2026-09-25T18:58:14Z,roblourens,User,MEMBER,56,49,2,2,1,1,1,0,True,False,0,ok,
microsoft/vscode,62648,https://github.com/microsoft/vscode/pull/62648,revert debt - remove now obsolete smoothScrollingWorkaround setting,2018-11-06T09:23:45Z,2018-11-06T09:45:15Z,2018-11-06T09:45:15Z,2020-03-27T05:34:15Z,2026-09-25T18:58:15Z,isidorn,User,NONE,43,1,4,1,1,1,1,0,True,False,0,ok,
microsoft/vscode,62828,https://github.com/microsoft/vscode/pull/62828,Use `setModel` to apply changes from document content provider,2018-11-09T07:22:53Z,2018-11-09T13:59:24Z,2018-11-09T13:59:24Z,2020-03-27T05:34:15Z,2026-09-25T18:58:17Z,jrieken,User,CONTRIBUTOR,10,15,1,1,1,1,1,0,True,False,0,ok,
microsoft/vscode,62796,https://github.com/microsoft/vscode/pull/62796,explorer: fix memento state regression,2018-11-08T16:04:37Z,2018-11-09T14:01:23Z,2018-11-09T14:01:24Z,2020-03-27T05:34:15Z,2026-09-25T18:58:18Z,isidorn,User,NONE,5,5,2,1,1,1,1,0,True,False,0,ok,
microsoft/vscode,61371,https://github.com/microsoft/vscode/pull/61371,Remove font-weight change to fix jumpiness,2018-10-20T07:56:01Z,2018-11-12T06:20:06Z,2018-11-12T06:20:06Z,2020-03-27T23:26:21Z,2026-09-25T18:58:19Z,c5inco,User,CONTRIBUTOR,0,1,1,1,1,1,1,0,True,False,0,ok,
microsoft/vscode,61926,https://github.com/microsoft/vscode/pull/61926,Change 'overwrite' to 'override' in setting screens,2018-10-27T06:38:22Z,2018-11-12T16:20:50Z,2018-11-12T16:20:50Z,2020-03-27T03:37:47Z,2026-09-25T18:58:22Z,philiparola,User,CONTRIBUTOR,6,6,4,1,1,1,0,0,True,False,0,ok,
microsoft/vscode,61993,https://github.com/microsoft/vscode/pull/61993,Add an entry to the search history when the search is triggered by an option change,2018-10-28T20:17:37Z,2018-11-12T18:58:56Z,2018-11-12T18:58:56Z,2020-03-27T03:37:47Z,2026-09-25T18:58:23Z,iBlackShadow,User,CONTRIBUTOR,5,0,2,4,1,1,1,0,True,False,0,ok,
microsoft/vscode,62963,https://github.com/microsoft/vscode/pull/62963,Ensure menus with no group specified have property grouping,2018-11-12T19:32:20Z,2018-11-13T07:41:46Z,2018-11-13T07:41:46Z,2020-03-27T05:34:15Z,2026-09-25T18:58:24Z,mjbvz,User,CONTRIBUTOR,2,2,1,1,1,1,1,0,True,False,0,ok,
microsoft/vscode,63096,https://github.com/microsoft/vscode/pull/63096,Fixes #63095 - html encode hrefs in marked strings,2018-11-14T06:44:15Z,2018-11-14T08:35:03Z,2018-11-14T08:35:04Z,2020-03-27T05:34:15Z,2026-09-25T18:58:25Z,eamodio,User,CONTRIBUTOR,6,0,1,1,1,1,1,0,True,False,0,ok,
microsoft/vscode,63232,https://github.com/microsoft/vscode/pull/63232,bump version number for recovery build,2018-11-15T18:23:55Z,2018-11-15T18:52:28Z,2018-11-15T18:52:28Z,2020-03-27T05:34:15Z,2026-09-25T18:58:26Z,kieferrm,User,MEMBER,1,1,1,1,1,1,1,0,True,False,0,ok,
microsoft/vscode,63394,https://github.com/microsoft/vscode/pull/63394,Fix #63295:  Refer to Sudo in Linux Save Error Message,2018-11-19T00:24:07Z,2018-11-20T06:13:56Z,2018-11-20T06:13:56Z,2020-03-27T05:34:15Z,2026-09-25T18:58:27Z,mmcru,User,CONTRIBUTOR,4,3,1,2,1,1,0,1,True,True,0,ok,
microsoft/vscode,63554,https://github.com/microsoft/vscode/pull/63554,Clean up unused empty workspace storage folders,2018-11-21T08:41:19Z,2018-11-21T08:41:25Z,2018-11-21T08:41:25Z,2020-03-27T05:34:15Z,2026-09-25T18:58:28Z,bpasero,User,CONTRIBUTOR,63,4,3,2,0,0,0,0,False,False,0,ok,
microsoft/vscode,63514,https://github.com/microsoft/vscode/pull/63514,"fix spelling of ""firstPage""",2018-11-20T16:46:50Z,2018-11-21T10:13:19Z,2018-11-21T10:13:19Z,2020-03-27T05:34:15Z,2026-09-25T18:58:29Z,desaianuj,User,CONTRIBUTOR,1,1,1,1,2,2,2,0,True,False,0,ok,
microsoft/vscode,62819,https://github.com/microsoft/vscode/pull/62819,Scroll-y menus,2018-11-08T23:49:11Z,2018-11-26T19:37:08Z,2018-11-26T19:37:08Z,2020-03-27T05:34:15Z,2026-09-25T18:58:31Z,sbatten,User,MEMBER,80,6,2,4,2,2,2,0,True,False,0,ok,
microsoft/vscode,64110,https://github.com/microsoft/vscode/pull/64110,Add global storage support and migration behind flag,2018-12-01T06:31:04Z,2018-12-01T11:58:00Z,2018-12-01T11:58:00Z,2020-03-27T03:36:44Z,2026-09-25T18:58:32Z,bpasero,User,CONTRIBUTOR,1021,424,24,39,0,0,0,0,False,False,0,ok,
microsoft/vscode,63910,https://github.com/microsoft/vscode/pull/63910,Input variables in tasks,2018-11-28T11:00:51Z,2018-12-03T08:25:00Z,2018-12-03T08:25:00Z,2020-03-27T03:36:44Z,2026-09-25T18:58:33Z,alexr00,User,MEMBER,653,151,13,5,2,1,0,0,True,False,0,ok,
microsoft/vscode,63193,https://github.com/microsoft/vscode/pull/63193,Fix #62365 : Added useGlobalStorageForSuggestions Setting,2018-11-15T06:50:46Z,2018-12-03T09:51:39Z,2018-12-03T09:51:39Z,2020-03-27T05:34:15Z,2026-09-25T18:58:34Z,skprabhanjan,User,CONTRIBUTOR,31,12,5,2,1,1,0,0,True,False,0,ok,
microsoft/vscode,63261,https://github.com/microsoft/vscode/pull/63261,Experiments shld provide local text for commands too,2018-11-16T01:02:49Z,2018-12-03T17:20:13Z,2018-12-03T17:20:13Z,2020-03-27T05:34:15Z,2026-09-25T18:58:35Z,ramya-rao-a,User,CONTRIBUTOR,19,18,3,1,1,1,1,0,True,False,0,ok,
microsoft/vscode,64271,https://github.com/microsoft/vscode/pull/64271,SelectBox: Restore _sticky = false. Fixes: #64265,2018-12-04T01:03:27Z,2018-12-04T01:12:40Z,2018-12-04T01:12:40Z,2020-03-27T03:36:44Z,2026-09-25T18:58:36Z,cleidigh,User,CONTRIBUTOR,1,1,1,1,1,1,1,0,True,False,0,ok,
microsoft/vscode,64471,https://github.com/microsoft/vscode/pull/64471,Make sure we dispose of created context key,2018-12-06T01:47:11Z,2018-12-06T06:18:52Z,2018-12-06T06:18:52Z,2020-03-27T03:36:44Z,2026-09-25T18:58:37Z,mjbvz,User,CONTRIBUTOR,1,1,1,1,0,0,0,0,False,False,0,ok,
microsoft/vscode,64496,https://github.com/microsoft/vscode/pull/64496,suggest memories: restore saving state periodically (for #62365),2018-12-06T08:58:38Z,2018-12-06T10:27:25Z,2018-12-06T10:27:25Z,2020-03-27T03:36:44Z,2026-09-25T18:58:38Z,bpasero,User,CONTRIBUTOR,5,1,1,1,0,0,0,0,False,False,0,ok,
microsoft/vscode,64634,https://github.com/microsoft/vscode/pull/64634,schedule update overflow action due to reflow,2018-12-07T21:25:31Z,2018-12-07T21:56:56Z,2018-12-07T21:56:56Z,2020-03-27T03:36:43Z,2026-09-25T18:58:40Z,sbatten,User,MEMBER,9,1,1,2,2,1,1,0,True,False,0,ok,
microsoft/vscode,64619,https://github.com/microsoft/vscode/pull/64619,Add GitErrorCode to apply command,2018-12-07T18:21:56Z,2018-12-10T09:33:00Z,2018-12-10T09:33:00Z,2020-03-27T03:36:43Z,2026-09-25T18:58:41Z,RMacfarlane,User,NONE,10,1,2,1,0,0,0,0,False,False,0,ok,
microsoft/vscode,56149,https://github.com/microsoft/vscode/pull/56149,Investigate Electron 3.0.x,2018-08-10T12:55:41Z,2018-12-10T11:54:39Z,2018-12-10T11:54:39Z,2020-03-27T03:40:58Z,2026-09-25T18:58:42Z,bpasero,User,CONTRIBUTOR,919,501,25,175,0,0,0,0,False,False,0,ok,
microsoft/vscode,64092,https://github.com/microsoft/vscode/pull/64092,moving all openRecent calc to render,2018-11-30T22:10:28Z,2018-12-10T14:47:15Z,2018-12-10T14:47:15Z,2020-03-27T03:36:44Z,2026-09-25T18:58:43Z,sbatten,User,MEMBER,48,62,3,2,0,0,0,0,False,False,0,ok,
microsoft/vscode,64578,https://github.com/microsoft/vscode/pull/64578,Search results badge update (continues #61532 efforts),2018-12-07T03:08:14Z,2018-12-10T23:21:33Z,2018-12-10T23:21:33Z,2020-03-27T03:36:43Z,2026-09-25T18:58:44Z,IllusionMH,User,CONTRIBUTOR,32,19,3,2,3,2,1,0,True,False,0,ok,
microsoft/vscode,64785,https://github.com/microsoft/vscode/pull/64785,Fixes #64747,2018-12-11T08:57:29Z,2018-12-11T09:17:05Z,2018-12-11T09:17:05Z,2020-03-27T03:36:44Z,2026-09-25T18:58:45Z,joaomoreno,User,CONTRIBUTOR,1,0,1,1,1,1,1,0,True,False,0,ok,
microsoft/vscode,64976,https://github.com/microsoft/vscode/pull/64976,"Fix typo: ""accepeted"" => ""accepted""",2018-12-13T09:28:35Z,2018-12-13T09:35:58Z,2018-12-13T09:35:58Z,2020-03-27T03:36:44Z,2026-09-25T18:58:46Z,DanTup,User,CONTRIBUTOR,1,1,1,1,0,0,0,0,False,False,0,ok,
microsoft/vscode,64870,https://github.com/microsoft/vscode/pull/64870,treeResourceNavigator: fire onSelection also for keyboard events,2018-12-12T12:00:25Z,2018-12-13T09:50:36Z,2018-12-13T09:50:36Z,2020-03-27T03:36:43Z,2026-09-25T18:58:47Z,isidorn,User,NONE,2,2,1,1,2,1,1,0,True,False,0,ok,
microsoft/vscode,65073,https://github.com/microsoft/vscode/pull/65073,Made Task an object,2018-12-14T10:31:21Z,2018-12-17T11:22:29Z,2018-12-17T11:22:29Z,2020-03-27T05:34:15Z,2026-09-25T18:58:48Z,alexr00,User,MEMBER,462,413,9,3,0,0,0,0,False,False,0,ok,
microsoft/vscode,65141,https://github.com/microsoft/vscode/pull/65141,Fix search CRLF files with non-regex multiline search,2018-12-15T21:23:06Z,2018-12-17T19:48:43Z,2018-12-17T19:48:43Z,2020-06-29T19:19:36Z,2026-09-25T18:58:50Z,roblourens,User,MEMBER,27,1,2,1,1,1,1,0,True,False,0,ok,
microsoft/vscode,65236,https://github.com/microsoft/vscode/pull/65236,Enable strict null checking for snippetVariables test,2018-12-17T23:13:53Z,2018-12-18T01:08:23Z,2018-12-18T01:08:23Z,2020-03-27T23:26:21Z,2026-09-25T18:58:51Z,usernamehw,User,CONTRIBUTOR,33,30,4,3,0,0,0,0,False,False,0,ok,
microsoft/vscode,65344,https://github.com/microsoft/vscode/pull/65344,Enable strict null checking for Arrays tests,2018-12-19T03:51:48Z,2018-12-19T09:14:18Z,2018-12-19T09:14:18Z,2020-03-27T23:26:21Z,2026-09-25T18:58:52Z,adrifer,User,CONTRIBUTOR,3,2,2,2,0,0,0,0,False,False,0,ok,
microsoft/vscode,64228,https://github.com/microsoft/vscode/pull/64228,Detect menu items invoked via keybinding and dispatch keybinding on renderer,2018-12-03T16:11:53Z,2018-12-19T19:35:28Z,2018-12-19T19:35:28Z,2020-03-27T03:36:44Z,2026-09-25T18:58:53Z,alexdima,User,MEMBER,89,16,8,6,4,2,0,0,True,False,0,ok,
microsoft/vscode,65449,https://github.com/microsoft/vscode/pull/65449,Enable strict null checking for String test,2018-12-20T05:27:53Z,2018-12-20T05:52:06Z,2018-12-20T05:52:06Z,2020-03-28T23:24:36Z,2026-09-25T18:58:54Z,kerm1it,User,CONTRIBUTOR,2,1,2,1,0,0,0,0,False,False,0,ok,
microsoft/vscode,65444,https://github.com/microsoft/vscode/pull/65444,Enable Strict null check for ./vs/base/test/common/event.test.ts,2018-12-20T04:24:00Z,2018-12-20T05:54:25Z,2018-12-20T05:54:25Z,2020-03-28T23:24:36Z,2026-09-25T18:58:55Z,gngchrs,User,NONE,2,1,2,1,0,0,0,0,False,False,0,ok,
microsoft/vscode,44562,https://github.com/microsoft/vscode/pull/44562,"Ask to add known huge folders to .gitignore, fixes #44304",2018-02-27T11:56:15Z,2018-12-20T11:37:42Z,2018-12-20T11:37:44Z,2020-03-27T05:38:28Z,2026-09-25T18:58:56Z,Mrigank11,User,CONTRIBUTOR,34,2,1,4,1,1,0,1,True,True,0,ok,
microsoft/vscode,65445,https://github.com/microsoft/vscode/pull/65445,Update listActiveSelectionBackground color,2018-12-20T04:24:36Z,2018-12-20T14:02:10Z,2018-12-20T14:02:11Z,2020-03-28T23:24:36Z,2026-09-25T18:58:57Z,miguelsolorio,User,CONTRIBUTOR,1,1,1,1,0,0,0,0,False,False,0,ok,
microsoft/vscode,65541,https://github.com/microsoft/vscode/pull/65541,Enable strict null checking for node/flow test ,2018-12-21T09:02:27Z,2018-12-21T13:50:24Z,2018-12-21T13:50:24Z,2020-03-30T23:22:16Z,2026-09-25T18:58:58Z,jkmdev,User,CONTRIBUTOR,3,1,2,4,0,0,0,0,False,False,0,ok,
microsoft/vscode,61526,https://github.com/microsoft/vscode/pull/61526,"#61410 Add keybinding to ""Find in Folder"" action",2018-10-22T20:19:54Z,2018-12-22T15:55:10Z,2018-12-22T15:55:10Z,2020-03-27T03:37:47Z,2026-09-25T18:58:59Z,maxbarnas,User,CONTRIBUTOR,32,27,1,3,2,2,0,1,True,True,0,ok,
microsoft/vscode,65447,https://github.com/microsoft/vscode/pull/65447,Fix invalid JSON.,2018-12-20T04:53:35Z,2018-12-24T04:19:30Z,2018-12-24T04:19:30Z,2020-03-28T23:24:36Z,2026-09-25T18:59:00Z,davidwu226,User,CONTRIBUTOR,2,2,1,1,0,0,0,0,False,False,0,ok,
microsoft/vscode,65674,https://github.com/microsoft/vscode/pull/65674,Converted editor.test.ts and related to strictNullChecks,2018-12-25T20:09:16Z,2018-12-28T00:57:51Z,2018-12-28T00:57:51Z,2020-03-30T23:22:16Z,2026-09-25T18:59:02Z,JoshuaKGoldberg,User,CONTRIBUTOR,46,42,7,1,1,1,1,0,True,False,0,ok,
microsoft/vscode,56670,https://github.com/microsoft/vscode/pull/56670,code command completions for Bash & Zsh,2018-08-17T11:35:15Z,2019-01-04T15:11:11Z,2019-01-04T15:11:11Z,2020-03-27T23:27:24Z,2026-09-25T18:59:03Z,segevfiner,User,CONTRIBUTOR,122,2,6,7,0,0,0,0,False,False,0,ok,
microsoft/vscode,59974,https://github.com/microsoft/vscode/pull/59974,Stage empty last line removal when using stage line cmd,2018-10-04T14:55:19Z,2019-01-04T15:25:20Z,2019-01-04T15:25:20Z,2020-03-27T03:38:51Z,2026-09-25T18:59:04Z,walinga,User,CONTRIBUTOR,12,2,1,1,0,0,0,0,False,False,0,ok,
microsoft/vscode,60387,https://github.com/microsoft/vscode/pull/60387,Add entries to scm/git context menu for force pushing,2018-10-09T20:17:26Z,2019-01-04T15:41:49Z,2019-01-04T15:41:49Z,2020-03-27T03:38:51Z,2026-09-25T18:59:05Z,nesheroj,User,CONTRIBUTOR,10,0,1,1,1,1,1,0,True,False,0,ok,
microsoft/vscode,66171,https://github.com/microsoft/vscode/pull/66171,move rendering marker hover to hover widget,2019-01-07T21:28:01Z,2019-01-08T16:28:35Z,2019-01-08T16:28:35Z,2020-03-27T03:35:40Z,2026-09-25T18:59:06Z,sandy081,User,MEMBER,329,241,15,3,5,2,1,0,True,False,0,ok,
microsoft/vscode,66198,https://github.com/microsoft/vscode/pull/66198,Use more state machine like state management in progressService,2019-01-08T03:37:04Z,2019-01-08T22:44:37Z,2019-01-08T22:44:37Z,2020-03-27T03:35:40Z,2026-09-25T18:59:07Z,mjbvz,User,CONTRIBUTOR,68,74,3,3,3,3,2,0,True,False,0,ok,
microsoft/vscode,66291,https://github.com/microsoft/vscode/pull/66291,Implement List & new Tree drag and drop,2019-01-09T15:54:08Z,2019-01-09T16:13:10Z,2019-01-09T16:13:12Z,2020-03-27T03:35:40Z,2026-09-25T18:59:08Z,joaomoreno,User,CONTRIBUTOR,696,154,22,13,0,0,0,0,False,False,0,ok,
microsoft/vscode,66359,https://github.com/microsoft/vscode/pull/66359,Handle the edge case where there's a single quote but no space,2019-01-10T18:26:25Z,2019-01-10T23:04:23Z,2019-01-10T23:04:23Z,2020-03-27T03:35:40Z,2026-09-25T18:59:10Z,TylerLeonhardt,User,MEMBER,1,1,1,1,1,1,1,0,True,False,0,ok,
microsoft/vscode,64733,https://github.com/microsoft/vscode/pull/64733,Allow a terminal creation to ignore VSCode's process environment,2018-12-10T17:17:28Z,2019-01-11T20:00:11Z,2019-01-11T20:00:11Z,2020-03-27T03:36:43Z,2026-09-25T18:59:12Z,GabeDeBacker,User,CONTRIBUTOR,54,26,6,3,5,2,1,2,True,True,0,ok,
microsoft/vscode,66669,https://github.com/microsoft/vscode/pull/66669,Fancy list/tree navigation,2019-01-17T15:19:04Z,2019-01-21T15:03:50Z,2019-01-21T15:03:50Z,2020-03-27T03:35:40Z,2026-09-25T18:59:13Z,joaomoreno,User,CONTRIBUTOR,1125,112,23,28,0,0,0,0,False,False,0,ok,
microsoft/vscode,66928,https://github.com/microsoft/vscode/pull/66928,Update README.md,2019-01-22T15:09:38Z,2019-01-22T15:36:09Z,2019-01-22T15:36:09Z,2020-03-27T03:35:40Z,2026-09-25T18:59:14Z,yash-garg,User,CONTRIBUTOR,1,1,1,1,0,0,0,0,False,False,0,ok,
microsoft/vscode,66746,https://github.com/microsoft/vscode/pull/66746,"Show the folder path a file is in, in title of the window",2019-01-18T19:47:09Z,2019-01-24T17:37:57Z,2019-01-24T17:37:58Z,2020-03-27T03:35:40Z,2026-09-25T18:59:15Z,vedipen,User,CONTRIBUTOR,23,8,4,8,4,2,0,2,True,True,0,ok,
microsoft/vscode,66958,https://github.com/microsoft/vscode/pull/66958,Detect md image link,2019-01-23T00:56:48Z,2019-01-26T01:46:47Z,2019-01-26T01:46:48Z,2020-03-27T03:35:40Z,2026-09-25T18:59:16Z,flurmbo,User,CONTRIBUTOR,55,14,2,7,1,1,0,1,True,True,0,ok,
microsoft/vscode,64826,https://github.com/microsoft/vscode/pull/64826,"Add Git log, globalConfig, and tree diff API",2018-12-11T22:13:16Z,2019-01-28T14:35:13Z,2019-01-28T14:35:13Z,2020-03-27T03:36:43Z,2026-09-25T18:59:18Z,IlyaBiryukov,User,NONE,248,28,5,2,1,1,0,1,True,True,0,ok,
microsoft/vscode,67833,https://github.com/microsoft/vscode/pull/67833,"Remove ""Experimental setting"" from proxy support setting",2019-02-04T08:35:10Z,2019-02-04T09:44:43Z,2019-02-04T09:44:43Z,2020-06-30T06:43:16Z,2026-09-25T18:59:18Z,chrmarti,User,COLLABORATOR,1,4,4,5,0,0,0,0,False,False,0,ok,
microsoft/vscode,67862,https://github.com/microsoft/vscode/pull/67862,Fixes #67860,2019-02-04T15:01:29Z,2019-02-04T15:04:52Z,2019-02-04T15:04:52Z,2020-03-27T05:33:11Z,2026-09-25T18:59:20Z,joaomoreno,User,CONTRIBUTOR,2,2,1,1,1,1,1,0,True,False,0,ok,
microsoft/vscode,67955,https://github.com/microsoft/vscode/pull/67955,adding telemtetry to detect machine id guids,2019-02-06T00:28:13Z,2019-02-06T01:03:29Z,2019-02-06T01:03:29Z,2020-03-27T05:33:11Z,2026-09-25T18:59:21Z,sbatten,User,MEMBER,11,0,1,4,1,1,1,0,True,False,0,ok,
microsoft/vscode,66244,https://github.com/microsoft/vscode/pull/66244,Remove outdated ionic/angular support in HTML,2019-01-09T00:21:46Z,2019-02-06T18:57:48Z,2019-02-06T18:57:48Z,2020-03-27T03:35:40Z,2026-09-25T18:59:21Z,octref,User,CONTRIBUTOR,0,16,2,2,0,0,0,0,False,False,0,ok,
microsoft/vscode,67947,https://github.com/microsoft/vscode/pull/67947,Upgrade to gulp4,2019-02-05T22:11:56Z,2019-02-07T10:43:02Z,2019-02-07T10:43:02Z,2020-03-27T05:33:11Z,2026-09-25T18:59:23Z,alexdima,User,MEMBER,1024,1021,8,5,0,0,0,0,False,False,0,ok,
microsoft/vscode,67078,https://github.com/microsoft/vscode/pull/67078,"Added ""_"" prefix in private method names.",2019-01-24T19:41:03Z,2019-02-07T10:58:52Z,2019-02-07T10:58:52Z,2020-03-27T03:35:40Z,2026-09-25T18:59:24Z,HugoSart,User,CONTRIBUTOR,33,33,1,1,1,1,1,0,True,False,0,ok,
microsoft/vscode,68110,https://github.com/microsoft/vscode/pull/68110,Ensure contributed tasks have a scope,2019-02-07T14:34:32Z,2019-02-07T19:47:50Z,2019-02-07T19:47:50Z,2020-03-27T05:33:11Z,2026-09-25T18:59:25Z,alexr00,User,MEMBER,3,0,1,1,3,2,1,0,True,False,0,ok,
microsoft/vscode,68111,https://github.com/microsoft/vscode/pull/68111,Fix the saved last task on reused terminals,2019-02-07T14:38:30Z,2019-02-07T19:48:55Z,2019-02-07T19:48:56Z,2020-03-27T05:33:11Z,2026-09-25T18:59:26Z,alexr00,User,MEMBER,2,1,1,1,2,2,1,0,True,False,0,ok,
microsoft/vscode,68435,https://github.com/microsoft/vscode/pull/68435,Use hard quotes rather than soft quotes #61902,2019-02-11T15:38:43Z,2019-02-13T11:22:49Z,2019-02-13T11:22:49Z,2020-03-27T05:33:11Z,2026-09-25T18:59:28Z,geirha,User,CONTRIBUTOR,8,3,1,4,0,0,0,0,False,False,0,ok,
microsoft/vscode,68575,https://github.com/microsoft/vscode/pull/68575,Fix clicking on webviews does not dismiss custom title bar menu,2019-02-12T23:16:18Z,2019-02-13T19:01:37Z,2019-02-13T19:01:37Z,2020-03-27T05:33:11Z,2026-09-25T18:59:29Z,mjbvz,User,CONTRIBUTOR,3,5,1,1,1,1,1,0,True,False,0,ok,
microsoft/vscode,66827,https://github.com/microsoft/vscode/pull/66827,Give hover popups focus only when accessibility support is enabled,2019-01-21T04:10:28Z,2019-02-14T09:36:38Z,2019-02-14T09:36:38Z,2020-03-27T03:35:40Z,2026-09-25T18:59:31Z,thieman,User,CONTRIBUTOR,3,1,1,1,0,0,0,0,False,False,0,ok,
microsoft/vscode,66458,https://github.com/microsoft/vscode/pull/66458,Autocomplete/validation `args` for keybindings.json,2019-01-13T20:02:49Z,2019-02-14T11:42:11Z,2019-02-14T11:42:11Z,2020-03-27T03:35:40Z,2026-09-25T18:59:32Z,usernamehw,User,CONTRIBUTOR,361,26,12,2,0,0,0,0,False,False,0,ok,
microsoft/vscode,66445,https://github.com/microsoft/vscode/pull/66445,Improve column selection by setting origin to clicked position,2019-01-13T09:53:34Z,2019-02-14T15:31:14Z,2019-02-14T15:31:15Z,2020-03-27T03:35:40Z,2026-09-25T18:59:33Z,shreeve,User,CONTRIBUTOR,5,1,1,1,0,0,0,0,False,False,0,ok,
microsoft/vscode,67287,https://github.com/microsoft/vscode/pull/67287,Fixed #64679 - Delete Lines now works with multiple selections on multiple lines,2019-01-28T21:30:10Z,2019-02-19T15:49:58Z,2019-02-19T15:49:58Z,2020-03-29T23:22:41Z,2026-09-25T18:59:35Z,irrationalRock,User,CONTRIBUTOR,292,277,5,3,2,1,1,1,True,True,0,ok,
microsoft/vscode,69174,https://github.com/microsoft/vscode/pull/69174,Fix #68351,2019-02-21T21:33:09Z,2019-02-22T11:41:56Z,2019-02-22T11:41:56Z,2020-03-27T03:34:37Z,2026-09-25T18:59:36Z,sandy081,User,MEMBER,79,75,3,2,1,1,0,1,True,True,0,ok,
microsoft/vscode,69766,https://github.com/microsoft/vscode/pull/69766,Setting workbench.fontAliasing does not work anymore ,2019-03-04T07:44:27Z,2019-03-04T10:10:05Z,2019-03-04T10:10:05Z,2020-03-27T03:34:37Z,2026-09-25T18:59:37Z,bpasero,User,CONTRIBUTOR,3,3,1,1,1,1,1,0,True,False,0,ok,
microsoft/vscode,69079,https://github.com/microsoft/vscode/pull/69079,Fixed #62968,2019-02-20T20:56:54Z,2019-03-04T16:59:18Z,2019-03-04T16:59:18Z,2020-03-27T03:34:37Z,2026-09-25T18:59:38Z,irrationalRock,User,CONTRIBUTOR,1,1,1,1,0,0,0,0,False,False,0,ok,
microsoft/vscode,69814,https://github.com/microsoft/vscode/pull/69814,Strict null check contrib/terminal,2019-03-05T00:08:33Z,2019-03-05T01:16:59Z,2019-03-05T01:16:59Z,2020-03-27T02:14:21Z,2026-09-25T18:59:39Z,Tyriar,User,CONTRIBUTOR,13,10,3,1,0,0,0,0,False,False,0,ok,
microsoft/vscode,69831,https://github.com/microsoft/vscode/pull/69831,Sandy081/fix68546,2019-03-05T09:45:07Z,2019-03-05T10:13:23Z,2019-03-05T10:13:23Z,2020-03-27T02:14:21Z,2026-09-25T18:59:41Z,sandy081,User,MEMBER,79,17,2,2,1,1,1,0,True,False,0,ok,
microsoft/vscode,69864,https://github.com/microsoft/vscode/pull/69864,Fix #69862,2019-03-05T19:15:37Z,2019-03-05T22:08:40Z,2019-03-05T22:08:40Z,2020-06-30T06:44:05Z,2026-09-25T18:59:42Z,roblourens,User,MEMBER,14,6,4,2,1,1,1,0,True,False,0,ok,
microsoft/vscode,70010,https://github.com/microsoft/vscode/pull/70010,Initialize viewletService in Workbench,2019-03-08T02:54:01Z,2019-03-08T06:38:37Z,2019-03-08T06:38:37Z,2020-03-27T02:14:21Z,2026-09-25T18:59:43Z,gtim108,User,CONTRIBUTOR,1,0,1,2,0,0,0,0,False,False,0,ok,
microsoft/vscode,70237,https://github.com/microsoft/vscode/pull/70237,debt - avoid approot for resources in renderer,2019-03-11T17:43:03Z,2019-03-11T17:43:11Z,2019-03-11T17:43:11Z,2020-03-27T02:14:21Z,2026-09-25T18:59:44Z,bpasero,User,CONTRIBUTOR,2,7,5,1,0,0,0,0,False,False,0,ok,
microsoft/vscode,62650,https://github.com/microsoft/vscode/pull/62650,Change icon name on Linux for icon theme compatibility,2018-11-06T09:36:19Z,2019-03-15T18:41:50Z,2019-03-15T18:41:50Z,2020-03-27T05:34:15Z,2026-09-25T18:59:45Z,beruic,User,NONE,9,7,3,7,1,1,1,0,True,False,0,ok,
microsoft/vscode,70686,https://github.com/microsoft/vscode/pull/70686,feat(coffeescript): Add `.iced` extension,2019-03-18T09:47:00Z,2019-03-18T10:12:35Z,2019-03-18T10:12:35Z,2020-03-27T02:14:21Z,2026-09-25T18:59:46Z,ExE-Boss,User,CONTRIBUTOR,1,1,1,1,1,1,1,0,True,False,0,ok,
microsoft/vscode,70503,https://github.com/microsoft/vscode/pull/70503,trees: automaticaly enable simple navigation for accessibility,2019-03-14T16:53:31Z,2019-03-18T12:37:23Z,2019-03-18T12:37:23Z,2020-03-27T02:14:21Z,2026-09-25T18:59:48Z,isidorn,User,NONE,46,24,1,1,1,1,1,0,True,False,0,ok,
microsoft/vscode,70940,https://github.com/microsoft/vscode/pull/70940,move main thread task to browser (#70319),2019-03-22T07:28:49Z,2019-03-22T09:21:22Z,2019-03-22T09:21:22Z,2020-03-27T02:14:21Z,2026-09-25T18:59:49Z,bpasero,User,CONTRIBUTOR,1,1,2,1,1,1,1,0,True,False,0,ok,
microsoft/vscode,71292,https://github.com/microsoft/vscode/pull/71292,Stop the Settings tree from jittering,2019-03-27T14:03:29Z,2019-03-27T21:29:16Z,2019-03-27T21:29:17Z,2020-03-27T02:14:21Z,2026-09-25T18:59:50Z,joaomoreno,User,CONTRIBUTOR,26,1,4,1,1,1,1,0,True,False,0,ok,
microsoft/vscode,71470,https://github.com/microsoft/vscode/pull/71470,Take TS 3.4.1,2019-03-29T21:17:23Z,2019-03-29T21:19:08Z,2019-03-29T21:19:08Z,2020-03-27T03:34:37Z,2026-09-25T18:59:52Z,roblourens,User,MEMBER,5,5,2,1,1,1,1,0,True,False,0,ok,
microsoft/vscode,70167,https://github.com/microsoft/vscode/pull/70167,Fixed #59368,2019-03-10T16:30:35Z,2019-03-29T23:43:28Z,2019-03-29T23:43:30Z,2020-03-27T03:34:37Z,2026-09-25T18:59:53Z,irrationalRock,User,CONTRIBUTOR,15,6,2,3,2,2,1,0,True,False,0,ok,
microsoft/vscode,71387,https://github.com/microsoft/vscode/pull/71387,44146 automatically show problems panel,2019-03-28T14:06:39Z,2019-04-09T13:13:04Z,2019-04-09T13:13:04Z,2020-03-27T03:34:37Z,2026-09-25T18:59:54Z,sebastianwitthus,User,CONTRIBUTOR,95,17,6,11,2,1,1,1,True,True,0,ok,
microsoft/vscode,72014,https://github.com/microsoft/vscode/pull/72014,adding modal progress to progressService2,2019-04-09T17:58:22Z,2019-04-11T22:49:56Z,2019-04-11T22:49:56Z,2020-03-27T04:33:37Z,2026-09-25T18:59:56Z,sbatten,User,MEMBER,174,3,7,4,1,1,0,1,True,True,0,ok,
microsoft/vscode,72236,https://github.com/microsoft/vscode/pull/72236,Refresh PHP documentation.,2019-04-13T00:15:12Z,2019-04-14T16:33:55Z,2019-04-14T16:33:55Z,2020-03-27T04:33:37Z,2026-09-25T18:59:58Z,mattacosta,User,CONTRIBUTOR,85,65,1,1,1,1,1,0,True,False,0,ok,
microsoft/vscode,72225,https://github.com/microsoft/vscode/pull/72225,"Fix #72224, git extension not sending repository selection event",2019-04-12T18:22:51Z,2019-04-15T16:25:15Z,2019-04-15T16:25:15Z,2020-03-27T04:33:37Z,2026-09-25T18:59:59Z,RMacfarlane,User,NONE,4,2,1,1,0,0,0,0,False,False,0,ok,
microsoft/vscode,72480,https://github.com/microsoft/vscode/pull/72480,Fix #71752 - Do not activate until ext host is started,2019-04-17T09:00:29Z,2019-04-17T13:01:20Z,2019-04-17T13:01:20Z,2020-03-27T04:33:37Z,2026-09-25T19:00:00Z,sandy081,User,MEMBER,5,2,1,1,1,1,1,0,True,False,0,ok,
microsoft/vscode,72883,https://github.com/microsoft/vscode/pull/72883,update distro,2019-04-25T21:16:27Z,2019-04-25T21:21:05Z,2019-04-25T21:21:05Z,2020-03-27T04:33:37Z,2026-09-25T19:00:01Z,sbatten,User,MEMBER,1,1,1,1,1,1,1,0,True,False,0,ok,
microsoft/vscode,72915,https://github.com/microsoft/vscode/pull/72915,Handle user input errors in filepicker,2019-04-26T10:29:36Z,2019-04-26T13:59:30Z,2019-04-26T13:59:30Z,2020-03-27T04:33:37Z,2026-09-25T19:00:02Z,alexr00,User,MEMBER,36,25,1,2,1,1,1,0,True,False,0,ok,
microsoft/vscode,73214,https://github.com/microsoft/vscode/pull/73214,Incorrect wording of Outline drawer default message,2019-05-03T08:39:25Z,2019-05-03T13:09:47Z,2019-05-03T13:09:47Z,2020-03-27T04:33:37Z,2026-09-25T19:00:04Z,BaluErtl,User,CONTRIBUTOR,1,1,1,2,2,1,1,1,True,True,0,ok,
microsoft/vscode,73362,https://github.com/microsoft/vscode/pull/73362,Deprecate commands for static contribution later,2019-05-06T16:57:34Z,2019-05-06T21:17:45Z,2019-05-06T21:17:46Z,2020-05-04T20:49:21Z,2026-09-25T19:00:05Z,rebornix,User,CONTRIBUTOR,50,21,3,6,1,1,1,0,True,False,0,ok,
microsoft/vscode,73273,https://github.com/microsoft/vscode/pull/73273,json-language-features/CONTRIBUTING.md fixes,2019-05-04T07:14:21Z,2019-05-07T09:30:57Z,2019-05-07T09:30:57Z,2020-03-27T03:33:33Z,2026-09-25T19:00:06Z,SamB,User,CONTRIBUTOR,3,3,1,1,1,1,1,0,True,False,0,ok,
microsoft/vscode,73550,https://github.com/microsoft/vscode/pull/73550,Pull #73522 into release branch,2019-05-09T21:47:36Z,2019-05-09T21:49:12Z,2019-05-09T21:49:12Z,2020-03-27T03:33:33Z,2026-09-25T19:00:07Z,Tyriar,User,CONTRIBUTOR,37,2,5,5,1,1,1,0,True,False,0,ok,
microsoft/vscode,73680,https://github.com/microsoft/vscode/pull/73680,fix #65747,2019-05-13T18:06:10Z,2019-05-13T18:06:28Z,2019-05-13T18:06:28Z,2020-03-27T03:33:33Z,2026-09-25T19:00:08Z,bpasero,User,CONTRIBUTOR,68,40,2,4,0,0,0,0,False,False,0,ok,
microsoft/vscode,73599,https://github.com/microsoft/vscode/pull/73599,Update vscode-xterm,2019-05-10T23:45:12Z,2019-05-13T18:17:10Z,2019-05-13T18:17:11Z,2020-03-27T03:33:33Z,2026-09-25T19:00:10Z,Tyriar,User,CONTRIBUTOR,166,55,8,12,0,0,0,0,False,False,0,ok,
microsoft/vscode,73229,https://github.com/microsoft/vscode/pull/73229,Fix hasTrailingPathSeparator for Windows drives,2019-05-03T12:48:19Z,2019-05-16T18:30:29Z,2019-05-16T18:30:29Z,2020-03-27T04:33:37Z,2026-09-25T19:00:11Z,alexr00,User,MEMBER,44,8,2,2,0,0,0,0,False,False,0,ok,
microsoft/vscode,73758,https://github.com/microsoft/vscode/pull/73758,Possible fix for #72483,2019-05-15T04:23:38Z,2019-05-18T00:13:00Z,2019-05-18T00:13:00Z,2020-03-27T03:33:33Z,2026-09-25T19:00:12Z,DavidMunozMartinez,User,CONTRIBUTOR,18,4,2,6,1,1,1,0,True,False,0,ok,
microsoft/vscode,74005,https://github.com/microsoft/vscode/pull/74005,Makes custom dialogs match native dialogs on Windows + Mac,2019-05-20T16:23:21Z,2019-05-20T18:47:48Z,2019-05-20T18:47:48Z,2020-03-27T03:33:33Z,2026-09-25T19:00:14Z,lramos15,User,MEMBER,27,2,1,7,1,1,1,0,True,False,0,ok,
microsoft/vscode,73841,https://github.com/microsoft/vscode/pull/73841,Allow multi-line comment auto-closing for C++ files,2019-05-16T19:07:29Z,2019-05-21T10:35:14Z,2019-05-21T10:35:14Z,2020-03-27T03:33:33Z,2026-09-25T19:00:15Z,Daniel-McCarthy,User,CONTRIBUTOR,2,1,1,2,4,3,2,1,True,True,0,ok,
microsoft/vscode,73001,https://github.com/microsoft/vscode/pull/73001,Normalize tsconfig path,2019-04-28T16:39:26Z,2019-05-21T11:01:55Z,2019-05-21T11:01:55Z,2020-03-27T04:33:37Z,2026-09-25T19:00:17Z,NizamLZ,User,CONTRIBUTOR,6,2,2,2,17,2,1,1,True,True,0,ok,
microsoft/vscode,74076,https://github.com/microsoft/vscode/pull/74076,Fix typos and localize issues,2019-05-21T17:37:56Z,2019-05-22T14:44:07Z,2019-05-22T14:44:07Z,2020-03-27T03:33:33Z,2026-09-25T19:00:18Z,hunghw,User,CONTRIBUTOR,23,23,7,5,1,1,1,0,True,False,0,ok,
microsoft/vscode,74185,https://github.com/microsoft/vscode/pull/74185,fix #74085,2019-05-23T07:21:55Z,2019-05-23T17:48:23Z,2019-05-23T17:48:23Z,2020-03-27T03:33:33Z,2026-09-25T19:00:20Z,SimonSiefke,User,CONTRIBUTOR,5,3,2,3,0,0,0,0,False,False,0,ok,
microsoft/vscode,74591,https://github.com/microsoft/vscode/pull/74591,add common.remoteAuthority,2019-05-29T23:54:18Z,2019-05-30T05:00:19Z,2019-05-30T05:00:19Z,2020-03-27T03:33:33Z,2026-09-25T19:00:21Z,sbatten,User,MEMBER,20,2,2,4,6,2,2,0,True,False,0,ok,
microsoft/vscode,74679,https://github.com/microsoft/vscode/pull/74679,Use file service to update content,2019-05-31T15:10:51Z,2019-05-31T15:11:08Z,2019-05-31T15:11:08Z,2020-06-05T14:13:23Z,2026-09-25T19:00:22Z,sandy081,User,MEMBER,21,20,1,1,0,0,0,0,False,False,0,ok,
microsoft/vscode,74691,https://github.com/microsoft/vscode/pull/74691,"Fix #74668, old comment API not adding comments",2019-05-31T18:52:12Z,2019-05-31T19:00:25Z,2019-05-31T19:00:25Z,2020-03-27T03:33:33Z,2026-09-25T19:00:23Z,RMacfarlane,User,NONE,49,0,5,1,1,1,1,0,True,False,0,ok,
microsoft/vscode,74646,https://github.com/microsoft/vscode/pull/74646,Don't update js ts diagnostics if they have not changed,2019-05-31T00:14:57Z,2019-06-03T18:35:49Z,2019-06-03T18:35:49Z,2020-03-27T23:25:18Z,2026-09-25T19:00:25Z,mjbvz,User,CONTRIBUTOR,37,17,2,4,0,0,0,0,False,False,0,ok,
microsoft/vscode,74809,https://github.com/microsoft/vscode/pull/74809,Fix #74641. Update viewzone afterline when position changes.,2019-06-03T21:05:45Z,2019-06-03T21:06:40Z,2019-06-03T21:06:40Z,2020-05-04T20:49:14Z,2026-09-25T19:00:26Z,rebornix,User,CONTRIBUTOR,52,2,7,1,1,1,1,0,True,False,0,ok,
microsoft/vscode,74858,https://github.com/microsoft/vscode/pull/74858,Replace vscode-xterm with official xterm,2019-06-04T21:43:23Z,2019-06-04T23:39:46Z,2019-06-04T23:39:46Z,2020-03-28T23:24:03Z,2026-09-25T19:00:27Z,Tyriar,User,CONTRIBUTOR,188,258,19,13,0,0,0,0,False,False,0,ok,
microsoft/vscode,75325,https://github.com/microsoft/vscode/pull/75325,Joh/fix74925,2019-06-12T09:21:37Z,2019-06-12T09:34:31Z,2019-06-12T09:34:31Z,2020-03-28T23:24:03Z,2026-09-25T19:00:28Z,jrieken,User,CONTRIBUTOR,1,2,1,1,1,1,1,0,True,False,0,ok,
microsoft/vscode,75273,https://github.com/microsoft/vscode/pull/75273,Do not allow workspace folders with scheme different than the current…,2019-06-11T14:12:27Z,2019-06-12T10:37:06Z,2019-06-12T10:37:06Z,2020-03-28T23:24:03Z,2026-09-25T19:00:29Z,isidorn,User,NONE,10,5,2,2,0,0,0,0,False,False,0,ok,
microsoft/vscode,69763,https://github.com/microsoft/vscode/pull/69763,Add an option to allow to open in new window after git initializing or cloning ,2019-03-04T05:40:31Z,2019-06-12T10:42:40Z,2019-06-12T10:42:41Z,2020-03-29T23:22:41Z,2026-09-25T19:00:30Z,abbychau,User,CONTRIBUTOR,14,6,1,2,0,0,0,0,False,False,0,ok,
microsoft/vscode,75370,https://github.com/microsoft/vscode/pull/75370,browser keybinding service,2019-06-12T22:07:29Z,2019-06-13T02:21:07Z,2019-06-13T02:21:07Z,2020-03-28T23:24:03Z,2026-09-25T19:00:31Z,rebornix,User,CONTRIBUTOR,381,173,11,2,0,0,0,0,False,False,0,ok,
microsoft/vscode,74896,https://github.com/microsoft/vscode/pull/74896,Terminal race between process exit and on ready listeners,2019-06-05T13:30:55Z,2019-06-14T19:21:48Z,2019-06-14T19:21:48Z,2020-03-28T23:24:03Z,2026-09-25T19:00:33Z,alexr00,User,MEMBER,15,16,5,5,2,1,1,1,True,True,0,ok,
microsoft/vscode,73258,https://github.com/microsoft/vscode/pull/73258,add window.disableMenuBarAltBehavior option,2019-05-03T22:57:58Z,2019-06-14T22:16:17Z,2019-06-14T22:16:17Z,2020-03-27T23:25:18Z,2026-09-25T19:00:34Z,risenxxx,User,NONE,23,4,3,5,0,0,0,0,False,False,0,ok,
microsoft/vscode,75457,https://github.com/microsoft/vscode/pull/75457,"Evaluate links based on process manager OS, not host platform",2019-06-13T23:15:54Z,2019-06-17T16:33:16Z,2019-06-17T16:33:17Z,2020-03-28T23:24:03Z,2026-09-25T19:00:35Z,Tyriar,User,CONTRIBUTOR,27,27,8,5,0,0,0,0,False,False,0,ok,
microsoft/vscode,75741,https://github.com/microsoft/vscode/pull/75741,Add vscode.env.webviewResourceRoot API,2019-06-19T05:30:51Z,2019-06-19T21:10:18Z,2019-06-19T21:10:18Z,2020-03-28T23:24:03Z,2026-09-25T19:00:36Z,mjbvz,User,CONTRIBUTOR,88,38,17,1,0,0,0,0,False,False,0,ok,
microsoft/vscode,76285,https://github.com/microsoft/vscode/pull/76285,linux remote: disable dnd to desktop,2019-06-28T09:25:55Z,2019-06-28T14:13:09Z,2019-06-28T14:13:09Z,2020-03-27T23:24:14Z,2026-09-25T19:00:37Z,isidorn,User,NONE,8,3,1,1,0,0,0,0,False,False,0,ok,
microsoft/vscode,76250,https://github.com/microsoft/vscode/pull/76250,Detect cygwin shell on Windows,2019-06-27T15:34:38Z,2019-06-28T16:02:24Z,2019-06-28T16:02:25Z,2020-03-27T23:24:14Z,2026-09-25T19:00:38Z,Tyriar,User,CONTRIBUTOR,4,0,1,1,0,0,0,0,False,False,0,ok,
microsoft/vscode,76241,https://github.com/microsoft/vscode/pull/76241,Update precondition for ShowExtensionEditorFindCommand,2019-06-27T12:48:50Z,2019-06-28T18:24:59Z,2019-06-28T18:25:00Z,2020-03-27T23:24:14Z,2026-09-25T19:00:39Z,jeanp413,User,CONTRIBUTOR,1,1,1,1,0,0,0,0,False,False,0,ok,
microsoft/vscode,76349,https://github.com/microsoft/vscode/pull/76349,Fix-72650 Shell paths should be validated before launched to prevent ambiguous errors - $Path check,2019-06-29T18:39:18Z,2019-06-29T21:08:53Z,2019-06-29T21:08:53Z,2020-03-27T23:24:14Z,2026-09-25T19:00:40Z,skprabhanjan,User,CONTRIBUTOR,86,16,4,3,1,1,1,0,True,False,0,ok,
microsoft/vscode,76465,https://github.com/microsoft/vscode/pull/76465,Fetch vscode-remote resources with web worker,2019-07-02T13:48:01Z,2019-07-02T13:50:03Z,2019-07-02T13:50:03Z,2020-03-27T23:24:14Z,2026-09-25T19:00:41Z,jrieken,User,CONTRIBUTOR,197,44,5,2,0,0,0,0,False,False,0,ok,
microsoft/vscode,76416,https://github.com/microsoft/vscode/pull/76416,Moves buildTelemetryMessage out of argv.ts,2019-07-01T17:14:17Z,2019-07-02T16:19:11Z,2019-07-02T16:19:11Z,2020-03-27T23:24:14Z,2026-09-25T19:00:42Z,lramos15,User,MEMBER,46,38,3,1,1,1,1,0,True,False,0,ok,
microsoft/vscode,76481,https://github.com/microsoft/vscode/pull/76481,Implement terminal virtual processes,2019-07-02T18:16:51Z,2019-07-03T02:15:57Z,2019-07-03T02:15:58Z,2020-03-27T23:24:14Z,2026-09-25T19:00:44Z,Tyriar,User,CONTRIBUTOR,713,278,12,20,0,0,0,0,False,False,0,ok,
microsoft/vscode,76476,https://github.com/microsoft/vscode/pull/76476,Preserve tree state in debug Variables view,2019-07-02T16:57:43Z,2019-07-04T14:32:07Z,2019-07-04T14:32:08Z,2020-03-27T23:24:14Z,2026-09-25T19:00:46Z,haneefdm,User,CONTRIBUTOR,22,10,1,6,3,2,0,1,True,True,0,ok,
microsoft/vscode,76609,https://github.com/microsoft/vscode/pull/76609,Fixes #76369,2019-07-04T14:30:31Z,2019-07-04T14:32:35Z,2019-07-04T14:32:35Z,2020-03-27T23:24:14Z,2026-09-25T19:00:47Z,joaomoreno,User,CONTRIBUTOR,1,1,1,1,1,1,1,0,True,False,0,ok,
microsoft/vscode,76598,https://github.com/microsoft/vscode/pull/76598,fix #76561,2019-07-04T11:59:23Z,2019-07-05T13:32:12Z,2019-07-05T13:32:12Z,2020-03-27T23:24:14Z,2026-09-25T19:00:48Z,bpasero,User,CONTRIBUTOR,1,1,1,1,1,1,1,0,True,False,0,ok,
microsoft/vscode,76689,https://github.com/microsoft/vscode/pull/76689,Fix commandless tasks,2019-07-05T09:45:24Z,2019-07-05T13:45:13Z,2019-07-05T13:45:13Z,2020-03-27T23:24:14Z,2026-09-25T19:00:49Z,alexr00,User,MEMBER,2,1,1,2,1,1,1,0,True,False,0,ok,
microsoft/vscode,76730,https://github.com/microsoft/vscode/pull/76730,Undo uri changes,2019-07-05T15:13:41Z,2019-07-08T07:54:09Z,2019-07-08T07:54:09Z,2020-03-27T23:24:14Z,2026-09-25T19:00:51Z,jrieken,User,CONTRIBUTOR,28,186,4,2,1,1,1,0,True,False,0,ok,
microsoft/vscode,76898,https://github.com/microsoft/vscode/pull/76898,bump version,2019-07-08T16:37:21Z,2019-07-08T17:03:01Z,2019-07-08T17:03:01Z,2020-06-30T06:45:25Z,2026-09-25T19:00:52Z,jrieken,User,CONTRIBUTOR,1,1,1,1,1,1,1,0,True,False,0,ok,
microsoft/vscode,76472,https://github.com/microsoft/vscode/pull/76472,More strongly typed telemetry,2019-07-02T15:48:14Z,2019-07-09T16:01:25Z,2019-07-09T16:01:25Z,2020-03-27T23:24:14Z,2026-09-25T19:00:53Z,lramos15,User,MEMBER,156,124,7,1,0,0,0,0,False,False,0,ok,
microsoft/vscode,77172,https://github.com/microsoft/vscode/pull/77172,files - allow stream for writeFile,2019-07-11T06:02:23Z,2019-07-11T06:02:29Z,2019-07-11T06:02:29Z,2020-03-29T23:22:41Z,2026-09-25T19:00:55Z,bpasero,User,CONTRIBUTOR,108,27,3,1,0,0,0,0,False,False,0,ok,
microsoft/vscode,77251,https://github.com/microsoft/vscode/pull/77251,chore: Bump node-pty@0.9.0-beta19,2019-07-11T22:46:08Z,2019-07-12T00:11:17Z,2019-07-12T00:11:17Z,2020-03-29T23:22:41Z,2026-09-25T19:00:57Z,deepak1556,User,COLLABORATOR,10,10,4,1,1,1,1,0,True,False,0,ok,
microsoft/vscode,77221,https://github.com/microsoft/vscode/pull/77221,Hang on to untitled URI a little longer,2019-07-11T14:17:13Z,2019-07-12T08:29:42Z,2019-07-12T08:29:42Z,2020-03-29T23:22:41Z,2026-09-25T19:01:01Z,alexr00,User,MEMBER,7,6,2,1,1,1,1,0,True,False,0,ok,
microsoft/vscode,76377,https://github.com/microsoft/vscode/pull/76377,trigger workspace contains activation event on new folders,2019-06-30T18:18:46Z,2019-07-12T14:42:56Z,2019-07-12T14:42:56Z,2020-03-27T23:24:14Z,2026-09-25T19:01:04Z,sandy081,User,MEMBER,24,17,3,2,1,1,1,0,True,False,0,ok,
microsoft/vscode,77153,https://github.com/microsoft/vscode/pull/77153,Avoid using untracked IDisposables in workbench/contrib/extensions,2019-07-10T23:28:41Z,2019-07-12T18:35:21Z,2019-07-12T18:35:21Z,2020-03-29T23:22:41Z,2026-09-25T19:01:06Z,mjbvz,User,CONTRIBUTOR,32,70,4,1,1,1,1,0,True,False,0,ok,
microsoft/vscode,77421,https://github.com/microsoft/vscode/pull/77421,Use map instead of object literals in mainThreadTerminalService,2019-07-15T19:01:51Z,2019-07-15T21:24:57Z,2019-07-15T21:24:57Z,2020-03-29T23:22:41Z,2026-09-25T19:01:07Z,mjbvz,User,CONTRIBUTOR,36,26,1,1,1,1,1,0,True,False,0,ok,
microsoft/vscode,77431,https://github.com/microsoft/vscode/pull/77431,Update 'vs-minimal' file icon theme,2019-07-15T21:39:57Z,2019-07-16T07:28:28Z,2019-07-16T07:28:28Z,2020-03-29T23:22:41Z,2026-09-25T19:01:08Z,miguelsolorio,User,CONTRIBUTOR,50,20,21,1,1,1,1,0,True,False,0,ok,
microsoft/vscode,77472,https://github.com/microsoft/vscode/pull/77472,Recommend WSL when using wsl.exe as shell,2019-07-16T15:27:53Z,2019-07-16T18:21:00Z,2019-07-16T18:21:01Z,2020-06-29T13:11:31Z,2026-09-25T19:01:09Z,aeschli,User,CONTRIBUTOR,56,6,4,3,1,1,1,0,True,False,0,ok,
microsoft/vscode,77512,https://github.com/microsoft/vscode/pull/77512,Fix incrementing of variables in cpuUsage.sh,2019-07-17T09:13:29Z,2019-07-17T17:19:38Z,2019-07-17T17:19:38Z,2020-03-28T23:23:45Z,2026-09-25T19:01:11Z,letmaik,User,MEMBER,2,2,1,1,2,2,2,0,True,False,0,ok,
microsoft/vscode,77681,https://github.com/microsoft/vscode/pull/77681,Use TestStorageService and NofitifcationService in test.,2019-07-20T01:02:10Z,2019-07-20T01:22:09Z,2019-07-20T01:22:09Z,2020-03-28T23:23:45Z,2026-09-25T19:01:12Z,rebornix,User,CONTRIBUTOR,5,2,1,1,0,0,0,0,False,False,0,ok,
microsoft/vscode,77733,https://github.com/microsoft/vscode/pull/77733,attempt at serializing grid,2019-07-22T06:48:05Z,2019-07-22T08:03:37Z,2019-07-22T08:03:37Z,2020-03-28T23:23:45Z,2026-09-25T19:01:13Z,sbatten,User,MEMBER,70,37,1,3,0,0,0,0,False,False,0,ok,
microsoft/vscode,77784,https://github.com/microsoft/vscode/pull/77784,Use a newer version of @types/node in the build folder to match all other folders,2019-07-22T21:51:17Z,2019-07-23T18:00:01Z,2019-07-23T18:00:01Z,2020-03-27T02:06:05Z,2026-09-25T19:01:14Z,weswigham,User,MEMBER,10,10,2,2,2,2,2,0,True,False,0,ok,
microsoft/vscode,77938,https://github.com/microsoft/vscode/pull/77938,Upgrade telemetry extractor,2019-07-25T15:59:19Z,2019-07-25T15:59:39Z,2019-07-25T15:59:39Z,2020-03-27T02:06:05Z,2026-09-25T19:01:16Z,lramos15,User,MEMBER,16,11,2,2,0,0,0,0,False,False,0,ok,
microsoft/vscode,77958,https://github.com/microsoft/vscode/pull/77958,Change default search to find previous,2019-07-25T21:05:18Z,2019-07-26T00:28:43Z,2019-07-26T00:28:43Z,2020-03-27T02:06:05Z,2026-09-25T19:01:17Z,lramos15,User,MEMBER,8,7,2,5,3,1,1,1,True,True,0,ok,
microsoft/vscode,78018,https://github.com/microsoft/vscode/pull/78018,Adding office and sharepoint modules,2019-07-26T21:23:20Z,2019-07-26T23:12:35Z,2019-07-26T23:12:36Z,2020-03-27T02:06:05Z,2026-09-25T19:01:18Z,sana-ajani,User,CONTRIBUTOR,31,3,1,4,2,2,1,0,True,False,0,ok,
microsoft/vscode,78190,https://github.com/microsoft/vscode/pull/78190,Renames ${qs} to ${query},2019-07-30T14:42:15Z,2019-07-30T14:51:57Z,2019-07-30T14:51:57Z,2020-03-27T02:06:05Z,2026-09-25T19:01:19Z,eamodio,User,CONTRIBUTOR,11,11,2,1,0,0,0,0,False,False,0,ok,
microsoft/vscode,77824,https://github.com/microsoft/vscode/pull/77824,Fix remote EH environment after reconnection,2019-07-23T15:45:50Z,2019-07-31T21:30:27Z,2019-07-31T21:30:27Z,2020-03-27T02:06:05Z,2026-09-25T19:01:20Z,roblourens,User,MEMBER,57,0,6,2,1,1,1,0,True,False,0,ok,
microsoft/vscode,78472,https://github.com/microsoft/vscode/pull/78472,Fixes #78262,2019-08-05T07:31:48Z,2019-08-05T08:26:13Z,2019-08-05T08:26:13Z,2020-03-27T02:06:05Z,2026-09-25T19:01:22Z,alexdima,User,MEMBER,2,1,1,1,1,1,1,0,True,False,0,ok,
microsoft/vscode,78507,https://github.com/microsoft/vscode/pull/78507,Fix: Settings editor renders all tree elements at once,2019-08-05T14:30:47Z,2019-08-05T18:01:35Z,2019-08-05T18:01:35Z,2020-03-27T02:06:05Z,2026-09-25T19:01:23Z,joaomoreno,User,CONTRIBUTOR,5,0,1,1,0,0,0,0,False,False,0,ok,
microsoft/vscode,78270,https://github.com/microsoft/vscode/pull/78270,Add powershell members to default themes,2019-07-31T10:54:20Z,2019-08-06T13:55:50Z,2019-08-06T13:55:50Z,2020-03-27T02:06:05Z,2026-09-25T19:01:24Z,alexr00,User,MEMBER,9,6,3,1,0,0,0,0,False,False,0,ok,
microsoft/vscode,65247,https://github.com/microsoft/vscode/pull/65247,Git sync now publishes branch upon confirmation (#64183 issue fix),2018-12-18T02:30:46Z,2019-08-06T14:43:06Z,2019-08-06T14:43:06Z,2020-03-27T23:26:21Z,2026-09-25T19:01:25Z,marianafcosta,User,NONE,11,1,1,1,0,0,0,0,False,False,0,ok,
microsoft/vscode,65906,https://github.com/microsoft/vscode/pull/65906,Clean user input for git clone extension,2019-01-02T13:14:06Z,2019-08-06T14:45:40Z,2019-08-06T14:45:40Z,2020-03-30T23:22:16Z,2026-09-25T19:01:26Z,valtism,User,CONTRIBUTOR,10,0,1,1,0,0,0,0,False,False,0,ok,
microsoft/vscode,78529,https://github.com/microsoft/vscode/pull/78529,Remove terminal renderers,2019-08-05T21:32:35Z,2019-08-06T19:30:41Z,2019-08-06T19:30:41Z,2020-03-27T02:06:05Z,2026-09-25T19:01:27Z,Tyriar,User,CONTRIBUTOR,121,853,16,11,2,2,0,0,True,False,0,ok,
microsoft/vscode,67823,https://github.com/microsoft/vscode/pull/67823,[Screencast] Smooth showing/hiding of marker,2019-02-03T22:14:35Z,2019-08-07T13:16:42Z,2019-08-07T13:16:42Z,2020-03-29T23:22:41Z,2026-09-25T19:01:28Z,usernamehw,User,CONTRIBUTOR,6,3,1,1,0,0,0,0,False,False,0,ok,
microsoft/vscode,75213,https://github.com/microsoft/vscode/pull/75213,Fix #72640,2019-06-10T20:19:17Z,2019-08-07T15:30:15Z,2019-08-07T15:30:16Z,2020-03-28T23:24:03Z,2026-09-25T19:01:29Z,Olovan,User,CONTRIBUTOR,7,1,1,1,0,0,0,0,False,False,0,ok,
microsoft/vscode,78550,https://github.com/microsoft/vscode/pull/78550,Use grid descriptors for workbench grid layout,2019-08-06T10:01:29Z,2019-08-07T16:25:09Z,2019-08-07T16:25:09Z,2020-03-27T02:06:05Z,2026-09-25T19:01:30Z,joaomoreno,User,CONTRIBUTOR,247,205,4,19,0,0,0,0,False,False,0,ok,
microsoft/vscode,70539,https://github.com/microsoft/vscode/pull/70539,Add only tracked files can be auto staged flag [Fix #70091],2019-03-15T06:54:35Z,2019-08-08T09:56:43Z,2019-08-08T09:56:43Z,2020-03-27T23:25:18Z,2026-09-25T19:01:32Z,ipmsteven,User,CONTRIBUTOR,36,2,3,2,0,0,0,0,False,False,0,ok,
microsoft/vscode,73968,https://github.com/microsoft/vscode/pull/73968,Reuse never show again logic - work in progress,2019-05-19T17:00:48Z,2019-08-08T13:47:16Z,2019-08-08T13:47:16Z,2020-03-27T23:25:18Z,2026-09-25T19:01:34Z,YisraelV,User,CONTRIBUTOR,85,19,4,8,16,2,0,3,True,True,0,ok,
microsoft/vscode,78709,https://github.com/microsoft/vscode/pull/78709,list.clear should clear both focus and selection in one go,2019-08-08T15:35:33Z,2019-08-09T07:44:55Z,2019-08-09T07:44:55Z,2020-03-27T23:23:10Z,2026-09-25T19:01:35Z,isidorn,User,NONE,6,15,1,3,3,2,2,0,True,False,0,ok,
microsoft/vscode,70174,https://github.com/microsoft/vscode/pull/70174,Add setting to make touchbar controls optional,2019-03-10T18:32:32Z,2019-08-09T13:35:37Z,2019-08-09T13:35:37Z,2020-03-27T23:25:18Z,2026-09-25T19:01:38Z,MarcusNoble,User,CONTRIBUTOR,17,2,3,6,3,1,0,0,True,False,0,ok,
microsoft/vscode,78953,https://github.com/microsoft/vscode/pull/78953,Fix #78734,2019-08-12T12:51:11Z,2019-08-12T14:05:22Z,2019-08-12T14:05:22Z,2020-03-27T23:23:11Z,2026-09-25T19:01:39Z,sandy081,User,MEMBER,5,3,1,1,1,1,1,0,True,False,0,ok,
microsoft/vscode,78732,https://github.com/microsoft/vscode/pull/78732,Fixed Issue 78731,2019-08-08T21:27:57Z,2019-08-12T20:49:22Z,2019-08-12T20:49:23Z,2020-03-27T23:23:10Z,2026-09-25T19:01:41Z,mmulet,User,CONTRIBUTOR,4,2,1,5,2,1,0,1,True,True,0,ok,
microsoft/vscode,78695,https://github.com/microsoft/vscode/pull/78695,Fix #64077 - Allow to sort branches alphabetically ,2019-08-08T10:46:34Z,2019-08-13T07:56:37Z,2019-08-13T07:56:38Z,2020-03-27T23:23:10Z,2026-09-25T19:01:43Z,skprabhanjan,User,CONTRIBUTOR,24,4,4,1,0,0,0,0,False,False,0,ok,
microsoft/vscode,78982,https://github.com/microsoft/vscode/pull/78982,Issue 78480: Clear Filter command link includes dot,2019-08-12T19:08:44Z,2019-08-14T09:08:17Z,2019-08-14T09:08:17Z,2020-03-27T23:23:11Z,2026-09-25T19:01:48Z,JarninFang,User,NONE,3,1,1,1,1,1,1,0,True,False,0,ok,
microsoft/vscode,79052,https://github.com/microsoft/vscode/pull/79052,Fix #79047 - Wasted stat call on workspace root ,2019-08-13T15:54:07Z,2019-08-14T14:40:47Z,2019-08-14T14:40:47Z,2020-07-06T15:45:17Z,2026-09-25T19:01:50Z,gjsjohnmurray,User,CONTRIBUTOR,5,1,1,2,3,2,1,1,True,True,0,ok,
microsoft/vscode,79111,https://github.com/microsoft/vscode/pull/79111,Fix-78397 Implement case preservation in search as well,2019-08-14T12:25:19Z,2019-08-19T17:49:22Z,2019-08-19T17:49:22Z,2020-03-27T23:23:10Z,2026-09-25T19:01:51Z,skprabhanjan,User,CONTRIBUTOR,126,19,8,2,1,1,0,1,True,True,0,ok,
microsoft/vscode,79523,https://github.com/microsoft/vscode/pull/79523,Fix-78915 Webview not handing CustomEvent,2019-08-20T15:49:18Z,2019-08-20T17:22:52Z,2019-08-20T17:22:52Z,2020-03-27T01:53:03Z,2026-09-25T19:01:53Z,skprabhanjan,User,CONTRIBUTOR,13,6,1,2,0,0,0,0,False,False,0,ok,
microsoft/vscode,79329,https://github.com/microsoft/vscode/pull/79329,Multiple line support in Find Widget,2019-08-16T18:22:44Z,2019-08-21T04:00:59Z,2019-08-21T04:00:59Z,2020-03-27T01:53:03Z,2026-09-25T19:01:54Z,rebornix,User,CONTRIBUTOR,816,138,7,16,1,1,0,0,True,False,0,ok,
microsoft/vscode,79536,https://github.com/microsoft/vscode/pull/79536,chore: upgrade native-watchdog@1.1.0,2019-08-20T23:43:35Z,2019-08-22T06:45:06Z,2019-08-22T06:45:06Z,2020-03-27T01:53:03Z,2026-09-25T19:01:55Z,deepak1556,User,COLLABORATOR,5,5,2,2,0,0,0,0,False,False,0,ok,
microsoft/vscode,79846,https://github.com/microsoft/vscode/pull/79846,fix for 79704 - support for @example <caption>,2019-08-27T00:20:45Z,2019-08-27T21:38:51Z,2019-08-27T21:38:51Z,2020-03-27T01:53:03Z,2026-09-25T19:01:56Z,hypercubestart,User,CONTRIBUTOR,5,0,1,1,0,0,0,0,False,False,0,ok,
microsoft/vscode,80116,https://github.com/microsoft/vscode/pull/80116,chore: Bump electron@4.2.10,2019-08-30T15:11:40Z,2019-08-30T15:45:38Z,2019-08-30T15:45:38Z,2020-03-27T01:53:03Z,2026-09-25T19:01:58Z,deepak1556,User,COLLABORATOR,10,10,5,1,1,1,1,0,True,False,0,ok,
microsoft/vscode,80290,https://github.com/microsoft/vscode/pull/80290,Fix #79839,2019-09-03T22:06:02Z,2019-09-04T07:33:07Z,2019-09-04T07:33:07Z,2020-03-27T01:53:03Z,2026-09-25T19:01:59Z,octref,User,CONTRIBUTOR,8,2,2,1,1,1,1,0,True,False,0,ok,
microsoft/vscode,80381,https://github.com/microsoft/vscode/pull/80381,fix #80344,2019-09-05T09:46:28Z,2019-09-05T14:18:43Z,2019-09-05T14:18:43Z,2020-03-27T01:53:03Z,2026-09-25T19:02:00Z,bpasero,User,CONTRIBUTOR,2,0,1,1,1,1,1,0,True,False,0,ok,
microsoft/vscode,80560,https://github.com/microsoft/vscode/pull/80560,optionDescriptions as parameter of parseArgs,2019-09-09T13:07:16Z,2019-09-09T13:35:21Z,2019-09-09T13:35:21Z,2020-03-27T23:23:10Z,2026-09-25T19:02:01Z,aeschli,User,CONTRIBUTOR,196,170,17,2,0,0,0,0,False,False,0,ok,
microsoft/vscode,80478,https://github.com/microsoft/vscode/pull/80478,Contributable variables for configuration resolver,2019-09-06T12:52:02Z,2019-09-10T10:48:46Z,2019-09-10T10:48:46Z,2020-03-27T23:23:11Z,2026-09-25T19:02:02Z,alexr00,User,MEMBER,123,14,5,3,1,1,0,0,True,False,0,ok,
microsoft/vscode,80529,https://github.com/microsoft/vscode/pull/80529,Skip WLS check if env var DONT_PROMPT_WSL_INSTALL is set.,2019-09-08T11:21:44Z,2019-09-10T12:46:12Z,2019-09-10T12:46:12Z,2020-03-27T23:23:10Z,2026-09-25T19:02:03Z,navrkald,User,CONTRIBUTOR,1,1,1,2,0,0,0,0,False,False,0,ok,
microsoft/vscode,80585,https://github.com/microsoft/vscode/pull/80585,snap: add assets verbatim,2019-09-09T20:46:30Z,2019-09-10T15:12:46Z,2019-09-10T15:12:46Z,2020-03-27T23:23:10Z,2026-09-25T19:02:04Z,sergiusens,User,NONE,16,12,4,8,0,0,0,0,False,False,0,ok,
microsoft/vscode,80642,https://github.com/microsoft/vscode/pull/80642,Web: Load onigasm lazy,2019-09-10T12:56:02Z,2019-09-10T20:14:05Z,2019-09-10T20:14:05Z,2020-03-27T23:23:10Z,2026-09-25T19:02:05Z,bpasero,User,CONTRIBUTOR,10,8,2,2,0,0,0,0,False,False,0,ok,
microsoft/vscode,80652,https://github.com/microsoft/vscode/pull/80652,Update html service. Fix #80600,2019-09-10T15:31:08Z,2019-09-10T21:26:23Z,2019-09-10T21:26:23Z,2020-03-27T23:23:10Z,2026-09-25T19:02:06Z,octref,User,CONTRIBUTOR,5,5,2,1,1,1,1,0,True,False,0,ok,
microsoft/vscode,80705,https://github.com/microsoft/vscode/pull/80705,Fixes #80702,2019-09-11T11:31:23Z,2019-09-11T11:31:43Z,2019-09-11T11:31:43Z,2020-03-27T23:23:10Z,2026-09-25T19:02:07Z,joaomoreno,User,CONTRIBUTOR,13,7,6,1,0,0,0,0,False,False,0,ok,
microsoft/vscode,80506,https://github.com/microsoft/vscode/pull/80506,Fix activation of linters on unopened files caused by markdown plugin,2019-09-07T03:40:06Z,2019-09-11T18:39:08Z,2019-09-11T18:39:09Z,2020-03-27T23:23:10Z,2026-09-25T19:02:09Z,solomatov,User,CONTRIBUTOR,93,8,3,11,16,3,0,1,True,True,0,ok,
microsoft/vscode,80731,https://github.com/microsoft/vscode/pull/80731,Refactor terminal ext host to move most to common/,2019-09-11T16:55:23Z,2019-09-11T18:41:21Z,2019-09-11T18:41:21Z,2020-03-27T23:23:10Z,2026-09-25T19:02:10Z,Tyriar,User,CONTRIBUTOR,595,546,3,2,0,0,0,0,False,False,0,ok,
microsoft/vscode,80845,https://github.com/microsoft/vscode/pull/80845,update native-watchdog,2019-09-13T08:31:10Z,2019-09-13T10:51:23Z,2019-09-13T10:51:23Z,2020-03-27T02:05:51Z,2026-09-25T19:02:11Z,alexdima,User,MEMBER,10,10,4,1,0,0,0,0,False,False,0,ok,
microsoft/vscode,80951,https://github.com/microsoft/vscode/pull/80951,Link protection improvements,2019-09-15T23:15:01Z,2019-09-15T23:17:02Z,2019-09-15T23:17:03Z,2020-03-27T02:05:51Z,2026-09-25T19:02:12Z,octref,User,CONTRIBUTOR,424,238,6,4,0,0,0,0,False,False,0,ok,
microsoft/vscode,80495,https://github.com/microsoft/vscode/pull/80495,"Fix-80080 Show more detailed error message for ""Regex parse error"" in search",2019-09-06T16:13:59Z,2019-09-16T21:50:43Z,2019-09-16T21:50:44Z,2020-03-27T23:23:10Z,2026-09-25T19:02:13Z,skprabhanjan,User,CONTRIBUTOR,37,3,2,6,6,2,1,2,True,True,0,ok,
microsoft/vscode,80900,https://github.com/microsoft/vscode/pull/80900,Compact menubar option,2019-09-14T00:25:25Z,2019-09-25T18:16:45Z,2019-09-25T18:16:46Z,2020-03-27T02:05:51Z,2026-09-25T19:02:14Z,sbatten,User,MEMBER,261,78,13,8,0,0,0,0,False,False,0,ok,
microsoft/vscode,81392,https://github.com/microsoft/vscode/pull/81392,Fire onDidChangeReplElements directly from ReplModel,2019-09-24T19:14:32Z,2019-09-26T08:34:12Z,2019-09-26T08:34:12Z,2020-03-27T01:52:50Z,2026-09-25T19:02:16Z,dgozman,User,CONTRIBUTOR,14,7,3,1,0,0,0,0,False,False,0,ok,
microsoft/vscode,81442,https://github.com/microsoft/vscode/pull/81442,Add support for touch events on the suggest widget (Fixes #78984),2019-09-25T20:10:35Z,2019-09-26T18:16:00Z,2019-09-26T18:16:01Z,2020-03-27T01:52:50Z,2026-09-25T19:02:17Z,davidreis97,User,CONTRIBUTOR,4,3,1,5,2,1,1,1,True,True,0,ok,
microsoft/vscode,81570,https://github.com/microsoft/vscode/pull/81570,Adopt icon font in settings,2019-09-27T21:08:32Z,2019-09-27T22:26:57Z,2019-09-27T22:26:57Z,2020-03-27T01:52:50Z,2026-09-25T19:02:18Z,miguelsolorio,User,CONTRIBUTOR,24,97,15,6,4,2,1,0,True,False,0,ok,
microsoft/vscode,81781,https://github.com/microsoft/vscode/pull/81781,Fix 81779 Preserve Case Hyphen and Underscore replacement issues ,2019-10-01T17:28:03Z,2019-10-01T20:57:26Z,2019-10-01T20:57:26Z,2020-03-27T01:52:50Z,2026-09-25T19:02:19Z,skprabhanjan,User,CONTRIBUTOR,32,9,2,3,3,2,1,0,True,False,0,ok,
microsoft/vscode,81297,https://github.com/microsoft/vscode/pull/81297,Fix character escaping in snippet transformation,2019-09-23T02:07:18Z,2019-10-02T09:32:41Z,2019-10-02T09:32:41Z,2020-03-27T02:05:52Z,2026-09-25T19:02:21Z,jeanp413,User,CONTRIBUTOR,25,16,2,4,3,2,1,0,True,False,0,ok,
microsoft/vscode,81923,https://github.com/microsoft/vscode/pull/81923,Adopt icon font in problems and peek error,2019-10-03T20:41:02Z,2019-10-07T16:55:59Z,2019-10-07T16:55:59Z,2020-03-27T01:52:50Z,2026-09-25T19:02:23Z,miguelsolorio,User,CONTRIBUTOR,68,68,8,8,1,1,0,0,True,False,0,ok,
microsoft/vscode,82062,https://github.com/microsoft/vscode/pull/82062,Render Octicons in CodeLens,2019-10-07T20:05:06Z,2019-10-08T10:13:44Z,2019-10-08T10:13:44Z,2020-03-27T01:52:51Z,2026-09-25T19:02:24Z,kondratyev-nv,User,NONE,2,2,1,1,1,1,1,0,True,False,0,ok,
microsoft/vscode,82162,https://github.com/microsoft/vscode/pull/82162,Remove minimum terminal split width guard,2019-10-09T14:35:22Z,2019-10-09T14:35:55Z,2019-10-09T14:35:55Z,2020-03-27T01:52:50Z,2026-09-25T19:02:25Z,Tyriar,User,CONTRIBUTOR,3,16,3,1,0,0,0,0,False,False,0,ok,
microsoft/vscode,82341,https://github.com/microsoft/vscode/pull/82341,Fix #82203 for recovery,2019-10-11T09:14:20Z,2019-10-11T13:07:23Z,2019-10-11T13:07:23Z,2020-03-27T01:52:50Z,2026-09-25T19:02:26Z,joaomoreno,User,CONTRIBUTOR,48,15,2,2,1,1,1,0,True,False,0,ok,
microsoft/vscode,82150,https://github.com/microsoft/vscode/pull/82150,Fixes #82149,2019-10-09T10:15:36Z,2019-10-11T13:08:20Z,2019-10-11T13:08:20Z,2020-03-27T01:52:50Z,2026-09-25T19:02:27Z,joaomoreno,User,CONTRIBUTOR,6,6,1,1,1,1,1,0,True,False,0,ok,
microsoft/vscode,82380,https://github.com/microsoft/vscode/pull/82380,Open New Terminal -> Open New External Terminal,2019-10-11T16:43:55Z,2019-10-14T17:55:24Z,2019-10-14T17:55:24Z,2020-03-27T01:52:50Z,2026-09-25T19:02:28Z,solomatov,User,CONTRIBUTOR,1,1,1,2,3,2,1,1,True,True,0,ok,
microsoft/vscode,82538,https://github.com/microsoft/vscode/pull/82538,Bump release branch version,2019-10-14T22:47:26Z,2019-10-14T22:48:41Z,2019-10-14T22:48:41Z,2020-03-27T02:05:52Z,2026-09-25T19:02:29Z,mjbvz,User,CONTRIBUTOR,1,1,1,1,1,1,1,0,True,False,0,ok,
microsoft/vscode,82569,https://github.com/microsoft/vscode/pull/82569,Allow to run web client out of sources,2019-10-15T08:49:56Z,2019-10-15T08:50:26Z,2019-10-15T08:50:26Z,2020-03-27T02:05:51Z,2026-09-25T19:02:30Z,bpasero,User,CONTRIBUTOR,572,3,5,2,0,0,0,0,False,False,0,ok,
microsoft/vscode,82613,https://github.com/microsoft/vscode/pull/82613,Add missing preposition,2019-10-15T14:51:38Z,2019-10-15T16:54:54Z,2019-10-15T16:54:54Z,2020-03-27T02:05:51Z,2026-09-25T19:02:31Z,md2perpe,User,CONTRIBUTOR,1,1,1,1,0,0,0,0,False,False,0,ok,
microsoft/vscode,71434,https://github.com/microsoft/vscode/pull/71434,Add new remote option when publishing branch,2019-03-29T04:20:53Z,2019-10-17T13:53:02Z,2019-10-17T13:53:02Z,2020-03-27T23:25:18Z,2026-09-25T19:02:33Z,jmbockhorst,User,CONTRIBUTOR,36,8,1,1,3,2,2,0,True,False,0,ok,
microsoft/vscode,71525,https://github.com/microsoft/vscode/pull/71525,"Confirm ""Undo last commit"" if its a merge commit",2019-04-01T05:04:27Z,2019-10-17T14:01:23Z,2019-10-17T14:01:24Z,2020-03-27T23:25:18Z,2026-09-25T19:02:34Z,jmbockhorst,User,CONTRIBUTOR,9,0,1,1,0,0,0,0,False,False,0,ok,
microsoft/vscode,81417,https://github.com/microsoft/vscode/pull/81417,Add tasks config in workspace file,2019-09-25T08:00:10Z,2019-10-17T14:52:46Z,2019-10-17T14:52:46Z,2020-03-27T01:52:50Z,2026-09-25T19:02:35Z,alexr00,User,MEMBER,70,23,6,2,2,1,1,1,True,True,0,ok,
microsoft/vscode,82289,https://github.com/microsoft/vscode/pull/82289,Re-enable building VS Code with TS 3.7,2019-10-10T22:10:39Z,2019-10-17T21:14:21Z,2019-10-17T21:14:21Z,2020-03-27T01:52:50Z,2026-09-25T19:02:36Z,mjbvz,User,CONTRIBUTOR,24,44,8,2,0,0,0,0,False,False,0,ok,
microsoft/vscode,82787,https://github.com/microsoft/vscode/pull/82787,Show breakpoints in overview ruler,2019-10-17T17:05:45Z,2019-10-18T15:55:13Z,2019-10-18T15:55:13Z,2020-03-27T02:05:51Z,2026-09-25T19:02:37Z,anirudhrb,User,CONTRIBUTOR,32,7,3,3,0,0,0,0,False,False,0,ok,
microsoft/vscode,82813,https://github.com/microsoft/vscode/pull/82813,Fix drag and dropping of editors for webviews,2019-10-18T04:27:07Z,2019-10-19T16:41:22Z,2019-10-19T16:41:22Z,2020-03-27T02:05:51Z,2026-09-25T19:02:39Z,mjbvz,User,CONTRIBUTOR,87,22,6,4,3,2,1,1,True,True,0,ok,
microsoft/vscode,83070,https://github.com/microsoft/vscode/pull/83070,Add task detail property and adopt in npm extension,2019-10-22T13:57:43Z,2019-10-22T14:26:12Z,2019-10-22T14:26:12Z,2020-03-28T23:23:45Z,2026-09-25T19:02:39Z,alexr00,User,MEMBER,1138,11,13,1,0,0,0,0,False,False,0,ok,
microsoft/vscode,83153,https://github.com/microsoft/vscode/pull/83153,Use the editor font size for the breakpoint widget,2019-10-23T13:06:06Z,2019-10-23T14:33:34Z,2019-10-23T14:33:34Z,2020-03-28T23:23:45Z,2026-09-25T19:02:41Z,anirudhrb,User,CONTRIBUTOR,33,3,2,2,4,2,0,1,True,True,0,ok,
microsoft/vscode,82816,https://github.com/microsoft/vscode/pull/82816,#70254 - Set astrisk as a delimiter for URIs,2019-10-18T05:57:56Z,2019-10-24T09:11:01Z,2019-10-24T09:11:01Z,2020-03-27T02:05:51Z,2026-09-25T19:02:42Z,w9jds,User,CONTRIBUTOR,11,0,2,4,0,0,0,0,False,False,0,ok,
microsoft/vscode,83075,https://github.com/microsoft/vscode/pull/83075,API for completion item replace and insert ranges,2019-10-22T14:49:37Z,2019-10-24T11:51:43Z,2019-10-24T11:51:43Z,2020-03-28T23:23:45Z,2026-09-25T19:02:43Z,jrieken,User,CONTRIBUTOR,111,73,13,3,3,2,1,0,True,False,0,ok,
microsoft/vscode,83218,https://github.com/microsoft/vscode/pull/83218,Filter out Media keys in tree keyboard navigation,2019-10-24T10:13:45Z,2019-10-24T12:22:44Z,2019-10-24T12:22:44Z,2020-03-28T23:23:45Z,2026-09-25T19:02:44Z,frobinsonj,User,CONTRIBUTOR,1,1,1,1,0,0,0,0,False,False,0,ok,
microsoft/vscode,83266,https://github.com/microsoft/vscode/pull/83266,chore: Bump electron@6.1.2,2019-10-25T01:46:25Z,2019-10-26T00:35:19Z,2019-10-26T00:35:19Z,2020-03-28T23:23:45Z,2026-09-25T19:02:45Z,deepak1556,User,COLLABORATOR,13,4,3,1,1,1,1,0,True,False,0,ok,
microsoft/vscode,83262,https://github.com/microsoft/vscode/pull/83262,Adopt icon font in debug viewlet,2019-10-24T22:32:02Z,2019-10-28T18:19:37Z,2019-10-28T18:19:37Z,2020-03-28T23:23:45Z,2026-09-25T19:02:47Z,miguelsolorio,User,CONTRIBUTOR,132,287,34,4,1,1,1,0,True,False,0,ok,
microsoft/vscode,83718,https://github.com/microsoft/vscode/pull/83718,Increase  keep-alive and ack timeouts,2019-10-31T00:43:14Z,2019-10-31T04:11:28Z,2019-10-31T04:11:28Z,2020-03-27T01:52:37Z,2026-09-25T19:02:48Z,kieferrm,User,MEMBER,2,2,1,2,0,0,0,0,False,False,0,ok,
microsoft/vscode,83795,https://github.com/microsoft/vscode/pull/83795,Move icons out of translated strings,2019-10-31T22:31:40Z,2019-11-04T19:27:38Z,2019-11-04T19:27:38Z,2020-03-27T01:52:37Z,2026-09-25T19:02:51Z,Tyriar,User,CONTRIBUTOR,7,7,4,1,0,0,0,0,False,False,0,ok,
microsoft/vscode,83950,https://github.com/microsoft/vscode/pull/83950,Update distro,2019-11-04T22:48:11Z,2019-11-04T22:54:34Z,2019-11-04T22:54:34Z,2020-03-27T01:52:37Z,2026-09-25T19:02:52Z,Tyriar,User,CONTRIBUTOR,1,1,1,1,1,1,1,0,True,False,0,ok,
microsoft/vscode,83959,https://github.com/microsoft/vscode/pull/83959,Fixes Web: starting to drag a tab shows a scrollbar,2019-11-05T03:01:10Z,2019-11-05T09:07:08Z,2019-11-05T09:07:08Z,2020-03-27T01:52:37Z,2026-09-25T19:02:53Z,jeanp413,User,CONTRIBUTOR,1,0,1,1,0,0,0,0,False,False,0,ok,
microsoft/vscode,84005,https://github.com/microsoft/vscode/pull/84005,Implement Terminal.creationOptions API,2019-11-05T18:31:20Z,2019-11-05T20:46:33Z,2019-11-05T20:46:34Z,2020-03-27T01:52:37Z,2026-09-25T19:02:54Z,Tyriar,User,CONTRIBUTOR,87,9,6,2,0,0,0,0,False,False,0,ok,
microsoft/vscode,84004,https://github.com/microsoft/vscode/pull/84004,Make Search All Files search as you type,2019-11-05T18:27:41Z,2019-11-06T20:48:37Z,2019-11-06T20:48:37Z,2020-03-27T01:52:37Z,2026-09-25T19:02:55Z,JacksonKearl,User,CONTRIBUTOR,58,16,8,11,1,1,0,0,True,False,0,ok,
microsoft/vscode,84139,https://github.com/microsoft/vscode/pull/84139,chore: bump vscode-nsfw@1.2.8,2019-11-07T16:15:09Z,2019-11-07T17:45:39Z,2019-11-07T17:45:39Z,2020-03-27T01:52:37Z,2026-09-25T19:02:56Z,deepak1556,User,COLLABORATOR,30,71,6,1,2,2,2,0,True,False,0,ok,
microsoft/vscode,83418,https://github.com/microsoft/vscode/pull/83418,"Rename ""Reveal in Explorer"" to ""Reveal in Side Bar"" on Search result filename context menu",2019-10-28T10:33:47Z,2019-11-11T15:56:51Z,2019-11-11T15:56:51Z,2020-03-27T01:52:37Z,2026-09-25T19:02:57Z,gjsjohnmurray,User,CONTRIBUTOR,1,1,1,1,0,0,0,0,False,False,0,ok,
microsoft/vscode,84092,https://github.com/microsoft/vscode/pull/84092,Remove backreferences warning,2019-11-07T01:37:17Z,2019-11-12T01:04:45Z,2019-11-12T01:04:45Z,2020-03-27T01:52:37Z,2026-09-25T19:02:58Z,JacksonKearl,User,CONTRIBUTOR,0,7,1,3,1,1,1,0,True,False,0,ok,
microsoft/vscode,84109,https://github.com/microsoft/vscode/pull/84109,debt - allow extHostSearch in common,2019-11-07T06:59:47Z,2019-11-12T17:57:09Z,2019-11-12T17:57:09Z,2020-03-27T01:52:37Z,2026-09-25T19:02:59Z,bpasero,User,CONTRIBUTOR,561,463,10,5,5,2,1,0,True,False,0,ok,
microsoft/vscode,84578,https://github.com/microsoft/vscode/pull/84578,Symbol navigation,2019-11-12T10:37:00Z,2019-11-13T11:33:36Z,2019-11-13T11:33:36Z,2020-03-27T02:05:38Z,2026-09-25T19:03:00Z,jrieken,User,CONTRIBUTOR,206,1,3,12,0,0,0,0,False,False,0,ok,
microsoft/vscode,85529,https://github.com/microsoft/vscode/pull/85529,remove inspect-port,2019-11-25T09:39:06Z,2019-11-25T14:26:33Z,2019-11-25T14:26:33Z,2020-03-27T01:32:58Z,2026-09-25T19:03:01Z,jrieken,User,CONTRIBUTOR,11,0,1,1,1,1,1,0,True,False,0,ok,
microsoft/vscode,82510,https://github.com/microsoft/vscode/pull/82510,Command and Keybinding for adding multi cursor from search result,2019-10-14T14:26:20Z,2019-11-26T00:43:20Z,2019-11-26T00:43:21Z,2020-03-27T02:05:51Z,2026-09-25T19:03:02Z,njkevlani,User,CONTRIBUTOR,56,2,4,6,10,2,2,1,True,True,0,ok,
microsoft/vscode,85460,https://github.com/microsoft/vscode/pull/85460,Add .cjs to known JavaScript file extensions,2019-11-23T17:07:16Z,2019-11-26T03:46:10Z,2019-11-26T03:46:10Z,2020-03-27T01:32:58Z,2026-09-25T19:03:04Z,xiaoxiangmoe,User,CONTRIBUTOR,16,8,7,1,1,1,0,1,True,True,0,ok,
microsoft/vscode,85384,https://github.com/microsoft/vscode/pull/85384,Support inserting at an index in array,2019-11-22T13:19:53Z,2019-11-26T19:44:39Z,2019-11-26T19:44:39Z,2020-03-27T01:32:58Z,2026-09-25T19:03:05Z,sandy081,User,MEMBER,53,27,2,2,1,1,1,0,True,False,0,ok,
microsoft/vscode,85766,https://github.com/microsoft/vscode/pull/85766,Adopt input box for port naming,2019-11-28T12:35:14Z,2019-11-29T14:04:50Z,2019-11-29T14:04:50Z,2020-03-27T01:32:58Z,2026-09-25T19:03:06Z,alexr00,User,MEMBER,171,40,7,2,0,0,0,0,False,False,0,ok,
microsoft/vscode,85814,https://github.com/microsoft/vscode/pull/85814,Allow ThemeIcon for menu items,2019-11-29T10:11:00Z,2019-11-29T15:48:22Z,2019-11-29T15:48:22Z,2020-03-27T01:32:58Z,2026-09-25T19:03:07Z,jrieken,User,CONTRIBUTOR,140,126,15,10,8,2,1,0,True,False,0,ok,
microsoft/vscode,84121,https://github.com/microsoft/vscode/pull/84121,fix Chinese system input in iOS 13.2,2019-11-07T10:31:13Z,2019-12-02T19:56:20Z,2019-12-02T19:56:20Z,2020-03-27T01:52:37Z,2026-09-25T19:03:08Z,Brooooooklyn,User,CONTRIBUTOR,5,1,1,1,0,0,0,0,False,False,0,ok,
microsoft/vscode,86598,https://github.com/microsoft/vscode/pull/86598,debug: fix contexts,2019-12-09T15:46:50Z,2019-12-10T10:42:50Z,2019-12-10T10:42:50Z,2020-03-27T02:05:38Z,2026-09-25T19:03:09Z,isidorn,User,NONE,20,20,2,1,1,1,1,0,True,False,0,ok,
microsoft/vscode,86647,https://github.com/microsoft/vscode/pull/86647,Merge pull request #86574 from jeanp413/fix-86573,2019-12-10T10:56:03Z,2019-12-10T12:32:36Z,2019-12-10T12:32:36Z,2020-03-27T01:52:24Z,2026-09-25T19:03:10Z,isidorn,User,NONE,13,4,1,1,1,1,1,0,True,False,0,ok,
microsoft/vscode,85642,https://github.com/microsoft/vscode/pull/85642,feat: region folding for perl5,2019-11-26T23:33:16Z,2019-12-12T08:28:23Z,2019-12-12T08:28:24Z,2020-03-27T01:32:58Z,2026-09-25T19:03:11Z,kthy,User,CONTRIBUTOR,2,2,1,3,0,0,0,0,False,False,0,ok,
microsoft/vscode,86854,https://github.com/microsoft/vscode/pull/86854,Enhance Resource configuration service,2019-12-12T23:03:59Z,2019-12-12T23:04:25Z,2019-12-12T23:04:25Z,2020-03-27T01:52:24Z,2026-09-25T19:03:12Z,sandy081,User,MEMBER,1499,789,24,15,0,0,0,0,False,False,0,ok,
microsoft/vscode,87042,https://github.com/microsoft/vscode/pull/87042,Fix wrong key in the extension package.json schema,2019-12-15T23:59:02Z,2019-12-17T08:44:09Z,2019-12-17T08:44:10Z,2020-03-27T01:52:24Z,2026-09-25T19:03:13Z,SPGoding,User,CONTRIBUTOR,2,2,1,1,1,1,1,0,True,False,0,ok,
microsoft/vscode,87182,https://github.com/microsoft/vscode/pull/87182,fix #87181: typescript completion item kind for local function,2019-12-17T15:48:33Z,2019-12-17T19:03:00Z,2019-12-17T19:03:01Z,2020-03-27T01:52:24Z,2026-09-25T19:03:14Z,SimonSiefke,User,CONTRIBUTOR,1,0,1,1,0,0,0,0,False,False,0,ok,
microsoft/vscode,87114,https://github.com/microsoft/vscode/pull/87114,Refactor SortOrder & SortOrderConfiguration into one enum,2019-12-16T21:41:44Z,2019-12-18T10:20:24Z,2019-12-18T10:20:24Z,2020-03-27T01:52:24Z,2026-09-25T19:03:15Z,jzyrobert,User,CONTRIBUTOR,16,18,4,1,0,0,0,0,False,False,0,ok,
microsoft/vscode,87754,https://github.com/microsoft/vscode/pull/87754,tslint - rewrite globals rule to not use tslint,2019-12-27T07:55:02Z,2019-12-27T07:57:04Z,2019-12-27T07:57:04Z,2020-03-27T01:52:24Z,2026-09-25T19:03:16Z,bpasero,User,CONTRIBUTOR,404,317,16,2,0,0,0,0,False,False,0,ok,
microsoft/vscode,87648,https://github.com/microsoft/vscode/pull/87648,Add CompletionItem conversion for additionalTextEdits,2019-12-24T12:48:22Z,2019-12-31T11:01:01Z,2019-12-31T11:01:01Z,2020-03-27T01:52:24Z,2026-09-25T19:03:18Z,jzyrobert,User,CONTRIBUTOR,8,4,2,1,7,2,1,2,True,True,0,ok,
microsoft/vscode,88405,https://github.com/microsoft/vscode/pull/88405,Re-engineer the wrapping algorithm & more,2020-01-10T07:56:05Z,2020-01-10T08:32:01Z,2020-01-10T08:32:01Z,2020-03-27T01:32:54Z,2026-09-25T19:03:19Z,alexdima,User,MEMBER,1319,823,30,36,0,0,0,0,False,False,0,ok,
microsoft/vscode,88185,https://github.com/microsoft/vscode/pull/88185,Add setting to control whether to focus the inline editor in peek widget by default,2020-01-07T03:09:37Z,2020-01-13T09:20:25Z,2020-01-13T09:20:25Z,2020-03-27T01:32:54Z,2026-09-25T19:03:22Z,jeanp413,User,CONTRIBUTOR,24,1,3,1,6,2,1,1,True,True,0,ok,
microsoft/vscode,86778,https://github.com/microsoft/vscode/pull/86778,Show empty image instead of error in git diff view for newly staged images,2019-12-11T23:42:18Z,2020-01-13T14:53:40Z,2020-01-13T14:53:40Z,2020-03-27T01:52:24Z,2026-09-25T19:03:24Z,mjbvz,User,CONTRIBUTOR,43,34,2,2,0,0,0,0,False,False,0,ok,
microsoft/vscode,88502,https://github.com/microsoft/vscode/pull/88502,Fixes cannot create new debug watch expressions while filtering is active,2020-01-12T07:48:55Z,2020-01-13T17:00:29Z,2020-01-13T17:00:29Z,2020-03-27T01:32:54Z,2026-09-25T19:03:26Z,jeanp413,User,CONTRIBUTOR,74,58,2,2,0,0,0,0,False,False,0,ok,
microsoft/vscode,88237,https://github.com/microsoft/vscode/pull/88237,Reduce duplication and make code less opaque,2020-01-07T20:43:45Z,2020-01-13T17:16:44Z,2020-01-13T17:16:44Z,2020-03-27T01:32:54Z,2026-09-25T19:03:27Z,solomatov,User,CONTRIBUTOR,7,12,1,5,1,1,1,0,True,False,0,ok,
microsoft/vscode,86659,https://github.com/microsoft/vscode/pull/86659,Bump node-native-keymap to 2.1.1 for easier arm64 cross-compilation,2019-12-10T13:22:45Z,2020-01-14T09:27:15Z,2020-01-14T09:27:16Z,2020-03-27T01:52:24Z,2026-09-25T19:03:28Z,dimkr,User,CONTRIBUTOR,5,5,2,12,0,0,0,0,False,False,0,ok,
microsoft/vscode,88431,https://github.com/microsoft/vscode/pull/88431,semantic highlight prototype for TypeScript/JavaScript,2020-01-10T15:18:51Z,2020-01-14T10:17:10Z,2020-01-14T10:17:10Z,2020-03-27T01:32:54Z,2026-09-25T19:03:30Z,aeschli,User,CONTRIBUTOR,629,1493,8,32,5,2,1,1,True,True,0,ok,
microsoft/vscode,88536,https://github.com/microsoft/vscode/pull/88536,Support for Shadow DOM,2020-01-13T10:59:07Z,2020-01-20T09:06:57Z,2020-01-20T09:06:57Z,2020-03-27T01:32:54Z,2026-09-25T19:03:31Z,lmvco,User,CONTRIBUTOR,105,4,2,18,5,1,0,1,True,True,0,ok,
microsoft/vscode,88976,https://github.com/microsoft/vscode/pull/88976,Defaulted mirrorCursorOnMatchingTag to false,2020-01-20T14:19:50Z,2020-01-22T09:47:16Z,2020-01-22T09:47:17Z,2020-03-27T01:32:54Z,2026-09-25T19:03:32Z,jarodsmk,User,CONTRIBUTOR,1,1,1,2,0,0,0,0,False,False,0,ok,
microsoft/vscode,88823,https://github.com/microsoft/vscode/pull/88823,Add movable property to views and add toggle view commands,2020-01-17T05:28:02Z,2020-01-23T14:16:58Z,2020-01-23T14:16:58Z,2020-03-27T01:32:54Z,2026-09-25T19:03:34Z,sbatten,User,MEMBER,790,618,21,15,2,1,1,1,True,True,0,ok,
microsoft/vscode,89130,https://github.com/microsoft/vscode/pull/89130,Fix resource scope access error logging,2020-01-23T01:55:38Z,2020-01-23T18:00:51Z,2020-01-23T18:00:51Z,2020-03-27T01:32:54Z,2026-09-25T19:03:35Z,mjbvz,User,CONTRIBUTOR,1,1,1,1,1,1,1,0,True,False,0,ok,
microsoft/vscode,89131,https://github.com/microsoft/vscode/pull/89131,"Correctly convert `getConfiguration('section', null)` to a resource scope config accessor ",2020-01-23T02:08:34Z,2020-01-23T18:01:07Z,2020-01-23T18:01:07Z,2020-03-27T01:32:54Z,2026-09-25T19:03:37Z,mjbvz,User,CONTRIBUTOR,3,0,1,1,1,1,1,0,True,False,0,ok,
microsoft/vscode,89159,https://github.com/microsoft/vscode/pull/89159, untitled - change mode when found in paste data,2020-01-23T12:46:10Z,2020-01-24T06:27:27Z,2020-01-24T06:27:28Z,2020-03-27T01:32:54Z,2026-09-25T19:03:39Z,bpasero,User,CONTRIBUTOR,114,36,12,2,0,0,0,0,False,False,0,ok,
microsoft/vscode,89461,https://github.com/microsoft/vscode/pull/89461,"Use capital ""N"" for new",2020-01-28T13:22:45Z,2020-01-28T17:33:57Z,2020-01-28T17:33:57Z,2020-03-27T01:32:54Z,2026-09-25T19:03:40Z,AlexStrNik,User,CONTRIBUTOR,2,2,2,1,0,0,0,0,False,False,0,ok,
microsoft/vscode,89585,https://github.com/microsoft/vscode/pull/89585,Removed search.location from search.contribution.ts,2020-01-29T06:58:50Z,2020-01-29T16:02:50Z,2020-01-29T16:02:50Z,2020-03-27T01:32:51Z,2026-09-25T19:03:42Z,sportshead,User,CONTRIBUTOR,0,6,1,1,0,0,0,0,False,False,0,ok,
microsoft/vscode,89912,https://github.com/microsoft/vscode/pull/89912,fix untitled related smoke tests,2020-02-03T10:17:47Z,2020-02-03T10:19:01Z,2020-02-03T10:19:01Z,2020-03-27T01:32:51Z,2026-09-25T19:03:43Z,bpasero,User,CONTRIBUTOR,2,2,2,1,1,1,1,0,True,False,0,ok,
microsoft/vscode,88458,https://github.com/microsoft/vscode/pull/88458,Fix link handing in extension pseudoterminals,2020-01-10T23:18:35Z,2020-02-04T18:33:34Z,2020-02-04T18:33:34Z,2020-03-27T01:32:54Z,2026-09-25T19:03:44Z,solomatov,User,CONTRIBUTOR,1,0,1,2,1,1,1,0,True,False,0,ok,
microsoft/vscode,90010,https://github.com/microsoft/vscode/pull/90010,Use playwright for unit tests,2020-02-04T14:06:33Z,2020-02-05T10:16:09Z,2020-02-05T10:16:09Z,2020-03-27T01:32:51Z,2026-09-25T19:03:45Z,jrieken,User,CONTRIBUTOR,608,17,10,13,0,0,0,0,False,False,0,ok,
microsoft/vscode,90096,https://github.com/microsoft/vscode/pull/90096,Fix #90093,2020-02-05T19:25:00Z,2020-02-05T19:39:54Z,2020-02-05T19:39:54Z,2020-03-27T01:32:51Z,2026-09-25T19:03:47Z,octref,User,CONTRIBUTOR,0,1,1,1,2,1,1,0,True,False,0,ok,
microsoft/vscode,90103,https://github.com/microsoft/vscode/pull/90103,"Docs: fix package.json field name ""extensionDependency""",2020-02-05T21:07:56Z,2020-02-06T08:50:30Z,2020-02-06T08:50:30Z,2020-03-27T01:32:51Z,2026-09-25T19:03:48Z,letmaik,User,MEMBER,1,1,1,1,0,0,0,0,False,False,0,ok,
microsoft/vscode,89842,https://github.com/microsoft/vscode/pull/89842,"Rename ""Contributions"" to ""Feature Contributions""",2020-02-01T17:25:33Z,2020-02-06T19:08:01Z,2020-02-06T19:08:01Z,2020-03-27T01:32:51Z,2026-09-25T19:03:49Z,bepvte,User,CONTRIBUTOR,3,3,1,3,1,1,1,0,True,False,0,ok,
microsoft/vscode,90245,https://github.com/microsoft/vscode/pull/90245,Move terminal unit tests to browser and common,2020-02-07T16:54:22Z,2020-02-10T12:58:41Z,2020-02-10T12:58:41Z,2020-03-27T01:32:51Z,2026-09-25T19:03:50Z,Tyriar,User,CONTRIBUTOR,3,2,7,2,1,1,1,0,True,False,0,ok,
microsoft/vscode,90252,https://github.com/microsoft/vscode/pull/90252,Migrate Terminal Panel to ViewPane,2020-02-07T19:14:54Z,2020-02-10T17:45:16Z,2020-02-10T17:45:16Z,2020-03-27T01:32:51Z,2026-09-25T19:03:51Z,sbatten,User,MEMBER,126,118,10,5,3,3,2,0,True,False,0,ok,
microsoft/vscode,90270,https://github.com/microsoft/vscode/pull/90270,Don't use innerHtml to build menus,2020-02-08T01:44:45Z,2020-02-10T22:40:45Z,2020-02-10T22:40:45Z,2020-03-27T01:32:51Z,2026-09-25T19:03:53Z,mjbvz,User,CONTRIBUTOR,18,11,1,1,2,1,1,1,True,True,0,ok,
microsoft/vscode,90425,https://github.com/microsoft/vscode/pull/90425,Fix order of views in quick pick,2020-02-11T07:05:10Z,2020-02-11T08:00:25Z,2020-02-11T08:00:25Z,2020-03-27T23:22:06Z,2026-09-25T19:03:54Z,sandy081,User,MEMBER,1,0,1,1,1,1,1,0,True,False,0,ok,
microsoft/vscode,90190,https://github.com/microsoft/vscode/pull/90190,"Add ""accept local"" and ""accept remote"" buttons to setting conflict notification",2020-02-07T01:05:31Z,2020-02-11T08:45:18Z,2020-02-11T08:45:19Z,2020-03-27T23:22:06Z,2026-09-25T19:03:55Z,roblourens,User,MEMBER,76,33,1,3,1,1,1,0,True,False,0,ok,
microsoft/vscode,90442,https://github.com/microsoft/vscode/pull/90442,Enable grid boundary sashes,2020-02-11T11:39:54Z,2020-02-11T15:26:17Z,2020-02-11T15:26:17Z,2020-03-27T23:22:06Z,2026-09-25T19:03:56Z,joaomoreno,User,CONTRIBUTOR,119,20,3,3,0,0,0,0,False,False,0,ok,
microsoft/vscode,90479,https://github.com/microsoft/vscode/pull/90479,fix: add entitlement to allow dyld env variables in child processes,2020-02-11T19:56:26Z,2020-02-12T09:59:04Z,2020-02-12T09:59:04Z,2020-03-28T23:23:38Z,2026-09-25T19:03:57Z,deepak1556,User,COLLABORATOR,2,0,1,2,1,1,1,0,True,False,0,ok,
microsoft/vscode,90522,https://github.com/microsoft/vscode/pull/90522,windows - run integration tests against firefox,2020-02-12T12:59:21Z,2020-02-12T12:59:36Z,2020-02-12T12:59:36Z,2020-03-28T23:23:38Z,2026-09-25T19:03:58Z,bpasero,User,CONTRIBUTOR,1,1,1,1,0,0,0,0,False,False,0,ok,
microsoft/vscode,90418,https://github.com/microsoft/vscode/pull/90418,Add a command to open the EH logs folder,2020-02-11T05:09:45Z,2020-02-13T08:41:54Z,2020-02-13T08:41:54Z,2020-03-29T23:22:33Z,2026-09-25T19:04:00Z,roblourens,User,MEMBER,41,10,5,3,9,2,1,0,True,False,0,ok,
microsoft/vscode,88041,https://github.com/microsoft/vscode/pull/88041,Avoid polluting shell history with debugger commands,2020-01-03T13:13:06Z,2020-02-13T15:59:28Z,2020-02-13T15:59:29Z,2020-03-29T23:22:33Z,2026-09-25T19:04:02Z,nnsee,User,CONTRIBUTOR,2,1,1,4,0,0,0,0,False,False,0,ok,
microsoft/vscode,90554,https://github.com/microsoft/vscode/pull/90554,"Fix suspected bug, replacing string with itself",2020-02-12T20:21:47Z,2020-02-17T10:05:31Z,2020-02-17T10:05:31Z,2020-04-02T23:22:17Z,2026-09-25T19:04:03Z,scovetta,User,MEMBER,4,4,1,1,0,0,0,0,False,False,0,ok,
microsoft/vscode,90830,https://github.com/microsoft/vscode/pull/90830,Adopt LinkedText in notifications,2020-02-17T14:46:50Z,2020-02-18T09:23:55Z,2020-02-18T09:23:55Z,2020-04-03T23:22:10Z,2026-09-25T19:04:04Z,joaomoreno,User,CONTRIBUTOR,29,85,4,1,3,2,1,0,True,False,0,ok,
microsoft/vscode,90715,https://github.com/microsoft/vscode/pull/90715,experiments: add conditions for user settings and activation events,2020-02-14T19:17:27Z,2020-02-18T18:15:01Z,2020-02-18T18:15:01Z,2020-04-03T23:22:10Z,2026-09-25T19:04:05Z,connor4312,User,MEMBER,331,22,3,4,3,2,1,0,True,False,0,ok,
microsoft/vscode,90846,https://github.com/microsoft/vscode/pull/90846,Add a ClipboardService to the StandaloneDiffEditor,2020-02-17T21:52:58Z,2020-02-19T10:15:08Z,2020-02-19T10:15:08Z,2020-04-04T23:22:14Z,2026-09-25T19:04:06Z,nrayburn-tech,User,CONTRIBUTOR,88,78,7,5,0,0,0,0,False,False,0,ok,
microsoft/vscode,90950,https://github.com/microsoft/vscode/pull/90950,Define IIdentifiedSingleEditOperation.range as IRange instead of Range,2020-02-19T07:34:22Z,2020-02-19T12:54:37Z,2020-02-19T12:54:37Z,2020-04-04T23:22:14Z,2026-09-25T19:04:07Z,bolinfest,User,CONTRIBUTOR,158,76,14,2,0,0,0,0,False,False,0,ok,
microsoft/vscode,91035,https://github.com/microsoft/vscode/pull/91035,Enable to open diagnostic link from problems panel with keyboard,2020-02-20T01:37:50Z,2020-02-20T09:27:46Z,2020-02-20T09:27:47Z,2020-04-05T23:22:15Z,2026-09-25T19:04:08Z,jeanp413,User,CONTRIBUTOR,18,8,1,2,0,0,0,0,False,False,0,ok,
microsoft/vscode,91042,https://github.com/microsoft/vscode/pull/91042,Emit wheel event when there is no scrolling in the webview.,2020-02-20T05:30:48Z,2020-02-20T18:52:33Z,2020-02-20T18:52:33Z,2020-04-05T23:22:15Z,2026-09-25T19:04:10Z,rebornix,User,CONTRIBUTOR,33,0,4,2,1,1,1,0,True,False,0,ok,
microsoft/vscode,91743,https://github.com/microsoft/vscode/pull/91743,Fix #91737,2020-02-28T10:06:28Z,2020-02-28T10:08:59Z,2020-02-28T10:09:00Z,2020-04-13T23:22:24Z,2026-09-25T19:04:11Z,sandy081,User,MEMBER,1,1,1,1,1,1,1,0,True,False,0,ok,
microsoft/vscode,91746,https://github.com/microsoft/vscode/pull/91746,Make sure that C: is C:\ in simple file picker,2020-02-28T10:25:31Z,2020-02-28T10:50:52Z,2020-02-28T10:50:52Z,2020-04-13T23:22:24Z,2026-09-25T19:04:12Z,alexr00,User,MEMBER,2,0,1,3,1,1,1,0,True,False,0,ok,
microsoft/vscode,91429,https://github.com/microsoft/vscode/pull/91429,Fix search view 'Toggle Search Detail' padding,2020-02-25T17:35:33Z,2020-03-02T18:40:19Z,2020-03-02T18:40:19Z,2020-04-16T23:22:33Z,2026-09-25T19:04:13Z,jaqra,Organization,NONE,2,1,1,1,1,1,1,0,True,False,0,ok,
microsoft/vscode,92084,https://github.com/microsoft/vscode/pull/92084,Give default tasks value for configuration,2020-03-05T14:43:46Z,2020-03-09T09:45:41Z,2020-03-09T09:45:41Z,2020-04-23T23:22:36Z,2026-09-25T19:04:14Z,alexr00,User,MEMBER,13,2,2,1,1,1,1,0,True,False,0,ok,
microsoft/vscode,92046,https://github.com/microsoft/vscode/pull/92046,Allow using Command in StatusBarItem,2020-03-05T00:48:41Z,2020-03-09T19:57:34Z,2020-03-09T19:57:34Z,2020-04-23T23:22:36Z,2026-09-25T19:04:15Z,mjbvz,User,CONTRIBUTOR,59,33,8,1,0,0,0,0,False,False,0,ok,
microsoft/vscode,92108,https://github.com/microsoft/vscode/pull/92108,Use codicons in scm,2020-03-05T19:28:44Z,2020-03-09T20:38:06Z,2020-03-09T20:38:06Z,2020-04-23T23:22:36Z,2026-09-25T19:04:16Z,miguelsolorio,User,CONTRIBUTOR,22,122,18,2,0,0,0,0,False,False,0,ok,
microsoft/vscode,92468,https://github.com/microsoft/vscode/pull/92468,Don't restore backup'd folders,2020-03-11T11:33:00Z,2020-03-12T08:44:07Z,2020-03-12T08:44:07Z,2020-04-26T23:22:31Z,2026-09-25T19:04:17Z,aeschli,User,CONTRIBUTOR,3,2,1,1,1,1,1,0,True,False,0,ok,
microsoft/vscode,86632,https://github.com/microsoft/vscode/pull/86632,Notebook exploration,2019-12-10T03:44:59Z,2020-03-18T19:06:57Z,2020-03-18T19:06:57Z,2020-05-02T23:22:35Z,2026-09-25T19:04:18Z,rebornix,User,CONTRIBUTOR,9972,18,56,319,6,3,0,0,True,False,0,ok,
microsoft/vscode,93125,https://github.com/microsoft/vscode/pull/93125,Fix history entries navigation taking extra navigates in debug console,2020-03-20T22:48:58Z,2020-03-24T11:41:47Z,2020-03-24T11:41:48Z,2020-05-08T23:22:29Z,2026-09-25T19:04:19Z,piraces,User,CONTRIBUTOR,51,2,2,2,0,0,0,0,False,False,0,ok,
microsoft/vscode,93275,https://github.com/microsoft/vscode/pull/93275,Implement execution order indicator,2020-03-24T03:08:02Z,2020-03-25T22:52:29Z,2020-03-25T22:52:29Z,2020-05-09T23:22:38Z,2026-09-25T19:04:21Z,roblourens,User,MEMBER,119,41,12,1,1,1,1,0,True,False,0,ok,
microsoft/vscode,93723,https://github.com/microsoft/vscode/pull/93723,Indicate dirty workspaces in recently opened,2020-03-30T08:57:49Z,2020-03-30T09:36:46Z,2020-03-30T09:36:46Z,2020-05-14T23:22:26Z,2026-09-25T19:04:22Z,bpasero,User,CONTRIBUTOR,276,79,13,9,0,0,0,0,False,False,0,ok,
microsoft/vscode,93569,https://github.com/microsoft/vscode/pull/93569,Implement support for DocumentRangeSemanticTokensProvider,2020-03-27T11:47:04Z,2020-03-30T21:52:59Z,2020-03-30T21:53:00Z,2020-05-14T23:22:26Z,2026-09-25T19:04:23Z,alexdima,User,MEMBER,1157,516,15,15,0,0,0,0,False,False,0,ok,
microsoft/vscode,94222,https://github.com/microsoft/vscode/pull/94222,Fix #93621. Emit wheel event only when the webview does not scroll.,2020-04-01T22:03:58Z,2020-04-03T21:39:49Z,2020-04-03T21:39:49Z,2020-05-18T23:22:22Z,2026-09-25T19:04:24Z,rebornix,User,CONTRIBUTOR,49,5,1,1,0,0,0,0,False,False,0,ok,
microsoft/vscode,90773,https://github.com/microsoft/vscode/pull/90773,Fix #90734 Add starting directory parameter for the new Windows Terminal,2020-02-16T03:31:41Z,2020-04-05T23:55:56Z,2020-04-05T23:55:57Z,2020-05-21T23:22:17Z,2026-09-25T19:04:26Z,MonoLizard,User,CONTRIBUTOR,26,0,2,2,1,1,1,0,True,False,0,ok,
microsoft/vscode,94435,https://github.com/microsoft/vscode/pull/94435,Display extension version,2020-04-04T09:44:57Z,2020-04-06T08:14:11Z,2020-04-06T08:14:11Z,2020-05-21T23:22:13Z,2026-09-25T19:04:27Z,dsseng,User,CONTRIBUTOR,9,0,1,2,0,0,0,0,False,False,0,ok,
microsoft/vscode,94512,https://github.com/microsoft/vscode/pull/94512,quickInput: Always show input if screen reader attached,2020-04-06T09:06:48Z,2020-04-06T09:15:29Z,2020-04-06T09:15:29Z,2020-05-21T23:22:13Z,2026-09-25T19:04:28Z,isidorn,User,NONE,7,1,1,1,1,1,1,0,True,False,0,ok,
microsoft/vscode,94540,https://github.com/microsoft/vscode/pull/94540,Adopt native iterators across the workbench,2020-04-06T13:27:10Z,2020-04-06T13:31:20Z,2020-04-06T13:31:20Z,2020-05-21T23:22:14Z,2026-09-25T19:04:29Z,joaomoreno,User,CONTRIBUTOR,255,456,21,3,0,0,0,0,False,False,0,ok,
microsoft/vscode,94492,https://github.com/microsoft/vscode/pull/94492,Improve workbench.editorAssociations setting UX,2020-04-05T23:40:01Z,2020-04-06T18:54:05Z,2020-04-06T18:54:05Z,2020-05-21T23:22:13Z,2026-09-25T19:04:31Z,mjbvz,User,CONTRIBUTOR,9,7,1,1,2,1,1,0,True,False,0,ok,
microsoft/vscode,94459,https://github.com/microsoft/vscode/pull/94459,Display future events in timeline correctly,2020-04-05T06:15:32Z,2020-04-07T03:27:01Z,2020-04-07T03:27:01Z,2020-05-22T23:22:13Z,2026-09-25T19:04:32Z,dsseng,User,CONTRIBUTOR,3,1,1,1,0,0,0,0,False,False,0,ok,
microsoft/vscode,94952,https://github.com/microsoft/vscode/pull/94952,Shared editor association setting between custom editor and notebook,2020-04-10T21:20:25Z,2020-04-13T15:59:54Z,2020-04-13T15:59:55Z,2020-05-28T23:22:22Z,2026-09-25T19:04:33Z,rebornix,User,CONTRIBUTOR,125,45,7,1,1,1,1,0,True,False,0,ok,
microsoft/vscode,95005,https://github.com/microsoft/vscode/pull/95005,Prevent CodeLens CSS selector name from being invalid,2020-04-11T16:15:59Z,2020-04-14T07:55:24Z,2020-04-14T07:55:24Z,2020-05-29T23:22:22Z,2026-09-25T19:04:36Z,x24git,User,CONTRIBUTOR,1,1,1,2,1,1,1,0,True,False,0,ok,
microsoft/vscode,94838,https://github.com/microsoft/vscode/pull/94838,Debug: major theming improvements 🎨 🎉,2020-04-09T23:17:28Z,2020-04-14T10:17:35Z,2020-04-14T10:17:35Z,2020-05-29T23:22:23Z,2026-09-25T19:04:37Z,robertrossmann,User,CONTRIBUTOR,148,156,5,4,8,2,1,2,True,True,0,ok,
microsoft/vscode,94887,https://github.com/microsoft/vscode/pull/94887,Recovery: 94742,2020-04-10T09:07:47Z,2020-04-14T16:03:24Z,2020-04-14T16:03:24Z,2020-05-29T23:22:23Z,2026-09-25T19:04:38Z,bpasero,User,CONTRIBUTOR,42,11,3,2,1,1,1,0,True,False,0,ok,
microsoft/vscode,95193,https://github.com/microsoft/vscode/pull/95193,Reveal file in OS should work for special files like settings.json wi…,2020-04-14T08:37:44Z,2020-04-15T07:17:43Z,2020-04-15T07:17:46Z,2020-05-30T23:22:22Z,2026-09-25T19:04:39Z,usernamehw,User,CONTRIBUTOR,1,1,1,1,0,0,0,0,False,False,0,ok,
microsoft/vscode,95131,https://github.com/microsoft/vscode/pull/95131,fixes #94724,2020-04-13T16:11:55Z,2020-04-15T13:40:09Z,2020-04-15T13:40:09Z,2020-05-30T23:22:22Z,2026-09-25T19:04:41Z,sbatten,User,MEMBER,1,7,1,1,1,1,1,0,True,False,0,ok,
microsoft/vscode,95392,https://github.com/microsoft/vscode/pull/95392,Show confirmation dialog on sign out listing everything using the account,2020-04-16T00:11:13Z,2020-04-16T11:06:30Z,2020-04-16T11:06:30Z,2020-05-31T23:22:28Z,2026-09-25T19:04:42Z,RMacfarlane,User,NONE,25,9,2,2,1,1,1,0,True,False,0,ok,
microsoft/vscode,95217,https://github.com/microsoft/vscode/pull/95217,Add transition to backdrop-filter when dragging elements,2020-04-14T12:33:31Z,2020-04-17T14:43:56Z,2020-04-17T14:43:56Z,2020-06-01T23:22:40Z,2026-09-25T19:04:44Z,5onderling,User,CONTRIBUTOR,8,6,1,2,1,1,1,0,True,False,0,ok,
microsoft/vscode,95759,https://github.com/microsoft/vscode/pull/95759,Make environment variable widget screen reader and keyboard accessible,2020-04-21T11:08:09Z,2020-04-21T11:55:30Z,2020-04-21T11:55:31Z,2020-06-05T23:22:13Z,2026-09-25T19:04:45Z,Tyriar,User,CONTRIBUTOR,54,4,6,3,0,0,0,0,False,False,0,ok,
microsoft/vscode,95730,https://github.com/microsoft/vscode/pull/95730,Add `reopen with` command to editor title,2020-04-20T23:13:56Z,2020-04-21T19:16:30Z,2020-04-21T19:16:31Z,2020-06-05T23:22:13Z,2026-09-25T19:04:47Z,mjbvz,User,CONTRIBUTOR,25,69,4,1,1,1,1,0,True,False,0,ok,
microsoft/vscode,95712,https://github.com/microsoft/vscode/pull/95712,Make hover actions keyboard accessible,2020-04-20T15:48:58Z,2020-04-21T20:53:20Z,2020-04-21T20:53:20Z,2020-06-05T23:22:13Z,2026-09-25T19:04:48Z,Tyriar,User,CONTRIBUTOR,5,0,1,2,1,1,1,0,True,False,0,ok,
microsoft/vscode,95566,https://github.com/microsoft/vscode/pull/95566,TS: Add setting to prompt users about workspace tsdk,2020-04-17T20:56:21Z,2020-04-22T17:57:23Z,2020-04-22T17:57:23Z,2020-06-06T23:22:09Z,2026-09-25T19:04:50Z,DuncanWalter,User,CONTRIBUTOR,80,5,5,2,4,2,0,2,True,True,0,ok,
microsoft/vscode,95795,https://github.com/microsoft/vscode/pull/95795,Convert more calls to SyncActionDescriptor.create to SyncActionDescriptor.from,2020-04-21T19:12:51Z,2020-04-22T20:19:55Z,2020-04-22T20:19:56Z,2020-06-06T23:22:09Z,2026-09-25T19:04:51Z,mjbvz,User,CONTRIBUTOR,14,13,8,1,3,3,3,0,True,False,0,ok,
microsoft/vscode,95929,https://github.com/microsoft/vscode/pull/95929,More directly log account id in settings sync,2020-04-23T01:09:16Z,2020-04-23T07:48:57Z,2020-04-23T07:48:57Z,2020-06-07T23:22:43Z,2026-09-25T19:04:52Z,RMacfarlane,User,NONE,8,5,1,1,1,1,0,0,True,False,0,ok,
microsoft/vscode,96061,https://github.com/microsoft/vscode/pull/96061,Move EnvironmentVariableCollection API into ExtensionContext,2020-04-24T13:45:00Z,2020-04-24T23:45:31Z,2020-04-24T23:45:31Z,2020-06-09T23:22:36Z,2026-09-25T19:04:53Z,Tyriar,User,CONTRIBUTOR,73,79,8,5,0,0,0,0,False,False,0,ok,
microsoft/vscode,93732,https://github.com/microsoft/vscode/pull/93732,Add editorOverviewRuler.background colour customisation point,2020-03-30T10:00:41Z,2020-04-27T07:57:38Z,2020-04-27T07:57:38Z,2020-06-11T23:22:28Z,2026-09-25T19:04:54Z,robertrossmann,User,CONTRIBUTOR,6,2,2,1,1,1,1,0,True,False,0,ok,
microsoft/vscode,96203,https://github.com/microsoft/vscode/pull/96203,Fixes clicking on problems filter inputbox makes problems panel callapse,2020-04-26T19:44:35Z,2020-04-27T08:19:13Z,2020-04-27T08:19:13Z,2020-06-11T23:22:24Z,2026-09-25T19:04:56Z,jeanp413,User,CONTRIBUTOR,4,0,1,2,1,1,1,0,True,False,0,ok,
microsoft/vscode,96820,https://github.com/microsoft/vscode/pull/96820,editor groups - resolve #96725,2020-05-02T06:35:41Z,2020-05-04T08:22:50Z,2020-05-04T08:22:50Z,2020-06-18T23:22:39Z,2026-09-25T19:04:57Z,bpasero,User,CONTRIBUTOR,41,5,2,1,1,1,1,0,True,False,0,ok,
microsoft/vscode,97011,https://github.com/microsoft/vscode/pull/97011,Fix task instance limit,2020-05-05T15:42:53Z,2020-05-05T16:10:07Z,2020-05-05T16:10:07Z,2020-06-19T23:22:13Z,2026-09-25T19:04:58Z,alexr00,User,MEMBER,13,0,2,1,2,2,1,0,True,False,0,ok,
microsoft/vscode,97066,https://github.com/microsoft/vscode/pull/97066,create spdlog service after workbench is restored,2020-05-06T10:41:15Z,2020-05-07T12:01:45Z,2020-05-07T12:01:45Z,2020-06-21T23:22:32Z,2026-09-25T19:04:59Z,sandy081,User,MEMBER,75,25,2,5,2,1,1,1,True,True,0,ok,
microsoft/vscode,96907,https://github.com/microsoft/vscode/pull/96907,drag&drop a VSIX file on the extensions viewlet,2020-05-04T11:54:27Z,2020-05-07T13:05:06Z,2020-05-07T13:05:06Z,2020-06-21T23:22:32Z,2026-09-25T19:05:01Z,lszomoru,User,MEMBER,105,33,3,2,3,2,2,1,True,True,0,ok,
microsoft/vscode,97185,https://github.com/microsoft/vscode/pull/97185,Focus notebook output,2020-05-07T21:44:00Z,2020-05-08T16:31:25Z,2020-05-08T16:31:25Z,2020-06-22T23:22:19Z,2026-09-25T19:05:02Z,ctmayn,User,CONTRIBUTOR,206,71,6,10,7,3,2,1,True,True,0,ok,
microsoft/vscode,97255,https://github.com/microsoft/vscode/pull/97255,Fix #97192 - delete bad setting validation,2020-05-08T13:56:08Z,2020-05-08T18:32:03Z,2020-05-08T18:32:03Z,2020-06-22T23:22:19Z,2026-09-25T19:05:04Z,roblourens,User,MEMBER,0,1,1,1,1,1,1,0,True,False,0,ok,
microsoft/vscode,96822,https://github.com/microsoft/vscode/pull/96822,improve propagating debugging arguments (#96337),2020-05-02T07:08:55Z,2020-05-11T14:29:53Z,2020-05-11T14:29:54Z,2020-06-25T23:22:32Z,2026-09-25T19:05:05Z,bpasero,User,CONTRIBUTOR,26,22,1,1,1,1,1,0,True,False,0,ok,
microsoft/vscode,96955,https://github.com/microsoft/vscode/pull/96955,Use generic for providers with resolve methods,2020-05-05T00:10:53Z,2020-05-11T20:06:04Z,2020-05-11T20:06:04Z,2020-06-25T23:22:32Z,2026-09-25T19:05:06Z,mjbvz,User,CONTRIBUTOR,25,630,4,3,1,1,0,0,True,False,0,ok,
microsoft/vscode,97627,https://github.com/microsoft/vscode/pull/97627,debug: filter exceptions from DAP telemetry on web,2020-05-12T17:13:52Z,2020-05-12T20:17:02Z,2020-05-12T20:17:02Z,2020-06-26T23:22:35Z,2026-09-25T19:05:07Z,connor4312,User,MEMBER,124,5,11,3,2,2,1,0,True,False,0,ok,
microsoft/vscode,97321,https://github.com/microsoft/vscode/pull/97321,Add option to create launch config in workspace file,2020-05-09T02:42:05Z,2020-05-13T09:25:53Z,2020-05-13T09:25:54Z,2020-06-27T23:22:25Z,2026-09-25T19:05:09Z,jeanp413,User,CONTRIBUTOR,39,18,2,3,3,2,0,1,True,True,0,ok,
microsoft/vscode,96890,https://github.com/microsoft/vscode/pull/96890,Dont scroll to revealed files option.,2020-05-04T00:54:15Z,2020-05-13T13:44:43Z,2020-05-13T13:44:46Z,2020-06-27T23:22:25Z,2026-09-25T19:05:10Z,phuein,User,CONTRIBUTOR,19,11,4,5,7,3,0,2,True,True,0,ok,
microsoft/vscode,97789,https://github.com/microsoft/vscode/pull/97789,:up: playwright,2020-05-14T07:51:55Z,2020-05-14T07:59:12Z,2020-05-14T07:59:12Z,2020-06-28T23:22:14Z,2026-09-25T19:05:11Z,bpasero,User,CONTRIBUTOR,11,11,3,1,1,1,1,0,True,False,0,ok,
microsoft/vscode,98236,https://github.com/microsoft/vscode/pull/98236,editor: conoslidte computing of editor aria labels ,2020-05-20T11:15:02Z,2020-05-20T14:01:16Z,2020-05-20T14:01:16Z,2020-07-04T23:22:35Z,2026-09-25T19:05:13Z,isidorn,User,NONE,41,42,8,2,6,2,0,1,True,True,0,ok,
microsoft/vscode,98628,https://github.com/microsoft/vscode/pull/98628,Introduce electron-sandbox,2020-05-27T05:02:25Z,2020-05-27T05:48:01Z,2020-05-27T05:48:01Z,2020-07-11T23:22:21Z,2026-09-25T19:05:14Z,bpasero,User,CONTRIBUTOR,1504,669,138,39,0,0,0,0,False,False,0,ok,
microsoft/vscode,98936,https://github.com/microsoft/vscode/pull/98936,workaround #98934,2020-06-01T06:50:45Z,2020-06-01T06:50:52Z,2020-06-01T06:50:52Z,2020-07-16T23:22:25Z,2026-09-25T19:05:15Z,bpasero,User,CONTRIBUTOR,4,0,1,1,0,0,0,0,False,False,0,ok,
microsoft/vscode,98447,https://github.com/microsoft/vscode/pull/98447,Support for Unicode-aware regular expressions in Monaco Monarch language definitions,2020-05-23T23:10:25Z,2020-06-01T16:03:36Z,2020-06-01T16:03:37Z,2020-07-16T23:22:26Z,2026-09-25T19:05:16Z,D-to-the-K,User,CONTRIBUTOR,17,3,5,2,0,0,0,0,False,False,0,ok,
microsoft/vscode,99315,https://github.com/microsoft/vscode/pull/99315,Add playwright to workspace tags,2020-06-03T20:51:35Z,2020-06-05T17:03:23Z,2020-06-05T17:03:24Z,2020-07-20T23:22:22Z,2026-09-25T19:05:17Z,arjunattam,User,CONTRIBUTOR,12,1,1,3,1,1,1,0,True,False,0,ok,
microsoft/vscode,99312,https://github.com/microsoft/vscode/pull/99312,Mark  _serviceBrand properties using declare,2020-06-03T18:59:08Z,2020-06-05T18:04:16Z,2020-06-05T18:04:16Z,2020-07-20T23:22:22Z,2026-09-25T19:05:18Z,mjbvz,User,CONTRIBUTOR,459,459,338,1,1,1,0,0,True,False,0,ok,
microsoft/vscode,99476,https://github.com/microsoft/vscode/pull/99476,Add playwright to workspace tags,2020-06-05T18:31:39Z,2020-06-05T18:36:45Z,2020-06-05T18:36:45Z,2020-07-20T23:22:22Z,2026-09-25T19:05:19Z,sana-ajani,User,CONTRIBUTOR,12,1,1,1,1,1,1,0,True,False,0,ok,
microsoft/vscode,99453,https://github.com/microsoft/vscode/pull/99453,Fixes focused status bar entry should use orange border when using the high contrast theme,2020-06-05T14:11:21Z,2020-06-08T10:44:08Z,2020-06-08T10:44:09Z,2020-07-23T23:22:32Z,2026-09-25T19:05:21Z,jeanp413,User,CONTRIBUTOR,28,13,1,2,0,0,0,0,False,False,0,ok,
microsoft/vscode,99503,https://github.com/microsoft/vscode/pull/99503,refs #94331,2020-06-06T02:12:07Z,2020-06-08T17:03:04Z,2020-06-08T17:03:04Z,2020-07-23T23:22:32Z,2026-09-25T19:05:22Z,sbatten,User,MEMBER,42,43,8,3,2,2,2,0,True,False,0,ok,
microsoft/vscode,99582,https://github.com/microsoft/vscode/pull/99582,Fixes Error Cannot read property 'id' of undefined when dragging view to Panel with no pinned views,2020-06-08T02:30:19Z,2020-06-08T19:50:22Z,2020-06-08T19:50:22Z,2020-07-23T23:22:31Z,2026-09-25T19:05:23Z,jeanp413,User,CONTRIBUTOR,6,6,1,2,2,1,2,0,True,False,0,ok,
microsoft/vscode,99637,https://github.com/microsoft/vscode/pull/99637,fix: wrong extension id for js-debug,2020-06-08T21:21:07Z,2020-06-08T21:40:36Z,2020-06-08T21:40:36Z,2020-07-23T23:22:32Z,2026-09-25T19:05:24Z,connor4312,User,MEMBER,1,1,1,1,1,1,1,0,True,False,0,ok,
microsoft/vscode,99640,https://github.com/microsoft/vscode/pull/99640,Use eol when joining cells,2020-06-08T21:59:39Z,2020-06-08T23:09:21Z,2020-06-08T23:09:21Z,2020-07-23T23:22:32Z,2026-09-25T19:05:25Z,DonJayamanne,User,CONTRIBUTOR,2,3,1,1,0,0,0,0,False,False,0,ok,
microsoft/vscode,99866,https://github.com/microsoft/vscode/pull/99866,Fix codicons in hovers,2020-06-11T13:25:48Z,2020-06-12T09:11:01Z,2020-06-12T09:11:01Z,2020-07-27T23:22:17Z,2026-09-25T19:05:27Z,alexr00,User,MEMBER,6,2,2,1,2,2,2,0,True,False,0,ok,
microsoft/vscode,100032,https://github.com/microsoft/vscode/pull/100032,"notebooks: add ID for rich outputs, expose to renderer and webview",2020-06-12T20:05:00Z,2020-06-15T16:14:50Z,2020-06-15T16:14:50Z,2020-07-30T23:22:39Z,2026-09-25T19:05:28Z,connor4312,User,MEMBER,84,39,8,2,2,2,2,0,True,False,0,ok,
microsoft/vscode,100344,https://github.com/microsoft/vscode/pull/100344,Fix pinned tabs do not preserve when joining editor groups,2020-06-17T02:30:36Z,2020-06-17T06:52:13Z,2020-06-17T06:52:13Z,2020-08-01T23:22:28Z,2026-09-25T19:05:29Z,jeanp413,User,CONTRIBUTOR,2,1,1,1,0,0,0,0,False,False,0,ok,
microsoft/vscode,99413,https://github.com/microsoft/vscode/pull/99413,decouple vs/base/node/encoding.ts from node streams for #79275,2020-06-05T00:03:02Z,2020-06-17T07:09:13Z,2020-06-17T07:09:13Z,2020-08-01T23:22:32Z,2026-09-25T19:05:30Z,gyzerok,User,CONTRIBUTOR,240,239,12,1,4,1,0,0,True,False,0,ok,
microsoft/vscode,100657,https://github.com/microsoft/vscode/pull/100657,Update logging,2020-06-20T16:32:30Z,2020-06-22T11:03:40Z,2020-06-22T11:03:40Z,2020-08-06T23:22:35Z,2026-09-25T19:05:31Z,mrnossiom,User,CONTRIBUTOR,1,4,1,1,0,0,0,0,False,False,0,ok,
microsoft/vscode,100482,https://github.com/microsoft/vscode/pull/100482,Step over surrogate pairs on zero-lenth matches (fixes #100134),2020-06-18T10:48:22Z,2020-06-22T20:50:17Z,2020-06-22T20:50:18Z,2020-08-06T23:22:35Z,2026-09-25T19:05:32Z,IllusionMH,User,CONTRIBUTOR,31,2,2,1,1,1,0,0,True,False,0,ok,
microsoft/vscode,97438,https://github.com/microsoft/vscode/pull/97438,Fixes problems filter focus outline is cut off in pane header,2020-05-11T03:27:28Z,2020-06-25T23:47:17Z,2020-06-25T23:47:17Z,2020-08-10T23:22:29Z,2026-09-25T19:05:33Z,jeanp413,User,CONTRIBUTOR,14,1,1,3,1,1,1,0,True,False,0,ok,
microsoft/vscode,101047,https://github.com/microsoft/vscode/pull/101047,Use HTTPS urls for SchemaStore.org,2020-06-25T17:16:51Z,2020-06-26T06:43:59Z,2020-06-26T06:43:59Z,2020-08-10T23:22:26Z,2026-09-25T19:05:39Z,madskristensen,User,CONTRIBUTOR,2,2,1,1,0,0,0,0,False,False,0,ok,
microsoft/vscode,101224,https://github.com/microsoft/vscode/pull/101224,electron - disable remote module in all windows,2020-06-28T10:12:28Z,2020-06-28T10:12:39Z,2020-06-28T10:12:39Z,2020-08-12T23:22:18Z,2026-09-25T19:05:41Z,bpasero,User,CONTRIBUTOR,22,10,11,1,0,0,0,0,False,False,0,ok,
microsoft/vscode,101598,https://github.com/microsoft/vscode/pull/101598,Added word boundary on tsserver regex,2020-07-02T13:23:50Z,2020-07-02T20:18:58Z,2020-07-02T20:18:58Z,2020-08-16T23:22:24Z,2026-09-25T19:05:42Z,armanio123,User,CONTRIBUTOR,1,1,1,1,0,0,0,0,False,False,0,ok,
microsoft/vscode,100804,https://github.com/microsoft/vscode/pull/100804,Move read and write logic from nativeTextFileService to textFileService for #79275,2020-06-23T01:34:59Z,2020-07-03T13:55:45Z,2020-07-03T13:55:45Z,2020-08-17T23:22:11Z,2026-09-25T19:05:43Z,gyzerok,User,CONTRIBUTOR,833,217,11,5,8,2,1,1,True,True,0,ok,
microsoft/vscode,101869,https://github.com/microsoft/vscode/pull/101869,Fix color token for notebook focused cell bg,2020-07-07T17:53:58Z,2020-07-07T20:34:29Z,2020-07-07T20:34:29Z,2020-08-21T23:22:47Z,2026-09-25T19:05:44Z,miguelsolorio,User,CONTRIBUTOR,1,1,1,1,1,1,1,0,True,False,0,ok,
microsoft/vscode,101826,https://github.com/microsoft/vscode/pull/101826,Enable ts tests on ./test-integration.sh,2020-07-06T23:54:59Z,2020-07-08T00:38:03Z,2020-07-08T00:38:03Z,2020-08-22T23:22:13Z,2026-09-25T19:05:45Z,mjbvz,User,CONTRIBUTOR,41,16,5,4,0,0,0,0,False,False,0,ok,
microsoft/vscode,101904,https://github.com/microsoft/vscode/pull/101904,Ensure tasks are resolved when run from extension host,2020-07-08T08:19:58Z,2020-07-08T08:51:14Z,2020-07-08T08:51:14Z,2020-08-22T23:22:13Z,2026-09-25T19:05:47Z,alexr00,User,MEMBER,41,13,3,1,1,1,1,0,True,False,0,ok,
microsoft/vscode,102369,https://github.com/microsoft/vscode/pull/102369,Use TextDecoder when decoding UTF-8,2020-07-13T09:43:15Z,2020-07-13T09:45:02Z,2020-07-13T09:45:02Z,2020-08-27T23:22:30Z,2026-09-25T19:05:48Z,bpasero,User,CONTRIBUTOR,23,2,2,5,0,0,0,0,False,False,0,ok,
microsoft/vscode,102382,https://github.com/microsoft/vscode/pull/102382,bump@1.47.1,2020-07-13T12:17:36Z,2020-07-13T12:18:17Z,2020-07-13T12:18:17Z,2020-08-27T23:22:30Z,2026-09-25T19:05:49Z,bpasero,User,CONTRIBUTOR,1,1,1,1,1,1,1,0,True,False,0,ok,
microsoft/vscode,101849,https://github.com/microsoft/vscode/pull/101849,fix: rename textFileEdiorModel to textFileEditorModel,2020-07-07T11:09:12Z,2020-07-13T15:21:44Z,2020-07-13T15:21:45Z,2020-08-27T23:22:33Z,2026-09-25T19:05:50Z,acheronfail,User,CONTRIBUTOR,23,23,2,2,1,1,1,0,True,False,0,ok,
microsoft/vscode,102392,https://github.com/microsoft/vscode/pull/102392,debug: bump js-debug to 1.47.5 for recovery,2020-07-13T14:31:42Z,2020-07-13T17:28:16Z,2020-07-13T17:28:16Z,2020-08-27T23:22:30Z,2026-09-25T19:05:51Z,connor4312,User,MEMBER,1,1,1,1,1,1,1,0,True,False,0,ok,
microsoft/vscode,102327,https://github.com/microsoft/vscode/pull/102327,debug: use previous node debug for auto attach in the the July release,2020-07-13T02:55:54Z,2020-07-13T18:41:21Z,2020-07-13T18:41:21Z,2020-08-27T23:22:30Z,2026-09-25T19:05:52Z,connor4312,User,MEMBER,8,10,1,2,1,1,1,0,True,False,0,ok,
microsoft/vscode,101828,https://github.com/microsoft/vscode/pull/101828,Adjust non-webview output height when cell width changes,2020-07-07T01:37:20Z,2020-07-15T21:45:03Z,2020-07-15T21:45:04Z,2020-08-29T23:22:24Z,2026-09-25T19:05:53Z,roblourens,User,MEMBER,20,8,1,2,1,1,1,0,True,False,0,ok,
microsoft/vscode,102696,https://github.com/microsoft/vscode/pull/102696,Tasks without a registered definition should run,2020-07-16T12:41:42Z,2020-07-16T12:42:03Z,2020-07-16T12:42:03Z,2020-08-30T23:22:39Z,2026-09-25T19:05:54Z,alexr00,User,MEMBER,4,4,2,2,0,0,0,0,False,False,0,ok,
microsoft/vscode,102771,https://github.com/microsoft/vscode/pull/102771,Bump lodash from 4.17.10 to 4.17.19 in /extensions/css-language-features/server,2020-07-17T11:08:08Z,2020-07-17T17:24:46Z,2020-07-17T17:24:46Z,2020-08-31T23:22:21Z,2026-09-25T19:05:56Z,dependabot[bot],Bot,CONTRIBUTOR,4,9,1,1,0,0,0,0,False,False,0,ok,
microsoft/vscode,103044,https://github.com/microsoft/vscode/pull/103044,Treat all files with `npmrc`/`npmignore`/`gitignore` extensions as properties/ignore files,2020-07-21T21:25:55Z,2020-07-22T07:26:03Z,2020-07-22T07:26:03Z,2020-09-05T23:22:13Z,2026-09-25T19:05:57Z,SnirBroshi,User,CONTRIBUTOR,3,3,2,2,0,0,0,0,False,False,0,ok,
microsoft/vscode,103054,https://github.com/microsoft/vscode/pull/103054,:lipstick: integration test notebook,2020-07-21T23:27:44Z,2020-07-22T18:46:36Z,2020-07-22T18:46:36Z,2020-09-05T23:22:13Z,2026-09-25T19:06:00Z,rebornix,User,CONTRIBUTOR,543,128,10,19,0,0,0,0,False,False,0,ok,
microsoft/vscode,103177,https://github.com/microsoft/vscode/pull/103177,TAS-based experiment service,2020-07-23T15:51:56Z,2020-07-23T16:28:51Z,2020-07-23T16:28:51Z,2020-09-06T23:22:31Z,2026-09-25T19:06:01Z,sbatten,User,MEMBER,278,1,13,4,0,0,0,0,False,False,0,ok,
microsoft/vscode,103627,https://github.com/microsoft/vscode/pull/103627,Use the search order settings for the search editor,2020-07-30T12:25:36Z,2020-08-03T21:21:41Z,2020-08-03T21:21:42Z,2020-09-17T23:22:55Z,2026-09-25T19:06:02Z,damienmg,User,CONTRIBUTOR,11,7,3,3,2,2,0,1,True,True,0,ok,
microsoft/vscode,104089,https://github.com/microsoft/vscode/pull/104089,Improve SCM perf,2020-08-05T16:16:46Z,2020-08-08T09:31:22Z,2020-08-08T09:31:22Z,2020-09-22T23:23:18Z,2026-09-25T19:06:03Z,joaomoreno,User,CONTRIBUTOR,152,86,5,3,1,1,1,0,True,False,0,ok,
microsoft/vscode,85657,https://github.com/microsoft/vscode/pull/85657,Reworks alignment logic to handle certain nesting cases,2019-11-27T04:50:02Z,2020-08-13T11:31:12Z,2020-08-13T11:31:12Z,2020-09-27T23:23:41Z,2026-09-25T19:06:04Z,eamodio,User,CONTRIBUTOR,1,1,1,3,2,1,1,1,True,True,0,ok,
microsoft/vscode,103210,https://github.com/microsoft/vscode/pull/103210,Add DebugAdapterNamedPipeServer,2020-07-23T23:01:34Z,2020-08-19T10:07:55Z,2020-08-19T10:07:55Z,2020-10-03T23:24:49Z,2026-09-25T19:06:06Z,TylerLeonhardt,User,MEMBER,166,15,8,5,14,3,1,0,True,False,0,ok,
microsoft/vscode,104994,https://github.com/microsoft/vscode/pull/104994,format modified,2020-08-19T13:56:51Z,2020-08-21T11:28:33Z,2020-08-21T11:28:33Z,2020-10-05T23:25:07Z,2026-09-25T19:06:07Z,jrieken,User,CONTRIBUTOR,147,27,7,9,0,0,0,0,False,False,0,ok,
microsoft/vscode,102704,https://github.com/microsoft/vscode/pull/102704,Implemented filter for debug console output,2020-07-16T14:29:45Z,2020-08-21T18:38:23Z,2020-08-21T18:38:26Z,2020-10-05T23:25:11Z,2026-09-25T19:06:08Z,arhelmus,User,CONTRIBUTOR,385,2,6,3,7,3,0,1,True,True,0,ok,
microsoft/vscode,104980,https://github.com/microsoft/vscode/pull/104980,fix(extpath): windows reserved names being allowed with file extension,2020-08-19T09:25:14Z,2020-08-24T06:22:22Z,2020-08-24T06:22:23Z,2020-10-08T23:25:54Z,2026-09-25T19:06:09Z,rotem-bar,User,CONTRIBUTOR,8,1,2,2,0,0,0,0,False,False,0,ok,
microsoft/vscode,105305,https://github.com/microsoft/vscode/pull/105305,Enhanced text diff view for notebook,2020-08-24T18:59:15Z,2020-08-24T20:51:05Z,2020-08-24T20:51:05Z,2020-10-08T23:25:54Z,2026-09-25T19:06:10Z,rebornix,User,CONTRIBUTOR,2462,26,28,41,0,0,0,0,False,False,0,ok,
microsoft/vscode,105341,https://github.com/microsoft/vscode/pull/105341,Fix #104834,2020-08-25T08:47:13Z,2020-08-25T09:40:02Z,2020-08-25T09:40:02Z,2020-10-09T23:26:15Z,2026-09-25T19:06:12Z,sandy081,User,MEMBER,6,0,3,1,1,1,1,0,True,False,0,ok,
microsoft/vscode,105531,https://github.com/microsoft/vscode/pull/105531,Use the new lastCommittedOrigin for remote port forwarding in webviews,2020-08-27T20:52:13Z,2020-08-27T21:37:17Z,2020-08-27T21:37:17Z,2020-10-11T23:26:43Z,2026-09-25T19:06:13Z,mjbvz,User,CONTRIBUTOR,25,40,6,1,1,1,1,0,True,False,0,ok,
microsoft/vscode,105502,https://github.com/microsoft/vscode/pull/105502,Create HTML with dom.ts#$ function calls instead of string concatenation,2020-08-27T15:06:52Z,2020-08-28T09:15:42Z,2020-08-28T09:15:42Z,2020-10-12T23:27:05Z,2026-09-25T19:06:14Z,annkamsk,User,CONTRIBUTOR,36,33,1,2,0,0,0,0,False,False,0,ok,
microsoft/vscode,104953,https://github.com/microsoft/vscode/pull/104953,Dynamically updates diff context to trigger updates ,2020-08-18T21:43:30Z,2020-08-30T16:59:30Z,2020-08-30T16:59:31Z,2020-10-14T23:27:24Z,2026-09-25T19:06:15Z,eamodio,User,CONTRIBUTOR,12,8,1,3,7,4,3,0,True,False,0,ok,
microsoft/vscode,105685,https://github.com/microsoft/vscode/pull/105685,Add numeric values support for editor.fontWeight,2020-08-30T19:01:56Z,2020-08-30T19:08:02Z,2020-08-30T19:08:02Z,2020-10-14T23:27:23Z,2026-09-25T19:06:16Z,alexdima,User,MEMBER,41,10,1,1,0,0,0,0,False,False,0,ok,
microsoft/vscode,105585,https://github.com/microsoft/vscode/pull/105585,Use extensionUri and joinPath instead of asAbsolutePath,2020-08-28T12:59:00Z,2020-08-31T07:51:29Z,2020-08-31T07:51:29Z,2020-10-15T23:27:53Z,2026-09-25T19:06:17Z,jrieken,User,CONTRIBUTOR,10,11,4,2,2,2,2,0,True,False,0,ok,
microsoft/vscode,105587,https://github.com/microsoft/vscode/pull/105587,SCM: Clear list of created resource groups once they are added,2020-08-28T13:29:16Z,2020-08-31T14:27:15Z,2020-08-31T14:27:15Z,2020-10-15T23:27:53Z,2026-09-25T19:06:18Z,mjcrouch,User,CONTRIBUTOR,1,0,1,1,0,0,0,0,False,False,0,ok,
microsoft/vscode,105228,https://github.com/microsoft/vscode/pull/105228,Changed description of “Commit Signing” configuration label to include X.509.,2020-08-22T20:07:18Z,2020-08-31T14:52:43Z,2020-08-31T14:52:43Z,2020-10-15T23:27:53Z,2026-09-25T19:06:19Z,marvinruder,User,CONTRIBUTOR,1,1,1,1,1,1,1,0,True,False,0,ok,
microsoft/vscode,105589,https://github.com/microsoft/vscode/pull/105589,Make renderCodicons function return HTMLElement instead of string,2020-08-28T13:34:38Z,2020-09-01T08:42:55Z,2020-09-01T08:42:55Z,2020-10-16T23:27:38Z,2026-09-25T19:06:20Z,annkamsk,User,CONTRIBUTOR,109,36,11,1,4,2,1,1,True,True,0,ok,
microsoft/vscode,105844,https://github.com/microsoft/vscode/pull/105844,Use appendText for hovers that are strings,2020-09-01T14:36:37Z,2020-09-01T14:39:34Z,2020-09-01T14:39:34Z,2020-10-16T23:27:38Z,2026-09-25T19:06:22Z,alexr00,User,MEMBER,1,1,1,1,1,1,1,0,True,False,0,ok,
microsoft/vscode,106277,https://github.com/microsoft/vscode/pull/106277,add HostColorService & unify ColorSchema,2020-09-08T09:15:45Z,2020-09-08T19:48:08Z,2020-09-08T19:48:08Z,2020-10-23T23:29:28Z,2026-09-25T19:06:23Z,aeschli,User,CONTRIBUTOR,288,197,43,6,1,1,1,0,True,False,0,ok,
microsoft/vscode,106270,https://github.com/microsoft/vscode/pull/106270,Update gitignore decorations when .git/info/exclude file is edited,2020-09-08T07:42:10Z,2020-09-09T07:37:56Z,2020-09-09T07:37:56Z,2020-10-24T23:29:40Z,2026-09-25T19:06:24Z,vpukhanov,User,CONTRIBUTOR,1,1,1,2,3,2,1,1,True,True,0,ok,
microsoft/vscode,106072,https://github.com/microsoft/vscode/pull/106072,Add numeric values support for terminal.integrated.fontWeight,2020-09-03T22:38:43Z,2020-09-09T12:48:02Z,2020-09-09T12:48:02Z,2020-10-24T23:29:40Z,2026-09-25T19:06:25Z,IllusionMH,User,CONTRIBUTOR,56,13,3,2,1,1,1,0,True,False,0,ok,
microsoft/vscode,104734,https://github.com/microsoft/vscode/pull/104734,Run Selected Text action should use the active code editor,2020-08-15T23:45:46Z,2020-09-09T13:19:28Z,2020-09-09T13:19:28Z,2020-10-24T23:29:40Z,2026-09-25T19:06:26Z,brajkowski,User,CONTRIBUTOR,1,1,1,1,1,1,1,0,True,False,0,ok,
microsoft/vscode,106400,https://github.com/microsoft/vscode/pull/106400,Add defaultUriScheme to path service,2020-09-10T10:12:10Z,2020-09-10T14:17:07Z,2020-09-10T14:17:07Z,2020-10-25T23:30:20Z,2026-09-25T19:06:28Z,alexr00,User,MEMBER,47,8,6,2,2,2,1,0,True,False,0,ok,
microsoft/vscode,106413,https://github.com/microsoft/vscode/pull/106413,Adjust active terminal tab when active tab moves,2020-09-10T15:09:07Z,2020-09-10T15:42:29Z,2020-09-10T15:42:30Z,2020-10-25T23:30:20Z,2026-09-25T19:06:29Z,alexr00,User,MEMBER,6,1,1,1,1,1,1,0,True,False,0,ok,
microsoft/vscode,106373,https://github.com/microsoft/vscode/pull/106373,Bump yargs-parser from 13.1.1 to 13.1.2 in /extensions/markdown-language-features,2020-09-10T01:24:45Z,2020-09-10T16:34:01Z,2020-09-10T16:34:01Z,2020-10-25T23:30:20Z,2026-09-25T19:06:30Z,dependabot[bot],Bot,CONTRIBUTOR,3,3,1,1,0,0,0,0,False,False,0,ok,
microsoft/vscode,106374,https://github.com/microsoft/vscode/pull/106374,Bump yargs-parser from 13.1.1 to 13.1.2 in /extensions/css-language-features/server,2020-09-10T01:29:49Z,2020-09-11T08:17:00Z,2020-09-11T08:17:00Z,2020-10-26T23:30:35Z,2026-09-25T19:06:31Z,dependabot[bot],Bot,CONTRIBUTOR,5,5,1,2,0,0,0,0,False,False,0,ok,
microsoft/vscode,106775,https://github.com/microsoft/vscode/pull/106775,Don't update title area for filterview,2020-09-15T15:10:26Z,2020-09-16T13:23:05Z,2020-09-16T13:23:05Z,2020-10-31T23:22:52Z,2026-09-25T19:06:31Z,alexr00,User,MEMBER,8,4,1,2,0,0,0,0,False,False,0,ok,
microsoft/vscode,106836,https://github.com/microsoft/vscode/pull/106836,debt - use utility for diagnostics IPC and introduce real workbench diagnostics service,2020-09-16T07:38:39Z,2020-09-17T05:36:26Z,2020-09-17T05:36:26Z,2020-11-01T23:22:47Z,2026-09-25T19:06:33Z,bpasero,User,CONTRIBUTOR,33,72,7,3,2,2,1,0,True,False,0,ok,
microsoft/vscode,106898,https://github.com/microsoft/vscode/pull/106898,Simplify settings sync quick pick UI,2020-09-16T23:02:51Z,2020-09-17T19:15:49Z,2020-09-17T19:15:49Z,2020-11-01T23:22:47Z,2026-09-25T19:06:34Z,sandy081,User,MEMBER,47,23,5,4,3,2,1,0,True,False,0,ok,
microsoft/vscode,106967,https://github.com/microsoft/vscode/pull/106967,Add panel maximization setting for #94930,2020-09-17T22:03:30Z,2020-09-21T18:09:03Z,2020-09-21T18:09:06Z,2020-11-05T23:23:07Z,2026-09-25T19:06:35Z,rzhao271,User,COLLABORATOR,88,12,4,2,1,1,1,0,True,False,0,ok,
microsoft/vscode,107067,https://github.com/microsoft/vscode/pull/107067,Show filtered stats,2020-09-19T15:14:19Z,2020-09-22T14:30:20Z,2020-09-22T14:30:21Z,2020-12-04T00:47:54Z,2026-09-25T19:06:36Z,pfongkye,User,CONTRIBUTOR,93,3,4,4,0,0,0,0,False,False,0,ok,
microsoft/vscode,107366,https://github.com/microsoft/vscode/pull/107366,ci: consume new electron 9.2.1 builds,2020-09-24T15:45:36Z,2020-09-24T15:53:04Z,2020-09-24T15:53:04Z,2020-12-04T00:47:51Z,2026-09-25T19:06:37Z,deepak1556,User,COLLABORATOR,0,0,0,1,1,1,1,0,True,False,0,ok,
microsoft/vscode,107603,https://github.com/microsoft/vscode/pull/107603,Update tags for Playwright packages,2020-09-28T16:31:19Z,2020-09-28T19:44:39Z,2020-09-28T19:44:39Z,2020-12-04T00:43:27Z,2026-09-25T19:06:38Z,arjunattam,User,CONTRIBUTOR,4,0,1,1,0,0,0,0,False,False,0,ok,
microsoft/vscode,108105,https://github.com/microsoft/vscode/pull/108105,Don't allow remote explorer views to move out of the container,2020-10-05T09:50:23Z,2020-10-05T12:47:50Z,2020-10-05T12:47:50Z,2020-12-04T00:36:23Z,2026-09-25T19:06:39Z,alexr00,User,MEMBER,1,1,1,2,2,2,2,0,True,False,0,ok,
microsoft/vscode,108592,https://github.com/microsoft/vscode/pull/108592,:up: chokidar@3.4.3,2020-10-13T13:09:04Z,2020-10-13T14:03:58Z,2020-10-13T14:03:58Z,2020-12-04T00:36:17Z,2026-09-25T19:06:40Z,bpasero,User,CONTRIBUTOR,23,16,4,1,1,1,1,0,True,False,0,ok,
microsoft/vscode,108598,https://github.com/microsoft/vscode/pull/108598,ESRP Cert (#108366),2020-10-13T14:00:29Z,2020-10-13T14:05:49Z,2020-10-13T14:05:49Z,2020-12-04T00:36:17Z,2026-09-25T19:06:42Z,joaomoreno,User,CONTRIBUTOR,32,21,6,2,2,1,2,0,True,False,0,ok,
microsoft/vscode,108863,https://github.com/microsoft/vscode/pull/108863,Trash/delete keybinding for forward delete on MacOS,2020-10-17T15:33:51Z,2020-10-19T10:22:30Z,2020-10-19T10:22:31Z,2020-12-04T00:36:14Z,2026-09-25T19:06:43Z,kjs3,User,CONTRIBUTOR,2,1,1,1,0,0,0,0,False,False,0,ok,
microsoft/vscode,107619,https://github.com/microsoft/vscode/pull/107619,SCM: Support past commit message navigation,2020-09-28T21:38:30Z,2020-10-20T08:04:34Z,2020-10-20T08:04:34Z,2020-12-04T23:30:39Z,2026-09-25T19:06:44Z,meganrogge,User,COLLABORATOR,202,24,6,51,5,2,2,1,True,True,0,ok,
microsoft/vscode,109368,https://github.com/microsoft/vscode/pull/109368,Use a custom dialog for proxy authentication,2020-10-26T11:51:29Z,2020-10-26T11:55:56Z,2020-10-26T11:55:56Z,2020-12-10T23:34:23Z,2026-09-25T19:06:45Z,bpasero,User,CONTRIBUTOR,597,192,21,6,0,0,0,0,False,False,0,ok,
microsoft/vscode,109349,https://github.com/microsoft/vscode/pull/109349,Fixes middle-clicking on a notification sometimes pastes the contents of the clipboard,2020-10-26T06:34:17Z,2020-10-26T13:27:43Z,2020-10-26T13:27:43Z,2020-12-10T23:34:23Z,2026-09-25T19:06:47Z,jeanp413,User,CONTRIBUTOR,6,0,1,1,0,0,0,0,False,False,0,ok,
microsoft/vscode,108694,https://github.com/microsoft/vscode/pull/108694,fix #108673 Put FileSystemProvider error message into settings.json create-failure notification,2020-10-15T00:02:20Z,2020-10-27T15:28:01Z,2020-10-27T15:28:02Z,2020-12-11T23:34:33Z,2026-09-25T19:06:48Z,gjsjohnmurray,User,CONTRIBUTOR,2,1,1,2,3,2,1,1,True,True,0,ok,
microsoft/vscode,109740,https://github.com/microsoft/vscode/pull/109740,Joh/extbisect,2020-10-30T14:19:01Z,2020-11-02T13:00:01Z,2020-11-02T13:00:01Z,2020-12-17T23:39:05Z,2026-09-25T19:06:50Z,jrieken,User,CONTRIBUTOR,336,1,3,6,0,0,0,0,False,False,0,ok,
microsoft/vscode,109833,https://github.com/microsoft/vscode/pull/109833,Allow monaco-editor to work propertly with Jest,2020-11-02T08:14:38Z,2020-11-03T21:06:13Z,2020-11-03T21:06:13Z,2020-12-18T23:38:55Z,2026-09-25T19:06:51Z,fleon,User,CONTRIBUTOR,3,5,1,2,0,0,0,0,False,False,0,ok,
microsoft/vscode,88772,https://github.com/microsoft/vscode/pull/88772,add ignoreSubmodules option,2020-01-16T14:47:15Z,2020-11-04T14:39:01Z,2020-11-04T14:39:01Z,2020-12-19T23:36:30Z,2026-09-25T19:06:53Z,Fmstrat,User,CONTRIBUTOR,18,2,4,2,0,0,0,0,False,False,0,ok,
microsoft/vscode,109961,https://github.com/microsoft/vscode/pull/109961,Fix 109906,2020-11-04T14:27:25Z,2020-11-04T15:29:24Z,2020-11-04T15:29:24Z,2020-12-19T23:36:13Z,2026-09-25T19:06:54Z,jrieken,User,CONTRIBUTOR,38,5,2,3,6,2,1,0,True,False,0,ok,
microsoft/vscode,97486,https://github.com/microsoft/vscode/pull/97486,Add rename by git context menu,2020-05-11T11:02:55Z,2020-11-09T13:46:51Z,2020-11-09T13:46:52Z,2020-12-25T23:45:36Z,2026-09-25T19:06:55Z,Kingwl,User,CONTRIBUTOR,45,0,5,2,0,0,0,0,False,False,0,ok,
microsoft/vscode,110112,https://github.com/microsoft/vscode/pull/110112,Add color token for error background,2020-11-06T21:37:04Z,2020-11-09T20:58:23Z,2020-11-09T20:58:23Z,2020-12-24T23:46:00Z,2026-09-25T19:06:56Z,miguelsolorio,User,CONTRIBUTOR,16,1,2,3,1,1,1,0,True,False,0,ok,
microsoft/vscode,110108,https://github.com/microsoft/vscode/pull/110108,Including ` as part of foldEndPairCharacters,2020-11-06T20:27:29Z,2020-11-10T02:02:38Z,2020-11-10T02:02:38Z,2020-12-25T23:45:33Z,2026-09-25T19:06:58Z,sumanbk92,User,CONTRIBUTOR,1,1,1,2,4,2,1,0,True,False,0,ok,
microsoft/vscode,106368,https://github.com/microsoft/vscode/pull/106368,Provide option to default to github provider for git.api.getRemoteSources,2020-09-09T21:39:44Z,2020-11-10T10:29:33Z,2020-11-10T10:29:34Z,2020-12-25T23:45:33Z,2026-09-25T19:06:59Z,wangjaso,User,CONTRIBUTOR,51,39,1,3,1,1,0,1,True,True,0,ok,
microsoft/vscode,110306,https://github.com/microsoft/vscode/pull/110306,word based completion includes words from other files of same language,2020-11-10T11:46:09Z,2020-11-10T13:53:38Z,2020-11-10T13:53:38Z,2020-12-25T23:45:32Z,2026-09-25T19:07:00Z,jrieken,User,CONTRIBUTOR,40,38,3,1,0,0,0,0,False,False,0,ok,
microsoft/vscode,109551,https://github.com/microsoft/vscode/pull/109551,"#109255 - Add encoding description to settings ""File: Encoding"" drop-down",2020-10-28T01:27:58Z,2020-11-10T19:00:12Z,2020-11-10T19:00:13Z,2020-12-25T23:45:33Z,2026-09-25T19:07:01Z,maldahleh,User,CONTRIBUTOR,27,3,4,3,0,0,0,0,False,False,0,ok,
microsoft/vscode,110195,https://github.com/microsoft/vscode/pull/110195,Support character markup in mardown smart select,2020-11-09T01:41:08Z,2020-11-10T19:38:28Z,2020-11-10T19:38:28Z,2020-12-25T23:45:32Z,2026-09-25T19:07:04Z,meganrogge,User,COLLABORATOR,268,3,2,15,3,2,1,0,True,False,0,ok,
microsoft/vscode,110036,https://github.com/microsoft/vscode/pull/110036,New ThemeIcon color in tree views can pollute other nodes,2020-11-05T18:28:13Z,2020-11-10T20:56:53Z,2020-11-10T20:56:53Z,2020-12-25T23:45:33Z,2026-09-25T19:07:07Z,eamodio,User,CONTRIBUTOR,2,0,1,2,1,1,1,0,True,False,0,ok,
microsoft/vscode,110792,https://github.com/microsoft/vscode/pull/110792,Move usage of `native-keymap` to the main process,2020-11-17T09:39:16Z,2020-11-17T13:35:28Z,2020-11-17T13:35:28Z,2021-01-01T23:51:14Z,2026-09-25T19:07:12Z,alexdima,User,MEMBER,143,28,6,2,3,2,1,0,True,False,0,ok,
microsoft/vscode,110815,https://github.com/microsoft/vscode/pull/110815,chore: bump keytar@7.1.0,2020-11-17T16:30:27Z,2020-11-17T18:35:16Z,2020-11-17T18:35:16Z,2021-01-01T23:51:14Z,2026-09-25T19:07:14Z,deepak1556,User,COLLABORATOR,62,57,2,1,1,1,1,0,True,False,0,ok,
microsoft/vscode,109511,https://github.com/microsoft/vscode/pull/109511,add 'deleteWordEntire' command,2020-10-27T17:08:47Z,2020-11-19T09:57:03Z,2020-11-19T09:57:04Z,2021-01-03T23:52:34Z,2026-09-25T19:07:15Z,chanmaoooo,User,CONTRIBUTOR,265,1,3,5,6,3,2,0,True,False,0,ok,
microsoft/vscode,111110,https://github.com/microsoft/vscode/pull/111110,Fixed Hover style incorrect when writing javascript in HTML,2020-11-22T02:54:10Z,2020-11-23T08:17:12Z,2020-11-23T08:17:12Z,2021-01-07T23:53:53Z,2026-09-25T19:07:17Z,chenjigeng,User,CONTRIBUTOR,3,3,1,1,0,0,0,0,False,False,0,ok,
microsoft/vscode,110759,https://github.com/microsoft/vscode/pull/110759,chore: update to electron 11,2020-11-16T22:16:31Z,2020-11-23T23:31:03Z,2020-11-23T23:31:03Z,2021-01-07T23:53:53Z,2026-09-25T19:07:18Z,deepak1556,User,COLLABORATOR,604,176,44,7,9,5,4,0,True,False,0,ok,
microsoft/vscode,111253,https://github.com/microsoft/vscode/pull/111253,More cleanup for armhfp and aarch64 rpm hardcoded dependencies,2020-11-24T20:53:48Z,2020-11-25T08:14:39Z,2020-11-25T08:14:39Z,2021-01-09T23:55:42Z,2026-09-25T19:07:19Z,psgreco,User,CONTRIBUTOR,8,21,1,2,0,0,0,0,False,False,0,ok,
microsoft/vscode,111175,https://github.com/microsoft/vscode/pull/111175,Add GettingStartedService/Registry and initial getting started UI,2020-11-23T12:57:55Z,2020-11-25T22:05:50Z,2020-11-25T22:05:50Z,2021-01-09T23:55:42Z,2026-09-25T19:07:21Z,JacksonKearl,User,CONTRIBUTOR,1272,14,17,8,1,1,1,0,True,False,0,ok,
microsoft/vscode,111325,https://github.com/microsoft/vscode/pull/111325,"Prevent unwanted concatenation of ""null"" to feedback URL",2020-11-25T20:42:52Z,2020-11-26T08:33:04Z,2020-11-26T08:33:04Z,2021-01-10T23:55:05Z,2026-09-25T19:07:22Z,abandonedaccount6235,User,CONTRIBUTOR,1,1,1,1,2,1,1,0,True,False,0,ok,
microsoft/vscode,111530,https://github.com/microsoft/vscode/pull/111530,chore: bump electron@9.3.5,2020-11-30T17:31:42Z,2020-11-30T19:24:11Z,2020-11-30T19:24:11Z,2021-01-15T00:10:43Z,2026-09-25T19:07:23Z,deepak1556,User,COLLABORATOR,179,158,29,3,0,0,0,0,False,False,0,ok,
microsoft/vscode,111844,https://github.com/microsoft/vscode/pull/111844,Kill code processes after each integration test suite run,2020-12-03T20:44:50Z,2020-12-03T20:45:02Z,2020-12-03T20:45:02Z,2021-01-18T00:08:41Z,2026-09-25T19:07:24Z,joaomoreno,User,CONTRIBUTOR,58,31,3,3,0,0,0,0,False,False,0,ok,
microsoft/vscode,112008,https://github.com/microsoft/vscode/pull/112008,Mitigate #109728,2020-12-07T10:38:36Z,2020-12-07T14:03:26Z,2020-12-07T14:03:26Z,2021-01-22T00:10:18Z,2026-09-25T19:07:25Z,joaomoreno,User,CONTRIBUTOR,31,2,1,2,1,1,1,0,True,False,0,ok,
microsoft/vscode,112075,https://github.com/microsoft/vscode/pull/112075,Just set textContent for custom hover,2020-12-08T10:12:33Z,2020-12-08T15:03:54Z,2020-12-08T15:03:54Z,2021-01-23T00:09:54Z,2026-09-25T19:07:26Z,alexr00,User,MEMBER,22,20,1,1,1,1,1,0,True,False,0,ok,
microsoft/vscode,112133,https://github.com/microsoft/vscode/pull/112133,Preserve whitespace in tree hover,2020-12-09T09:27:16Z,2020-12-09T14:24:59Z,2020-12-09T14:24:59Z,2021-01-24T00:08:50Z,2026-09-25T19:07:27Z,alexr00,User,MEMBER,1,0,1,1,1,1,1,0,True,False,0,ok,
microsoft/vscode,111787,https://github.com/microsoft/vscode/pull/111787,fix: disable shm usage in container builds,2020-12-03T05:24:57Z,2020-12-09T18:46:36Z,2020-12-09T18:46:36Z,2021-01-24T00:08:50Z,2026-09-25T19:07:29Z,deepak1556,User,COLLABORATOR,20,10,2,4,0,0,0,0,False,False,0,ok,
microsoft/vscode,112176,https://github.com/microsoft/vscode/pull/112176,notebook diff editor perf improvement,2020-12-09T20:04:10Z,2020-12-10T01:52:30Z,2020-12-10T01:52:30Z,2021-01-25T00:09:12Z,2026-09-25T19:07:30Z,rebornix,User,CONTRIBUTOR,663,213,12,9,1,1,0,0,True,False,0,ok,
microsoft/vscode,112245,https://github.com/microsoft/vscode/pull/112245,chore: fix run-on values for snap build,2020-12-10T20:54:34Z,2020-12-10T22:10:41Z,2020-12-10T22:10:41Z,2021-01-25T00:09:12Z,2026-09-25T19:07:31Z,deepak1556,User,COLLABORATOR,2,1,1,1,1,1,1,0,True,False,0,ok,
microsoft/vscode,112222,https://github.com/microsoft/vscode/pull/112222,add missing await for git.clone and git.cloneRecursive command,2020-12-10T13:04:35Z,2020-12-11T08:57:35Z,2020-12-11T08:57:35Z,2021-01-25T23:46:28Z,2026-09-25T19:07:33Z,axetroy,User,CONTRIBUTOR,2,2,1,2,2,2,2,0,True,False,0,ok,
microsoft/vscode,112575,https://github.com/microsoft/vscode/pull/112575,Catch all localhost duplicates when forwarding a port,2020-12-15T16:16:52Z,2020-12-16T14:10:16Z,2020-12-16T14:10:16Z,2021-01-30T23:42:06Z,2026-09-25T19:07:34Z,alexr00,User,MEMBER,1,1,1,1,2,2,2,0,True,False,0,ok,
microsoft/vscode,112803,https://github.com/microsoft/vscode/pull/112803,Fix hover widget.,2020-12-18T09:30:43Z,2020-12-18T10:23:36Z,2020-12-18T10:23:36Z,2021-02-01T23:43:49Z,2026-09-25T19:07:35Z,andrewitsover,User,CONTRIBUTOR,4,2,1,4,0,0,0,0,False,False,0,ok,
microsoft/vscode,85982,https://github.com/microsoft/vscode/pull/85982,#27498 restore extension editor webview scroll positions,2019-12-02T23:10:30Z,2020-12-18T21:56:43Z,2020-12-18T21:56:43Z,2021-02-02T23:36:52Z,2026-09-25T19:07:36Z,gjsjohnmurray,User,CONTRIBUTOR,29,6,1,13,8,2,0,1,True,True,0,ok,
microsoft/vscode,113311,https://github.com/microsoft/vscode/pull/113311,Load expensive node modules lazily,2020-12-22T18:57:08Z,2020-12-22T20:53:43Z,2020-12-22T20:53:43Z,2021-02-05T23:34:40Z,2026-09-25T19:07:37Z,alexdima,User,MEMBER,299,236,25,3,0,0,0,0,False,False,0,ok,
microsoft/vscode,113279,https://github.com/microsoft/vscode/pull/113279,Use the browser's WebSocket for remote connections,2020-12-22T09:05:33Z,2020-12-22T21:04:26Z,2020-12-22T21:04:26Z,2021-02-05T23:34:40Z,2026-09-25T19:07:38Z,alexdima,User,MEMBER,3,3,2,1,0,0,0,0,False,False,0,ok,
microsoft/vscode,113232,https://github.com/microsoft/vscode/pull/113232,Tunnel factory can return undefined,2020-12-21T15:39:02Z,2020-12-28T08:54:09Z,2020-12-28T08:54:09Z,2021-02-11T23:35:35Z,2026-09-25T19:07:40Z,alexr00,User,MEMBER,58,24,7,1,1,1,0,0,True,False,0,ok,
microsoft/vscode,113508,https://github.com/microsoft/vscode/pull/113508,Emmet create new html-matcher override instead of using LS,2020-12-28T21:25:20Z,2020-12-28T23:06:24Z,2020-12-28T23:06:24Z,2021-02-11T23:35:35Z,2026-09-25T19:07:44Z,rzhao271,User,COLLABORATOR,307,200,12,4,0,0,0,0,False,False,0,ok,
microsoft/vscode,113549,https://github.com/microsoft/vscode/pull/113549,lazier loading of windowsProcessTree,2020-12-29T19:53:13Z,2021-01-04T15:35:17Z,2021-01-04T15:35:17Z,2021-02-18T23:35:17Z,2026-09-25T19:07:45Z,nrayburn-tech,User,CONTRIBUTOR,4,5,1,1,1,1,1,0,True,False,0,ok,
microsoft/vscode,113902,https://github.com/microsoft/vscode/pull/113902,Azure Pipeline - Adopt pipeline parameters in favour of pipeline variables,2021-01-06T10:51:31Z,2021-01-06T14:58:26Z,2021-01-06T14:58:26Z,2021-02-20T23:34:41Z,2026-09-25T19:07:46Z,lszomoru,User,MEMBER,217,140,1,16,1,1,1,0,True,False,0,ok,
microsoft/vscode,112833,https://github.com/microsoft/vscode/pull/112833,Adjust references to --list-extensions option,2020-12-18T18:04:49Z,2021-01-08T11:01:28Z,2021-01-08T11:01:29Z,2021-02-22T23:35:16Z,2026-09-25T19:07:47Z,homebysix,User,CONTRIBUTOR,4,4,2,2,2,2,2,0,True,False,0,ok,
microsoft/vscode,113837,https://github.com/microsoft/vscode/pull/113837,"Add emojis and several more symbols as word separators, fix #113404",2021-01-05T16:42:16Z,2021-01-11T15:44:59Z,2021-01-11T15:44:59Z,2021-02-25T23:35:49Z,2026-09-25T19:07:49Z,HaoboGu,User,CONTRIBUTOR,14,1,2,10,3,2,0,1,True,True,0,ok,
microsoft/vscode,114205,https://github.com/microsoft/vscode/pull/114205,Azure DevOps - Move release into a separate stage,2021-01-12T12:57:00Z,2021-01-12T14:18:02Z,2021-01-12T14:18:02Z,2021-02-26T23:35:35Z,2026-09-25T19:07:50Z,lszomoru,User,MEMBER,17,6,1,9,1,1,1,0,True,False,0,ok,
microsoft/vscode,114359,https://github.com/microsoft/vscode/pull/114359,Implement message port support for shared process connection,2021-01-14T16:32:20Z,2021-01-15T12:55:54Z,2021-01-15T12:55:54Z,2021-03-01T23:33:24Z,2026-09-25T19:07:51Z,bpasero,User,CONTRIBUTOR,1052,425,39,24,1,1,1,0,True,False,0,ok,
microsoft/vscode,114296,https://github.com/microsoft/vscode/pull/114296,Potential new formatter for userdata in serverless.,2021-01-13T18:35:23Z,2021-01-15T18:44:35Z,2021-01-15T18:44:35Z,2021-03-01T23:33:24Z,2026-09-25T19:07:52Z,JacksonKearl,User,CONTRIBUTOR,19,2,2,4,1,1,1,0,True,False,0,ok,
microsoft/vscode,114520,https://github.com/microsoft/vscode/pull/114520,A case for 'Shift+Insert' added. Fixes #114103,2021-01-18T09:24:53Z,2021-01-19T22:13:36Z,2021-01-19T22:13:36Z,2021-03-05T23:36:26Z,2026-09-25T19:07:53Z,serge1,User,CONTRIBUTOR,2,1,1,1,0,0,0,0,False,False,0,ok,
microsoft/vscode,114648,https://github.com/microsoft/vscode/pull/114648,Bump concat-with-sourcemaps from 1.0.4 to 1.1.0,2021-01-20T17:20:43Z,2021-01-20T18:20:18Z,2021-01-20T18:20:18Z,2021-03-06T23:35:54Z,2026-09-25T19:07:54Z,dependabot[bot],Bot,CONTRIBUTOR,4,4,1,1,0,0,0,0,False,False,0,ok,
microsoft/vscode,114593,https://github.com/microsoft/vscode/pull/114593,Fixes hovers have horizontal scrollbar when not needed,2021-01-19T20:33:06Z,2021-01-21T11:24:24Z,2021-01-21T11:24:24Z,2021-03-07T23:36:01Z,2026-09-25T19:07:55Z,jeanp413,User,CONTRIBUTOR,5,2,1,1,0,0,0,0,False,False,0,ok,
microsoft/vscode,114660,https://github.com/microsoft/vscode/pull/114660,asyncDataTree adopt diffIdentityProvider,2021-01-20T19:42:00Z,2021-01-21T11:39:58Z,2021-01-21T11:39:58Z,2021-03-07T23:36:01Z,2026-09-25T19:07:56Z,isidorn,User,NONE,39,21,3,6,0,0,0,0,False,False,0,ok,
microsoft/vscode,114544,https://github.com/microsoft/vscode/pull/114544,uninstall-extension should remove both local and remote extension,2021-01-18T18:51:19Z,2021-01-22T15:53:36Z,2021-01-22T15:53:36Z,2021-03-08T23:36:48Z,2026-09-25T19:07:58Z,aeschli,User,CONTRIBUTOR,10,7,1,2,1,1,1,0,True,False,0,ok,
microsoft/vscode,114709,https://github.com/microsoft/vscode/pull/114709,Fix: release note don't use editor style,2021-01-21T14:37:06Z,2021-01-23T01:39:39Z,2021-01-23T01:39:39Z,2021-03-09T23:36:42Z,2026-09-25T19:07:59Z,susiwen8,User,CONTRIBUTOR,7,1,1,2,2,2,0,1,True,True,0,ok,
microsoft/vscode,114810,https://github.com/microsoft/vscode/pull/114810,Improve glob module to support OS separator agnostic matching,2021-01-23T05:13:53Z,2021-01-25T18:46:09Z,2021-01-25T18:46:09Z,2021-03-11T23:36:57Z,2026-09-25T19:08:00Z,JacksonKearl,User,CONTRIBUTOR,24,14,3,2,1,1,1,0,True,False,0,ok,
microsoft/vscode,114944,https://github.com/microsoft/vscode/pull/114944,Prevent future integration test errors related to terminal,2021-01-25T19:24:31Z,2021-01-25T22:08:05Z,2021-01-25T22:08:05Z,2021-03-11T23:36:57Z,2026-09-25T19:08:01Z,meganrogge,User,COLLABORATOR,5,4,1,2,0,0,0,0,False,False,0,ok,
microsoft/vscode,115277,https://github.com/microsoft/vscode/pull/115277,fix: add identifier for universal app in issue reporter and about dialog,2021-01-28T00:04:57Z,2021-01-28T02:29:40Z,2021-01-28T02:29:40Z,2021-03-14T23:35:57Z,2026-09-25T19:08:02Z,deepak1556,User,COLLABORATOR,3,1,2,1,1,1,1,0,True,False,0,ok,
microsoft/vscode,115273,https://github.com/microsoft/vscode/pull/115273,fix #115050 flickering tabs when wrapped,2021-01-27T22:49:45Z,2021-01-28T11:27:02Z,2021-01-28T11:27:02Z,2021-03-14T23:35:57Z,2026-09-25T19:08:03Z,goldst,User,CONTRIBUTOR,15,3,1,2,0,0,0,0,False,False,0,ok,
microsoft/vscode,115261,https://github.com/microsoft/vscode/pull/115261,Give a higher priority to language configuration set via API call,2021-01-27T20:15:22Z,2021-02-01T12:47:53Z,2021-02-01T12:47:53Z,2021-03-18T23:36:00Z,2026-09-25T19:08:04Z,alexdima,User,MEMBER,121,55,6,1,0,0,0,0,False,False,0,ok,
microsoft/vscode,115537,https://github.com/microsoft/vscode/pull/115537,alexr00/issue115337,2021-02-01T13:20:44Z,2021-02-01T14:14:10Z,2021-02-01T14:14:10Z,2021-03-18T23:36:00Z,2026-09-25T19:08:07Z,alexr00,User,MEMBER,10,4,3,2,3,2,1,0,True,False,0,ok,
microsoft/vscode,109412,https://github.com/microsoft/vscode/pull/109412,notebooks: add generic colors for renderers,2020-10-26T20:00:49Z,2021-02-01T18:18:07Z,2021-02-01T18:18:08Z,2021-03-18T23:36:00Z,2026-09-25T19:08:09Z,connor4312,User,MEMBER,93,12,5,2,3,2,1,0,True,False,0,ok,
microsoft/vscode,115630,https://github.com/microsoft/vscode/pull/115630,multi selection for notebook cells,2021-02-02T19:18:41Z,2021-02-02T20:48:07Z,2021-02-02T20:48:07Z,2021-03-19T23:36:19Z,2026-09-25T19:08:10Z,rebornix,User,CONTRIBUTOR,72,219,13,12,0,0,0,0,False,False,0,ok,
microsoft/vscode,113673,https://github.com/microsoft/vscode/pull/113673,Rename function in git extension,2021-01-02T03:27:22Z,2021-02-03T12:44:16Z,2021-02-03T12:44:16Z,2021-03-20T23:36:30Z,2026-09-25T19:08:11Z,nrayburn-tech,User,CONTRIBUTOR,72,73,1,1,1,1,1,0,True,False,0,ok,
microsoft/vscode,115775,https://github.com/microsoft/vscode/pull/115775,Re-enable terminal fontFamily unit test,2021-02-04T17:28:53Z,2021-02-04T18:32:42Z,2021-02-04T18:32:42Z,2021-03-21T23:37:22Z,2026-09-25T19:08:13Z,meganrogge,User,COLLABORATOR,8,8,1,1,1,1,1,0,True,False,0,ok,
microsoft/vscode,115951,https://github.com/microsoft/vscode/pull/115951,ci: update newer 11.2.1 for CVE-2021-21148,2021-02-06T02:56:13Z,2021-02-06T03:09:11Z,2021-02-06T03:09:11Z,2021-03-23T23:38:27Z,2026-09-25T19:08:14Z,deepak1556,User,COLLABORATOR,0,0,0,1,1,1,1,0,True,False,0,ok,
microsoft/vscode,116105,https://github.com/microsoft/vscode/pull/116105,RPM: Don't generate build_id links,2021-02-08T13:25:42Z,2021-02-08T15:07:56Z,2021-02-08T15:07:56Z,2021-03-25T23:28:21Z,2026-09-25T19:08:15Z,valenfys,User,CONTRIBUTOR,4,0,1,2,0,0,0,0,False,False,0,ok,
microsoft/vscode,116149,https://github.com/microsoft/vscode/pull/116149,Pick up new distro version and bump version,2021-02-08T22:57:13Z,2021-02-08T22:59:27Z,2021-02-08T22:59:27Z,2021-03-25T23:28:21Z,2026-09-25T19:08:16Z,mjbvz,User,CONTRIBUTOR,2,2,1,1,1,1,1,0,True,False,0,ok,
microsoft/vscode,116223,https://github.com/microsoft/vscode/pull/116223,terminal drag,2021-02-09T19:10:21Z,2021-02-09T19:24:01Z,2021-02-09T19:24:01Z,2021-03-26T23:29:01Z,2026-09-25T19:08:17Z,meganrogge,User,COLLABORATOR,4,4,1,1,1,1,1,0,True,False,0,ok,
microsoft/vscode,116308,https://github.com/microsoft/vscode/pull/116308,Rename createChannelReceiver into ProxyChannel namespace,2021-02-10T10:46:48Z,2021-02-10T11:29:05Z,2021-02-10T11:29:05Z,2021-03-27T23:28:53Z,2026-09-25T19:08:18Z,joaomoreno,User,CONTRIBUTOR,157,162,23,1,0,0,0,0,False,False,0,ok,
microsoft/vscode,116311,https://github.com/microsoft/vscode/pull/116311,fix https://github.com/microsoft/vscode/issues/116094,2021-02-10T11:17:18Z,2021-02-10T12:27:44Z,2021-02-10T12:27:44Z,2021-03-27T23:28:53Z,2026-09-25T19:08:19Z,jrieken,User,CONTRIBUTOR,1,1,1,1,1,1,1,0,True,False,0,ok,
microsoft/vscode,116460,https://github.com/microsoft/vscode/pull/116460,Explicitly list out tsec exemption,2021-02-11T14:05:50Z,2021-02-12T08:40:21Z,2021-02-12T08:40:21Z,2021-03-29T23:44:51Z,2026-09-25T19:08:20Z,engelsdamien,User,CONTRIBUTOR,28,2,2,2,0,0,0,0,False,False,0,ok,
microsoft/vscode,116968,https://github.com/microsoft/vscode/pull/116968,Cell output metadata to be added to Notebook Model,2021-02-18T18:16:29Z,2021-02-19T11:53:44Z,2021-02-19T11:53:44Z,2021-04-05T23:30:11Z,2026-09-25T19:08:21Z,DonJayamanne,User,CONTRIBUTOR,39,18,2,3,4,3,1,1,True,True,0,ok,
microsoft/vscode,117100,https://github.com/microsoft/vscode/pull/117100,add debug.saveBeforeRun setting,2021-02-19T22:59:50Z,2021-02-22T20:02:58Z,2021-02-22T20:02:58Z,2021-04-08T23:29:45Z,2026-09-25T19:08:23Z,SnirBroshi,User,CONTRIBUTOR,21,5,2,5,4,2,1,1,True,True,0,ok,
microsoft/vscode,117069,https://github.com/microsoft/vscode/pull/117069,Move kernel/execution code out of NotebookEditorWidget for testability,2021-02-19T17:49:08Z,2021-02-23T01:00:10Z,2021-02-23T01:00:10Z,2021-04-09T23:29:43Z,2026-09-25T19:08:24Z,roblourens,User,MEMBER,850,676,29,5,1,1,1,0,True,False,0,ok,
microsoft/vscode,117774,https://github.com/microsoft/vscode/pull/117774,Factor in workspace trust when switching versions,2021-02-26T15:26:35Z,2021-03-01T08:09:13Z,2021-03-01T08:09:13Z,2021-04-15T23:28:56Z,2026-09-25T19:08:25Z,lszomoru,User,MEMBER,34,9,2,3,4,2,1,0,True,False,0,ok,
microsoft/vscode,117797,https://github.com/microsoft/vscode/pull/117797,Fix emmet update extensions path issue,2021-02-26T22:12:41Z,2021-03-01T17:50:14Z,2021-03-01T17:50:14Z,2021-04-15T23:28:57Z,2026-09-25T19:08:27Z,lancewl,User,CONTRIBUTOR,3,7,2,2,1,1,1,0,True,False,0,ok,
microsoft/vscode,117898,https://github.com/microsoft/vscode/pull/117898,Implement shouldPersist for all terminals processes,2021-03-01T15:49:42Z,2021-03-01T17:54:35Z,2021-03-01T17:54:35Z,2021-04-15T23:28:56Z,2026-09-25T19:08:28Z,Tyriar,User,CONTRIBUTOR,13,7,7,1,1,1,1,0,True,False,0,ok,
microsoft/vscode,117972,https://github.com/microsoft/vscode/pull/117972,Fix remote terminal reconnect,2021-03-02T15:15:24Z,2021-03-02T16:48:44Z,2021-03-02T16:48:44Z,2021-04-16T23:28:51Z,2026-09-25T19:08:29Z,Tyriar,User,CONTRIBUTOR,7,3,3,1,2,2,2,0,True,False,0,ok,
microsoft/vscode,117948,https://github.com/microsoft/vscode/pull/117948,Make the backlayer webview span the full width of the notebook editor,2021-03-02T05:40:49Z,2021-03-03T21:37:58Z,2021-03-03T21:37:59Z,2021-04-17T23:28:33Z,2026-09-25T19:08:31Z,mjbvz,User,CONTRIBUTOR,39,21,3,3,1,1,1,0,True,False,0,ok,
microsoft/vscode,117424,https://github.com/microsoft/vscode/pull/117424,fix microsoft/vscode#117095 de-duplicate reference results,2021-02-23T15:38:39Z,2021-03-04T09:17:22Z,2021-03-04T09:17:23Z,2021-04-18T23:28:41Z,2026-09-25T19:08:32Z,atscott,User,CONTRIBUTOR,86,49,4,2,5,2,1,2,True,True,0,ok,
microsoft/vscode,118468,https://github.com/microsoft/vscode/pull/118468,Fix tooltip for codelens-sample extension,2021-03-08T18:49:50Z,2021-03-09T08:26:20Z,2021-03-09T08:26:23Z,2021-04-23T23:29:57Z,2026-09-25T19:08:34Z,spetrescu,User,CONTRIBUTOR,2,2,1,1,1,1,1,0,True,False,0,ok,
microsoft/vscode,115790,https://github.com/microsoft/vscode/pull/115790,Add an untitled document data property,2021-02-04T19:06:57Z,2021-03-10T19:54:18Z,2021-03-10T19:54:18Z,2021-04-24T23:29:26Z,2026-09-25T19:08:36Z,lramos15,User,MEMBER,155,26,19,18,23,4,2,3,True,True,0,ok,
microsoft/vscode,117740,https://github.com/microsoft/vscode/pull/117740,Add comments to add java workspace tags to GDPR inventory,2021-02-26T05:12:41Z,2021-03-11T16:20:30Z,2021-03-11T16:20:30Z,2021-04-25T23:29:44Z,2026-09-25T19:08:37Z,Flanker32,User,MEMBER,22,0,1,2,1,1,1,0,True,False,0,ok,
microsoft/vscode,118777,https://github.com/microsoft/vscode/pull/118777,Fix strange behavior of files.exclude in workspace with nested folders,2021-03-12T01:21:28Z,2021-03-12T10:37:36Z,2021-03-12T10:37:39Z,2021-04-26T23:29:45Z,2026-09-25T19:08:38Z,jeanp413,User,CONTRIBUTOR,28,30,4,2,0,0,0,0,False,False,0,ok,
microsoft/vscode,119092,https://github.com/microsoft/vscode/pull/119092,Seamless terminal relaunch,2021-03-16T14:57:55Z,2021-03-16T17:17:05Z,2021-03-16T17:17:05Z,2021-04-30T23:29:03Z,2026-09-25T19:08:40Z,Tyriar,User,CONTRIBUTOR,237,35,5,9,0,0,0,0,False,False,0,ok,
microsoft/vscode,119114,https://github.com/microsoft/vscode/pull/119114,Fix type ahead issue in relaunched terminals,2021-03-16T17:53:14Z,2021-03-16T17:56:19Z,2021-03-16T17:56:19Z,2021-04-30T23:29:03Z,2026-09-25T19:08:41Z,Tyriar,User,CONTRIBUTOR,2,4,2,1,1,1,1,0,True,False,0,ok,
microsoft/vscode,119475,https://github.com/microsoft/vscode/pull/119475,Fixes #111814,2021-03-22T14:57:37Z,2021-03-22T15:14:49Z,2021-03-22T15:14:49Z,2021-05-07T01:34:09Z,2026-09-25T19:08:42Z,joaomoreno,User,CONTRIBUTOR,20,2,1,2,2,2,1,0,True,False,0,ok,
microsoft/vscode,119980,https://github.com/microsoft/vscode/pull/119980,debug: fix stop on entry not working after launch.json change,2021-03-26T19:00:28Z,2021-03-26T19:39:47Z,2021-03-26T19:39:47Z,2021-05-10T23:28:42Z,2026-09-25T19:08:43Z,connor4312,User,MEMBER,5,4,1,2,1,1,1,0,True,False,0,ok,
microsoft/vscode,119483,https://github.com/microsoft/vscode/pull/119483,Workspace trust - multi-window improvements,2021-03-22T16:41:49Z,2021-03-26T19:53:58Z,2021-03-26T19:53:58Z,2021-05-10T23:28:42Z,2026-09-25T19:08:44Z,lszomoru,User,MEMBER,39,14,1,2,0,0,0,0,False,False,0,ok,
microsoft/vscode,120128,https://github.com/microsoft/vscode/pull/120128,handle error when wsl is not installed,2021-03-29T20:11:04Z,2021-03-29T20:35:10Z,2021-03-29T20:35:10Z,2021-05-13T23:31:38Z,2026-09-25T19:08:45Z,meganrogge,User,COLLABORATOR,8,1,1,1,1,1,1,0,True,False,0,ok,
microsoft/vscode,119641,https://github.com/microsoft/vscode/pull/119641,feat: add typographer option for markdown preview,2021-03-23T16:49:19Z,2021-03-29T21:18:59Z,2021-03-29T21:18:59Z,2021-05-13T23:31:38Z,2026-09-25T19:08:46Z,william-des,User,CONTRIBUTOR,10,1,3,2,0,0,0,0,False,False,0,ok,
microsoft/vscode,120198,https://github.com/microsoft/vscode/pull/120198,Add `open with` entry for search editor,2021-03-30T19:47:22Z,2021-03-31T13:40:24Z,2021-03-31T13:40:24Z,2021-05-15T23:29:41Z,2026-09-25T19:08:47Z,lramos15,User,MEMBER,10,2,1,1,0,0,0,0,False,False,0,ok,
microsoft/vscode,113155,https://github.com/microsoft/vscode/pull/113155,Add support to deactivate auto-updating disabled extensions,2020-12-19T14:19:03Z,2021-03-31T15:11:41Z,2021-03-31T15:11:42Z,2021-05-15T23:29:41Z,2026-09-25T19:08:49Z,plainerman,User,CONTRIBUTOR,78,24,2,9,3,1,1,2,True,True,0,ok,
microsoft/vscode,120141,https://github.com/microsoft/vscode/pull/120141,Profiles via command pallette,2021-03-30T02:01:28Z,2021-03-31T17:11:31Z,2021-03-31T17:11:31Z,2021-05-15T23:29:41Z,2026-09-25T19:08:50Z,meganrogge,User,COLLABORATOR,44,9,4,8,3,2,1,1,True,True,0,ok,
microsoft/vscode,120195,https://github.com/microsoft/vscode/pull/120195,pull reduce grace time into ptyService method,2021-03-30T19:12:49Z,2021-04-01T19:04:17Z,2021-04-01T19:04:18Z,2021-05-16T23:29:43Z,2026-09-25T19:08:51Z,meganrogge,User,COLLABORATOR,46,28,9,9,2,1,1,1,True,True,0,ok,
microsoft/vscode,120358,https://github.com/microsoft/vscode/pull/120358,debug: update js-debug,2021-04-01T16:23:52Z,2021-04-05T05:54:51Z,2021-04-05T05:54:51Z,2021-05-20T23:30:11Z,2026-09-25T19:08:52Z,connor4312,User,MEMBER,1,1,1,1,1,1,1,0,True,False,0,ok,
microsoft/vscode,120362,https://github.com/microsoft/vscode/pull/120362,[html-language-features] Update TS language service call for 4.3 protocol,2021-04-01T17:23:47Z,2021-04-06T13:06:59Z,2021-04-06T13:06:59Z,2021-05-21T23:29:37Z,2026-09-25T19:08:53Z,andrewbranch,User,MEMBER,2,1,1,1,0,0,0,0,False,False,0,ok,
microsoft/vscode,120357,https://github.com/microsoft/vscode/pull/120357,Update to vscode-proxy-agent 0.8.2 (#120354),2021-04-01T16:07:39Z,2021-04-06T13:14:02Z,2021-04-06T13:14:02Z,2021-05-21T23:29:37Z,2026-09-25T19:08:55Z,chrmarti,User,COLLABORATOR,10,10,4,1,1,1,1,0,True,False,0,ok,
microsoft/vscode,120673,https://github.com/microsoft/vscode/pull/120673,Don't call node-gyp anymore,2021-04-06T23:32:47Z,2021-04-06T23:33:13Z,2021-04-06T23:33:13Z,2021-05-22T23:29:48Z,2026-09-25T19:08:56Z,TylerLeonhardt,User,MEMBER,36,42,2,1,0,0,0,0,False,False,0,ok,
microsoft/vscode,120761,https://github.com/microsoft/vscode/pull/120761,[themes] Fix JSON formatting in High Contrast Black default theme,2021-04-07T21:09:51Z,2021-04-08T10:31:01Z,2021-04-08T10:31:01Z,2021-05-23T23:29:34Z,2026-09-25T19:08:57Z,CanadaHonk,User,CONTRIBUTOR,1,1,1,1,0,0,0,0,False,False,0,ok,
microsoft/vscode,120755,https://github.com/microsoft/vscode/pull/120755,Add override keyword in codebase,2021-04-07T19:35:34Z,2021-04-08T17:05:21Z,2021-04-08T17:05:21Z,2021-05-23T23:29:34Z,2026-09-25T19:08:58Z,mjbvz,User,CONTRIBUTOR,1965,1965,541,1,0,0,0,0,False,False,0,ok,
microsoft/vscode,120858,https://github.com/microsoft/vscode/pull/120858,Pick up new distro version and bump version,2021-04-08T19:54:01Z,2021-04-08T20:00:18Z,2021-04-08T20:00:18Z,2021-05-23T23:29:34Z,2026-09-25T19:08:59Z,alexdima,User,MEMBER,2,2,1,1,1,1,1,0,True,False,0,ok,
microsoft/vscode,120891,https://github.com/microsoft/vscode/pull/120891,Fixed and extended Debug Console support for most ANSI SGR codes,2021-04-09T03:14:51Z,2021-04-12T12:43:39Z,2021-04-12T12:43:39Z,2021-05-27T23:31:32Z,2026-09-25T19:09:01Z,timmaffett,User,CONTRIBUTOR,743,33,3,3,7,2,1,1,True,True,0,ok,
microsoft/vscode,121021,https://github.com/microsoft/vscode/pull/121021,Extension workspace trust request using product/settings files,2021-04-10T19:35:50Z,2021-04-13T06:17:49Z,2021-04-13T06:17:49Z,2021-05-28T23:31:54Z,2026-09-25T19:09:02Z,lszomoru,User,MEMBER,328,28,15,5,0,0,0,0,False,False,0,ok,
microsoft/vscode,121213,https://github.com/microsoft/vscode/pull/121213,Finalize #77423,2021-04-13T17:30:57Z,2021-04-13T17:53:44Z,2021-04-13T17:53:45Z,2021-05-28T23:31:54Z,2026-09-25T19:09:03Z,TylerLeonhardt,User,MEMBER,11,18,2,1,0,0,0,0,False,False,0,ok,
microsoft/vscode,120878,https://github.com/microsoft/vscode/pull/120878,+ button and context menu for terminal tabs,2021-04-08T23:25:51Z,2021-04-14T00:04:30Z,2021-04-14T00:04:30Z,2021-05-29T23:31:56Z,2026-09-25T19:09:04Z,meganrogge,User,COLLABORATOR,365,55,13,45,14,2,1,2,True,True,0,ok,
microsoft/vscode,120426,https://github.com/microsoft/vscode/pull/120426,Central service for notebooks and custom editors,2021-04-02T14:50:03Z,2021-04-15T18:38:08Z,2021-04-15T18:38:08Z,2021-05-30T23:32:16Z,2026-09-25T19:09:06Z,lramos15,User,MEMBER,522,675,13,32,24,3,2,2,True,True,0,ok,
microsoft/vscode,120090,https://github.com/microsoft/vscode/pull/120090,markdown-language-features: Fix Windows Preview Link Uri,2021-03-29T10:28:28Z,2021-04-20T00:31:07Z,2021-04-20T00:31:08Z,2021-06-04T23:32:46Z,2026-09-25T19:09:07Z,sangxxh,User,CONTRIBUTOR,5,5,1,4,4,2,0,0,True,False,0,ok,
microsoft/vscode,121957,https://github.com/microsoft/vscode/pull/121957,Add terminalTabsFocusContextKey,2021-04-22T17:08:27Z,2021-04-22T21:36:34Z,2021-04-22T21:36:34Z,2021-06-06T23:31:31Z,2026-09-25T19:09:08Z,meganrogge,User,COLLABORATOR,21,3,3,2,2,1,0,0,True,False,0,ok,
microsoft/vscode,122032,https://github.com/microsoft/vscode/pull/122032,Support hiding terminal tabs on single view,2021-04-23T15:16:12Z,2021-04-23T15:52:39Z,2021-04-23T15:52:40Z,2021-06-07T23:32:18Z,2026-09-25T19:09:09Z,Tyriar,User,CONTRIBUTOR,281,90,10,9,0,0,0,0,False,False,0,ok,
microsoft/vscode,122076,https://github.com/microsoft/vscode/pull/122076,"Add terminal description concept, adopt in tasks and local terminals and add local terminal initial text",2021-04-24T00:12:19Z,2021-04-24T00:25:16Z,2021-04-24T00:25:16Z,2021-06-08T23:28:34Z,2026-09-25T19:09:10Z,Tyriar,User,CONTRIBUTOR,37,17,8,5,0,0,0,0,False,False,0,ok,
microsoft/vscode,122468,https://github.com/microsoft/vscode/pull/122468,Adding JS and PY Azure SDK packages,2021-04-27T22:34:12Z,2021-04-28T22:28:00Z,2021-04-28T22:28:01Z,2021-06-12T23:26:44Z,2026-09-25T19:09:11Z,cobey,User,CONTRIBUTOR,230,2,1,1,1,1,1,0,True,False,0,ok,
microsoft/vscode,122730,https://github.com/microsoft/vscode/pull/122730,Ensure non-selected tab actions apply to correct instance,2021-04-30T13:47:34Z,2021-04-30T14:42:17Z,2021-04-30T14:42:17Z,2021-06-14T23:27:04Z,2026-09-25T19:09:12Z,Tyriar,User,CONTRIBUTOR,41,35,5,2,0,0,0,0,False,False,0,ok,
microsoft/vscode,122614,https://github.com/microsoft/vscode/pull/122614,Register .mak extension for the Make language,2021-04-29T02:27:28Z,2021-05-03T14:03:05Z,2021-05-03T14:03:06Z,2021-06-17T23:27:15Z,2026-09-25T19:09:14Z,rtzoeller,User,CONTRIBUTOR,1,0,1,1,1,1,1,0,True,False,0,ok,
microsoft/vscode,122869,https://github.com/microsoft/vscode/pull/122869,Block windows/iframes from preventing the unload (#122835),2021-05-03T19:37:10Z,2021-05-03T21:02:11Z,2021-05-03T21:02:11Z,2021-06-17T23:27:15Z,2026-09-25T19:09:15Z,mjbvz,User,CONTRIBUTOR,9,29,2,1,1,1,1,0,True,False,0,ok,
microsoft/vscode,122796,https://github.com/microsoft/vscode/pull/122796,Fixes pascalCase snippet formatter fails to process numbers,2021-05-01T17:27:42Z,2021-05-04T08:04:39Z,2021-05-04T08:04:40Z,2021-06-18T23:26:09Z,2026-09-25T19:09:16Z,jeanp413,User,CONTRIBUTOR,3,2,2,1,0,0,0,0,False,False,0,ok,
microsoft/vscode,122926,https://github.com/microsoft/vscode/pull/122926,Remove explicit public from contrib/terminal,2021-05-04T13:04:38Z,2021-05-04T13:19:54Z,2021-05-04T13:19:54Z,2021-06-18T23:26:09Z,2026-09-25T19:09:17Z,Tyriar,User,CONTRIBUTOR,509,509,27,3,0,0,0,0,False,False,0,ok,
microsoft/vscode,123294,https://github.com/microsoft/vscode/pull/123294,Removes special character that terminates link recognition,2021-05-07T14:22:47Z,2021-05-10T10:04:18Z,2021-05-10T10:04:18Z,2021-06-24T23:25:42Z,2026-09-25T19:09:18Z,hediet,User,MEMBER,22,1,2,2,1,1,1,0,True,False,0,ok,
microsoft/vscode,123110,https://github.com/microsoft/vscode/pull/123110,Workspace trust - restricted mode banner,2021-05-06T11:11:42Z,2021-05-11T08:23:23Z,2021-05-11T08:23:23Z,2021-06-25T23:25:44Z,2026-09-25T19:09:20Z,lszomoru,User,MEMBER,422,60,10,12,8,2,1,0,True,False,0,ok,
microsoft/vscode,123555,https://github.com/microsoft/vscode/pull/123555,file working copy - let dispose unregister working copies,2021-05-11T09:31:39Z,2021-05-11T13:54:31Z,2021-05-11T13:54:31Z,2021-06-25T23:25:44Z,2026-09-25T19:09:21Z,bpasero,User,CONTRIBUTOR,176,53,8,6,4,2,0,0,True,False,0,ok,
microsoft/vscode,123186,https://github.com/microsoft/vscode/pull/123186,debug: bump js-debug version,2021-05-06T19:14:40Z,2021-05-11T18:15:26Z,2021-05-11T18:15:26Z,2021-06-25T23:25:44Z,2026-09-25T19:09:22Z,connor4312,User,MEMBER,1,1,1,1,1,1,1,0,True,False,0,ok,
microsoft/vscode,123644,https://github.com/microsoft/vscode/pull/123644,Revert C# grammar,2021-05-12T07:29:43Z,2021-05-12T08:13:16Z,2021-05-12T08:13:16Z,2021-06-26T23:25:29Z,2026-09-25T19:09:23Z,alexr00,User,MEMBER,35,243,2,1,1,1,1,0,True,False,0,ok,
microsoft/vscode,123638,https://github.com/microsoft/vscode/pull/123638,Try better fix for loading mixed local/remote notebook resources,2021-05-12T06:10:26Z,2021-05-12T19:39:05Z,2021-05-12T19:39:05Z,2021-06-26T23:25:29Z,2026-09-25T19:09:24Z,mjbvz,User,CONTRIBUTOR,14,19,4,1,3,2,0,0,True,False,0,ok,
microsoft/vscode,123213,https://github.com/microsoft/vscode/pull/123213,Allow text search providers to give messages with links that trigger researching.,2021-05-06T23:06:45Z,2021-05-13T04:43:32Z,2021-05-13T04:43:32Z,2021-06-27T23:25:47Z,2026-09-25T19:09:26Z,JacksonKearl,User,CONTRIBUTOR,123,20,10,6,12,3,1,1,True,True,0,ok,
microsoft/vscode,123726,https://github.com/microsoft/vscode/pull/123726,Fix setting the debug call stack display for exceptions,2021-05-12T23:00:41Z,2021-05-14T15:23:54Z,2021-05-14T15:23:55Z,2021-06-28T23:25:42Z,2026-09-25T19:09:27Z,suzmue,User,CONTRIBUTOR,15,2,2,4,0,0,0,0,False,False,0,ok,
microsoft/vscode,123919,https://github.com/microsoft/vscode/pull/123919,Fixes process explorer list styles are not working,2021-05-14T21:36:03Z,2021-05-14T21:54:19Z,2021-05-14T21:54:20Z,2021-06-28T23:25:42Z,2026-09-25T19:09:28Z,jeanp413,User,CONTRIBUTOR,53,13,4,1,1,1,1,0,True,False,0,ok,
microsoft/vscode,123922,https://github.com/microsoft/vscode/pull/123922,Add provider label in auth menus,2021-05-14T23:04:00Z,2021-05-14T23:42:32Z,2021-05-14T23:42:32Z,2021-06-29T23:25:35Z,2026-09-25T19:09:29Z,TylerLeonhardt,User,MEMBER,10,8,1,2,3,2,1,0,True,False,0,ok,
microsoft/vscode,123340,https://github.com/microsoft/vscode/pull/123340,Fix issue reporter not closing on submit and debounce submissions,2021-05-08T01:11:08Z,2021-05-19T19:31:43Z,2021-05-19T19:31:43Z,2021-07-03T23:25:01Z,2026-09-25T19:09:30Z,nrayburn-tech,User,CONTRIBUTOR,12,4,1,3,1,1,1,0,True,False,0,ok,
microsoft/vscode,124511,https://github.com/microsoft/vscode/pull/124511,Support color in terminal profiles config,2021-05-24T14:09:34Z,2021-05-24T19:21:58Z,2021-05-24T19:21:59Z,2021-07-08T23:25:09Z,2026-09-25T19:09:32Z,Tyriar,User,CONTRIBUTOR,136,85,10,9,0,0,0,0,False,False,0,ok,
microsoft/vscode,124533,https://github.com/microsoft/vscode/pull/124533,Support terminal renaming inline in the tabs view,2021-05-24T21:49:19Z,2021-05-25T18:13:23Z,2021-05-25T18:13:23Z,2021-07-09T23:25:37Z,2026-09-25T19:09:33Z,meganrogge,User,COLLABORATOR,187,25,6,7,1,1,1,0,True,False,0,ok,
microsoft/vscode,124617,https://github.com/microsoft/vscode/pull/124617,Workspace trust - remote workspace,2021-05-25T20:49:29Z,2021-05-26T19:22:58Z,2021-05-26T19:22:58Z,2021-07-10T23:25:04Z,2026-09-25T19:09:34Z,lszomoru,User,MEMBER,208,72,9,10,6,3,2,1,True,True,0,ok,
microsoft/vscode,124615,https://github.com/microsoft/vscode/pull/124615,Migrate users from shell -> profile settings,2021-05-25T20:17:16Z,2021-05-27T15:26:17Z,2021-05-27T15:26:17Z,2021-07-11T23:25:13Z,2026-09-25T19:09:35Z,meganrogge,User,COLLABORATOR,94,9,6,16,9,3,1,1,True,True,0,ok,
microsoft/vscode,124828,https://github.com/microsoft/vscode/pull/124828,More Ghost Text Improvements,2021-05-28T12:22:57Z,2021-05-28T19:03:24Z,2021-05-28T19:03:24Z,2021-07-12T23:25:25Z,2026-09-25T19:09:37Z,hediet,User,MEMBER,133,69,9,4,2,2,1,0,True,False,0,ok,
microsoft/vscode,125221,https://github.com/microsoft/vscode/pull/125221,Preserve repl filter value through reloads,2021-06-02T06:18:50Z,2021-06-02T15:56:16Z,2021-06-02T15:56:17Z,2021-07-17T23:25:16Z,2026-09-25T19:09:38Z,jeanp413,User,CONTRIBUTOR,11,2,1,2,0,0,0,0,False,False,0,ok,
microsoft/vscode,125428,https://github.com/microsoft/vscode/pull/125428,Check to see if there are any artifacts that haven't been published,2021-06-03T18:43:05Z,2021-06-03T18:43:24Z,2021-06-03T18:43:24Z,2021-07-18T23:25:19Z,2026-09-25T19:09:39Z,TylerLeonhardt,User,MEMBER,7,5,1,2,0,0,0,0,False,False,0,ok,
microsoft/vscode,125512,https://github.com/microsoft/vscode/pull/125512,remove virtual workspace information from banner,2021-06-04T12:33:18Z,2021-06-04T16:33:02Z,2021-06-04T16:33:02Z,2021-07-19T23:25:15Z,2026-09-25T19:09:40Z,aeschli,User,CONTRIBUTOR,25,105,1,1,1,1,1,0,True,False,0,ok,
microsoft/vscode,125611,https://github.com/microsoft/vscode/pull/125611,June debt,2021-06-06T06:58:43Z,2021-06-07T05:15:47Z,2021-06-07T05:15:47Z,2021-07-22T23:25:14Z,2026-09-25T19:09:41Z,bpasero,User,CONTRIBUTOR,517,382,50,7,0,0,0,0,False,False,0,ok,
microsoft/vscode,125653,https://github.com/microsoft/vscode/pull/125653,Focus editor after accepting suggestion.,2021-06-07T10:15:38Z,2021-06-07T12:09:12Z,2021-06-07T12:09:12Z,2021-07-22T23:25:14Z,2026-09-25T19:09:43Z,hediet,User,MEMBER,2,1,1,1,1,1,1,0,True,False,0,ok,
microsoft/vscode,125446,https://github.com/microsoft/vscode/pull/125446,Improve `CharacterMapping`,2021-06-03T21:04:06Z,2021-06-07T12:40:10Z,2021-06-07T12:40:10Z,2021-07-22T23:25:14Z,2026-09-25T19:09:45Z,alexdima,User,MEMBER,186,201,4,6,0,0,0,0,False,False,0,ok,
microsoft/vscode,125749,https://github.com/microsoft/vscode/pull/125749,Updates sinon from 1.17 to 11.1.,2021-06-08T14:29:11Z,2021-06-09T10:08:42Z,2021-06-09T10:08:42Z,2021-07-24T23:25:17Z,2026-09-25T19:09:50Z,hediet,User,MEMBER,156,76,9,1,1,1,0,1,True,True,0,ok,
microsoft/vscode,126413,https://github.com/microsoft/vscode/pull/126413,Do not auto-trigger suggest when typing exactly the inline suggestion,2021-06-15T21:17:36Z,2021-06-16T08:28:18Z,2021-06-16T08:28:18Z,2021-07-31T23:25:11Z,2026-09-25T19:09:51Z,alexdima,User,MEMBER,36,3,3,1,3,2,2,0,True,False,0,ok,
microsoft/vscode,126648,https://github.com/microsoft/vscode/pull/126648,try to fix build,2021-06-18T06:31:29Z,2021-06-18T06:31:45Z,2021-06-18T06:31:45Z,2021-08-02T23:25:19Z,2026-09-25T19:09:52Z,bpasero,User,CONTRIBUTOR,1,1,1,1,0,0,0,0,False,False,0,ok,
microsoft/vscode,126596,https://github.com/microsoft/vscode/pull/126596,remove fromPromise-util and adopt single user,2021-06-17T14:08:57Z,2021-06-18T06:48:58Z,2021-06-18T06:48:58Z,2021-08-02T23:25:19Z,2026-09-25T19:09:53Z,jrieken,User,CONTRIBUTOR,21,63,4,1,1,1,1,0,True,False,0,ok,
microsoft/vscode,126718,https://github.com/microsoft/vscode/pull/126718,fix isNoCorsEnvironment,2021-06-19T00:32:14Z,2021-06-19T00:36:59Z,2021-06-19T00:37:00Z,2021-08-03T23:25:17Z,2026-09-25T19:09:54Z,kieferrm,User,MEMBER,1,1,1,1,1,1,1,0,True,False,0,ok,
microsoft/vscode,127080,https://github.com/microsoft/vscode/pull/127080,Terminal drag and drop fixes,2021-06-24T12:38:40Z,2021-06-24T17:51:16Z,2021-06-24T17:51:17Z,2021-08-08T23:25:13Z,2026-09-25T19:09:55Z,Tyriar,User,CONTRIBUTOR,12,19,4,3,0,0,0,0,False,False,0,ok,
microsoft/vscode,127100,https://github.com/microsoft/vscode/pull/127100,move find out of terminal service and get find to work in terminal editors,2021-06-24T18:31:38Z,2021-06-24T22:10:27Z,2021-06-24T22:10:27Z,2021-08-08T23:25:13Z,2026-09-25T19:09:56Z,meganrogge,User,COLLABORATOR,311,166,20,11,4,2,0,1,True,True,0,ok,
microsoft/vscode,127321,https://github.com/microsoft/vscode/pull/127321,Add onDragLeave to list and handle in tabs list,2021-06-28T13:43:11Z,2021-06-28T13:53:07Z,2021-06-28T13:53:07Z,2021-08-12T23:25:28Z,2026-09-25T19:09:57Z,Tyriar,User,CONTRIBUTOR,16,2,4,1,1,1,1,0,True,False,0,ok,
microsoft/vscode,127643,https://github.com/microsoft/vscode/pull/127643,Adds tests for injected text events & fixes caching bug.,2021-06-30T12:36:02Z,2021-07-01T09:22:42Z,2021-07-01T09:22:43Z,2021-08-15T23:25:20Z,2026-09-25T19:09:58Z,hediet,User,MEMBER,208,5,3,2,1,1,1,0,True,False,0,ok,
microsoft/vscode,127788,https://github.com/microsoft/vscode/pull/127788,Expose editor scrollbar options and react to them being updated,2021-07-01T14:14:49Z,2021-07-01T14:30:08Z,2021-07-01T14:30:10Z,2021-08-15T23:25:20Z,2026-09-25T19:09:59Z,alexdima,User,MEMBER,132,24,10,2,0,0,0,0,False,False,0,ok,
microsoft/vscode,127416,https://github.com/microsoft/vscode/pull/127416,domLineBreaksComputer needs to allow for injected text when there is no wrapping,2021-06-29T09:32:57Z,2021-07-02T06:59:02Z,2021-07-02T06:59:02Z,2021-08-16T23:24:49Z,2026-09-25T19:10:00Z,hediet,User,MEMBER,22,6,1,1,1,1,1,0,True,False,0,ok,
microsoft/vscode,127673,https://github.com/microsoft/vscode/pull/127673,[typescript-language-features] Add suggest.allowIncompleteCompletions and pass trigger kind to TS Server,2021-06-30T16:16:13Z,2021-07-06T23:10:20Z,2021-07-06T23:10:20Z,2021-08-20T23:25:26Z,2026-09-25T19:10:02Z,andrewbranch,User,MEMBER,16,0,3,2,1,1,0,1,True,True,0,ok,
microsoft/vscode,128241,https://github.com/microsoft/vscode/pull/128241,"When converting an empty model range to a view range, it should prefer left view positions.",2021-07-08T20:04:46Z,2021-07-09T16:26:43Z,2021-07-09T16:26:43Z,2021-08-23T23:25:47Z,2026-09-25T19:10:03Z,hediet,User,MEMBER,39,14,2,2,1,1,1,0,True,False,0,ok,
microsoft/vscode,128624,https://github.com/microsoft/vscode/pull/128624,Don't modify ghost text when reading it,2021-07-14T08:29:26Z,2021-07-14T09:02:16Z,2021-07-14T09:02:16Z,2021-08-28T23:25:20Z,2026-09-25T19:10:04Z,hediet,User,MEMBER,3,3,2,1,1,1,1,0,True,False,0,ok,
microsoft/vscode,128632,https://github.com/microsoft/vscode/pull/128632,Workspace trust - request fix,2021-07-14T09:42:58Z,2021-07-14T10:13:33Z,2021-07-14T10:13:33Z,2021-08-28T23:25:20Z,2026-09-25T19:10:05Z,lszomoru,User,MEMBER,5,3,1,1,1,1,1,0,True,False,0,ok,
microsoft/vscode,128650,https://github.com/microsoft/vscode/pull/128650,Unset active terminal group when last is removed,2021-07-14T12:31:18Z,2021-07-14T20:54:01Z,2021-07-14T20:54:01Z,2021-08-28T23:25:20Z,2026-09-25T19:10:07Z,Tyriar,User,CONTRIBUTOR,13,0,1,1,2,1,1,0,True,False,0,ok,
microsoft/vscode,128739,https://github.com/microsoft/vscode/pull/128739,Monitor terminal process child processes,2021-07-15T10:33:13Z,2021-07-15T12:43:40Z,2021-07-15T12:43:40Z,2021-08-29T23:25:08Z,2026-09-25T19:10:08Z,Tyriar,User,CONTRIBUTOR,292,54,20,13,0,0,0,0,False,False,0,ok,
microsoft/vscode,129041,https://github.com/microsoft/vscode/pull/129041,walkthrough: Update deprecated property name,2021-07-20T11:07:19Z,2021-07-20T15:07:03Z,2021-07-20T15:07:04Z,2021-09-07T23:24:34Z,2026-09-25T19:10:09Z,xyzshantaram,User,CONTRIBUTOR,1,1,1,1,0,0,0,0,False,False,0,ok,
microsoft/vscode,128886,https://github.com/microsoft/vscode/pull/128886,Add interactive window editor cell color tokens,2021-07-16T23:22:25Z,2021-07-20T17:30:06Z,2021-07-20T17:30:07Z,2021-09-07T23:24:38Z,2026-09-25T19:10:10Z,joyceerhl,User,CONTRIBUTOR,31,0,1,4,5,3,3,0,True,False,0,ok,
microsoft/vscode,129726,https://github.com/microsoft/vscode/pull/129726,Open Disassembly View should be present but disabled,2021-07-28T23:19:08Z,2021-07-29T08:56:15Z,2021-07-29T08:56:15Z,2021-09-12T23:24:31Z,2026-09-25T19:10:11Z,xisui-MSFT,User,CONTRIBUTOR,35,15,4,2,0,0,0,0,False,False,0,ok,
microsoft/vscode,129734,https://github.com/microsoft/vscode/pull/129734,Move event listeners to renderTemplate in disassembly view,2021-07-29T01:26:46Z,2021-08-02T10:25:16Z,2021-08-02T10:25:16Z,2021-09-16T23:25:01Z,2026-09-25T19:10:13Z,xisui-MSFT,User,CONTRIBUTOR,70,60,1,2,1,1,1,0,True,False,0,ok,
microsoft/vscode,124545,https://github.com/microsoft/vscode/pull/124545,Fix #124276 batch markdown file requests,2021-05-25T04:04:02Z,2021-08-03T02:44:57Z,2021-08-03T02:44:57Z,2021-09-17T23:24:53Z,2026-09-25T19:10:14Z,nrayburn-tech,User,CONTRIBUTOR,16,3,1,10,9,3,0,2,True,True,0,ok,
microsoft/vscode,130050,https://github.com/microsoft/vscode/pull/130050,Task spinner not showing in the status bar,2021-08-03T14:42:52Z,2021-08-03T15:16:26Z,2021-08-03T15:16:26Z,2021-09-17T23:24:53Z,2026-09-25T19:10:16Z,alexr00,User,MEMBER,2,1,1,1,1,1,1,0,True,False,0,ok,
microsoft/vscode,127162,https://github.com/microsoft/vscode/pull/127162,set value for variable and watch,2021-06-25T15:51:13Z,2021-08-05T13:34:48Z,2021-08-05T13:34:48Z,2021-09-19T23:24:25Z,2026-09-25T19:10:17Z,isidorn,User,NONE,108,41,13,5,0,0,0,0,False,False,0,ok,
microsoft/vscode,130037,https://github.com/microsoft/vscode/pull/130037,"Changes default of ""editor.inlineSuggest.enabled"" from false to true",2021-08-03T12:51:27Z,2021-08-06T08:20:32Z,2021-08-06T08:20:32Z,2021-09-20T23:22:55Z,2026-09-25T19:10:19Z,hediet,User,MEMBER,3,3,2,1,0,0,0,0,False,False,0,ok,
microsoft/vscode,130193,https://github.com/microsoft/vscode/pull/130193,Load telemetry module in an async manner,2021-08-05T17:51:15Z,2021-08-06T14:15:00Z,2021-08-06T14:15:00Z,2021-09-20T23:22:55Z,2026-09-25T19:10:20Z,lramos15,User,MEMBER,44,30,1,3,2,2,1,0,True,False,0,ok,
microsoft/vscode,129360,https://github.com/microsoft/vscode/pull/129360,fix: CXXABI requirements for older distros,2021-07-25T20:30:57Z,2021-08-06T15:48:45Z,2021-08-06T15:48:46Z,2021-09-20T23:22:55Z,2026-09-25T19:10:21Z,deepak1556,User,COLLABORATOR,490,16,9,3,0,0,0,0,False,False,0,ok,
microsoft/vscode,130289,https://github.com/microsoft/vscode/pull/130289,add compliance pipeline,2021-08-06T21:04:32Z,2021-08-09T14:37:21Z,2021-08-09T14:37:21Z,2021-09-23T23:24:48Z,2026-09-25T19:10:22Z,sbatten,User,MEMBER,350,0,3,22,4,1,1,0,True,False,0,ok,
microsoft/vscode,130399,https://github.com/microsoft/vscode/pull/130399,Fix folding ranges with inlay hints,2021-08-09T10:15:33Z,2021-08-11T07:35:54Z,2021-08-11T07:35:54Z,2021-09-25T23:24:27Z,2026-09-25T19:10:23Z,Kingwl,User,CONTRIBUTOR,10,7,1,1,0,0,0,0,False,False,0,ok,
microsoft/vscode,129207,https://github.com/microsoft/vscode/pull/129207,xterm.js node target and serialize addon,2021-07-23T01:29:11Z,2021-08-12T19:54:47Z,2021-08-12T19:54:47Z,2021-09-26T23:24:26Z,2026-09-25T19:10:24Z,Tyriar,User,CONTRIBUTOR,552,34,14,16,0,0,0,0,False,False,0,ok,
microsoft/vscode,130531,https://github.com/microsoft/vscode/pull/130531,fix: maxResults config value is now applied to searchEditor,2021-08-11T01:09:08Z,2021-08-13T18:55:47Z,2021-08-13T18:55:47Z,2021-09-27T23:29:45Z,2026-09-25T19:10:26Z,vlwkaos,User,CONTRIBUTOR,2,2,1,1,0,0,0,0,False,False,0,ok,
microsoft/vscode,130917,https://github.com/microsoft/vscode/pull/130917,remove .txt from stdio files so that language guessing is easier,2021-08-16T15:32:10Z,2021-08-16T16:11:07Z,2021-08-16T16:11:07Z,2021-09-30T23:24:43Z,2026-09-25T19:10:27Z,TylerLeonhardt,User,MEMBER,1,1,1,1,1,1,1,0,True,False,0,ok,
microsoft/vscode,130916,https://github.com/microsoft/vscode/pull/130916,fix: native module bundling in universal builds,2021-08-16T15:29:51Z,2021-08-16T16:46:08Z,2021-08-16T16:46:08Z,2021-09-30T23:24:43Z,2026-09-25T19:10:28Z,deepak1556,User,COLLABORATOR,21,26,4,2,1,1,1,0,True,False,0,ok,
microsoft/vscode,130922,https://github.com/microsoft/vscode/pull/130922,peek type hierarchy,2021-08-16T16:54:07Z,2021-08-18T10:24:42Z,2021-08-18T10:24:43Z,2021-10-02T23:24:36Z,2026-09-25T19:10:29Z,Eskibear,User,MEMBER,926,10,5,1,1,1,1,0,True,False,0,ok,
microsoft/vscode,131134,https://github.com/microsoft/vscode/pull/131134,Use insane with notebook markdown content,2021-08-18T22:45:46Z,2021-08-18T23:34:31Z,2021-08-18T23:34:31Z,2021-10-03T23:24:46Z,2026-09-25T19:10:30Z,mjbvz,User,CONTRIBUTOR,150,17,7,1,2,1,1,0,True,False,0,ok,
microsoft/vscode,131101,https://github.com/microsoft/vscode/pull/131101,Introduce locked editor groups and auto-lock setting,2021-08-18T15:32:15Z,2021-08-19T05:52:48Z,2021-08-19T05:52:48Z,2021-10-03T23:24:46Z,2026-09-25T19:10:31Z,bpasero,User,CONTRIBUTOR,667,75,18,6,0,0,0,0,False,False,0,ok,
microsoft/vscode,131392,https://github.com/microsoft/vscode/pull/131392,Fix Drag&Drop not working in Shadow Dom,2021-08-23T10:09:02Z,2021-08-23T13:13:13Z,2021-08-23T13:13:13Z,2021-10-07T23:24:49Z,2026-09-25T19:10:33Z,afonsomatos,User,CONTRIBUTOR,10,1,1,4,0,0,0,0,False,False,0,ok,
microsoft/vscode,131408,https://github.com/microsoft/vscode/pull/131408,[#131407] Fix service worker version check in browsers,2021-08-23T13:54:01Z,2021-08-24T18:06:40Z,2021-08-24T18:06:41Z,2021-10-08T23:24:52Z,2026-09-25T19:10:34Z,sdissegna-maystreet,User,CONTRIBUTOR,22,1,1,1,0,0,0,0,False,False,0,ok,
microsoft/vscode,131630,https://github.com/microsoft/vscode/pull/131630,Markdown preview to use `vscode.ViewColumn.Beside` when opening to side,2021-08-25T11:22:29Z,2021-08-25T17:53:38Z,2021-08-25T17:53:39Z,2021-10-09T23:24:40Z,2026-09-25T19:10:35Z,bpasero,User,CONTRIBUTOR,1,1,1,1,0,0,0,0,False,False,0,ok,
microsoft/vscode,131744,https://github.com/microsoft/vscode/pull/131744,fix #131743 add menu separator only when adding 'Run to Line',2021-08-26T20:46:42Z,2021-08-27T07:34:26Z,2021-08-27T07:34:26Z,2021-10-11T23:24:47Z,2026-09-25T19:10:37Z,gjsjohnmurray,User,CONTRIBUTOR,1,2,1,1,0,0,0,0,False,False,0,ok,
microsoft/vscode,131887,https://github.com/microsoft/vscode/pull/131887,fix for #131396,2021-08-30T09:58:29Z,2021-08-30T10:16:33Z,2021-08-30T10:16:33Z,2021-10-14T23:25:02Z,2026-09-25T19:10:38Z,aeschli,User,CONTRIBUTOR,2,2,1,1,1,1,1,0,True,False,0,ok,
microsoft/vscode,131920,https://github.com/microsoft/vscode/pull/131920,Upgrade to Prebuilds V2,2021-08-30T17:30:28Z,2021-08-30T19:02:23Z,2021-08-30T19:02:23Z,2021-10-14T23:25:02Z,2026-09-25T19:10:40Z,lorenpaulsen,User,MEMBER,12,23,1,1,1,1,1,0,True,False,0,ok,
microsoft/vscode,131958,https://github.com/microsoft/vscode/pull/131958,Fix truncation of common suffixes that overlap with the common prefix.,2021-08-31T07:54:07Z,2021-08-31T09:15:58Z,2021-08-31T09:15:58Z,2021-10-15T23:25:01Z,2026-09-25T19:10:42Z,hediet,User,MEMBER,18,3,2,1,1,1,1,0,True,False,0,ok,
microsoft/vscode,131967,https://github.com/microsoft/vscode/pull/131967,patch XMLHttpRequest and (partially) fetch to massage uris,2021-08-31T11:06:50Z,2021-08-31T14:10:15Z,2021-08-31T14:10:15Z,2021-10-15T23:25:01Z,2026-09-25T19:10:43Z,jrieken,User,CONTRIBUTOR,25,0,1,1,1,1,1,0,True,False,0,ok,
microsoft/vscode,132033,https://github.com/microsoft/vscode/pull/132033,Support untyped side by side editor input (fix #127131),2021-09-01T07:04:20Z,2021-09-01T16:11:04Z,2021-09-01T16:11:04Z,2021-10-16T23:24:51Z,2026-09-25T19:10:44Z,bpasero,User,CONTRIBUTOR,416,137,13,10,2,2,1,0,True,False,0,ok,
microsoft/vscode,132066,https://github.com/microsoft/vscode/pull/132066,Update to latest playwright,2021-09-01T16:19:05Z,2021-09-01T18:51:10Z,2021-09-01T18:51:10Z,2021-10-16T23:24:51Z,2026-09-25T19:10:45Z,alexdima,User,MEMBER,10,10,4,1,0,0,0,0,False,False,0,ok,
microsoft/vscode,131211,https://github.com/microsoft/vscode/pull/131211,Fixes terminal editor tab displays content from another terminal editor tab,2021-08-19T21:49:29Z,2021-09-02T19:19:38Z,2021-09-02T19:19:38Z,2021-10-17T23:24:53Z,2026-09-25T19:10:48Z,jeanp413,User,CONTRIBUTOR,2,1,1,1,0,0,0,0,False,False,0,ok,
microsoft/vscode,132182,https://github.com/microsoft/vscode/pull/132182,Add MarkdownString.supportsHtml api proposal ,2021-09-03T00:58:59Z,2021-09-03T19:33:00Z,2021-09-03T19:33:00Z,2021-10-18T23:25:32Z,2026-09-25T19:10:49Z,mjbvz,User,CONTRIBUTOR,83,16,7,1,3,2,1,0,True,False,0,ok,
microsoft/vscode,132290,https://github.com/microsoft/vscode/pull/132290,only run language detection on plaintext files,2021-09-03T18:47:21Z,2021-09-03T20:23:55Z,2021-09-03T20:23:55Z,2021-10-18T23:25:32Z,2026-09-25T19:10:50Z,TylerLeonhardt,User,MEMBER,3,0,1,1,1,1,1,0,True,False,0,ok,
microsoft/vscode,132427,https://github.com/microsoft/vscode/pull/132427,bump version,2021-09-06T07:09:13Z,2021-09-06T07:29:28Z,2021-09-06T07:29:28Z,2021-10-21T23:24:56Z,2026-09-25T19:10:51Z,sandy081,User,MEMBER,1,1,1,1,1,1,1,0,True,False,0,ok,
microsoft/vscode,132534,https://github.com/microsoft/vscode/pull/132534,Remove colorized bracket pair for plain text files,2021-09-07T10:39:16Z,2021-09-07T12:04:58Z,2021-09-07T12:04:58Z,2021-10-22T23:24:52Z,2026-09-25T19:10:52Z,Suven-p,User,CONTRIBUTOR,1,0,1,1,1,1,1,0,True,False,0,ok,
microsoft/vscode,132996,https://github.com/microsoft/vscode/pull/132996,Intial work to add error to telemetry setting,2021-09-13T15:02:22Z,2021-09-14T14:50:25Z,2021-09-14T14:50:25Z,2021-10-29T23:25:22Z,2026-09-25T19:10:54Z,lramos15,User,MEMBER,135,52,17,4,1,1,0,0,True,False,0,ok,
microsoft/vscode,132015,https://github.com/microsoft/vscode/pull/132015,Adopting langauge status api for JS/TS versions,2021-08-31T23:09:52Z,2021-09-14T15:35:13Z,2021-09-14T15:35:13Z,2021-10-29T23:25:22Z,2026-09-25T19:10:55Z,mjbvz,User,CONTRIBUTOR,189,189,4,2,0,0,0,0,False,False,0,ok,
microsoft/vscode,133691,https://github.com/microsoft/vscode/pull/133691,Persist fixed dimensions on window reload,2021-09-23T20:40:01Z,2021-09-24T00:11:00Z,2021-09-24T00:11:00Z,2021-11-08T23:25:15Z,2026-09-25T19:10:56Z,meganrogge,User,COLLABORATOR,203,66,19,4,0,0,0,0,False,False,0,ok,
microsoft/vscode,133518,https://github.com/microsoft/vscode/pull/133518,Uses EventType.MOUSE_DOWN instead of EventType.CLICK,2021-09-21T11:05:09Z,2021-10-06T14:17:01Z,2021-10-06T14:17:01Z,2021-11-20T23:24:52Z,2026-09-25T19:10:57Z,hediet,User,MEMBER,1,1,1,1,1,1,1,0,True,False,0,ok,
microsoft/vscode,134550,https://github.com/microsoft/vscode/pull/134550, Enlarge small markdown text size - trivial change,2021-10-07T06:58:42Z,2021-10-08T19:29:39Z,2021-10-08T19:29:39Z,2021-11-22T23:25:22Z,2026-09-25T19:10:59Z,greazer,User,CONTRIBUTOR,10,7,1,3,5,3,2,0,True,False,0,ok,
microsoft/vscode,135112,https://github.com/microsoft/vscode/pull/135112,Bump package.json version for recovery,2021-10-14T18:43:55Z,2021-10-14T18:47:30Z,2021-10-14T18:47:30Z,2021-11-28T23:25:03Z,2026-09-25T19:11:00Z,lramos15,User,MEMBER,1,1,1,1,1,1,1,0,True,False,0,ok,
microsoft/vscode,125438,https://github.com/microsoft/vscode/pull/125438,Fixes drop indicator not shown when dragging a view over panel title,2021-06-03T20:19:36Z,2021-10-16T00:00:37Z,2021-10-16T00:00:37Z,2021-11-30T23:25:11Z,2026-09-25T19:11:03Z,jeanp413,User,CONTRIBUTOR,3,2,1,1,0,0,0,0,False,False,0,ok,
microsoft/vscode,135272,https://github.com/microsoft/vscode/pull/135272,Remove `LanguageIdentifier` and ensure tests dispose instantiated `LanguagesRegistry` objects,2021-10-18T08:31:07Z,2021-10-18T10:22:33Z,2021-10-18T10:22:33Z,2021-12-02T23:25:23Z,2026-09-25T19:11:04Z,alexdima,User,MEMBER,2401,1666,228,2,0,0,0,0,False,False,0,ok,
microsoft/vscode,135387,https://github.com/microsoft/vscode/pull/135387,Fix appHost being improperly defined,2021-10-19T13:18:53Z,2021-10-19T14:41:40Z,2021-10-19T14:41:40Z,2021-12-03T23:25:29Z,2026-09-25T19:11:06Z,lramos15,User,MEMBER,1,1,1,2,1,1,1,0,True,False,0,ok,
microsoft/vscode,135420,https://github.com/microsoft/vscode/pull/135420,intercept and improve terminal launch error message ,2021-10-19T19:39:45Z,2021-10-19T20:53:50Z,2021-10-19T20:53:50Z,2021-12-03T23:25:29Z,2026-09-25T19:11:08Z,meganrogge,User,COLLABORATOR,3,0,1,2,3,2,0,1,True,True,0,ok,
microsoft/vscode,135610,https://github.com/microsoft/vscode/pull/135610,migrate process properties to use generic onDidChangeProperty ,2021-10-22T03:30:13Z,2021-10-22T19:08:44Z,2021-10-22T19:08:44Z,2021-12-06T23:25:52Z,2026-09-25T19:11:10Z,meganrogge,User,COLLABORATOR,243,365,18,11,15,2,0,2,True,True,0,ok,
microsoft/vscode,135181,https://github.com/microsoft/vscode/pull/135181,Adds support for separate horizontal and vertical borders for side by side editor,2021-10-15T19:26:43Z,2021-10-23T08:25:10Z,2021-10-23T08:25:10Z,2021-12-07T23:25:34Z,2026-09-25T19:11:11Z,a5hk,User,CONTRIBUTOR,11,5,2,2,0,0,0,0,False,False,0,ok,
microsoft/vscode,135791,https://github.com/microsoft/vscode/pull/135791,enable opt-out of contributed profiles,2021-10-25T18:37:41Z,2021-10-25T18:51:07Z,2021-10-25T18:51:07Z,2021-12-09T23:25:28Z,2026-09-25T19:11:13Z,meganrogge,User,COLLABORATOR,25,25,4,2,0,0,0,0,False,False,0,ok,
microsoft/vscode,136097,https://github.com/microsoft/vscode/pull/136097,Improve IME,2021-10-29T09:19:45Z,2021-11-01T09:00:32Z,2021-11-01T09:00:32Z,2021-12-16T23:25:28Z,2026-09-25T19:11:14Z,alexdima,User,MEMBER,3,0,1,1,0,0,0,0,False,False,0,ok,
microsoft/vscode,136253,https://github.com/microsoft/vscode/pull/136253,Exp => Assignment Rename,2021-11-01T22:42:46Z,2021-11-02T18:18:29Z,2021-11-02T18:18:29Z,2021-12-17T23:25:50Z,2026-09-25T19:11:15Z,sbatten,User,MEMBER,175,242,11,6,3,2,1,0,True,False,0,ok,
microsoft/vscode,136398,https://github.com/microsoft/vscode/pull/136398,fix: performance issues on large context menus,2021-11-03T23:49:10Z,2021-11-05T22:45:13Z,2021-11-05T22:45:13Z,2021-12-20T23:25:31Z,2026-09-25T19:11:16Z,connor4312,User,MEMBER,24,24,2,3,0,0,0,0,False,False,0,ok,
microsoft/vscode,136402,https://github.com/microsoft/vscode/pull/136402,output channel: new replaceAll API to improve output channel rendering ,2021-11-04T02:22:52Z,2021-11-08T10:12:24Z,2021-11-08T10:12:24Z,2021-12-23T23:25:35Z,2026-09-25T19:11:18Z,smcenlly,User,CONTRIBUTOR,263,125,8,9,13,3,0,2,True,True,0,ok,
microsoft/vscode,136665,https://github.com/microsoft/vscode/pull/136665,injected text adoption,2021-11-08T13:58:30Z,2021-11-09T09:49:17Z,2021-11-09T09:49:17Z,2021-12-24T23:25:27Z,2026-09-25T19:11:19Z,hediet,User,MEMBER,254,222,13,5,0,0,0,0,False,False,0,ok,
microsoft/vscode,136763,https://github.com/microsoft/vscode/pull/136763,fix remote terminal reconnection,2021-11-09T16:17:06Z,2021-11-09T18:46:09Z,2021-11-09T18:46:10Z,2021-12-24T23:25:26Z,2026-09-25T19:11:20Z,meganrogge,User,COLLABORATOR,23,30,4,1,0,0,0,0,False,False,0,ok,
microsoft/vscode,136804,https://github.com/microsoft/vscode/pull/136804,Catch and swallow errors during terminal persistence,2021-11-09T22:59:24Z,2021-11-10T01:34:14Z,2021-11-10T01:34:14Z,2021-12-25T23:25:10Z,2026-09-25T19:11:22Z,Tyriar,User,CONTRIBUTOR,22,15,1,1,1,1,1,0,True,False,0,ok,
microsoft/vscode,136896,https://github.com/microsoft/vscode/pull/136896,Allow hover to work in the interactive window cells,2021-11-10T19:00:00Z,2021-11-10T19:01:09Z,2021-11-10T19:01:10Z,2021-12-25T23:25:10Z,2026-09-25T19:11:23Z,rchiodo,User,CONTRIBUTOR,9,1,1,1,0,0,0,0,False,False,0,ok,
microsoft/vscode,137267,https://github.com/microsoft/vscode/pull/137267,update `png` files,2021-11-16T01:37:46Z,2021-11-16T06:59:30Z,2021-11-16T06:59:30Z,2021-12-31T23:25:29Z,2026-09-25T19:11:24Z,chrisdias,User,CONTRIBUTOR,0,0,3,1,0,0,0,0,False,False,0,ok,
microsoft/vscode,137380,https://github.com/microsoft/vscode/pull/137380,DIsplay `Select Kernel` in kernel picker,2021-11-17T18:09:15Z,2021-11-17T23:28:04Z,2021-11-17T23:28:04Z,2022-01-02T23:25:14Z,2026-09-25T19:11:25Z,DonJayamanne,User,CONTRIBUTOR,2,2,2,1,3,3,2,0,True,False,0,ok,
microsoft/vscode,137297,https://github.com/microsoft/vscode/pull/137297,Add SCM contribution to manage context key for active resource changes,2021-11-16T11:01:41Z,2021-11-22T15:13:23Z,2021-11-22T15:13:23Z,2022-01-06T23:26:03Z,2026-09-25T19:11:26Z,lszomoru,User,MEMBER,72,3,3,1,1,1,1,0,True,False,0,ok,
microsoft/vscode,137734,https://github.com/microsoft/vscode/pull/137734,smoke - enable graceful-fs,2021-11-23T16:29:02Z,2021-11-23T16:29:09Z,2021-11-23T16:29:09Z,2022-01-07T23:25:44Z,2026-09-25T19:11:29Z,bpasero,User,CONTRIBUTOR,8,2,2,1,0,0,0,0,False,False,0,ok,
microsoft/vscode,137721,https://github.com/microsoft/vscode/pull/137721,Stream hover providers results,2021-11-23T15:39:58Z,2021-11-23T22:38:56Z,2021-11-23T22:38:57Z,2022-01-07T23:25:44Z,2026-09-25T19:11:31Z,alexdima,User,MEMBER,429,118,10,4,0,0,0,0,False,False,0,ok,
microsoft/vscode,137863,https://github.com/microsoft/vscode/pull/137863,Remote connection improvements,2021-11-25T10:11:32Z,2021-11-25T23:53:25Z,2021-11-25T23:53:25Z,2022-01-10T23:26:15Z,2026-09-25T19:11:33Z,alexdima,User,MEMBER,772,289,12,11,0,0,0,0,False,False,0,ok,
microsoft/vscode,137557,https://github.com/microsoft/vscode/pull/137557,html-language-features: text document provider support for customData.html,2021-11-19T23:26:33Z,2021-11-26T10:52:06Z,2021-11-26T10:52:06Z,2022-01-10T23:26:15Z,2026-09-25T19:11:34Z,sijakret,User,CONTRIBUTOR,51,22,3,4,6,2,0,2,True,True,0,ok,
microsoft/vscode,138289,https://github.com/microsoft/vscode/pull/138289,Fixed GH Actions detection,2021-12-01T18:43:00Z,2021-12-01T21:21:11Z,2021-12-01T21:21:11Z,2022-01-15T23:25:20Z,2026-09-25T19:11:35Z,ItalyPaleAle,User,CONTRIBUTOR,1,1,1,1,1,1,1,0,True,False,0,ok,
microsoft/vscode,137626,https://github.com/microsoft/vscode/pull/137626,Add singular form of bisect message,2021-11-21T22:30:16Z,2021-12-06T15:33:18Z,2021-12-06T15:33:19Z,2022-01-20T23:24:21Z,2026-09-25T19:11:36Z,dnicolson,User,CONTRIBUTOR,5,1,1,1,1,1,1,0,True,False,0,ok,
microsoft/vscode,138419,https://github.com/microsoft/vscode/pull/138419,"when view visibility changes, don't assume the panel should be focused ",2021-12-03T18:02:28Z,2021-12-06T16:03:29Z,2021-12-06T16:03:30Z,2022-01-20T23:24:21Z,2026-09-25T19:11:37Z,meganrogge,User,COLLABORATOR,6,12,1,3,0,0,0,0,False,False,0,ok,
microsoft/vscode,137388,https://github.com/microsoft/vscode/pull/137388,Introduce `onDidModelChange` to the group,2021-11-17T20:23:15Z,2021-12-06T18:02:51Z,2021-12-06T18:02:51Z,2022-01-20T23:24:21Z,2026-09-25T19:11:39Z,lramos15,User,MEMBER,440,235,14,22,27,2,0,2,True,True,0,ok,
microsoft/vscode,138539,https://github.com/microsoft/vscode/pull/138539,:up: playwright & set trace names,2021-12-06T18:41:59Z,2021-12-06T18:42:06Z,2021-12-06T18:42:06Z,2022-01-20T23:24:21Z,2026-09-25T19:11:40Z,bpasero,User,CONTRIBUTOR,41,19,6,1,0,0,0,0,False,False,0,ok,
microsoft/vscode,137857,https://github.com/microsoft/vscode/pull/137857,Update filter when programmatically changing quick input value,2021-11-25T08:55:38Z,2021-12-08T00:32:42Z,2021-12-08T00:32:43Z,2022-01-22T23:24:13Z,2026-09-25T19:11:41Z,bpasero,User,CONTRIBUTOR,15,11,1,2,5,4,3,0,True,False,0,ok,
microsoft/vscode,138258,https://github.com/microsoft/vscode/pull/138258,Update webview service-worker invocation,2021-12-01T12:40:22Z,2021-12-08T00:56:51Z,2021-12-08T00:56:51Z,2022-01-22T23:24:13Z,2026-09-25T19:11:42Z,guybarnard,User,CONTRIBUTOR,1,1,1,1,2,1,0,1,True,True,0,ok,
microsoft/vscode,138657,https://github.com/microsoft/vscode/pull/138657,Save through text model service if model is dirty,2021-12-08T15:32:38Z,2021-12-08T16:43:25Z,2021-12-08T16:43:25Z,2022-01-22T23:24:13Z,2026-09-25T19:11:44Z,sandy081,User,MEMBER,2,1,1,1,1,1,1,0,True,False,0,ok,
microsoft/vscode,138628,https://github.com/microsoft/vscode/pull/138628,"include detected profiles in getProfiles, use configured icon",2021-12-08T04:22:10Z,2021-12-08T16:46:55Z,2021-12-08T16:46:55Z,2022-01-22T23:24:13Z,2026-09-25T19:11:45Z,meganrogge,User,COLLABORATOR,6,26,4,4,5,2,1,0,True,False,0,ok,
microsoft/vscode,138656,https://github.com/microsoft/vscode/pull/138656,More adoption of language configuration service.,2021-12-08T15:29:14Z,2021-12-09T13:11:07Z,2021-12-09T13:11:07Z,2022-01-23T23:24:06Z,2026-09-25T19:11:46Z,hediet,User,MEMBER,131,186,18,1,0,0,0,0,False,False,0,ok,
microsoft/vscode,138875,https://github.com/microsoft/vscode/pull/138875,be sure that terminal target gets set for the instance,2021-12-10T19:00:16Z,2021-12-10T22:51:45Z,2021-12-10T22:51:45Z,2022-01-24T23:25:29Z,2026-09-25T19:11:47Z,meganrogge,User,COLLABORATOR,47,28,7,9,10,2,1,1,True,True,0,ok,
microsoft/vscode,138001,https://github.com/microsoft/vscode/pull/138001,"Improve ""Run Test at Cursor"" command",2021-11-28T09:13:23Z,2021-12-14T00:09:21Z,2021-12-14T00:09:21Z,2022-01-28T23:24:45Z,2026-09-25T19:11:48Z,stefanhaller,User,CONTRIBUTOR,37,6,1,1,0,0,0,0,False,False,0,ok,
microsoft/vscode,139041,https://github.com/microsoft/vscode/pull/139041,chore: restore branch for recovery release,2021-12-14T00:54:31Z,2021-12-14T01:39:51Z,2021-12-14T01:39:51Z,2022-01-28T23:24:45Z,2026-09-25T19:11:49Z,deepak1556,User,COLLABORATOR,46,88,10,5,1,1,1,0,True,False,0,ok,
microsoft/vscode,138886,https://github.com/microsoft/vscode/pull/138886,Create terminal auto responder concept,2021-12-10T23:11:53Z,2021-12-14T03:43:34Z,2021-12-14T03:43:35Z,2022-01-28T23:24:45Z,2026-09-25T19:11:50Z,Tyriar,User,CONTRIBUTOR,282,20,17,11,0,0,0,0,False,False,0,ok,
microsoft/vscode,139130,https://github.com/microsoft/vscode/pull/139130,add check in createTerminal,2021-12-14T20:00:22Z,2021-12-14T23:23:47Z,2021-12-14T23:23:47Z,2022-01-28T23:24:45Z,2026-09-25T19:11:51Z,meganrogge,User,COLLABORATOR,15,1,1,2,0,0,0,0,False,False,0,ok,
microsoft/vscode,138782,https://github.com/microsoft/vscode/pull/138782,Ensure `forceNewSession` overload gets picked first (#138685),2021-12-09T18:51:38Z,2021-12-15T00:45:03Z,2021-12-15T00:45:03Z,2022-01-29T23:23:52Z,2026-09-25T19:11:53Z,TylerLeonhardt,User,MEMBER,4,4,1,1,3,3,3,0,True,False,0,ok,
microsoft/vscode,139146,https://github.com/microsoft/vscode/pull/139146,Pick up TS 4.5.4,2021-12-15T00:22:15Z,2021-12-15T01:42:45Z,2021-12-15T01:42:45Z,2022-01-29T23:23:52Z,2026-09-25T19:11:54Z,mjbvz,User,CONTRIBUTOR,5,5,2,1,1,1,1,0,True,False,0,ok,
microsoft/vscode,139157,https://github.com/microsoft/vscode/pull/139157,Collapse interactive window cells by default,2021-12-15T03:08:36Z,2021-12-15T03:24:58Z,2021-12-15T03:24:58Z,2022-01-29T23:23:52Z,2026-09-25T19:11:55Z,roblourens,User,MEMBER,57,12,9,1,1,1,1,0,True,False,0,ok,
microsoft/vscode,138395,https://github.com/microsoft/vscode/pull/138395,Basic LaTeX built-in extension,2021-12-03T09:23:02Z,2021-12-15T12:05:23Z,2021-12-15T12:05:23Z,2022-01-29T23:23:52Z,2026-09-25T19:11:56Z,jlelong,User,CONTRIBUTOR,29227,0,20,8,3,2,1,0,True,False,0,ok,
microsoft/vscode,139241,https://github.com/microsoft/vscode/pull/139241,hasCustomMarkdownPreview disables markdown preview buttons in context menus,2021-12-15T22:07:31Z,2021-12-15T22:19:39Z,2021-12-15T22:19:39Z,2022-01-29T23:23:52Z,2026-09-25T19:11:57Z,SeriousBug,User,CONTRIBUTOR,2,2,1,1,1,1,1,0,True,False,0,ok,
microsoft/vscode,139388,https://github.com/microsoft/vscode/pull/139388,fix editor detach/attach bugs,2021-12-17T17:35:26Z,2021-12-17T18:34:03Z,2021-12-17T18:34:04Z,2022-01-31T23:24:35Z,2026-09-25T19:11:58Z,meganrogge,User,COLLABORATOR,1,3,1,1,0,0,0,0,False,False,0,ok,
microsoft/vscode,139411,https://github.com/microsoft/vscode/pull/139411,Merogge/icon,2021-12-17T21:02:12Z,2021-12-17T21:11:37Z,2021-12-17T21:11:37Z,2022-01-31T23:24:35Z,2026-09-25T19:11:59Z,meganrogge,User,COLLABORATOR,9,2,1,6,0,0,0,0,False,False,0,ok,
microsoft/vscode,139632,https://github.com/microsoft/vscode/pull/139632,Introduce and use global storage service in main process,2021-12-22T11:03:57Z,2021-12-22T12:26:29Z,2021-12-22T12:26:29Z,2022-02-05T23:35:05Z,2026-09-25T19:12:00Z,bpasero,User,CONTRIBUTOR,293,156,9,6,0,0,0,0,False,False,0,ok,
microsoft/vscode,140028,https://github.com/microsoft/vscode/pull/140028,Update ripgrep binaries to include ppc64le and s390x,2022-01-03T10:00:14Z,2022-01-03T20:50:27Z,2022-01-03T20:50:27Z,2022-02-17T23:24:24Z,2026-09-25T19:12:02Z,imphil,User,CONTRIBUTOR,5,5,2,1,0,0,0,0,False,False,0,ok,
microsoft/vscode,140329,https://github.com/microsoft/vscode/pull/140329,callbacks - adopt a client only solution (#140328),2022-01-08T11:15:14Z,2022-01-10T13:45:05Z,2022-01-10T13:45:05Z,2022-02-24T23:25:15Z,2026-09-25T19:12:03Z,bpasero,User,CONTRIBUTOR,103,95,3,2,2,1,1,0,True,False,0,ok,
microsoft/vscode,140650,https://github.com/microsoft/vscode/pull/140650,debt - rename `iconv-lite-umd` package,2022-01-13T17:15:36Z,2022-01-14T06:28:41Z,2022-01-14T06:28:41Z,2022-02-28T23:25:14Z,2026-09-25T19:12:04Z,bpasero,User,CONTRIBUTOR,46,46,19,2,0,0,0,0,False,False,0,ok,
microsoft/vscode,140709,https://github.com/microsoft/vscode/pull/140709,Enable resourceurls,2022-01-14T14:33:37Z,2022-01-25T13:16:49Z,2022-01-25T13:16:49Z,2022-03-11T23:24:53Z,2026-09-25T19:12:06Z,alexr00,User,MEMBER,108,24,6,6,6,2,0,2,True,True,0,ok,
microsoft/vscode,141595,https://github.com/microsoft/vscode/pull/141595,update terminalLinkManager's processCwd when cwd changes with shell integration on,2022-01-26T20:00:53Z,2022-01-26T20:08:41Z,2022-01-26T20:08:42Z,2022-03-12T23:25:09Z,2026-09-25T19:12:07Z,meganrogge,User,COLLABORATOR,10,1,1,3,0,0,0,0,False,False,0,ok,
microsoft/vscode,141953,https://github.com/microsoft/vscode/pull/141953,File icon size does not behave correctly with multiple fonts. ,2022-02-01T15:36:47Z,2022-02-01T21:34:03Z,2022-02-01T21:34:04Z,2022-03-18T23:25:18Z,2026-09-25T19:12:08Z,aeschli,User,CONTRIBUTOR,9,3,1,1,0,0,0,0,False,False,0,ok,
microsoft/vscode,141755,https://github.com/microsoft/vscode/pull/141755,Terminal link refactors,2022-01-28T19:51:08Z,2022-02-02T20:59:05Z,2022-02-02T20:59:06Z,2022-03-19T23:24:55Z,2026-09-25T19:12:10Z,Tyriar,User,CONTRIBUTOR,1744,786,19,44,49,2,1,0,True,False,0,ok,
microsoft/vscode,141095,https://github.com/microsoft/vscode/pull/141095,"Pass renderer locale to exthost, fixes #85675",2022-01-20T19:31:55Z,2022-02-03T18:23:59Z,2022-02-03T18:24:00Z,2022-03-20T23:24:43Z,2026-09-25T19:12:11Z,rzhao271,User,COLLABORATOR,7,1,1,2,10,5,3,0,True,False,0,ok,
microsoft/vscode,142524,https://github.com/microsoft/vscode/pull/142524,Commands display both translated names and original names in command palette.,2022-02-08T15:40:54Z,2022-02-09T07:13:27Z,2022-02-09T07:13:27Z,2022-03-26T23:24:45Z,2026-09-25T19:12:12Z,y-tsutsu,User,CONTRIBUTOR,48,50,10,4,0,0,0,0,False,False,0,ok,
microsoft/vscode,143939,https://github.com/microsoft/vscode/pull/143939,adjust command decoration font size and margins based on terminal font size,2022-02-25T03:20:54Z,2022-02-25T19:59:56Z,2022-02-25T19:59:56Z,2022-04-11T23:26:22Z,2026-09-25T19:12:13Z,meganrogge,User,COLLABORATOR,93,59,3,7,5,2,0,1,True,True,0,ok,
microsoft/vscode,144003,https://github.com/microsoft/vscode/pull/144003,Add jsonc to markdown embedded languages,2022-02-26T10:35:44Z,2022-02-28T20:41:34Z,2022-02-28T20:41:35Z,2022-04-14T23:25:41Z,2026-09-25T19:12:15Z,babakks,User,CONTRIBUTOR,1,0,1,1,1,1,1,0,True,False,0,ok,
microsoft/vscode,143951,https://github.com/microsoft/vscode/pull/143951,Fixes webview views fail to load in code web if view id is too long,2022-02-25T10:13:11Z,2022-02-28T23:53:11Z,2022-02-28T23:53:11Z,2022-04-15T23:25:55Z,2026-09-25T19:12:16Z,jeanp413,User,CONTRIBUTOR,2,4,1,1,2,2,0,0,True,False,0,ok,
microsoft/vscode,144212,https://github.com/microsoft/vscode/pull/144212,Candidate fix for #144180,2022-03-01T22:17:15Z,2022-03-01T23:01:25Z,2022-03-01T23:01:25Z,2022-04-15T23:25:54Z,2026-09-25T19:12:17Z,sbatten,User,MEMBER,2,2,1,1,2,1,1,0,True,False,0,ok,
microsoft/vscode,144265,https://github.com/microsoft/vscode/pull/144265,Ensure shell integration works when PSReadLine is not loaded,2022-03-02T18:12:26Z,2022-03-02T19:04:22Z,2022-03-02T19:04:22Z,2022-04-16T23:25:23Z,2026-09-25T19:12:19Z,Tyriar,User,CONTRIBUTOR,10,7,1,1,1,1,1,0,True,False,0,ok,
microsoft/vscode,144130,https://github.com/microsoft/vscode/pull/144130,Move shell integration injection to pty host,2022-02-28T22:31:35Z,2022-03-02T23:59:14Z,2022-03-02T23:59:14Z,2022-04-17T23:25:46Z,2026-09-25T19:12:20Z,Tyriar,User,CONTRIBUTOR,462,483,14,15,12,2,1,0,True,False,0,ok,
microsoft/vscode,144261,https://github.com/microsoft/vscode/pull/144261,fix decoration padding problems,2022-03-02T17:34:53Z,2022-03-03T02:28:52Z,2022-03-03T02:28:53Z,2022-04-17T23:25:46Z,2026-09-25T19:12:22Z,meganrogge,User,COLLABORATOR,22,14,4,10,11,2,0,2,True,True,0,ok,
microsoft/vscode,144624,https://github.com/microsoft/vscode/pull/144624,Support shell type context key on mac/linux,2022-03-07T20:23:44Z,2022-03-09T00:48:34Z,2022-03-09T00:48:34Z,2022-04-23T23:25:45Z,2026-09-25T19:12:23Z,Tyriar,User,CONTRIBUTOR,24,3,2,2,2,1,1,0,True,False,0,ok,
microsoft/vscode,145217,https://github.com/microsoft/vscode/pull/145217,Add a `.code` property to undo redo elements (that is not localized),2022-03-16T13:28:59Z,2022-03-16T14:01:50Z,2022-03-16T14:01:50Z,2022-04-30T23:25:24Z,2026-09-25T19:12:25Z,alexdima,User,MEMBER,55,11,15,1,1,1,1,0,True,False,0,ok,
microsoft/vscode,145247,https://github.com/microsoft/vscode/pull/145247,Add keybindings to terminal command navigation linux/win,2022-03-16T17:38:42Z,2022-03-16T18:49:46Z,2022-03-16T18:49:46Z,2022-04-30T23:25:24Z,2026-09-25T19:12:26Z,Tyriar,User,CONTRIBUTOR,4,4,1,1,1,1,1,0,True,False,0,ok,
microsoft/vscode,145230,https://github.com/microsoft/vscode/pull/145230,Introduce themable colors for resolved and unresolved comments,2022-03-16T15:37:48Z,2022-03-17T16:23:45Z,2022-03-17T16:23:45Z,2022-05-01T23:25:40Z,2026-09-25T19:12:28Z,hermannloose,User,CONTRIBUTOR,102,7,6,4,4,2,1,1,True,True,0,ok,
microsoft/vscode,145332,https://github.com/microsoft/vscode/pull/145332,Show nothing for partial command,2022-03-17T17:17:37Z,2022-03-17T19:29:30Z,2022-03-17T19:29:30Z,2022-05-01T23:25:40Z,2026-09-25T19:12:29Z,Tyriar,User,CONTRIBUTOR,4,1,1,1,1,1,1,0,True,False,0,ok,
microsoft/vscode,146179,https://github.com/microsoft/vscode/pull/146179,Better accomodate the auto whitespace removal when inserting or merging snippets,2022-03-28T10:24:38Z,2022-03-28T11:31:03Z,2022-03-28T11:31:03Z,2022-05-12T23:26:50Z,2026-09-25T19:12:30Z,alexdima,User,MEMBER,53,12,2,1,0,0,0,0,False,False,0,ok,
microsoft/vscode,146252,https://github.com/microsoft/vscode/pull/146252,Use reallink for all server cli scripts,2022-03-29T14:06:23Z,2022-03-30T14:44:02Z,2022-03-30T14:44:02Z,2022-05-14T23:26:09Z,2026-09-25T19:12:31Z,aeschli,User,CONTRIBUTOR,48,4,5,2,0,0,0,0,False,False,0,ok,
microsoft/vscode,146332,https://github.com/microsoft/vscode/pull/146332,Update markdownRenderer.ts path in docstring.,2022-03-30T17:24:33Z,2022-03-30T22:26:50Z,2022-03-30T22:26:50Z,2022-05-14T23:26:09Z,2026-09-25T19:12:32Z,manunamz,User,CONTRIBUTOR,1,1,1,1,0,0,0,0,False,False,0,ok,
microsoft/vscode,148086,https://github.com/microsoft/vscode/pull/148086,update distro due to adding jupyter powertoys to proposed API,2022-04-25T22:20:47Z,2022-04-25T23:34:21Z,2022-04-25T23:34:21Z,2022-06-10T23:25:33Z,2026-09-25T19:12:34Z,IanMatthewHuff,User,MEMBER,1,1,1,1,0,0,0,0,False,False,0,ok,
microsoft/vscode,148222,https://github.com/microsoft/vscode/pull/148222,fix terminal find bugs,2022-04-26T23:00:57Z,2022-04-26T23:39:20Z,2022-04-26T23:39:20Z,2022-06-11T23:24:58Z,2026-09-25T19:12:35Z,meganrogge,User,COLLABORATOR,24,21,7,3,0,0,0,0,False,False,0,ok,
microsoft/vscode,148459,https://github.com/microsoft/vscode/pull/148459,fix #147603. Enable selecting line on line number.,2022-04-29T21:30:07Z,2022-05-02T17:07:26Z,2022-05-02T17:07:26Z,2022-06-16T23:25:49Z,2026-09-25T19:12:36Z,rebornix,User,CONTRIBUTOR,0,1,1,1,0,0,0,0,False,False,0,ok,
microsoft/vscode,148578,https://github.com/microsoft/vscode/pull/148578,Add diagnostics for markdown links,2022-05-02T18:18:37Z,2022-05-02T23:06:00Z,2022-05-02T23:06:01Z,2022-06-16T23:25:49Z,2026-09-25T19:12:37Z,mjbvz,User,CONTRIBUTOR,589,9,11,10,0,0,0,0,False,False,0,ok,
microsoft/vscode,148595,https://github.com/microsoft/vscode/pull/148595,adding gdpr comments for owned events,2022-05-02T22:43:55Z,2022-05-02T23:14:34Z,2022-05-02T23:14:34Z,2022-06-16T23:25:49Z,2026-09-25T19:12:38Z,sbatten,User,MEMBER,38,22,4,1,2,2,1,0,True,False,0,ok,
microsoft/vscode,148725,https://github.com/microsoft/vscode/pull/148725,Fix #142756,2022-05-04T18:25:23Z,2022-05-04T18:35:02Z,2022-05-04T18:35:02Z,2022-06-18T23:24:40Z,2026-09-25T19:12:39Z,rebornix,User,CONTRIBUTOR,1,1,1,1,1,1,1,0,True,False,0,ok,
microsoft/vscode,148778,https://github.com/microsoft/vscode/pull/148778,`let` -> `const`,2022-05-05T09:11:45Z,2022-05-05T09:18:23Z,2022-05-05T09:18:23Z,2022-06-19T23:24:52Z,2026-09-25T19:12:41Z,alexdima,User,MEMBER,1,1,1,1,1,1,1,0,True,False,0,ok,
microsoft/vscode,148806,https://github.com/microsoft/vscode/pull/148806,Comments panel annoyance,2022-05-05T14:53:56Z,2022-05-05T15:06:19Z,2022-05-05T15:06:19Z,2022-06-19T23:24:52Z,2026-09-25T19:12:44Z,alexr00,User,MEMBER,4,3,1,1,1,1,1,0,True,False,0,ok,
microsoft/vscode,149174,https://github.com/microsoft/vscode/pull/149174,Fix disabled state for debug toolbar icons (#149172),2022-05-10T16:29:25Z,2022-05-10T16:39:57Z,2022-05-10T16:39:57Z,2022-06-24T23:25:14Z,2026-09-25T19:12:46Z,daviddossett,User,COLLABORATOR,1,1,1,1,1,1,1,0,True,False,0,ok,
microsoft/vscode,149178,https://github.com/microsoft/vscode/pull/149178,Fix disabled state for debug toolbar icons (#149172),2022-05-10T17:42:34Z,2022-05-10T19:48:15Z,2022-05-10T19:48:15Z,2022-06-24T23:25:14Z,2026-09-25T19:12:47Z,joyceerhl,User,CONTRIBUTOR,1,1,1,1,1,1,1,0,True,False,0,ok,
microsoft/vscode,149375,https://github.com/microsoft/vscode/pull/149375,Refine title menu,2022-05-12T17:07:36Z,2022-05-12T20:16:51Z,2022-05-12T20:16:51Z,2022-06-26T23:25:10Z,2026-09-25T19:12:50Z,jrieken,User,CONTRIBUTOR,220,97,16,6,4,2,1,1,True,True,0,ok,
microsoft/vscode,149485,https://github.com/microsoft/vscode/pull/149485,Update foreground color of extension list item descriptions,2022-05-13T17:20:33Z,2022-05-13T18:08:15Z,2022-05-13T18:08:15Z,2022-06-27T23:25:38Z,2026-09-25T19:12:51Z,daviddossett,User,COLLABORATOR,6,0,1,2,1,1,1,0,True,False,0,ok,
microsoft/vscode,149511,https://github.com/microsoft/vscode/pull/149511,Fixing some html tags detected as autolinks for diagnostics,2022-05-13T23:57:19Z,2022-05-16T10:19:29Z,2022-05-16T10:19:29Z,2022-06-30T23:25:40Z,2026-09-25T19:12:53Z,mjbvz,User,CONTRIBUTOR,24,0,2,1,1,1,1,0,True,False,0,ok,
microsoft/vscode,149656,https://github.com/microsoft/vscode/pull/149656,Refine notebookEditor proposal,2022-05-16T18:08:57Z,2022-05-16T18:17:37Z,2022-05-16T18:17:37Z,2022-06-30T23:25:40Z,2026-09-25T19:12:54Z,mjbvz,User,CONTRIBUTOR,29,6,2,1,1,1,1,0,True,False,0,ok,
microsoft/vscode,149734,https://github.com/microsoft/vscode/pull/149734,Polish notebook workspace edit,2022-05-17T16:46:52Z,2022-05-17T19:13:44Z,2022-05-17T19:13:45Z,2022-07-01T23:25:26Z,2026-09-25T19:12:55Z,mjbvz,User,CONTRIBUTOR,47,20,2,1,1,1,1,0,True,False,0,ok,
microsoft/vscode,149786,https://github.com/microsoft/vscode/pull/149786,Show the debug adapter label when hovering the type in launch.json,2022-05-18T02:00:08Z,2022-05-18T02:03:46Z,2022-05-18T02:03:46Z,2022-07-02T23:24:47Z,2026-09-25T19:12:57Z,roblourens,User,MEMBER,1,0,1,1,1,1,1,0,True,False,0,ok,
microsoft/vscode,149844,https://github.com/microsoft/vscode/pull/149844,Enable strictNullChecks for implicit projects,2022-05-18T17:45:25Z,2022-05-18T17:47:37Z,2022-05-18T17:47:37Z,2022-07-02T23:24:48Z,2026-09-25T19:12:58Z,mjbvz,User,CONTRIBUTOR,4,4,2,2,1,1,1,0,True,False,0,ok,
microsoft/vscode,149992,https://github.com/microsoft/vscode/pull/149992,Screen reader should read quick pick title field if set,2022-05-20T05:14:25Z,2022-05-22T05:49:46Z,2022-05-22T05:49:46Z,2022-07-06T23:25:18Z,2026-09-25T19:13:00Z,TylerLeonhardt,User,MEMBER,9,1,1,2,1,1,1,0,True,False,0,ok,
microsoft/vscode,150300,https://github.com/microsoft/vscode/pull/150300,Fix interactive window to scroll as output resizes,2022-05-24T18:17:52Z,2022-05-25T16:01:58Z,2022-05-25T16:01:59Z,2022-07-09T23:25:20Z,2026-09-25T19:13:05Z,rchiodo,User,CONTRIBUTOR,199,126,10,13,16,3,2,1,True,True,1,ok,
microsoft/vscode,150487,https://github.com/microsoft/vscode/pull/150487,"Revert ""A full editor can be used as git commit message editor (#95266)""",2022-05-26T20:53:03Z,2022-05-26T21:06:23Z,2022-05-26T21:06:23Z,2022-07-10T23:25:47Z,2026-09-25T19:13:06Z,lszomoru,User,MEMBER,45,235,17,1,1,1,1,0,True,False,0,ok,
microsoft/vscode,150490,https://github.com/microsoft/vscode/pull/150490,Disable notebook clipping,2022-05-26T21:59:51Z,2022-05-26T22:08:24Z,2022-05-26T22:08:24Z,2022-07-10T23:25:47Z,2026-09-25T19:13:07Z,mjbvz,User,CONTRIBUTOR,0,8,1,1,1,1,1,0,True,False,0,ok,
microsoft/vscode,150899,https://github.com/microsoft/vscode/pull/150899,Increase contrast for sponsor button,2022-05-31T19:33:19Z,2022-05-31T20:03:00Z,2022-05-31T20:03:00Z,2022-07-15T23:26:16Z,2026-09-25T19:13:10Z,miguelsolorio,User,CONTRIBUTOR,2,2,1,1,1,1,1,0,True,False,0,ok,
microsoft/vscode,150914,https://github.com/microsoft/vscode/pull/150914,Don't parse checkboxes as links in markdown,2022-05-31T21:28:06Z,2022-05-31T21:57:32Z,2022-05-31T21:57:32Z,2022-07-15T23:26:16Z,2026-09-25T19:13:12Z,mjbvz,User,CONTRIBUTOR,62,0,4,1,1,1,1,0,True,False,0,ok,
microsoft/vscode,150922,https://github.com/microsoft/vscode/pull/150922,update cwd on reconnect before refreshing tab labels,2022-05-31T22:06:20Z,2022-06-01T02:24:49Z,2022-06-01T02:24:50Z,2022-07-16T23:25:04Z,2026-09-25T19:13:13Z,meganrogge,User,COLLABORATOR,1,0,1,1,1,1,1,0,True,False,0,ok,
microsoft/vscode,151075,https://github.com/microsoft/vscode/pull/151075,Fix #151011,2022-06-02T08:32:25Z,2022-06-02T13:15:46Z,2022-06-02T13:15:46Z,2022-07-17T23:25:13Z,2026-09-25T19:13:15Z,sandy081,User,MEMBER,42,33,3,2,2,1,2,0,True,False,1,ok,
microsoft/vscode,151118,https://github.com/microsoft/vscode/pull/151118,Fix #148253,2022-06-02T15:35:18Z,2022-06-02T15:45:18Z,2022-06-02T15:45:18Z,2022-07-17T23:25:13Z,2026-09-25T19:13:17Z,sandy081,User,MEMBER,1,1,1,1,1,1,1,0,True,False,0,ok,
microsoft/vscode,151131,https://github.com/microsoft/vscode/pull/151131,Fix merge editor checkbox border width (Fix #151124),2022-06-02T16:35:06Z,2022-06-02T16:44:31Z,2022-06-02T16:44:31Z,2022-07-17T23:25:13Z,2026-09-25T19:13:18Z,daviddossett,User,COLLABORATOR,1,1,1,1,1,1,1,0,True,False,0,ok,
microsoft/vscode,151223,https://github.com/microsoft/vscode/pull/151223,fix shell integration issues after clearing,2022-06-03T15:24:45Z,2022-06-03T15:46:06Z,2022-06-03T15:46:06Z,2022-07-18T23:25:42Z,2026-09-25T19:13:20Z,meganrogge,User,COLLABORATOR,5,3,1,2,2,2,2,0,True,False,0,ok,
microsoft/vscode,151335,https://github.com/microsoft/vscode/pull/151335,debug: allow linking to ranges in debug console uris,2022-06-06T12:52:36Z,2022-06-07T07:28:34Z,2022-06-07T07:28:34Z,2022-07-22T23:26:02Z,2026-09-25T19:13:22Z,connor4312,User,MEMBER,19,2,1,1,1,1,1,0,True,False,0,ok,
microsoft/vscode,151545,https://github.com/microsoft/vscode/pull/151545,Fix rename of paths in markdown reference link definitions,2022-06-08T19:11:10Z,2022-06-08T19:20:17Z,2022-06-08T19:20:18Z,2022-07-23T23:25:43Z,2026-09-25T19:13:23Z,mjbvz,User,CONTRIBUTOR,76,1,2,1,1,1,1,0,True,False,0,ok,
microsoft/vscode,151762,https://github.com/microsoft/vscode/pull/151762,Use `any` instead of `unknown` for `thisArg`,2022-06-10T16:02:26Z,2022-06-10T16:11:22Z,2022-06-10T16:11:22Z,2022-07-25T23:26:17Z,2026-09-25T19:13:24Z,mjbvz,User,CONTRIBUTOR,2,2,1,1,1,1,1,0,True,False,0,ok,
microsoft/vscode,151915,https://github.com/microsoft/vscode/pull/151915,Engineering - do not run SBOM tasks in macOSTest,2022-06-13T08:12:44Z,2022-06-13T08:21:10Z,2022-06-13T08:21:10Z,2022-07-28T23:26:49Z,2026-09-25T19:13:26Z,lszomoru,User,MEMBER,4,4,1,2,1,1,1,0,True,False,0,ok,
microsoft/vscode,151941,https://github.com/microsoft/vscode/pull/151941,stripComments: remove trailing comma,2022-06-13T12:54:46Z,2022-06-13T13:36:04Z,2022-06-13T13:36:04Z,2022-07-28T23:26:50Z,2026-09-25T19:13:29Z,aeschli,User,CONTRIBUTOR,44,9,4,2,2,1,2,0,True,False,1,ok,
microsoft/vscode,151997,https://github.com/microsoft/vscode/pull/151997,Clarify markdown validate settings,2022-06-13T23:46:52Z,2022-06-14T00:06:28Z,2022-06-14T00:06:28Z,2022-07-29T23:25:48Z,2026-09-25T19:13:30Z,mjbvz,User,CONTRIBUTOR,101,49,4,1,1,1,1,0,True,False,0,ok,
microsoft/vscode,152041,https://github.com/microsoft/vscode/pull/152041,smoke - enable crash reporter,2022-06-14T11:11:48Z,2022-06-14T12:52:29Z,2022-06-14T12:52:29Z,2022-07-29T23:25:48Z,2026-09-25T19:13:31Z,bpasero,User,CONTRIBUTOR,40,8,6,2,1,1,1,0,True,False,0,ok,
microsoft/vscode,151954,https://github.com/microsoft/vscode/pull/151954,Engineering - standardize macOS support jobs,2022-06-13T15:57:46Z,2022-06-14T14:04:18Z,2022-06-14T14:04:18Z,2022-07-29T23:25:48Z,2026-09-25T19:13:34Z,lszomoru,User,MEMBER,111,12,2,4,1,1,1,0,True,False,0,ok,
microsoft/vscode,152242,https://github.com/microsoft/vscode/pull/152242,add shell integration to tasks,2022-06-15T19:01:17Z,2022-06-16T19:49:43Z,2022-06-16T19:49:43Z,2022-07-31T23:25:46Z,2026-09-25T19:13:35Z,meganrogge,User,COLLABORATOR,52,24,7,16,15,2,1,2,True,True,0,ok,
microsoft/vscode,152408,https://github.com/microsoft/vscode/pull/152408,Restore old buffers if no additional interactions happened,2022-06-17T00:17:51Z,2022-06-17T17:12:57Z,2022-06-17T17:12:57Z,2022-08-01T23:27:32Z,2026-09-25T19:13:37Z,Tyriar,User,CONTRIBUTOR,58,20,1,3,3,1,3,0,True,False,2,ok,
microsoft/vscode,152661,https://github.com/microsoft/vscode/pull/152661,Don't try parsing non-markdown files,2022-06-20T17:29:47Z,2022-06-20T17:44:51Z,2022-06-20T17:44:51Z,2022-08-04T23:25:42Z,2026-09-25T19:13:38Z,mjbvz,User,CONTRIBUTOR,71,46,8,1,1,1,1,0,True,False,0,ok,
microsoft/vscode,152710,https://github.com/microsoft/vscode/pull/152710,remove top/bottom margin from CC so that window can be dragged,2022-06-21T06:48:05Z,2022-06-21T07:00:06Z,2022-06-21T07:00:06Z,2022-08-05T23:25:41Z,2026-09-25T19:13:40Z,jrieken,User,CONTRIBUTOR,1,1,1,1,1,1,1,0,True,False,0,ok,
microsoft/vscode,152723,https://github.com/microsoft/vscode/pull/152723,fix compilation,2022-06-21T10:13:14Z,2022-06-21T12:29:14Z,2022-06-21T12:29:14Z,2022-08-05T23:25:41Z,2026-09-25T19:13:42Z,sandy081,User,MEMBER,1,1,1,1,1,1,1,0,True,False,0,ok,
microsoft/vscode,153002,https://github.com/microsoft/vscode/pull/153002,cleanup: initialize profiles when state is initiaized,2022-06-23T17:12:25Z,2022-06-23T17:21:28Z,2022-06-23T17:21:28Z,2022-08-07T23:25:23Z,2026-09-25T19:13:44Z,sandy081,User,MEMBER,13,8,5,1,1,1,1,0,True,False,0,ok,
microsoft/vscode,153052,https://github.com/microsoft/vscode/pull/153052,Fix notebook links to other docs in edited markdown cells,2022-06-23T23:30:34Z,2022-06-24T00:55:08Z,2022-06-24T00:55:10Z,2022-08-08T23:26:42Z,2026-09-25T19:13:45Z,mjbvz,User,CONTRIBUTOR,17,5,3,1,1,1,1,0,True,False,0,ok,
microsoft/vscode,152992,https://github.com/microsoft/vscode/pull/152992,Fixes #150817 by disposing everything properly.,2022-06-23T16:10:37Z,2022-06-24T08:29:56Z,2022-06-24T08:29:57Z,2022-08-08T23:26:42Z,2026-09-25T19:13:46Z,hediet,User,MEMBER,11,5,2,1,1,1,1,0,True,False,0,ok,
microsoft/vscode,153102,https://github.com/microsoft/vscode/pull/153102,SCM - Add MessageController to SCM input,2022-06-24T12:30:14Z,2022-06-24T12:40:10Z,2022-06-24T12:40:10Z,2022-08-08T23:26:42Z,2026-09-25T19:13:48Z,lszomoru,User,MEMBER,14,8,2,1,1,1,1,0,True,False,0,ok,
microsoft/vscode,153162,https://github.com/microsoft/vscode/pull/153162,Use `CancellationToken.None` instead of creating a new CTS,2022-06-24T21:33:32Z,2022-06-24T22:04:21Z,2022-06-24T22:04:21Z,2022-08-08T23:26:41Z,2026-09-25T19:13:50Z,mjbvz,User,CONTRIBUTOR,3,3,1,1,1,1,1,0,True,False,0,ok,
microsoft/vscode,152765,https://github.com/microsoft/vscode/pull/152765,Add a Share menu and a share vscode.dev command,2022-06-21T16:23:45Z,2022-06-27T07:56:36Z,2022-06-27T07:56:37Z,2022-08-11T23:26:10Z,2026-09-25T19:13:51Z,alexr00,User,MEMBER,191,18,13,5,3,2,1,0,True,False,0,ok,
microsoft/vscode,153298,https://github.com/microsoft/vscode/pull/153298,joh/issue152834,2022-06-27T12:14:30Z,2022-06-27T13:26:49Z,2022-06-27T13:26:50Z,2022-08-11T23:26:10Z,2026-09-25T19:13:53Z,jrieken,User,CONTRIBUTOR,18,12,2,2,1,1,1,0,True,False,0,ok,
microsoft/vscode,153271,https://github.com/microsoft/vscode/pull/153271,Added the `VSCode-SessionId` for extension queries Issue2961,2022-06-27T06:07:02Z,2022-06-28T10:27:44Z,2022-06-28T10:27:44Z,2022-08-12T23:25:39Z,2026-09-25T19:13:54Z,prashantvc,User,CONTRIBUTOR,31,7,4,5,8,2,1,2,True,True,0,ok,
microsoft/vscode,153378,https://github.com/microsoft/vscode/pull/153378,Adds some merge editor tests & diffing bug fix.,2022-06-27T20:51:46Z,2022-06-28T13:25:48Z,2022-06-28T13:25:48Z,2022-08-12T23:25:39Z,2026-09-25T19:13:56Z,hediet,User,MEMBER,327,114,8,3,4,3,2,1,True,True,1,ok,
microsoft/vscode,153628,https://github.com/microsoft/vscode/pull/153628,"Change ""Show Loaded Scripts"" to ""Open Loaded Script...""",2022-06-29T00:21:41Z,2022-06-29T03:37:24Z,2022-06-29T03:37:24Z,2022-08-13T23:25:29Z,2026-09-25T19:13:58Z,andreamah,User,CONTRIBUTOR,3,3,2,1,1,1,1,0,True,False,0,ok,
microsoft/vscode,153701,https://github.com/microsoft/vscode/pull/153701,"Adds precondition to merge editor commands, uses merge editor context…",2022-06-29T14:36:37Z,2022-06-30T10:50:43Z,2022-06-30T10:50:43Z,2022-08-14T23:25:37Z,2026-09-25T19:13:59Z,hediet,User,MEMBER,37,17,5,1,1,1,1,0,True,False,0,ok,
microsoft/vscode,153818,https://github.com/microsoft/vscode/pull/153818,chore: update distro,2022-06-30T13:52:11Z,2022-06-30T14:03:22Z,2022-06-30T14:03:22Z,2022-08-14T23:25:37Z,2026-09-25T19:14:01Z,deepak1556,User,COLLABORATOR,1,1,1,1,1,1,1,0,True,False,0,ok,
microsoft/vscode,154026,https://github.com/microsoft/vscode/pull/154026,Add missing register for onData listener,2022-07-03T15:29:13Z,2022-07-05T01:15:13Z,2022-07-05T01:15:13Z,2022-08-19T23:25:56Z,2026-09-25T19:14:02Z,Tyriar,User,CONTRIBUTOR,2,2,1,1,1,1,1,0,True,False,0,ok,
microsoft/vscode,154789,https://github.com/microsoft/vscode/pull/154789,Update make grammar,2022-07-11T09:58:32Z,2022-07-11T10:14:40Z,2022-07-11T10:14:40Z,2022-08-25T23:28:47Z,2026-09-25T19:14:04Z,alexr00,User,MEMBER,195,11,3,1,1,1,1,0,True,False,0,ok,
microsoft/vscode,154959,https://github.com/microsoft/vscode/pull/154959,Clean up document link resolve,2022-07-12T17:20:58Z,2022-07-12T22:55:22Z,2022-07-12T22:55:22Z,2022-08-26T23:26:12Z,2026-09-25T19:14:05Z,mjbvz,User,CONTRIBUTOR,6,27,2,1,1,1,1,0,True,False,0,ok,
microsoft/vscode,155192,https://github.com/microsoft/vscode/pull/155192,Sync Changes button - only show when local branch is ahead/behind the remote branch,2022-07-14T13:42:51Z,2022-07-14T13:51:47Z,2022-07-14T13:51:47Z,2022-08-28T23:26:00Z,2026-09-25T19:14:07Z,lszomoru,User,MEMBER,7,6,2,1,1,1,1,0,True,False,0,ok,
microsoft/vscode,155279,https://github.com/microsoft/vscode/pull/155279,Fixed wrong SignatureInformation.activeParameter comment,2022-07-15T07:37:44Z,2022-07-15T17:38:04Z,2022-07-15T17:38:04Z,2022-08-29T23:27:11Z,2026-09-25T19:14:10Z,jbicker,User,CONTRIBUTOR,1,1,1,1,1,1,1,0,True,False,0,ok,
microsoft/vscode,155513,https://github.com/microsoft/vscode/pull/155513,version bump,2022-07-18T15:51:24Z,2022-07-18T15:55:12Z,2022-07-18T15:55:12Z,2022-09-01T23:27:16Z,2026-09-25T19:14:11Z,connor4312,User,MEMBER,1,1,1,1,1,1,1,0,True,False,0,ok,
microsoft/vscode,155565,https://github.com/microsoft/vscode/pull/155565,editors - add capability to control centered layout (fix #154738),2022-07-19T07:28:25Z,2022-07-19T07:42:12Z,2022-07-19T07:42:12Z,2022-09-02T23:26:29Z,2026-09-25T19:14:13Z,bpasero,User,CONTRIBUTOR,24,14,5,1,1,1,1,0,True,False,0,ok,
microsoft/vscode,155711,https://github.com/microsoft/vscode/pull/155711,also default to opening merge editor when conflict is about adding,2022-07-20T09:58:53Z,2022-07-20T10:36:08Z,2022-07-20T10:36:08Z,2022-09-03T23:26:02Z,2026-09-25T19:14:14Z,jrieken,User,CONTRIBUTOR,1,1,1,1,1,1,1,0,True,False,0,ok,
microsoft/vscode,155725,https://github.com/microsoft/vscode/pull/155725,[html] update service and fix url resolving,2022-07-20T12:06:37Z,2022-07-20T12:38:10Z,2022-07-20T12:38:10Z,2022-09-03T23:26:03Z,2026-09-25T19:14:16Z,aeschli,User,CONTRIBUTOR,9,5,3,1,1,1,1,0,True,False,0,ok,
microsoft/vscode,155970,https://github.com/microsoft/vscode/pull/155970,Skip folded regions when computing relative line numbers,2022-07-22T13:54:40Z,2022-07-22T15:35:53Z,2022-07-22T15:35:53Z,2022-09-05T23:27:21Z,2026-09-25T19:14:17Z,alexdima,User,MEMBER,56,9,1,1,1,1,1,0,True,False,0,ok,
microsoft/vscode,155957,https://github.com/microsoft/vscode/pull/155957,Use loading for running tests window progress,2022-07-22T12:26:45Z,2022-07-25T15:09:58Z,2022-07-25T15:09:58Z,2022-09-08T23:27:52Z,2026-09-25T19:14:19Z,Tyriar,User,CONTRIBUTOR,1,0,1,1,1,1,1,0,True,False,0,ok,
microsoft/vscode,156444,https://github.com/microsoft/vscode/pull/156444,Retry up to 5 times the initial authority resolving and also retry up to 5 times the initial connection,2022-07-27T14:51:36Z,2022-07-27T15:10:06Z,2022-07-27T15:10:06Z,2022-09-10T23:26:55Z,2026-09-25T19:14:21Z,alexdima,User,MEMBER,66,27,2,1,1,1,1,0,True,False,0,ok,
microsoft/vscode,156495,https://github.com/microsoft/vscode/pull/156495,Always log on tsserver exits,2022-07-27T19:02:17Z,2022-07-27T19:58:52Z,2022-07-27T19:58:52Z,2022-09-10T23:26:55Z,2026-09-25T19:14:23Z,mjbvz,User,CONTRIBUTOR,16,18,1,1,1,1,1,0,True,False,0,ok,
microsoft/vscode,156846,https://github.com/microsoft/vscode/pull/156846,up timeout to 5min,2022-08-01T23:21:02Z,2022-08-02T00:15:52Z,2022-08-02T00:15:53Z,2022-09-16T23:27:52Z,2026-09-25T19:14:24Z,TylerLeonhardt,User,MEMBER,2,2,1,1,1,1,1,0,True,False,0,ok,
microsoft/vscode,156863,https://github.com/microsoft/vscode/pull/156863,:up: distro,2022-08-02T06:28:46Z,2022-08-02T06:45:25Z,2022-08-02T06:45:25Z,2022-09-16T23:27:52Z,2026-09-25T19:14:25Z,bpasero,User,CONTRIBUTOR,1,1,1,2,1,1,1,0,True,False,0,ok,
microsoft/vscode,156139,https://github.com/microsoft/vscode/pull/156139,Issue Reporter: add link to guidance on wiki (#73512),2022-07-25T11:16:36Z,2022-08-02T17:33:25Z,2022-08-02T17:33:25Z,2024-08-16T04:55:27Z,2026-09-25T19:14:26Z,gjsjohnmurray,User,CONTRIBUTOR,16,4,2,5,6,3,2,1,True,True,0,ok,
microsoft/vscode,156980,https://github.com/microsoft/vscode/pull/156980,editors - do not throw from `createTextEditor`,2022-08-03T09:06:30Z,2022-08-03T10:21:16Z,2022-08-03T10:21:16Z,2022-09-17T23:27:28Z,2026-09-25T19:14:28Z,bpasero,User,CONTRIBUTOR,6,6,1,1,1,1,1,0,True,False,0,ok,
microsoft/vscode,157051,https://github.com/microsoft/vscode/pull/157051,Fix getting initial configs from debug adapter,2022-08-04T00:28:50Z,2022-08-04T00:46:15Z,2022-08-04T00:46:15Z,2022-09-18T23:27:34Z,2026-09-25T19:14:29Z,roblourens,User,MEMBER,5,5,3,1,1,1,1,0,True,False,0,ok,
microsoft/vscode,157179,https://github.com/microsoft/vscode/pull/157179,Remove a few IE8 conditions,2022-08-05T00:21:41Z,2022-08-05T04:21:59Z,2022-08-05T04:21:59Z,2022-09-19T23:28:35Z,2026-09-25T19:14:30Z,mjbvz,User,CONTRIBUTOR,4,23,1,1,1,1,1,0,True,False,0,ok,
microsoft/vscode,157483,https://github.com/microsoft/vscode/pull/157483,Refactoring the sticky scroll,2022-08-08T08:09:53Z,2022-08-09T07:38:11Z,2022-08-09T07:38:11Z,2022-09-23T23:28:04Z,2026-09-25T19:14:32Z,aiday-mar,User,CONTRIBUTOR,443,368,4,15,13,3,1,1,True,True,0,ok,
microsoft/vscode,157619,https://github.com/microsoft/vscode/pull/157619,Git - Commit keyboard shortcut to honor the post commit command setting,2022-08-09T09:26:15Z,2022-08-09T12:02:04Z,2022-08-09T12:02:04Z,2022-09-23T23:28:04Z,2026-09-25T19:14:33Z,lszomoru,User,MEMBER,11,1,1,1,2,2,2,0,True,False,0,ok,
microsoft/vscode,157684,https://github.com/microsoft/vscode/pull/157684,Fix windows reconnecting to the wrong pty,2022-08-09T18:01:06Z,2022-08-09T18:59:52Z,2022-08-09T18:59:52Z,2022-09-23T23:28:04Z,2026-09-25T19:14:34Z,Tyriar,User,CONTRIBUTOR,1,0,1,1,1,1,1,0,True,False,0,ok,
microsoft/vscode,157507,https://github.com/microsoft/vscode/pull/157507,Use platform agnostic relative paths for workspace file (fix #148492),2022-08-08T12:47:54Z,2022-08-10T08:11:22Z,2022-08-10T08:11:22Z,2022-09-24T23:27:40Z,2026-09-25T19:14:38Z,bpasero,User,CONTRIBUTOR,65,52,5,9,4,2,2,1,True,True,1,ok,
microsoft/vscode,158140,https://github.com/microsoft/vscode/pull/158140,Fixes extension contributed submenus missing,2022-08-15T05:04:41Z,2022-08-15T11:29:13Z,2022-08-15T11:29:13Z,2022-09-29T23:29:53Z,2026-09-25T19:14:39Z,jeanp413,User,CONTRIBUTOR,4,4,1,1,2,2,2,0,True,False,0,ok,
microsoft/vscode,158264,https://github.com/microsoft/vscode/pull/158264,Add flitering for comments,2022-08-16T12:12:56Z,2022-08-16T13:04:54Z,2022-08-16T13:04:54Z,2022-09-30T23:28:28Z,2026-09-25T19:14:40Z,alexr00,User,MEMBER,829,12,6,6,1,1,1,0,True,False,0,ok,
microsoft/vscode,159031,https://github.com/microsoft/vscode/pull/159031,Using binary search in getCandidateStickyLinesIntersectingFromOutline in order to improve performance,2022-08-24T09:36:57Z,2022-08-24T15:53:12Z,2022-08-24T15:53:12Z,2022-10-08T23:28:22Z,2026-09-25T19:14:41Z,aiday-mar,User,CONTRIBUTOR,36,9,3,12,4,2,1,0,True,False,0,ok,
microsoft/vscode,159094,https://github.com/microsoft/vscode/pull/159094,Fix #159061,2022-08-24T18:52:32Z,2022-08-24T19:22:55Z,2022-08-24T19:22:56Z,2022-10-08T23:28:22Z,2026-09-25T19:14:43Z,sandy081,User,MEMBER,6,6,4,1,1,1,1,0,True,False,0,ok,
microsoft/vscode,159104,https://github.com/microsoft/vscode/pull/159104,Fix auto resume not happening when edit sessions are enabled,2022-08-24T20:59:08Z,2022-08-24T21:12:57Z,2022-08-24T21:12:57Z,2022-10-08T23:28:22Z,2026-09-25T19:14:44Z,joyceerhl,User,CONTRIBUTOR,6,2,1,1,1,1,1,0,True,False,0,ok,
microsoft/vscode,159107,https://github.com/microsoft/vscode/pull/159107,focus terminal for run recent when alt is pressed,2022-08-24T21:16:07Z,2022-08-24T21:29:43Z,2022-08-24T21:29:43Z,2022-10-08T23:28:22Z,2026-09-25T19:14:45Z,meganrogge,User,COLLABORATOR,3,0,1,1,1,1,1,0,True,False,0,ok,
microsoft/vscode,159146,https://github.com/microsoft/vscode/pull/159146,SCM - Ensure commit action button text is not bold,2022-08-25T07:47:29Z,2022-08-25T08:14:49Z,2022-08-25T08:14:49Z,2022-10-09T23:28:32Z,2026-09-25T19:14:49Z,lszomoru,User,MEMBER,1,0,1,1,1,1,1,0,True,False,0,ok,
microsoft/vscode,159076,https://github.com/microsoft/vscode/pull/159076,Remove Title Command Arguments from August Iteration,2022-08-24T16:20:18Z,2022-08-25T09:53:42Z,2022-08-25T09:53:42Z,2022-10-09T23:28:32Z,2026-09-25T19:14:51Z,benibenj,User,CONTRIBUTOR,15,78,7,3,1,1,1,0,True,False,0,ok,
microsoft/vscode,159266,https://github.com/microsoft/vscode/pull/159266,tweak suggest status bar height,2022-08-26T07:47:02Z,2022-08-26T09:05:53Z,2022-08-26T09:05:53Z,2022-10-10T23:28:48Z,2026-09-25T19:14:52Z,jrieken,User,CONTRIBUTOR,1,1,1,1,1,1,1,0,True,False,0,ok,
microsoft/vscode,159478,https://github.com/microsoft/vscode/pull/159478,prompt for permission in trusted work space once per folder for auto run tasks,2022-08-29T17:07:51Z,2022-08-29T22:03:32Z,2022-08-29T22:03:32Z,2022-10-13T23:28:37Z,2026-09-25T19:14:54Z,meganrogge,User,COLLABORATOR,28,35,3,3,3,2,1,0,True,False,0,ok,
microsoft/vscode,159537,https://github.com/microsoft/vscode/pull/159537,perf - lazy create complex RegExp,2022-08-30T07:41:49Z,2022-08-30T08:17:59Z,2022-08-30T08:17:59Z,2022-10-14T23:28:29Z,2026-09-25T19:14:55Z,bpasero,User,CONTRIBUTOR,10,4,1,1,1,1,1,0,True,False,0,ok,
microsoft/vscode,159647,https://github.com/microsoft/vscode/pull/159647,fix: polish windows 7 support eol notification,2022-08-31T07:44:39Z,2022-08-31T07:58:59Z,2022-08-31T07:58:59Z,2022-10-15T23:28:24Z,2026-09-25T19:14:56Z,joaomoreno,User,CONTRIBUTOR,14,2,1,1,1,1,1,0,True,False,0,ok,
microsoft/vscode,159712,https://github.com/microsoft/vscode/pull/159712,Fixes broken web telemetry,2022-08-31T21:38:32Z,2022-09-01T13:36:48Z,2022-09-01T13:36:48Z,2022-10-16T23:28:30Z,2026-09-25T19:14:57Z,jeanp413,User,CONTRIBUTOR,5,9,1,2,4,2,2,0,True,False,0,ok,
microsoft/vscode,159762,https://github.com/microsoft/vscode/pull/159762,Activate RemoteEmptyWorkbenchPresentation on LifecyclePhase.Ready. For  #159675,2022-09-01T14:24:09Z,2022-09-01T14:38:56Z,2022-09-01T14:38:56Z,2022-10-16T23:28:30Z,2026-09-25T19:14:59Z,aeschli,User,CONTRIBUTOR,1,1,1,1,2,2,2,0,True,False,0,ok,
microsoft/vscode,160146,https://github.com/microsoft/vscode/pull/160146,fix tests,2022-09-06T07:25:22Z,2022-09-06T07:39:08Z,2022-09-06T07:39:08Z,2022-10-21T23:28:33Z,2026-09-25T19:15:01Z,aeschli,User,CONTRIBUTOR,1,1,1,1,1,1,1,0,True,False,0,ok,
microsoft/vscode,158250,https://github.com/microsoft/vscode/pull/158250,Optional TreeItem Checkbox,2022-08-16T08:58:52Z,2022-09-06T10:41:57Z,2022-09-06T10:41:58Z,2022-10-21T23:28:35Z,2026-09-25T19:15:03Z,benibenj,User,CONTRIBUTOR,281,12,12,16,5,2,3,1,True,True,2,ok,
microsoft/vscode,160168,https://github.com/microsoft/vscode/pull/160168,adopt lazy services,2022-09-06T10:28:56Z,2022-09-06T12:06:03Z,2022-09-06T12:06:03Z,2022-10-21T23:28:33Z,2026-09-25T19:15:04Z,sandy081,User,MEMBER,35,35,10,1,1,1,1,0,True,False,0,ok,
microsoft/vscode,159753,https://github.com/microsoft/vscode/pull/159753,Git - Add merge abort command,2022-09-01T12:29:06Z,2022-09-07T13:06:21Z,2022-09-07T13:06:21Z,2022-10-22T23:28:32Z,2026-09-25T19:15:07Z,lszomoru,User,MEMBER,43,2,6,2,3,2,1,0,True,False,0,ok,
microsoft/vscode,160293,https://github.com/microsoft/vscode/pull/160293,Fixes #159155,2022-09-07T12:58:33Z,2022-09-07T13:15:01Z,2022-09-07T13:15:01Z,2022-10-22T23:28:32Z,2026-09-25T19:15:08Z,hediet,User,MEMBER,25,2,3,1,1,1,1,0,True,False,0,ok,
microsoft/vscode,160454,https://github.com/microsoft/vscode/pull/160454,add command actions always,2022-09-08T22:19:11Z,2022-09-08T23:56:02Z,2022-09-08T23:56:02Z,2022-10-24T23:28:38Z,2026-09-25T19:15:10Z,meganrogge,User,COLLABORATOR,1,1,1,1,1,1,1,0,True,False,0,ok,
microsoft/vscode,160667,https://github.com/microsoft/vscode/pull/160667,Compress notebook output streams before rendering,2022-09-11T23:04:55Z,2022-09-12T22:56:32Z,2022-09-12T22:56:32Z,2022-10-27T23:28:15Z,2026-09-25T19:15:13Z,DonJayamanne,User,CONTRIBUTOR,149,21,6,8,10,2,2,0,True,False,1,ok,
microsoft/vscode,160840,https://github.com/microsoft/vscode/pull/160840,pass mark properties in to create decoration,2022-09-13T19:27:29Z,2022-09-14T18:05:30Z,2022-09-14T18:05:30Z,2022-10-29T23:27:53Z,2026-09-25T19:15:14Z,meganrogge,User,COLLABORATOR,1,1,1,3,1,1,1,0,True,False,0,ok,
microsoft/vscode,160933,https://github.com/microsoft/vscode/pull/160933,Button - Use single loop to set button content,2022-09-14T19:22:20Z,2022-09-15T11:44:34Z,2022-09-15T11:44:34Z,2022-10-30T23:27:46Z,2026-09-25T19:15:15Z,lszomoru,User,MEMBER,15,12,1,1,1,1,1,0,True,False,0,ok,
microsoft/vscode,160828,https://github.com/microsoft/vscode/pull/160828,add audio cue for task end and terminal bell,2022-09-13T18:00:32Z,2022-09-15T16:34:29Z,2022-09-15T16:34:29Z,2022-10-30T23:27:46Z,2026-09-25T19:15:17Z,meganrogge,User,COLLABORATOR,48,6,10,9,15,3,1,0,True,False,0,ok,
microsoft/vscode,161004,https://github.com/microsoft/vscode/pull/161004,Ensure ExperimentationService gets disposed.,2022-09-15T17:45:47Z,2022-09-15T18:06:53Z,2022-09-15T18:06:53Z,2022-10-30T23:27:46Z,2026-09-25T19:15:19Z,DanielRosenwasser,User,MEMBER,1,1,1,1,1,1,1,0,True,False,0,ok,
microsoft/vscode,161399,https://github.com/microsoft/vscode/pull/161399,diag - reduce trace spam from file resource locks,2022-09-21T13:27:31Z,2022-09-21T13:58:07Z,2022-09-21T13:58:07Z,2022-11-05T23:26:34Z,2026-09-25T19:15:21Z,bpasero,User,CONTRIBUTOR,19,11,1,1,1,1,1,0,True,False,0,ok,
microsoft/vscode,161535,https://github.com/microsoft/vscode/pull/161535,Single primary kernel action should be executed automatically,2022-09-22T22:26:34Z,2022-09-22T22:54:36Z,2022-09-22T22:54:36Z,2022-11-06T23:27:06Z,2026-09-25T19:15:22Z,rebornix,User,CONTRIBUTOR,7,2,1,1,1,1,1,0,True,False,0,ok,
microsoft/vscode,161608,https://github.com/microsoft/vscode/pull/161608,keep syncing profile behind a settings flag,2022-09-23T14:30:53Z,2022-09-23T14:45:59Z,2022-09-23T14:45:59Z,2022-11-07T23:28:00Z,2026-09-25T19:15:23Z,sandy081,User,MEMBER,10,5,3,1,1,1,1,0,True,False,0,ok,
microsoft/vscode,161641,https://github.com/microsoft/vscode/pull/161641,dispose of quick fix decoration when the next command is run,2022-09-23T20:38:00Z,2022-09-23T22:02:20Z,2022-09-23T22:02:20Z,2022-11-07T23:28:00Z,2026-09-25T19:15:25Z,meganrogge,User,COLLABORATOR,15,1,3,3,7,2,1,1,True,True,0,ok,
microsoft/vscode,161981,https://github.com/microsoft/vscode/pull/161981,Auto releasing a build needs peer approval,2022-09-27T14:20:30Z,2022-09-27T14:55:34Z,2022-09-27T14:55:34Z,2022-11-11T23:26:58Z,2026-09-25T19:15:27Z,joaomoreno,User,CONTRIBUTOR,18,0,1,2,1,1,1,0,True,False,0,ok,
microsoft/vscode,162186,https://github.com/microsoft/vscode/pull/162186,"disable `EditorContent`-menu for embedded editors, ignore the `FloatingClickMenu`-contribution for notebook code edtors",2022-09-28T13:53:40Z,2022-09-28T14:25:54Z,2022-09-28T14:25:54Z,2022-11-12T23:26:42Z,2026-09-25T19:15:28Z,jrieken,User,CONTRIBUTOR,29,24,2,1,1,1,1,0,True,False,0,ok,
microsoft/vscode,162297,https://github.com/microsoft/vscode/pull/162297,remove forgotten console.log,2022-09-29T06:31:53Z,2022-09-29T07:10:52Z,2022-09-29T07:10:52Z,2022-11-13T23:27:14Z,2026-09-25T19:15:30Z,jrieken,User,CONTRIBUTOR,0,2,1,1,1,1,1,0,True,False,0,ok,
microsoft/vscode,162318,https://github.com/microsoft/vscode/pull/162318,Fixes #162027,2022-09-29T09:32:16Z,2022-09-29T10:21:52Z,2022-09-29T10:21:52Z,2022-11-13T23:27:14Z,2026-09-25T19:15:31Z,hediet,User,MEMBER,2,85,4,1,1,1,1,0,True,False,0,ok,
microsoft/vscode,162396,https://github.com/microsoft/vscode/pull/162396,Fix null ref in attachments check,2022-09-29T19:05:43Z,2022-09-29T20:15:02Z,2022-09-29T20:15:02Z,2022-11-13T23:27:14Z,2026-09-25T19:15:34Z,mjbvz,User,CONTRIBUTOR,11,9,1,1,1,1,1,0,True,False,0,ok,
microsoft/vscode,162621,https://github.com/microsoft/vscode/pull/162621,testing: remove redundant parent in InternalTestItem,2022-10-03T23:31:42Z,2022-10-04T04:21:05Z,2022-10-04T04:21:05Z,2022-11-18T23:25:44Z,2026-09-25T19:15:36Z,connor4312,User,MEMBER,98,76,15,2,2,1,2,0,True,False,1,ok,
microsoft/vscode,162500,https://github.com/microsoft/vscode/pull/162500,cli: point docs to the new RA extension ns,2022-10-01T17:35:22Z,2022-10-04T15:17:11Z,2022-10-04T15:17:11Z,2022-11-18T23:25:44Z,2026-09-25T19:15:37Z,lnicola,User,CONTRIBUTOR,1,1,1,1,2,2,2,0,True,False,0,ok,
microsoft/vscode,162350,https://github.com/microsoft/vscode/pull/162350,add completion/failure task audio cues,2022-09-29T14:03:19Z,2022-10-04T18:15:10Z,2022-10-04T18:15:10Z,2022-11-18T23:25:44Z,2026-09-25T19:15:39Z,meganrogge,User,COLLABORATOR,22,15,7,4,4,2,2,0,True,False,1,ok,
microsoft/vscode,162799,https://github.com/microsoft/vscode/pull/162799,Debt from previous save dialog file filter fix,2022-10-06T03:09:47Z,2022-10-06T06:56:55Z,2022-10-06T06:56:55Z,2022-11-20T23:26:15Z,2026-09-25T19:15:40Z,roblourens,User,MEMBER,7,3,1,1,1,1,1,0,True,False,0,ok,
microsoft/vscode,162843,https://github.com/microsoft/vscode/pull/162843,Fix #162333,2022-10-06T14:32:38Z,2022-10-06T14:45:41Z,2022-10-06T14:45:41Z,2022-11-20T23:26:15Z,2026-09-25T19:15:42Z,sandy081,User,MEMBER,1,1,1,1,1,1,1,0,True,False,0,ok,
microsoft/vscode,163302,https://github.com/microsoft/vscode/pull/163302,Add support for transparency in `editorOverviewRuler.background`,2022-10-11T14:53:51Z,2022-10-11T15:06:54Z,2022-10-11T15:06:54Z,2022-11-25T23:24:40Z,2026-09-25T19:15:43Z,alexdima,User,MEMBER,34,18,3,1,1,1,1,0,True,False,0,ok,
microsoft/vscode,162844,https://github.com/microsoft/vscode/pull/162844,Update column names in 'Feature Contributions',2022-10-06T14:37:30Z,2022-10-11T17:27:20Z,2022-10-11T17:27:20Z,2022-11-25T23:24:40Z,2026-09-25T19:15:44Z,laurentlb,User,CONTRIBUTOR,6,6,1,2,2,2,2,0,True,False,0,ok,
microsoft/vscode,163367,https://github.com/microsoft/vscode/pull/163367,Move html rewriting for old webviews to ext host,2022-10-11T22:40:28Z,2022-10-11T23:08:17Z,2022-10-11T23:08:17Z,2022-11-25T23:24:40Z,2026-09-25T19:15:46Z,mjbvz,User,CONTRIBUTOR,50,32,5,1,1,1,1,0,True,False,0,ok,
microsoft/vscode,163400,https://github.com/microsoft/vscode/pull/163400,Git - Fix typo in setting description,2022-10-12T06:19:46Z,2022-10-12T07:12:40Z,2022-10-12T07:12:40Z,2022-11-26T23:24:22Z,2026-09-25T19:15:47Z,lszomoru,User,MEMBER,1,1,1,1,1,1,1,0,True,False,0,ok,
microsoft/vscode,163423,https://github.com/microsoft/vscode/pull/163423,Git- get commit input template in parallel with other operations,2022-10-12T10:50:43Z,2022-10-12T11:31:08Z,2022-10-12T11:31:08Z,2022-11-26T23:24:22Z,2026-09-25T19:15:48Z,lszomoru,User,MEMBER,2,2,1,1,1,1,1,0,True,False,0,ok,
microsoft/vscode,163689,https://github.com/microsoft/vscode/pull/163689,"Revert ""Make returned editor contributions an iterable instead of an array (#163309)""",2022-10-14T19:15:40Z,2022-10-14T20:56:48Z,2022-10-14T20:56:48Z,2022-11-28T23:25:27Z,2026-09-25T19:15:50Z,mjbvz,User,CONTRIBUTOR,36,32,10,2,1,1,1,0,True,False,0,ok,
microsoft/vscode,163713,https://github.com/microsoft/vscode/pull/163713,"Bump dev container memory reqs, use latest props",2022-10-14T23:41:04Z,2022-10-15T06:27:26Z,2022-10-15T06:27:26Z,2022-11-29T23:25:41Z,2026-09-25T19:15:51Z,Chuxel,User,MEMBER,14,10,2,1,2,2,2,0,True,False,0,ok,
microsoft/vscode,163804,https://github.com/microsoft/vscode/pull/163804,Tolerate minor edit session identity differences,2022-10-17T02:47:48Z,2022-10-17T06:51:51Z,2022-10-17T06:51:52Z,2022-12-01T23:24:53Z,2026-09-25T19:15:52Z,joyceerhl,User,CONTRIBUTOR,152,8,10,1,1,1,1,0,True,False,0,ok,
microsoft/vscode,163684,https://github.com/microsoft/vscode/pull/163684,Move TernarySearchTree to own file,2022-10-14T18:47:04Z,2022-10-17T16:21:24Z,2022-10-17T16:21:24Z,2022-12-01T23:24:53Z,2026-09-25T19:15:54Z,mjbvz,User,CONTRIBUTOR,1763,1744,23,3,2,1,2,0,True,False,1,ok,
microsoft/vscode,161654,https://github.com/microsoft/vscode/pull/161654,[typescript-language-features] Add `removeUnusedImports` command,2022-09-23T23:32:24Z,2022-10-18T16:00:17Z,2022-10-18T16:00:17Z,2022-12-02T23:23:58Z,2026-09-25T19:15:56Z,andrewbranch,User,MEMBER,145,24,6,10,8,2,1,2,True,True,0,ok,
microsoft/vscode,164005,https://github.com/microsoft/vscode/pull/164005,"Revert ""Newline in tree item label makes label unreadable""",2022-10-19T09:06:56Z,2022-10-19T09:23:50Z,2022-10-19T09:23:50Z,2022-12-03T23:23:44Z,2026-09-25T19:15:57Z,sandy081,User,MEMBER,0,4,1,1,1,1,1,0,True,False,0,ok,
microsoft/vscode,164415,https://github.com/microsoft/vscode/pull/164415,"fix: Close #164414, correct transparent transmission folder-uri",2022-10-24T06:35:41Z,2022-10-24T13:51:56Z,2022-10-24T13:51:56Z,2022-12-08T23:24:58Z,2026-09-25T19:15:58Z,yiliang114,User,CONTRIBUTOR,1,1,1,1,2,2,2,0,True,False,0,ok,
microsoft/vscode,161853,https://github.com/microsoft/vscode/pull/161853,fix: preserve process.execArgv,2022-09-26T21:45:28Z,2022-10-24T14:51:22Z,2022-10-24T14:51:22Z,2022-12-10T23:24:01Z,2026-09-25T19:16:00Z,jsjoeio,User,CONTRIBUTOR,1,1,1,9,2,2,2,0,True,False,0,ok,
microsoft/vscode,164721,https://github.com/microsoft/vscode/pull/164721,Fix #163163,2022-10-26T16:17:53Z,2022-10-26T16:37:06Z,2022-10-26T16:37:06Z,2022-12-10T23:23:58Z,2026-09-25T19:16:01Z,sandy081,User,MEMBER,20,8,4,1,1,1,1,0,True,False,0,ok,
microsoft/vscode,164766,https://github.com/microsoft/vscode/pull/164766,Rework markdown update link glob,2022-10-26T23:15:17Z,2022-10-26T23:45:45Z,2022-10-26T23:45:45Z,2022-12-11T23:24:08Z,2026-09-25T19:16:02Z,mjbvz,User,CONTRIBUTOR,25,18,3,2,1,1,1,0,True,False,0,ok,
microsoft/vscode,164864,https://github.com/microsoft/vscode/pull/164864,chore: update electron@19.1.3,2022-10-28T08:46:29Z,2022-10-28T09:04:35Z,2022-10-28T09:04:35Z,2022-12-12T23:26:08Z,2026-09-25T19:16:04Z,deepak1556,User,COLLABORATOR,8,8,4,1,1,1,1,0,True,False,0,ok,
microsoft/vscode,165068,https://github.com/microsoft/vscode/pull/165068,improve title bar settings for web,2022-10-31T17:40:59Z,2022-10-31T17:59:27Z,2022-10-31T17:59:27Z,2022-12-15T23:24:01Z,2026-09-25T19:16:05Z,sbatten,User,MEMBER,9,23,1,1,1,1,1,0,True,False,0,ok,
microsoft/vscode,163557,https://github.com/microsoft/vscode/pull/163557,Update .devcontainer/README.md,2022-10-13T14:28:00Z,2022-11-01T10:42:15Z,2022-11-01T10:42:15Z,2022-12-16T23:23:35Z,2026-09-25T19:16:07Z,nmemoto,User,CONTRIBUTOR,1,1,1,4,3,3,3,0,True,False,0,ok,
microsoft/vscode,165133,https://github.com/microsoft/vscode/pull/165133,bump version,2022-11-01T09:37:19Z,2022-11-01T14:13:58Z,2022-11-01T14:13:58Z,2022-12-16T23:23:34Z,2026-09-25T19:16:09Z,joaomoreno,User,CONTRIBUTOR,1,1,1,2,1,1,1,0,True,False,0,ok,
microsoft/vscode,165198,https://github.com/microsoft/vscode/pull/165198,re #164939. reduced unused exports in notebook worker.,2022-11-01T21:04:55Z,2022-11-01T21:19:29Z,2022-11-01T21:19:29Z,2022-12-16T23:23:34Z,2026-09-25T19:16:11Z,rebornix,User,CONTRIBUTOR,4,4,1,1,1,1,1,0,True,False,0,ok,
microsoft/vscode,165417,https://github.com/microsoft/vscode/pull/165417,Improve file dialog action button,2022-11-03T19:40:15Z,2022-11-03T20:34:43Z,2022-11-03T20:34:43Z,2022-12-18T23:23:20Z,2026-09-25T19:16:12Z,joyceerhl,User,CONTRIBUTOR,1,1,1,2,2,2,1,0,True,False,0,ok,
microsoft/vscode,165427,https://github.com/microsoft/vscode/pull/165427,Improve command center hover colors,2022-11-03T20:56:59Z,2022-11-03T21:12:11Z,2022-11-03T21:12:11Z,2022-12-18T23:23:20Z,2026-09-25T19:16:14Z,daviddossett,User,COLLABORATOR,13,4,2,1,1,1,1,0,True,False,0,ok,
microsoft/vscode,165524,https://github.com/microsoft/vscode/pull/165524,Remove overzealous telemetry,2022-11-04T17:32:38Z,2022-11-04T17:47:35Z,2022-11-04T17:47:35Z,2022-12-19T23:23:45Z,2026-09-25T19:16:15Z,lramos15,User,MEMBER,2,39,3,1,1,1,1,0,True,False,0,ok,
microsoft/vscode,165565,https://github.com/microsoft/vscode/pull/165565,Move list of trusted extensions to product.json & enable for Desktop,2022-11-04T22:49:11Z,2022-11-04T23:35:04Z,2022-11-04T23:35:05Z,2022-12-20T23:23:36Z,2026-09-25T19:16:16Z,TylerLeonhardt,User,MEMBER,4,22,2,1,1,1,1,0,True,False,0,ok,
microsoft/vscode,165570,https://github.com/microsoft/vscode/pull/165570,run auto tasks if trusted & on ,2022-11-05T00:01:27Z,2022-11-05T00:44:53Z,2022-11-05T00:44:53Z,2022-12-20T23:23:36Z,2026-09-25T19:16:18Z,meganrogge,User,COLLABORATOR,14,69,2,4,1,1,1,0,True,False,0,ok,
microsoft/vscode,165714,https://github.com/microsoft/vscode/pull/165714,Add some more port forwarding logging,2022-11-07T15:11:19Z,2022-11-07T15:26:04Z,2022-11-07T15:26:04Z,2022-12-22T23:24:23Z,2026-09-25T19:16:19Z,alexr00,User,MEMBER,7,0,1,1,1,1,1,0,True,False,0,ok,
microsoft/vscode,165832,https://github.com/microsoft/vscode/pull/165832,"Revert ""respect auto-save setting even for single file edits""",2022-11-08T16:42:01Z,2022-11-08T20:27:27Z,2022-11-08T20:27:27Z,2022-12-23T23:23:37Z,2026-09-25T19:16:21Z,jrieken,User,CONTRIBUTOR,1,1,1,1,1,1,1,0,True,False,0,ok,
microsoft/vscode,166059,https://github.com/microsoft/vscode/pull/166059,fix profiles enablement in web,2022-11-11T00:16:08Z,2022-11-11T00:57:23Z,2022-11-11T00:57:23Z,2022-12-26T23:23:32Z,2026-09-25T19:16:22Z,sandy081,User,MEMBER,29,14,3,1,1,1,1,0,True,False,0,ok,
microsoft/vscode,166078,https://github.com/microsoft/vscode/pull/166078,"Fix bad method calls in notebook execution test, via #164297",2022-11-11T05:28:23Z,2022-11-11T05:43:43Z,2022-11-11T05:43:43Z,2022-12-26T23:23:32Z,2026-09-25T19:16:23Z,roblourens,User,MEMBER,14,12,1,1,1,1,1,0,True,False,0,ok,
microsoft/vscode,166379,https://github.com/microsoft/vscode/pull/166379,Mark conflict as handled on first interaction,2022-11-15T16:16:36Z,2022-11-15T16:31:23Z,2022-11-15T16:31:24Z,2022-12-30T23:23:16Z,2026-09-25T19:16:24Z,hediet,User,MEMBER,3,8,1,1,1,1,1,0,True,False,0,ok,
microsoft/vscode,166708,https://github.com/microsoft/vscode/pull/166708,Move rules to CSS (#165169),2022-11-18T14:59:24Z,2022-11-18T15:14:28Z,2022-11-18T15:14:28Z,2023-01-02T23:23:28Z,2026-09-25T19:16:26Z,alexdima,User,MEMBER,49,55,10,1,1,1,1,0,True,False,0,ok,
microsoft/vscode,156242,https://github.com/microsoft/vscode/pull/156242,feat: Add wordBreak editorOption and use it to lineBreakComputer function,2022-07-26T08:49:38Z,2022-11-21T10:25:13Z,2022-11-21T10:25:13Z,2023-01-05T23:24:52Z,2026-09-25T19:16:27Z,Albert-cord,User,CONTRIBUTOR,126,66,10,4,3,2,3,0,True,False,0,ok,
microsoft/vscode,167006,https://github.com/microsoft/vscode/pull/167006,"Revert ""update deps""",2022-11-22T20:25:53Z,2022-11-22T20:41:12Z,2022-11-22T20:41:12Z,2023-01-06T23:23:01Z,2026-09-25T19:16:29Z,alexdima,User,MEMBER,20,20,4,1,1,1,1,0,True,False,0,ok,
microsoft/vscode,167098,https://github.com/microsoft/vscode/pull/167098,Height of common input components is not consistent,2022-11-23T21:02:01Z,2022-11-23T21:17:22Z,2022-11-23T21:17:22Z,2023-01-07T23:23:15Z,2026-09-25T19:16:30Z,aeschli,User,CONTRIBUTOR,5,9,2,1,1,1,1,0,True,False,0,ok,
microsoft/vscode,167442,https://github.com/microsoft/vscode/pull/167442,Make sure we register code action list,2022-11-28T19:28:12Z,2022-11-28T19:43:03Z,2022-11-28T19:43:03Z,2023-01-12T23:24:24Z,2026-09-25T19:16:31Z,mjbvz,User,CONTRIBUTOR,7,3,1,1,1,1,1,0,True,False,0,ok,
microsoft/vscode,167727,https://github.com/microsoft/vscode/pull/167727,Fix #167647,2022-11-30T14:36:45Z,2022-11-30T14:52:46Z,2022-11-30T14:52:47Z,2023-01-14T23:23:21Z,2026-09-25T19:16:32Z,sandy081,User,MEMBER,10,8,2,1,1,1,1,0,True,False,0,ok,
microsoft/vscode,167812,https://github.com/microsoft/vscode/pull/167812,Git - Fix command name,2022-12-01T08:42:09Z,2022-12-01T08:57:15Z,2022-12-01T08:57:15Z,2023-01-15T23:23:53Z,2026-09-25T19:16:34Z,lszomoru,User,MEMBER,1,1,1,1,1,1,1,0,True,False,0,ok,
microsoft/vscode,167940,https://github.com/microsoft/vscode/pull/167940,Normalize drive letter for more variables,2022-12-02T15:38:12Z,2022-12-02T15:53:20Z,2022-12-02T15:53:20Z,2023-01-16T23:23:35Z,2026-09-25T19:16:35Z,alexr00,User,MEMBER,3,3,1,1,1,1,1,0,True,False,0,ok,
microsoft/vscode,167664,https://github.com/microsoft/vscode/pull/167664,npm: adopt terminal quick fix api,2022-11-29T23:33:29Z,2022-12-02T16:20:54Z,2022-12-02T16:20:54Z,2023-01-16T23:23:35Z,2026-09-25T19:16:36Z,connor4312,User,MEMBER,49,2,3,1,2,2,2,0,True,False,0,ok,
microsoft/vscode,168145,https://github.com/microsoft/vscode/pull/168145,Tree item dnd item for `text/plain` reveal it id,2022-12-06T08:41:44Z,2022-12-06T08:56:32Z,2022-12-06T08:56:32Z,2023-01-20T23:23:39Z,2026-09-25T19:16:37Z,alexr00,User,MEMBER,1,0,1,1,1,1,1,0,True,False,0,ok,
microsoft/vscode,168215,https://github.com/microsoft/vscode/pull/168215,Make `setContext` an API command,2022-12-06T20:02:27Z,2022-12-06T20:17:10Z,2022-12-06T20:17:10Z,2023-01-20T23:23:39Z,2026-09-25T19:16:39Z,alexdima,User,MEMBER,11,4,3,1,1,1,1,0,True,False,0,ok,
microsoft/vscode,166392,https://github.com/microsoft/vscode/pull/166392,Use variadic tuples to simplify typing of `h`,2022-11-15T19:15:00Z,2022-12-07T09:36:32Z,2022-12-07T09:36:32Z,2023-01-22T23:23:46Z,2026-09-25T19:16:40Z,mjbvz,User,CONTRIBUTOR,4,21,1,3,1,1,1,0,True,False,0,ok,
microsoft/vscode,168631,https://github.com/microsoft/vscode/pull/168631,Send cwd shell integration sequence for tasks,2022-12-09T16:56:11Z,2022-12-09T21:50:32Z,2022-12-09T21:50:32Z,2023-01-23T23:23:37Z,2026-09-25T19:16:42Z,Tyriar,User,CONTRIBUTOR,51,29,5,1,1,1,1,0,True,False,0,ok,
microsoft/vscode,168875,https://github.com/microsoft/vscode/pull/168875,#168497 handle invalid extensions content,2022-12-12T15:52:23Z,2022-12-12T16:06:32Z,2022-12-12T16:06:32Z,2023-01-26T23:24:16Z,2026-09-25T19:16:43Z,sandy081,User,MEMBER,28,27,2,1,1,1,1,0,True,False,0,ok,
microsoft/vscode,169161,https://github.com/microsoft/vscode/pull/169161,remove log,2022-12-14T18:37:26Z,2022-12-14T19:18:30Z,2022-12-14T19:18:30Z,2023-01-28T23:23:15Z,2026-09-25T19:16:44Z,meganrogge,User,COLLABORATOR,1,6,1,1,1,1,1,0,True,False,0,ok,
microsoft/vscode,169278,https://github.com/microsoft/vscode/pull/169278,build: refactor alpine out of linux,2022-12-15T15:36:44Z,2022-12-15T15:51:12Z,2022-12-15T15:51:12Z,2023-01-29T23:23:44Z,2026-09-25T19:16:47Z,joaomoreno,User,CONTRIBUTOR,29,18,3,1,1,1,1,0,True,False,0,ok,
microsoft/vscode,169193,https://github.com/microsoft/vscode/pull/169193,Align extension detail tabs to panel tabs + fix focus chopped off focus border,2022-12-15T00:54:02Z,2022-12-15T17:03:32Z,2022-12-15T17:03:33Z,2023-01-29T23:23:44Z,2026-09-25T19:16:48Z,daviddossett,User,COLLABORATOR,12,9,1,1,1,1,1,0,True,False,0,ok,
microsoft/vscode,169295,https://github.com/microsoft/vscode/pull/169295,fix bulk cell edit undo/redo selections,2022-12-15T17:42:10Z,2022-12-15T18:33:35Z,2022-12-15T18:33:35Z,2023-01-29T23:23:44Z,2026-09-25T19:16:50Z,rebornix,User,CONTRIBUTOR,11,2,1,1,4,3,1,1,True,True,1,ok,
microsoft/vscode,169301,https://github.com/microsoft/vscode/pull/169301,Add missing await,2022-12-15T18:23:48Z,2022-12-15T18:38:28Z,2022-12-15T18:38:28Z,2023-01-29T23:23:44Z,2026-09-25T19:16:51Z,roblourens,User,MEMBER,1,1,1,1,1,1,1,0,True,False,0,ok,
microsoft/vscode,169387,https://github.com/microsoft/vscode/pull/169387,Git - Do not pull before checkout when checking out detached,2022-12-16T11:02:54Z,2022-12-16T12:29:32Z,2022-12-16T12:29:32Z,2023-01-30T23:24:17Z,2026-09-25T19:16:53Z,lszomoru,User,MEMBER,1,1,1,1,1,1,1,0,True,False,0,ok,
microsoft/vscode,169446,https://github.com/microsoft/vscode/pull/169446,Fix includes check on jsdoc patching,2022-12-16T22:21:17Z,2022-12-16T22:36:22Z,2022-12-16T22:36:22Z,2023-01-30T23:24:16Z,2026-09-25T19:16:54Z,mjbvz,User,CONTRIBUTOR,1,1,1,1,1,1,1,0,True,False,0,ok,
microsoft/vscode,169540,https://github.com/microsoft/vscode/pull/169540,inline unneccessary constant,2022-12-19T13:49:19Z,2022-12-19T14:04:19Z,2022-12-19T14:04:19Z,2023-02-02T23:24:18Z,2026-09-25T19:16:56Z,jrieken,User,CONTRIBUTOR,1,3,1,1,1,1,1,0,True,False,0,ok,
microsoft/vscode,169689,https://github.com/microsoft/vscode/pull/169689,fix #169536,2022-12-20T22:02:54Z,2022-12-20T22:31:34Z,2022-12-20T22:31:34Z,2023-02-03T23:23:29Z,2026-09-25T19:16:57Z,sandy081,User,MEMBER,14,10,3,1,1,1,1,0,True,False,0,ok,
microsoft/vscode,169592,https://github.com/microsoft/vscode/pull/169592,Support /mnt/ and \\wsl.localhost\ and \\wsl$\ style links on Windows frontends,2022-12-20T00:53:53Z,2022-12-21T16:24:00Z,2022-12-21T16:24:00Z,2023-02-04T23:23:22Z,2026-09-25T19:16:58Z,Tyriar,User,CONTRIBUTOR,86,33,11,3,4,2,1,1,True,True,0,ok,
microsoft/vscode,169790,https://github.com/microsoft/vscode/pull/169790,Fix notebook toolbar dynamic label rendering,2022-12-22T01:26:37Z,2022-12-22T05:00:48Z,2022-12-22T05:00:49Z,2023-02-05T23:23:42Z,2026-09-25T19:16:59Z,rebornix,User,CONTRIBUTOR,38,18,3,2,1,1,1,0,True,False,0,ok,
microsoft/vscode,169847,https://github.com/microsoft/vscode/pull/169847,Bump distro,2022-12-22T15:06:13Z,2022-12-22T15:31:03Z,2022-12-22T15:31:03Z,2023-02-05T23:23:42Z,2026-09-25T19:17:01Z,alexr00,User,MEMBER,1,1,1,1,1,1,1,0,True,False,0,ok,
microsoft/vscode,169936,https://github.com/microsoft/vscode/pull/169936,New names around keybindings,2022-12-23T16:21:06Z,2022-12-23T17:10:01Z,2022-12-23T17:10:01Z,2023-02-06T23:23:32Z,2026-09-25T19:17:02Z,alexdima,User,MEMBER,943,1075,44,2,1,1,1,0,True,False,0,ok,
microsoft/vscode,169938,https://github.com/microsoft/vscode/pull/169938,assert/esm - don't use import-require,2022-12-23T17:04:08Z,2022-12-23T17:33:52Z,2022-12-23T17:33:52Z,2023-02-06T23:23:32Z,2026-09-25T19:17:03Z,jrieken,User,CONTRIBUTOR,1,1,1,1,1,1,1,0,True,False,0,ok,
microsoft/vscode,170110,https://github.com/microsoft/vscode/pull/170110,fix #167628,2022-12-27T14:14:07Z,2022-12-27T14:28:31Z,2022-12-27T14:28:31Z,2023-02-10T23:23:56Z,2026-09-25T19:17:04Z,sandy081,User,MEMBER,11,20,7,1,1,1,1,0,True,False,0,ok,
microsoft/vscode,170122,https://github.com/microsoft/vscode/pull/170122,Update xterm.js,2022-12-27T19:16:33Z,2022-12-27T19:39:54Z,2022-12-27T19:39:54Z,2023-02-10T23:23:56Z,2026-09-25T19:17:06Z,Tyriar,User,CONTRIBUTOR,95,95,6,1,1,1,1,0,True,False,0,ok,
microsoft/vscode,170232,https://github.com/microsoft/vscode/pull/170232,fix error logging in tests,2022-12-29T17:48:26Z,2022-12-29T18:03:36Z,2022-12-29T18:03:36Z,2023-02-12T23:23:29Z,2026-09-25T19:17:07Z,sandy081,User,MEMBER,12,2,1,1,1,1,1,0,True,False,0,ok,
microsoft/vscode,170584,https://github.com/microsoft/vscode/pull/170584,attachment field can be null,2023-01-04T21:29:23Z,2023-01-05T18:06:36Z,2023-01-05T18:06:36Z,2023-02-19T23:23:50Z,2026-09-25T19:17:08Z,amunger,User,COLLABORATOR,1,1,1,1,1,1,1,0,True,False,0,ok,
microsoft/vscode,170692,https://github.com/microsoft/vscode/pull/170692,perf: reduce number of registerAction2 calls,2023-01-06T15:02:49Z,2023-01-06T15:18:14Z,2023-01-06T15:18:14Z,2023-02-20T23:23:51Z,2026-09-25T19:17:09Z,sandy081,User,MEMBER,32,43,2,1,1,1,1,0,True,False,0,ok,
microsoft/vscode,170241,https://github.com/microsoft/vscode/pull/170241,Support cmder profile detection,2022-12-29T20:09:49Z,2023-01-06T17:01:38Z,2023-01-06T17:01:38Z,2023-02-20T23:23:51Z,2026-09-25T19:17:13Z,Tyriar,User,CONTRIBUTOR,52,7,3,4,1,1,1,0,True,False,0,ok,
microsoft/vscode,170870,https://github.com/microsoft/vscode/pull/170870,check if bashrc exists before running it,2023-01-09T15:09:44Z,2023-01-09T17:18:23Z,2023-01-09T17:18:23Z,2023-02-23T23:24:39Z,2026-09-25T19:17:14Z,meganrogge,User,COLLABORATOR,3,1,1,3,5,2,1,1,True,True,0,ok,
microsoft/vscode,171495,https://github.com/microsoft/vscode/pull/171495,Use -r over -f in bash si script,2023-01-17T13:11:19Z,2023-01-17T15:54:20Z,2023-01-17T15:54:20Z,2023-03-03T23:24:20Z,2026-09-25T19:17:15Z,Tyriar,User,CONTRIBUTOR,5,5,1,1,1,1,1,0,True,False,0,ok,
microsoft/vscode,171619,https://github.com/microsoft/vscode/pull/171619,Remove styler from SuggestEnabledInput,2023-01-18T14:58:10Z,2023-01-18T15:13:03Z,2023-01-18T15:13:03Z,2023-03-04T23:23:34Z,2026-09-25T19:17:17Z,aeschli,User,CONTRIBUTOR,24,45,5,1,1,1,1,0,True,False,0,ok,
microsoft/vscode,171555,https://github.com/microsoft/vscode/pull/171555,"div outputs scrollable, register scroll setting",2023-01-17T23:50:23Z,2023-01-18T16:37:18Z,2023-01-18T16:37:18Z,2023-03-04T23:23:34Z,2026-09-25T19:17:19Z,amunger,User,COLLABORATOR,8,1,2,1,1,1,1,0,True,False,0,ok,
microsoft/vscode,169748,https://github.com/microsoft/vscode/pull/169748,menu: move away from styler,2022-12-21T14:22:37Z,2023-01-18T18:57:28Z,2023-01-18T18:57:28Z,2023-03-04T23:23:37Z,2026-09-25T19:17:20Z,aeschli,User,CONTRIBUTOR,97,135,10,2,1,1,1,0,True,False,0,ok,
microsoft/vscode,171748,https://github.com/microsoft/vscode/pull/171748,Prompt before auto publishing branch,2023-01-19T19:17:58Z,2023-01-19T19:34:54Z,2023-01-19T19:34:55Z,2023-03-05T23:23:39Z,2026-09-25T19:17:22Z,joyceerhl,User,CONTRIBUTOR,41,7,3,1,1,1,1,0,True,False,0,ok,
microsoft/vscode,171648,https://github.com/microsoft/vscode/pull/171648,Pwsh autocomplete,2023-01-18T17:48:22Z,2023-01-19T21:41:55Z,2023-01-19T21:41:56Z,2023-03-05T23:23:39Z,2026-09-25T19:17:25Z,Tyriar,User,CONTRIBUTOR,2217,20,25,27,4,1,4,0,True,False,3,ok,
microsoft/vscode,171736,https://github.com/microsoft/vscode/pull/171736,Bug: Folded comments disappear after moving to a different tab,2023-01-19T16:47:57Z,2023-01-20T12:13:25Z,2023-01-20T12:13:25Z,2023-03-06T23:24:34Z,2026-09-25T19:17:26Z,alexr00,User,MEMBER,28,32,3,2,2,2,2,0,True,False,0,ok,
microsoft/vscode,171847,https://github.com/microsoft/vscode/pull/171847,Show breakpoint decorations in notebook,2023-01-20T17:27:55Z,2023-01-20T17:45:59Z,2023-01-20T17:45:59Z,2023-03-06T23:24:33Z,2026-09-25T19:17:28Z,roblourens,User,MEMBER,49,6,2,1,2,2,2,0,True,False,0,ok,
microsoft/vscode,171949,https://github.com/microsoft/vscode/pull/171949,Add tests to confirm MD code comments aren't foldable regions,2023-01-22T23:10:39Z,2023-01-23T17:12:41Z,2023-01-23T17:12:41Z,2023-03-09T23:24:58Z,2026-09-25T19:17:29Z,PandaGnar,User,CONTRIBUTOR,28,0,1,3,2,2,2,0,True,False,0,ok,
microsoft/vscode,172342,https://github.com/microsoft/vscode/pull/172342,Fix #172244. Handle quick pick hide by escape key in kernel picker.,2023-01-25T02:16:09Z,2023-01-25T02:38:38Z,2023-01-25T02:38:38Z,2023-03-11T23:23:27Z,2026-09-25T19:17:30Z,rebornix,User,CONTRIBUTOR,3,0,1,1,1,1,1,0,True,False,0,ok,
microsoft/vscode,172431,https://github.com/microsoft/vscode/pull/172431,[css] update service,2023-01-25T19:11:26Z,2023-01-25T19:34:15Z,2023-01-25T19:34:15Z,2023-03-11T23:23:27Z,2026-09-25T19:17:31Z,aeschli,User,CONTRIBUTOR,10,10,4,1,1,1,1,0,True,False,0,ok,
microsoft/vscode,172618,https://github.com/microsoft/vscode/pull/172618,fix #172617,2023-01-27T09:14:46Z,2023-01-27T09:35:34Z,2023-01-27T09:35:35Z,2023-03-13T23:23:57Z,2026-09-25T19:17:34Z,sandy081,User,MEMBER,4,9,2,3,2,1,2,0,True,False,1,ok,
microsoft/vscode,172594,https://github.com/microsoft/vscode/pull/172594,Fix #172593. Use text buffer as source of truth once it is created.,2023-01-26T22:31:00Z,2023-01-30T17:53:11Z,2023-01-30T17:53:11Z,2023-03-16T23:23:39Z,2026-09-25T19:17:41Z,rebornix,User,CONTRIBUTOR,4,1,1,1,1,1,1,0,True,False,0,ok,
microsoft/vscode,172813,https://github.com/microsoft/vscode/pull/172813,get quick fix match to use wrapped lines for length,2023-01-30T14:53:24Z,2023-01-31T16:30:07Z,2023-01-31T16:30:07Z,2023-03-17T23:23:15Z,2026-09-25T19:17:42Z,meganrogge,User,COLLABORATOR,11,9,3,4,2,2,2,0,True,False,0,ok,
microsoft/vscode,172758,https://github.com/microsoft/vscode/pull/172758,Fixes #170497,2023-01-30T08:39:07Z,2023-02-01T11:21:21Z,2023-02-01T11:21:21Z,2023-03-18T23:23:12Z,2026-09-25T19:17:43Z,hediet,User,MEMBER,210,55,8,3,2,1,2,0,True,False,1,ok,
microsoft/vscode,173028,https://github.com/microsoft/vscode/pull/173028,Sends test result messages over to extension host. Fixes regression.,2023-02-01T13:25:04Z,2023-02-01T13:41:10Z,2023-02-01T13:41:10Z,2023-03-18T23:23:12Z,2026-09-25T19:17:45Z,hediet,User,MEMBER,26,1,2,1,1,1,1,0,True,False,0,ok,
microsoft/vscode,173049,https://github.com/microsoft/vscode/pull/173049,Remove tarball proxy command from web bundle,2023-02-01T16:33:28Z,2023-02-02T18:40:31Z,2023-02-02T18:40:31Z,2023-03-19T23:23:34Z,2026-09-25T19:17:46Z,joyceerhl,User,CONTRIBUTOR,0,8,2,1,1,1,1,0,True,False,0,ok,
microsoft/vscode,173823,https://github.com/microsoft/vscode/pull/173823,Prevent undefined being fired when a listener is disposed,2023-02-08T15:35:24Z,2023-02-08T15:50:18Z,2023-02-08T15:50:18Z,2023-03-25T23:22:36Z,2026-09-25T19:17:47Z,Tyriar,User,CONTRIBUTOR,21,2,2,1,1,1,1,0,True,False,0,ok,
microsoft/vscode,173750,https://github.com/microsoft/vscode/pull/173750,Bump @vscode-internal/openssl-prebuilt,2023-02-08T03:19:52Z,2023-02-08T21:05:19Z,2023-02-08T21:05:19Z,2023-03-25T23:22:36Z,2026-09-25T19:17:48Z,TylerLeonhardt,User,MEMBER,6,6,3,3,1,1,1,0,True,False,0,ok,
microsoft/vscode,174477,https://github.com/microsoft/vscode/pull/174477,add border to profile badge,2023-02-15T17:25:16Z,2023-02-15T18:27:10Z,2023-02-15T18:27:11Z,2023-04-01T23:22:18Z,2026-09-25T19:17:49Z,sandy081,User,MEMBER,1,0,1,1,3,2,1,0,True,False,0,ok,
microsoft/vscode,174639,https://github.com/microsoft/vscode/pull/174639,put open new editor link outside of scrollable div,2023-02-16T23:57:51Z,2023-02-17T00:23:06Z,2023-02-17T00:23:06Z,2023-04-03T23:22:25Z,2026-09-25T19:17:50Z,amunger,User,COLLABORATOR,5,5,2,2,2,1,2,0,True,False,0,ok,
microsoft/vscode,174704,https://github.com/microsoft/vscode/pull/174704,fix tab moves focus ,2023-02-17T18:38:40Z,2023-02-17T20:00:20Z,2023-02-17T20:00:20Z,2023-04-03T23:22:25Z,2026-09-25T19:17:52Z,meganrogge,User,COLLABORATOR,40,41,8,3,2,2,1,0,True,False,0,ok,
microsoft/vscode,174712,https://github.com/microsoft/vscode/pull/174712,fix #174711 Show Source command in Markdown custom editor,2023-02-17T19:21:19Z,2023-02-20T16:01:36Z,2023-02-20T16:01:36Z,2023-04-06T23:22:36Z,2026-09-25T19:17:54Z,eronnen,User,CONTRIBUTOR,1,0,1,1,2,2,2,0,True,False,0,ok,
microsoft/vscode,175143,https://github.com/microsoft/vscode/pull/175143,Fixes #173193,2023-02-22T17:23:29Z,2023-02-22T17:38:16Z,2023-02-22T17:38:16Z,2023-04-08T23:22:02Z,2026-09-25T19:17:56Z,hediet,User,MEMBER,10,0,1,1,2,2,2,0,True,False,0,ok,
microsoft/vscode,175154,https://github.com/microsoft/vscode/pull/175154,small typo,2023-02-22T18:25:50Z,2023-02-22T18:40:48Z,2023-02-22T18:40:48Z,2023-04-08T23:22:03Z,2026-09-25T19:17:57Z,sbatten,User,MEMBER,1,1,1,1,1,1,1,0,True,False,0,ok,
microsoft/vscode,174688,https://github.com/microsoft/vscode/pull/174688,Fix issues with inconsistent line wrap application,2023-02-17T15:57:57Z,2023-02-24T15:00:52Z,2023-02-24T15:00:52Z,2023-04-10T23:22:39Z,2026-09-25T19:17:58Z,EliiseS,User,CONTRIBUTOR,20,11,2,1,2,2,2,0,True,False,0,ok,
microsoft/vscode,175552,https://github.com/microsoft/vscode/pull/175552,Split uri-lists on \r\n for markdown drop,2023-02-27T16:39:55Z,2023-02-27T16:55:04Z,2023-02-27T16:55:04Z,2023-04-13T23:22:32Z,2026-09-25T19:18:00Z,mjbvz,User,CONTRIBUTOR,1,1,1,1,1,1,1,0,True,False,0,ok,
microsoft/vscode,175782,https://github.com/microsoft/vscode/pull/175782,create colour token for search foreground,2023-03-01T19:05:19Z,2023-03-01T20:13:40Z,2023-03-01T20:13:40Z,2023-04-15T23:22:12Z,2026-09-25T19:18:01Z,andreamah,User,CONTRIBUTOR,13,15,3,4,3,2,1,1,True,True,0,ok,
microsoft/vscode,176312,https://github.com/microsoft/vscode/pull/176312,Allow `--vscode-XXX` color variables in `<span>` style in Markdown (#176064),2023-03-06T23:00:14Z,2023-03-07T00:07:09Z,2023-03-07T00:07:09Z,2023-04-21T23:22:47Z,2026-09-25T19:18:02Z,gjsjohnmurray,User,CONTRIBUTOR,1,1,1,1,2,2,2,0,True,False,0,ok,
microsoft/vscode,175823,https://github.com/microsoft/vscode/pull/175823,provide screen reader with inline suggestions,2023-03-02T00:46:44Z,2023-03-07T19:14:12Z,2023-03-07T19:14:12Z,2023-04-21T23:22:48Z,2026-09-25T19:18:04Z,meganrogge,User,COLLABORATOR,304,309,5,10,10,4,1,1,True,True,1,ok,
microsoft/vscode,176326,https://github.com/microsoft/vscode/pull/176326,Try to capture key presses more aggressively in loading webviews,2023-03-07T00:39:08Z,2023-03-07T19:17:03Z,2023-03-07T19:17:03Z,2023-04-21T23:22:48Z,2026-09-25T19:18:05Z,mjbvz,User,CONTRIBUTOR,23,15,2,1,1,1,1,0,True,False,0,ok,
microsoft/vscode,176445,https://github.com/microsoft/vscode/pull/176445,Fix missing common props for extensions,2023-03-07T21:42:38Z,2023-03-08T00:23:12Z,2023-03-08T00:23:12Z,2023-04-22T23:22:22Z,2026-09-25T19:18:06Z,lramos15,User,MEMBER,37,5,2,2,1,1,1,0,True,False,0,ok,
microsoft/vscode,176683,https://github.com/microsoft/vscode/pull/176683,":notebook: extract save participant into contrib, prepare for more particpants.",2023-03-09T19:49:31Z,2023-03-09T20:04:34Z,2023-03-09T20:04:34Z,2023-04-23T23:22:31Z,2026-09-25T19:18:07Z,rebornix,User,CONTRIBUTOR,106,90,3,1,1,1,1,0,True,False,0,ok,
microsoft/vscode,176702,https://github.com/microsoft/vscode/pull/176702,Fix status warn message,2023-03-09T23:43:57Z,2023-03-09T23:58:52Z,2023-03-09T23:58:52Z,2023-04-24T23:22:41Z,2026-09-25T19:18:09Z,rzhao271,User,COLLABORATOR,1,1,1,1,1,1,1,0,True,False,0,ok,
microsoft/vscode,176821,https://github.com/microsoft/vscode/pull/176821,"Add ""insert at cursor"" action",2023-03-10T21:43:24Z,2023-03-10T21:59:38Z,2023-03-10T21:59:38Z,2023-04-24T23:22:41Z,2026-09-25T19:18:10Z,roblourens,User,MEMBER,42,27,2,1,1,1,1,0,True,False,0,ok,
microsoft/vscode,177123,https://github.com/microsoft/vscode/pull/177123,VSCode does not auto-detect IPv6 Processes for port forwarding,2023-03-14T16:57:46Z,2023-03-14T17:15:59Z,2023-03-14T17:15:59Z,2023-04-28T23:22:40Z,2026-09-25T19:18:11Z,alexr00,User,MEMBER,22,6,2,1,1,1,1,0,True,False,0,ok,
microsoft/vscode,176791,https://github.com/microsoft/vscode/pull/176791,fix: close #176789 supplement find widget border-bottom-radius,2023-03-10T15:33:36Z,2023-03-15T13:32:31Z,2023-03-15T13:32:31Z,2023-04-29T23:22:19Z,2026-09-25T19:18:12Z,yiliang114,User,CONTRIBUTOR,9,3,3,2,3,3,3,0,True,False,0,ok,
microsoft/vscode,177396,https://github.com/microsoft/vscode/pull/177396,Pick up TS 5.0.2,2023-03-16T19:07:50Z,2023-03-16T22:03:23Z,2023-03-16T22:03:23Z,2023-04-30T23:22:01Z,2026-09-25T19:18:14Z,mjbvz,User,CONTRIBUTOR,5,5,2,2,2,2,2,0,True,False,0,ok,
microsoft/vscode,177411,https://github.com/microsoft/vscode/pull/177411,Use ExtensionManagementService to install IGalleryExtension from remote start list entry,2023-03-16T21:54:41Z,2023-03-16T22:17:10Z,2023-03-16T22:17:10Z,2023-04-30T23:22:01Z,2026-09-25T19:18:15Z,bhavyaus,User,COLLABORATOR,10,4,1,1,1,1,1,0,True,False,0,ok,
microsoft/vscode,177420,https://github.com/microsoft/vscode/pull/177420,"cli: don't colorize file log output, collect internal logs for broadcast",2023-03-16T23:28:00Z,2023-03-17T16:14:41Z,2023-03-17T16:14:41Z,2023-05-01T23:23:18Z,2026-09-25T19:18:16Z,connor4312,User,MEMBER,102,81,3,2,2,2,2,0,True,False,1,ok,
microsoft/vscode,177670,https://github.com/microsoft/vscode/pull/177670,Fix #177531,2023-03-20T15:31:22Z,2023-03-20T15:46:28Z,2023-03-20T15:46:28Z,2023-05-04T23:22:49Z,2026-09-25T19:18:18Z,sandy081,User,MEMBER,4,2,1,1,1,1,1,0,True,False,0,ok,
microsoft/vscode,177985,https://github.com/microsoft/vscode/pull/177985,Fix a typo in date.ts,2023-03-22T09:37:25Z,2023-03-22T12:15:13Z,2023-03-22T12:15:13Z,2023-05-06T23:22:48Z,2026-09-25T19:18:19Z,UeiWang,User,CONTRIBUTOR,1,1,1,1,2,2,2,0,True,False,0,ok,
microsoft/vscode,178020,https://github.com/microsoft/vscode/pull/178020,fix: adding escape command in order to focus out of the sticky scroll,2023-03-22T14:29:11Z,2023-03-22T16:31:03Z,2023-03-22T16:31:03Z,2023-05-06T23:22:47Z,2026-09-25T19:18:21Z,aiday-mar,User,CONTRIBUTOR,34,18,3,5,6,2,1,1,True,True,0,ok,
microsoft/vscode,178568,https://github.com/microsoft/vscode/pull/178568,SCM - fix action button focus when using the keyboard,2023-03-29T11:15:00Z,2023-03-29T11:29:54Z,2023-03-29T11:29:54Z,2023-05-13T23:22:00Z,2026-09-25T19:18:23Z,lszomoru,User,MEMBER,2,5,1,1,1,1,1,0,True,False,0,ok,
microsoft/vscode,179109,https://github.com/microsoft/vscode/pull/179109,fix: glib schema generation for snaps,2023-04-04T09:37:00Z,2023-04-04T22:49:54Z,2023-04-04T22:49:54Z,2023-05-19T23:32:29Z,2026-09-25T19:18:26Z,deepak1556,User,COLLABORATOR,13,10,2,1,1,1,1,0,True,False,0,ok,
microsoft/vscode,179188,https://github.com/microsoft/vscode/pull/179188,Finalize onWillSaveNotebookDocument,2023-04-04T19:13:21Z,2023-04-05T02:01:54Z,2023-04-05T02:01:54Z,2023-05-20T23:21:31Z,2026-09-25T19:18:27Z,rebornix,User,CONTRIBUTOR,70,81,4,2,3,2,2,0,True,False,0,ok,
microsoft/vscode,179149,https://github.com/microsoft/vscode/pull/179149,remove request dependency,2023-04-04T14:42:57Z,2023-04-05T14:05:16Z,2023-04-05T14:05:17Z,2023-05-20T23:21:31Z,2026-09-25T19:18:29Z,aeschli,User,CONTRIBUTOR,172,330,13,6,3,3,3,0,True,False,1,ok,
microsoft/vscode,179259,https://github.com/microsoft/vscode/pull/179259,UtilityProcess console logs when starting fom command line (fix #179253),2023-04-05T12:51:53Z,2023-04-06T05:44:59Z,2023-04-06T05:44:59Z,2023-05-21T23:22:02Z,2026-09-25T19:18:30Z,bpasero,User,CONTRIBUTOR,1,1,1,2,3,2,3,0,True,False,0,ok,
microsoft/vscode,179367,https://github.com/microsoft/vscode/pull/179367,:lipstick:,2023-04-06T07:48:03Z,2023-04-06T08:03:04Z,2023-04-06T08:03:04Z,2023-05-21T23:22:02Z,2026-09-25T19:18:32Z,bpasero,User,CONTRIBUTOR,3,5,2,1,1,1,1,0,True,False,0,ok,
microsoft/vscode,179386,https://github.com/microsoft/vscode/pull/179386,editorError.border doesn't apply a border,2023-04-06T13:44:26Z,2023-04-06T14:27:15Z,2023-04-06T14:27:15Z,2023-05-21T23:22:02Z,2026-09-25T19:18:33Z,aeschli,User,CONTRIBUTOR,4,4,1,1,1,1,1,0,True,False,0,ok,
microsoft/vscode,179622,https://github.com/microsoft/vscode/pull/179622,cli: use win32 app mutex to detect running tunnels and tunnel sevices,2023-04-10T18:33:41Z,2023-04-10T19:25:15Z,2023-04-10T19:25:15Z,2023-05-25T23:22:04Z,2026-09-25T19:18:35Z,connor4312,User,MEMBER,104,8,11,5,2,2,2,0,True,False,1,ok,
microsoft/vscode,179675,https://github.com/microsoft/vscode/pull/179675,add missing keybinding,2023-04-11T11:58:39Z,2023-04-11T12:13:36Z,2023-04-11T12:13:36Z,2023-05-26T23:22:17Z,2026-09-25T19:18:36Z,jrieken,User,CONTRIBUTOR,4,0,1,1,1,1,1,0,True,False,0,ok,
microsoft/vscode,179698,https://github.com/microsoft/vscode/pull/179698,Only set language if it's different,2023-04-11T16:49:53Z,2023-04-11T18:00:27Z,2023-04-11T18:00:28Z,2023-05-26T23:22:16Z,2026-09-25T19:18:37Z,TylerLeonhardt,User,MEMBER,3,5,1,1,1,1,1,0,True,False,0,ok,
microsoft/vscode,179854,https://github.com/microsoft/vscode/pull/179854,Notify to try new theme,2023-04-13T09:27:54Z,2023-04-13T09:44:00Z,2023-04-13T09:44:01Z,2023-05-28T23:22:19Z,2026-09-25T19:18:38Z,aeschli,User,CONTRIBUTOR,35,9,1,1,1,1,1,0,True,False,0,ok,
microsoft/vscode,179855,https://github.com/microsoft/vscode/pull/179855,GitHub - restore/save branch protection to global state,2023-04-13T09:50:11Z,2023-04-13T12:43:12Z,2023-04-13T12:43:12Z,2023-05-28T23:22:19Z,2026-09-25T19:18:39Z,lszomoru,User,MEMBER,17,10,2,1,1,1,1,0,True,False,0,ok,
microsoft/vscode,171504,https://github.com/microsoft/vscode/pull/171504,SCM - Add `document` property to expose the text document,2023-01-17T14:23:06Z,2023-04-14T11:55:14Z,2023-04-14T11:55:14Z,2023-05-29T23:22:12Z,2026-09-25T19:18:41Z,lszomoru,User,MEMBER,52,21,9,13,5,3,4,0,True,False,3,ok,
microsoft/vscode,180270,https://github.com/microsoft/vscode/pull/180270,Avoid infinite undo loop in notebook.,2023-04-18T23:23:47Z,2023-04-19T00:07:42Z,2023-04-19T00:07:42Z,2023-06-03T23:21:55Z,2026-09-25T19:18:43Z,rebornix,User,CONTRIBUTOR,1,1,1,1,2,2,2,0,True,False,0,ok,
microsoft/vscode,180365,https://github.com/microsoft/vscode/pull/180365,add accessibility verbosity settings for terminal and diff editor aria hints,2023-04-19T21:54:31Z,2023-04-20T22:03:38Z,2023-04-20T22:03:38Z,2023-06-04T23:22:37Z,2026-09-25T19:18:44Z,meganrogge,User,COLLABORATOR,79,11,9,6,2,2,1,0,True,False,0,ok,
microsoft/vscode,180460,https://github.com/microsoft/vscode/pull/180460,Allow new codeblock actions to be shown at the top level of the toolbar,2023-04-21T00:12:29Z,2023-04-21T00:28:55Z,2023-04-21T00:28:55Z,2023-06-05T23:22:18Z,2026-09-25T19:18:45Z,roblourens,User,MEMBER,6,0,1,1,1,1,1,0,True,False,0,ok,
microsoft/vscode,180463,https://github.com/microsoft/vscode/pull/180463,Fix Interactive Session widget role,2023-04-21T02:23:04Z,2023-04-21T04:57:31Z,2023-04-21T04:57:31Z,2023-06-05T23:22:18Z,2026-09-25T19:18:46Z,roblourens,User,MEMBER,9,0,1,1,1,1,1,0,True,False,0,ok,
microsoft/vscode,180562,https://github.com/microsoft/vscode/pull/180562,Fix drop widget having transparent background on hover,2023-04-21T18:05:20Z,2023-04-21T18:20:16Z,2023-04-21T18:20:17Z,2023-06-05T23:22:18Z,2026-09-25T19:18:48Z,mjbvz,User,CONTRIBUTOR,10,5,1,1,1,1,1,0,True,False,0,ok,
microsoft/vscode,181406,https://github.com/microsoft/vscode/pull/181406,workaround - disable arrow navigation for inline preview,2023-05-03T13:20:14Z,2023-05-03T13:36:19Z,2023-05-03T13:36:19Z,2023-06-17T23:22:27Z,2026-09-25T19:18:49Z,jrieken,User,CONTRIBUTOR,4,4,1,1,1,1,1,0,True,False,0,ok,
microsoft/vscode,181929,https://github.com/microsoft/vscode/pull/181929,Don't enable paste to create files in untitled files,2023-05-09T18:20:25Z,2023-05-09T18:45:19Z,2023-05-09T18:45:19Z,2023-06-23T23:23:47Z,2026-09-25T19:18:51Z,mjbvz,User,CONTRIBUTOR,5,0,1,1,2,2,2,0,True,False,0,ok,
microsoft/vscode,182100,https://github.com/microsoft/vscode/pull/182100,Make 633 parsing more strict,2023-05-10T17:27:48Z,2023-05-10T17:42:26Z,2023-05-10T17:42:26Z,2023-06-24T23:23:36Z,2026-09-25T19:18:52Z,Tyriar,User,CONTRIBUTOR,31,8,2,2,1,1,1,0,True,False,0,ok,
microsoft/vscode,182224,https://github.com/microsoft/vscode/pull/182224,More improvements to readonly mode,2023-05-11T19:05:27Z,2023-05-11T19:48:04Z,2023-05-11T19:48:04Z,2023-06-25T23:23:57Z,2026-09-25T19:18:53Z,bpasero,User,CONTRIBUTOR,93,54,12,4,1,1,1,0,True,False,0,ok,
microsoft/vscode,182115,https://github.com/microsoft/vscode/pull/182115,improve references ariaLabel,2023-05-10T20:23:57Z,2023-05-12T15:47:48Z,2023-05-12T15:47:48Z,2023-06-26T23:23:59Z,2026-09-25T19:18:54Z,meganrogge,User,COLLABORATOR,3,3,1,4,3,2,1,0,True,False,0,ok,
microsoft/vscode,182732,https://github.com/microsoft/vscode/pull/182732,append history commands to placeholder,2023-05-17T07:46:55Z,2023-05-17T08:35:37Z,2023-05-17T08:35:38Z,2023-07-01T23:23:00Z,2026-09-25T19:18:55Z,jrieken,User,CONTRIBUTOR,21,2,1,1,1,1,1,0,True,False,0,ok,
microsoft/vscode,182891,https://github.com/microsoft/vscode/pull/182891,rm part of help message for chat,2023-05-18T17:18:54Z,2023-05-18T17:39:11Z,2023-05-18T17:39:11Z,2023-07-02T23:23:19Z,2026-09-25T19:18:57Z,meganrogge,User,COLLABORATOR,0,1,1,2,1,1,1,0,True,False,0,ok,
microsoft/vscode,182959,https://github.com/microsoft/vscode/pull/182959,Watermark cut off (fix #182897),2023-05-19T12:16:48Z,2023-05-19T12:35:36Z,2023-05-19T12:35:37Z,2023-07-03T23:24:35Z,2026-09-25T19:18:58Z,bpasero,User,CONTRIBUTOR,1,1,1,1,1,1,1,0,True,False,0,ok,
microsoft/vscode,183379,https://github.com/microsoft/vscode/pull/183379,Add better label when adding video/video to md,2023-05-24T23:13:39Z,2023-05-24T23:30:06Z,2023-05-24T23:30:06Z,2023-07-09T23:23:11Z,2026-09-25T19:18:59Z,mjbvz,User,CONTRIBUTOR,10,3,1,1,1,1,1,0,True,False,0,ok,
microsoft/vscode,183531,https://github.com/microsoft/vscode/pull/183531,Engineering - update winget configuration file,2023-05-26T12:55:35Z,2023-05-26T13:11:53Z,2023-05-26T13:11:53Z,2023-07-10T23:23:33Z,2026-09-25T19:19:00Z,lszomoru,User,MEMBER,9,0,1,1,1,1,1,0,True,False,0,ok,
microsoft/vscode,183979,https://github.com/microsoft/vscode/pull/183979,Two chat fixes,2023-05-31T16:40:24Z,2023-05-31T16:55:59Z,2023-05-31T16:55:59Z,2023-07-15T23:22:56Z,2026-09-25T19:19:02Z,roblourens,User,MEMBER,3,1,2,2,1,1,1,0,True,False,0,ok,
microsoft/vscode,184042,https://github.com/microsoft/vscode/pull/184042,reset context keys on reset/hide,2023-06-01T10:11:12Z,2023-06-01T12:46:33Z,2023-06-01T12:46:33Z,2023-07-16T23:23:19Z,2026-09-25T19:19:03Z,jrieken,User,CONTRIBUTOR,18,6,1,1,1,1,1,0,True,False,0,ok,
microsoft/vscode,184093,https://github.com/microsoft/vscode/pull/184093,Allow embedders to intercept trustedTypes.createPolicy calls,2023-06-01T20:02:14Z,2023-06-01T22:20:10Z,2023-06-01T22:20:10Z,2023-07-16T23:23:19Z,2026-09-25T19:19:05Z,alexdima,User,MEMBER,136,59,14,1,1,1,1,0,True,False,0,ok,
microsoft/vscode,184101,https://github.com/microsoft/vscode/pull/184101,bump version,2023-06-01T22:24:07Z,2023-06-01T22:40:31Z,2023-06-01T22:40:31Z,2023-07-16T23:23:19Z,2026-09-25T19:19:06Z,meganrogge,User,COLLABORATOR,1,1,1,1,1,1,1,0,True,False,0,ok,
microsoft/vscode,184342,https://github.com/microsoft/vscode/pull/184342,Exposing the message to extensions contributing to the IE,2023-06-05T15:48:19Z,2023-06-06T12:33:41Z,2023-06-06T12:33:41Z,2023-07-21T23:21:41Z,2026-09-25T19:19:08Z,aiday-mar,User,CONTRIBUTOR,10,1,4,5,3,1,1,1,True,True,0,ok,
microsoft/vscode,184459,https://github.com/microsoft/vscode/pull/184459,Re #183529. Do not focus cell if hover is focused.,2023-06-07T00:21:29Z,2023-06-07T01:01:01Z,2023-06-07T01:01:01Z,2023-07-22T23:21:35Z,2026-09-25T19:19:09Z,rebornix,User,CONTRIBUTOR,3,1,1,1,3,1,1,0,True,False,0,ok,
microsoft/vscode,184688,https://github.com/microsoft/vscode/pull/184688,allow alt key modifiers without hovering over menu items,2023-06-09T08:36:31Z,2023-06-09T08:50:32Z,2023-06-09T08:50:32Z,2023-07-24T23:22:14Z,2026-09-25T19:19:10Z,joaomoreno,User,CONTRIBUTOR,13,28,1,1,1,1,1,0,True,False,0,ok,
microsoft/vscode,185013,https://github.com/microsoft/vscode/pull/185013,Keyboard: the configure button in the notification pop is not accessible by tab key (fix #184711),2023-06-13T12:39:17Z,2023-06-13T13:13:58Z,2023-06-13T13:13:58Z,2023-07-28T23:21:37Z,2026-09-25T19:19:11Z,bpasero,User,CONTRIBUTOR,2,2,1,1,1,1,1,0,True,False,0,ok,
microsoft/vscode,184616,https://github.com/microsoft/vscode/pull/184616,Bump emmet-helper,2023-06-08T16:43:13Z,2023-06-16T17:10:07Z,2023-06-16T17:10:07Z,2023-07-31T23:22:05Z,2026-09-25T19:19:12Z,rzhao271,User,COLLABORATOR,18,23,1,1,1,1,1,0,True,False,0,ok,
microsoft/vscode,185355,https://github.com/microsoft/vscode/pull/185355,"respect `fish_prompt`, re-enable automatic fish shell integration",2023-06-16T16:46:18Z,2023-06-20T16:38:59Z,2023-06-20T16:38:59Z,2023-08-04T23:21:33Z,2026-09-25T19:19:15Z,meganrogge,User,COLLABORATOR,51,27,2,12,4,4,2,1,True,True,1,ok,
microsoft/vscode,185907,https://github.com/microsoft/vscode/pull/185907,fix fish shell integration problems,2023-06-22T18:59:36Z,2023-06-22T22:39:10Z,2023-06-22T22:39:10Z,2023-08-06T23:21:29Z,2026-09-25T19:19:16Z,meganrogge,User,COLLABORATOR,2,2,1,1,2,2,2,0,True,False,0,ok,
microsoft/vscode,185923,https://github.com/microsoft/vscode/pull/185923,reorder navigation/execute toolbar group,2023-06-22T22:33:32Z,2023-06-22T22:47:34Z,2023-06-22T22:47:34Z,2023-08-06T23:21:29Z,2026-09-25T19:19:17Z,Yoyokrazy,User,COLLABORATOR,3,3,2,1,1,1,1,0,True,False,0,ok,
microsoft/vscode,185979,https://github.com/microsoft/vscode/pull/185979,Fixes #185942,2023-06-23T11:19:04Z,2023-06-23T11:42:33Z,2023-06-23T11:42:33Z,2023-08-07T23:21:48Z,2026-09-25T19:19:18Z,hediet,User,MEMBER,2,2,1,1,1,1,1,0,True,False,0,ok,
microsoft/vscode,185983,https://github.com/microsoft/vscode/pull/185983,chore: bump electron@22.3.14,2023-06-23T12:06:39Z,2023-06-23T13:43:03Z,2023-06-23T13:43:03Z,2023-08-07T23:21:48Z,2026-09-25T19:19:20Z,deepak1556,User,COLLABORATOR,37,37,5,2,1,1,1,0,True,False,0,ok,
microsoft/vscode,185882,https://github.com/microsoft/vscode/pull/185882,Restart pty host connection correctly after restart,2023-06-22T14:17:29Z,2023-06-23T15:12:29Z,2023-06-23T15:12:29Z,2023-08-07T23:21:48Z,2026-09-25T19:19:21Z,Tyriar,User,CONTRIBUTOR,18,11,3,3,1,1,1,0,True,False,0,ok,
microsoft/vscode,186072,https://github.com/microsoft/vscode/pull/186072,Speed up terminal reconnection,2023-06-24T14:25:41Z,2023-06-26T19:37:56Z,2023-06-26T19:37:56Z,2023-08-10T23:21:27Z,2026-09-25T19:19:22Z,Tyriar,User,CONTRIBUTOR,160,115,13,11,1,1,1,0,True,False,0,ok,
microsoft/vscode,186344,https://github.com/microsoft/vscode/pull/186344,Fixes #186331 - Diff Editor - margin revert icon should not be rendered when documents are read-only,2023-06-27T14:14:15Z,2023-06-28T06:58:47Z,2023-06-28T06:58:47Z,2023-08-12T23:21:26Z,2026-09-25T19:19:23Z,hediet,User,MEMBER,51,82,2,1,3,2,2,1,True,True,0,ok,
microsoft/vscode,186551,https://github.com/microsoft/vscode/pull/186551,use correct help link,2023-06-28T19:06:52Z,2023-06-28T19:22:05Z,2023-06-28T19:22:05Z,2023-08-12T23:21:26Z,2026-09-25T19:19:25Z,meganrogge,User,COLLABORATOR,1,6,1,1,1,1,1,0,True,False,0,ok,
microsoft/vscode,186738,https://github.com/microsoft/vscode/pull/186738,Lazily resolved checkbox tree items inconsistently receive parent checked state,2023-06-30T12:58:57Z,2023-06-30T13:17:03Z,2023-06-30T13:17:03Z,2023-08-14T23:21:24Z,2026-09-25T19:19:26Z,alexr00,User,MEMBER,11,1,1,1,1,1,1,0,True,False,0,ok,
microsoft/vscode,186804,https://github.com/microsoft/vscode/pull/186804,tree: add fast path for children updates in compressedObjectTreeModel,2023-06-30T23:00:29Z,2023-06-30T23:29:05Z,2023-06-30T23:29:05Z,2023-08-15T23:21:25Z,2026-09-25T19:19:27Z,connor4312,User,MEMBER,11,0,1,1,1,1,1,0,True,False,0,ok,
microsoft/vscode,187038,https://github.com/microsoft/vscode/pull/187038,adopt atomic write for userdata,2023-07-05T11:22:07Z,2023-07-05T20:29:34Z,2023-07-05T20:29:34Z,2023-08-19T23:21:20Z,2026-09-25T19:19:29Z,sandy081,User,MEMBER,24,28,9,3,3,2,3,0,True,False,2,ok,
microsoft/vscode,187070,https://github.com/microsoft/vscode/pull/187070,just use the extension property to know if an editor needs to be registered,2023-07-05T17:52:04Z,2023-07-06T16:59:23Z,2023-07-06T16:59:23Z,2023-08-20T23:21:18Z,2026-09-25T19:19:30Z,amunger,User,COLLABORATOR,6,13,5,3,1,1,1,0,True,False,0,ok,
microsoft/vscode,187433,https://github.com/microsoft/vscode/pull/187433,Bump version to 1.80.1,2023-07-10T09:28:31Z,2023-07-10T12:25:27Z,2023-07-10T12:25:27Z,2023-08-24T23:21:47Z,2026-09-25T19:19:32Z,alexr00,User,MEMBER,1,1,1,1,1,1,1,0,True,False,0,ok,
microsoft/vscode,187478,https://github.com/microsoft/vscode/pull/187478,Allowing extension to specify the position where inline chat should appear ,2023-07-10T15:05:49Z,2023-07-10T17:09:58Z,2023-07-10T17:09:58Z,2023-08-24T23:21:47Z,2026-09-25T19:19:33Z,aiday-mar,User,CONTRIBUTOR,15,8,3,2,1,1,1,0,True,False,0,ok,
microsoft/vscode,187505,https://github.com/microsoft/vscode/pull/187505,check if there are any glob tasks before getting them from the workspace,2023-07-10T19:32:39Z,2023-07-10T21:19:38Z,2023-07-10T21:19:38Z,2023-08-24T23:21:47Z,2026-09-25T19:19:34Z,meganrogge,User,COLLABORATOR,30,17,1,3,1,1,1,0,True,False,0,ok,
microsoft/vscode,187843,https://github.com/microsoft/vscode/pull/187843,build: exclude the cli third party notices from hygenie,2023-07-13T14:35:56Z,2023-07-13T14:50:43Z,2023-07-13T14:50:43Z,2023-08-27T23:21:29Z,2026-09-25T19:19:35Z,connor4312,User,MEMBER,1,0,1,1,2,1,1,0,True,False,0,ok,
microsoft/vscode,187872,https://github.com/microsoft/vscode/pull/187872,Fix #187487,2023-07-13T20:30:11Z,2023-07-13T23:01:50Z,2023-07-13T23:01:50Z,2023-08-27T23:21:29Z,2026-09-25T19:19:37Z,sandy081,User,MEMBER,26,51,6,1,1,1,1,0,True,False,0,ok,
microsoft/vscode,187902,https://github.com/microsoft/vscode/pull/187902,"fix: Close #187788, recovery tree view state",2023-07-14T06:11:20Z,2023-07-17T17:42:14Z,2023-07-17T17:42:14Z,2023-08-31T23:21:57Z,2026-09-25T19:19:38Z,yiliang114,User,CONTRIBUTOR,14,3,1,2,2,2,2,0,True,False,0,ok,
microsoft/vscode,188362,https://github.com/microsoft/vscode/pull/188362,Fixes inline diff editor,2023-07-20T10:55:58Z,2023-07-20T15:31:54Z,2023-07-20T15:31:54Z,2023-09-03T23:21:44Z,2026-09-25T19:19:39Z,hediet,User,MEMBER,13,7,1,1,1,1,1,0,True,False,0,ok,
microsoft/vscode,188476,https://github.com/microsoft/vscode/pull/188476,Improve message of performance error,2023-07-21T10:18:32Z,2023-07-21T11:50:30Z,2023-07-21T11:50:30Z,2023-09-04T23:21:26Z,2026-09-25T19:19:40Z,jrieken,User,CONTRIBUTOR,2,2,1,1,1,1,1,0,True,False,0,ok,
microsoft/vscode,188668,https://github.com/microsoft/vscode/pull/188668,themes: Fall back to Light/Dark+ themes for diff colors,2023-07-24T11:45:02Z,2023-07-24T16:57:05Z,2023-07-24T16:57:05Z,2023-09-07T23:21:52Z,2026-09-25T19:19:42Z,hbons,User,CONTRIBUTOR,0,8,2,1,1,1,1,0,True,False,0,ok,
microsoft/vscode,189007,https://github.com/microsoft/vscode/pull/189007,fix memory leak,2023-07-26T23:32:50Z,2023-07-27T01:20:49Z,2023-07-27T01:20:49Z,2023-09-10T23:21:31Z,2026-09-25T19:19:43Z,Yoyokrazy,User,COLLABORATOR,8,1,3,2,1,1,1,0,True,False,0,ok,
microsoft/vscode,189100,https://github.com/microsoft/vscode/pull/189100,Automatic markdown link pasting off by default,2023-07-27T21:57:38Z,2023-07-27T22:11:51Z,2023-07-27T22:11:51Z,2023-09-10T23:21:31Z,2026-09-25T19:19:44Z,MeghanKulkarni,User,CONTRIBUTOR,1,1,1,1,1,1,1,0,True,False,0,ok,
microsoft/vscode,189348,https://github.com/microsoft/vscode/pull/189348,Remove and fix lines type override in quick fix provider,2023-07-31T19:16:52Z,2023-07-31T19:51:27Z,2023-07-31T19:51:27Z,2023-09-14T23:22:06Z,2026-09-25T19:19:45Z,Tyriar,User,CONTRIBUTOR,33,37,1,1,1,1,1,0,True,False,0,ok,
microsoft/vscode,189441,https://github.com/microsoft/vscode/pull/189441,testing: improve area below filter,2023-08-02T01:16:47Z,2023-08-02T06:20:36Z,2023-08-02T06:20:36Z,2023-09-16T23:21:33Z,2026-09-25T19:19:47Z,connor4312,User,MEMBER,169,151,7,1,1,1,1,0,True,False,0,ok,
microsoft/vscode,189455,https://github.com/microsoft/vscode/pull/189455,fix: update rpm dependencies,2023-08-02T07:59:58Z,2023-08-02T08:33:19Z,2023-08-02T08:33:19Z,2023-09-16T23:21:33Z,2026-09-25T19:19:48Z,deepak1556,User,COLLABORATOR,1,5,2,1,1,1,1,0,True,False,0,ok,
microsoft/vscode,189957,https://github.com/microsoft/vscode/pull/189957,Fine tune editor widget backgrounds and border,2023-08-08T17:52:37Z,2023-08-08T18:07:46Z,2023-08-08T18:07:46Z,2023-09-22T23:21:46Z,2026-09-25T19:19:49Z,daviddossett,User,COLLABORATOR,4,4,1,1,1,1,1,0,True,False,0,ok,
microsoft/vscode,190147,https://github.com/microsoft/vscode/pull/190147,Fixes #189992,2023-08-10T08:39:20Z,2023-08-10T08:52:43Z,2023-08-10T08:52:43Z,2023-09-24T23:21:22Z,2026-09-25T19:19:50Z,hediet,User,MEMBER,2,0,1,1,1,1,1,0,True,False,0,ok,
microsoft/vscode,190138,https://github.com/microsoft/vscode/pull/190138,Updating the scroll left position also on model change,2023-08-10T06:59:04Z,2023-08-11T07:01:23Z,2023-08-11T07:01:23Z,2023-09-25T23:21:57Z,2026-09-25T19:19:52Z,aiday-mar,User,CONTRIBUTOR,1,0,1,2,1,1,1,0,True,False,0,ok,
microsoft/vscode,190376,https://github.com/microsoft/vscode/pull/190376,up distro,2023-08-14T03:09:34Z,2023-08-14T06:37:19Z,2023-08-14T06:37:19Z,2023-09-28T23:22:12Z,2026-09-25T19:19:53Z,connor4312,User,MEMBER,1,1,1,1,1,1,1,0,True,False,0,ok,
microsoft/vscode,190351,https://github.com/microsoft/vscode/pull/190351,Support . as a row:column separator in terminal link detector,2023-08-13T09:34:39Z,2023-08-14T14:57:32Z,2023-08-14T14:57:32Z,2023-09-28T23:22:12Z,2026-09-25T19:19:55Z,Timmmm,User,CONTRIBUTOR,8,1,2,2,3,2,3,0,True,False,1,ok,
microsoft/vscode,190442,https://github.com/microsoft/vscode/pull/190442,Restore autoforwarded ports,2023-08-14T19:27:51Z,2023-08-14T19:46:16Z,2023-08-14T19:46:16Z,2023-09-28T23:22:12Z,2026-09-25T19:19:56Z,alexr00,User,MEMBER,4,3,1,1,1,1,1,0,True,False,0,ok,
microsoft/vscode,190432,https://github.com/microsoft/vscode/pull/190432,Action widget keyboard navigation shortcuts,2023-08-14T17:55:55Z,2023-08-14T19:59:24Z,2023-08-14T19:59:24Z,2024-08-08T21:47:15Z,2026-09-25T19:19:57Z,justschen,User,COLLABORATOR,49,2,1,13,1,1,1,0,True,False,0,ok,
microsoft/vscode,190677,https://github.com/microsoft/vscode/pull/190677,Place sticky scroll into View > Apperance,2023-08-17T14:31:34Z,2023-08-18T10:09:50Z,2023-08-18T10:09:50Z,2023-10-02T23:22:07Z,2026-09-25T19:19:58Z,aiday-mar,User,CONTRIBUTOR,3,3,3,1,1,1,1,0,True,False,0,ok,
microsoft/vscode,190971,https://github.com/microsoft/vscode/pull/190971,"Fix var fallback in terminal",2023-08-22T10:58:03Z,2023-08-23T14:48:32Z,2023-08-23T14:48:32Z,2023-10-07T23:21:17Z,2026-09-25T19:20:00Z,Tyriar,User,CONTRIBUTOR,5,5,1,2,2,2,2,0,True,False,1,ok,
microsoft/vscode,191138,https://github.com/microsoft/vscode/pull/191138,Re #183449. Roaming kernel history.,2023-08-23T22:19:57Z,2023-08-24T20:59:26Z,2023-08-24T20:59:26Z,2023-10-08T23:22:03Z,2026-09-25T19:20:02Z,rebornix,User,CONTRIBUTOR,36,3,2,3,4,3,2,1,True,True,1,ok,
microsoft/vscode,191265,https://github.com/microsoft/vscode/pull/191265,Bump height of quick chat to 900 max,2023-08-24T22:37:49Z,2023-08-24T22:53:45Z,2023-08-24T22:53:45Z,2023-10-08T23:22:03Z,2026-09-25T19:20:03Z,TylerLeonhardt,User,MEMBER,1,1,1,1,1,1,1,0,True,False,0,ok,
microsoft/vscode,191127,https://github.com/microsoft/vscode/pull/191127,Light version is always used for `iconPath`,2023-08-23T20:49:33Z,2023-08-28T18:46:04Z,2023-08-28T18:46:04Z,2023-10-12T23:22:36Z,2026-09-25T19:20:04Z,alexr00,User,MEMBER,17,15,5,2,1,1,1,0,True,False,0,ok,
microsoft/vscode,191633,https://github.com/microsoft/vscode/pull/191633,chore: update distro,2023-08-29T14:50:17Z,2023-08-29T15:14:03Z,2023-08-29T15:14:03Z,2023-10-13T23:21:54Z,2026-09-25T19:20:06Z,deepak1556,User,COLLABORATOR,2,2,2,1,1,1,1,0,True,False,0,ok,
microsoft/vscode,191826,https://github.com/microsoft/vscode/pull/191826,Fix file tree not being transferred to panel chat,2023-08-30T17:15:55Z,2023-08-30T17:52:36Z,2023-08-30T17:52:36Z,2023-10-14T23:21:21Z,2026-09-25T19:20:07Z,joyceerhl,User,CONTRIBUTOR,1,0,1,1,1,1,1,0,True,False,0,ok,
microsoft/vscode,192215,https://github.com/microsoft/vscode/pull/192215,"Add separator to test output",2023-09-05T17:40:07Z,2023-09-05T17:54:24Z,2023-09-05T17:54:24Z,2023-10-20T23:22:07Z,2026-09-25T19:20:08Z,Tyriar,User,CONTRIBUTOR,1,1,1,1,1,1,1,0,True,False,0,ok,
microsoft/vscode,192227,https://github.com/microsoft/vscode/pull/192227,Match on description as well,2023-09-05T18:46:18Z,2023-09-05T19:00:53Z,2023-09-05T19:00:53Z,2023-10-20T23:22:07Z,2026-09-25T19:20:09Z,TylerLeonhardt,User,MEMBER,1,0,1,1,1,1,1,0,True,False,0,ok,
microsoft/vscode,192112,https://github.com/microsoft/vscode/pull/192112,debt - dispose things in my unit tests,2023-09-04T09:07:53Z,2023-09-07T07:30:19Z,2023-09-07T07:30:19Z,2023-10-22T23:21:41Z,2026-09-25T19:20:11Z,bpasero,User,CONTRIBUTOR,757,749,62,29,3,2,3,0,True,False,2,ok,
microsoft/vscode,192573,https://github.com/microsoft/vscode/pull/192573,remove unused FormattingOptions.ranges,2023-09-08T12:55:36Z,2023-09-08T13:10:28Z,2023-09-08T13:10:28Z,2023-10-23T23:22:32Z,2026-09-25T19:20:12Z,aeschli,User,CONTRIBUTOR,0,8,2,1,1,1,1,0,True,False,0,ok,
microsoft/vscode,192629,https://github.com/microsoft/vscode/pull/192629,Log a lot more of the Microsoft Auth extension,2023-09-08T21:07:46Z,2023-09-08T21:25:25Z,2023-09-08T21:25:25Z,2023-10-23T23:22:32Z,2026-09-25T19:20:13Z,TylerLeonhardt,User,MEMBER,63,51,1,1,4,2,1,0,True,False,0,ok,
microsoft/vscode,192633,https://github.com/microsoft/vscode/pull/192633,fix: use markdown for HTML setting description,2023-09-08T21:47:25Z,2023-09-11T06:18:34Z,2023-09-11T06:18:34Z,2023-10-26T23:22:07Z,2026-09-25T19:20:15Z,joyceerhl,User,CONTRIBUTOR,2,2,2,1,1,1,1,0,True,False,0,ok,
microsoft/vscode,192571,https://github.com/microsoft/vscode/pull/192571,Debug toolbar and CC,2023-09-08T12:48:03Z,2023-09-11T07:24:25Z,2023-09-11T07:24:25Z,2023-10-26T23:22:07Z,2026-09-25T19:20:17Z,jrieken,User,CONTRIBUTOR,253,139,10,9,2,2,2,0,True,False,1,ok,
microsoft/vscode,192803,https://github.com/microsoft/vscode/pull/192803,xterm@5.4.0-beta.17 - get VO to annouce terminal output and more,2023-09-11T18:15:45Z,2023-09-11T18:59:42Z,2023-09-11T18:59:42Z,2023-10-26T23:22:07Z,2026-09-25T19:20:19Z,meganrogge,User,COLLABORATOR,108,108,6,1,1,1,1,0,True,False,0,ok,
microsoft/vscode,192839,https://github.com/microsoft/vscode/pull/192839,Enable editor hint for notebook cell editor.,2023-09-12T04:49:16Z,2023-09-12T18:10:54Z,2023-09-12T18:10:54Z,2023-10-27T23:21:41Z,2026-09-25T19:20:21Z,rebornix,User,CONTRIBUTOR,106,13,5,3,2,1,2,0,True,False,1,ok,
microsoft/vscode,192911,https://github.com/microsoft/vscode/pull/192911,Fix debug console after restarting session,2023-09-12T18:49:33Z,2023-09-13T10:49:56Z,2023-09-13T10:49:56Z,2023-10-28T23:21:21Z,2026-09-25T19:20:22Z,roblourens,User,MEMBER,6,21,7,3,6,4,1,0,True,False,0,ok,
microsoft/vscode,192248,https://github.com/microsoft/vscode/pull/192248,Notebook CodeActionKind Support,2023-09-06T00:08:56Z,2023-09-18T18:07:55Z,2023-09-18T18:07:55Z,2023-11-02T23:22:24Z,2026-09-25T19:20:24Z,Yoyokrazy,User,COLLABORATOR,43,49,7,11,3,1,3,0,True,False,2,ok,
microsoft/vscode,193414,https://github.com/microsoft/vscode/pull/193414,Mark packages as private,2023-09-18T23:15:21Z,2023-09-18T23:30:01Z,2023-09-18T23:30:01Z,2023-11-03T23:22:16Z,2026-09-25T19:20:25Z,rzhao271,User,COLLABORATOR,3,0,3,1,1,1,1,0,True,False,0,ok,
microsoft/vscode,193549,https://github.com/microsoft/vscode/pull/193549,"Revert ""Add stemming support to TF-IDF implementation (#193531)""",2023-09-20T05:59:27Z,2023-09-20T07:27:46Z,2023-09-20T07:27:46Z,2023-11-04T23:21:33Z,2026-09-25T19:20:26Z,TylerLeonhardt,User,MEMBER,17,260,2,1,1,1,1,0,True,False,0,ok,
microsoft/vscode,193571,https://github.com/microsoft/vscode/pull/193571,accessibility improvements,2023-09-20T12:22:07Z,2023-09-20T12:40:51Z,2023-09-20T12:40:51Z,2023-11-04T23:21:33Z,2026-09-25T19:20:28Z,sandy081,User,MEMBER,105,42,3,1,1,1,1,0,True,False,0,ok,
microsoft/vscode,193567,https://github.com/microsoft/vscode/pull/193567,SCM - set of fixes for the SCM Sync View,2023-09-20T10:59:47Z,2023-09-20T12:57:14Z,2023-09-20T12:57:14Z,2023-11-04T23:21:33Z,2026-09-25T19:20:29Z,lszomoru,User,MEMBER,32,15,3,1,1,1,1,0,True,False,0,ok,
microsoft/vscode,193672,https://github.com/microsoft/vscode/pull/193672,fixes in the proposed resolver API,2023-09-21T12:55:00Z,2023-09-21T13:10:47Z,2023-09-21T13:10:47Z,2023-11-05T23:21:53Z,2026-09-25T19:20:30Z,aeschli,User,CONTRIBUTOR,9,4,1,1,1,1,1,0,True,False,0,ok,
microsoft/vscode,193734,https://github.com/microsoft/vscode/pull/193734,eng: fix snapshot tests in macos webkit for real?,2023-09-21T21:07:09Z,2023-09-21T21:48:21Z,2023-09-21T21:48:21Z,2023-11-05T23:21:53Z,2026-09-25T19:20:31Z,connor4312,User,MEMBER,96,43,5,1,1,1,1,0,True,False,0,ok,
microsoft/vscode,193788,https://github.com/microsoft/vscode/pull/193788,active editor has commenting range is true even when it should not be,2023-09-22T10:04:32Z,2023-09-22T10:55:32Z,2023-09-22T10:55:32Z,2023-11-06T23:22:15Z,2026-09-25T19:20:33Z,alexr00,User,MEMBER,11,3,1,1,1,1,1,0,True,False,0,ok,
microsoft/vscode,194049,https://github.com/microsoft/vscode/pull/194049,allow provider to give their own accessible view help content,2023-09-25T19:47:38Z,2023-09-26T03:40:39Z,2023-09-26T03:40:39Z,2023-11-10T23:21:57Z,2026-09-25T19:20:34Z,meganrogge,User,COLLABORATOR,8,2,3,2,1,1,1,0,True,False,0,ok,
microsoft/vscode,193817,https://github.com/microsoft/vscode/pull/193817,Implement $file variable reference,2023-09-22T15:03:38Z,2023-10-03T04:59:35Z,2023-10-03T04:59:35Z,2023-11-17T23:22:35Z,2026-09-25T19:20:36Z,roblourens,User,MEMBER,467,92,15,12,2,1,2,0,True,False,1,ok,
microsoft/vscode,194718,https://github.com/microsoft/vscode/pull/194718,Localize Task and Local consistently,2023-10-03T15:19:20Z,2023-10-03T17:28:37Z,2023-10-03T17:28:37Z,2023-11-17T23:22:35Z,2026-09-25T19:20:37Z,Tyriar,User,CONTRIBUTOR,9,8,2,1,1,1,1,0,True,False,0,ok,
microsoft/vscode,194824,https://github.com/microsoft/vscode/pull/194824,Move to Dockerfile,2023-10-04T18:17:19Z,2023-10-04T18:43:29Z,2023-10-04T18:43:29Z,2023-11-18T23:22:00Z,2026-09-25T19:20:39Z,chrmarti,User,COLLABORATOR,1,2,2,1,1,1,1,0,True,False,0,ok,
microsoft/vscode,195020,https://github.com/microsoft/vscode/pull/195020,Remove duplicate settings search results,2023-10-06T17:07:10Z,2023-10-06T17:21:49Z,2023-10-06T17:21:49Z,2023-11-20T23:22:56Z,2026-09-25T19:20:40Z,rzhao271,User,COLLABORATOR,4,1,1,1,1,1,1,0,True,False,0,ok,
microsoft/vscode,194965,https://github.com/microsoft/vscode/pull/194965,fix #191201,2023-10-06T03:25:45Z,2023-10-06T21:39:38Z,2023-10-06T21:39:38Z,2023-11-20T23:22:56Z,2026-09-25T19:20:42Z,tisilent,User,CONTRIBUTOR,1,1,1,2,5,3,2,1,True,True,0,ok,
microsoft/vscode,195145,https://github.com/microsoft/vscode/pull/195145,Revert C# grammar to last-known-good commit,2023-10-09T10:08:30Z,2023-10-10T09:55:18Z,2023-10-10T09:55:18Z,2023-11-24T23:22:07Z,2026-09-25T19:20:43Z,alexr00,User,MEMBER,1213,1376,5,1,1,1,1,0,True,False,0,ok,
microsoft/vscode,195389,https://github.com/microsoft/vscode/pull/195389,no need for cell output to update the editor height,2023-10-11T18:22:30Z,2023-10-12T03:22:45Z,2023-10-12T03:22:45Z,2023-11-26T23:22:01Z,2026-09-25T19:20:44Z,amunger,User,COLLABORATOR,0,3,1,1,1,1,1,0,True,False,0,ok,
microsoft/vscode,195365,https://github.com/microsoft/vscode/pull/195365,speech - core service and extension API,2023-10-11T13:01:33Z,2023-10-12T12:53:02Z,2023-10-12T12:53:02Z,2023-11-26T23:22:01Z,2026-09-25T19:20:45Z,bpasero,User,CONTRIBUTOR,308,1,12,8,1,1,1,0,True,False,0,ok,
microsoft/vscode,195479,https://github.com/microsoft/vscode/pull/195479,make responses of `chatRequestAccess` proposal easier to consume and digest,2023-10-12T15:01:50Z,2023-10-12T18:49:33Z,2023-10-12T18:49:33Z,2023-11-26T23:22:01Z,2026-09-25T19:20:46Z,jrieken,User,CONTRIBUTOR,206,21,4,2,1,1,1,0,True,False,0,ok,
microsoft/vscode,195664,https://github.com/microsoft/vscode/pull/195664,fix #195345,2023-10-15T21:12:33Z,2023-10-16T07:02:18Z,2023-10-16T07:02:18Z,2023-11-30T23:22:46Z,2026-09-25T19:20:48Z,sandy081,User,MEMBER,21,46,3,1,1,1,1,0,True,False,0,ok,
microsoft/vscode,195687,https://github.com/microsoft/vscode/pull/195687,fix #195680,2023-10-16T10:53:09Z,2023-10-16T11:07:17Z,2023-10-16T11:07:17Z,2023-11-30T23:22:46Z,2026-09-25T19:20:49Z,sandy081,User,MEMBER,5,0,1,1,1,1,1,0,True,False,0,ok,
microsoft/vscode,195788,https://github.com/microsoft/vscode/pull/195788,Fix forced type assertion,2023-10-17T10:51:36Z,2023-10-17T12:01:35Z,2023-10-17T12:01:35Z,2023-12-01T23:22:47Z,2026-09-25T19:20:50Z,jrieken,User,CONTRIBUTOR,3,3,3,1,1,1,1,0,True,False,0,ok,
microsoft/vscode,195737,https://github.com/microsoft/vscode/pull/195737,focus the terminal when a letter key is pressed in the accessible view,2023-10-16T22:16:06Z,2023-10-17T22:42:29Z,2023-10-17T22:42:29Z,2023-12-01T23:22:47Z,2026-09-25T19:20:52Z,meganrogge,User,COLLABORATOR,29,7,2,5,7,2,1,1,True,True,0,ok,
microsoft/vscode,195845,https://github.com/microsoft/vscode/pull/195845,fix: rerender chat pane when provider is added,2023-10-17T23:32:46Z,2023-10-17T23:48:12Z,2023-10-17T23:48:12Z,2023-12-02T23:21:53Z,2026-09-25T19:20:53Z,joyceerhl,User,CONTRIBUTOR,8,0,3,1,1,1,1,0,True,False,0,ok,
microsoft/vscode,195852,https://github.com/microsoft/vscode/pull/195852,Update input placeholder color in dark modern,2023-10-18T00:41:30Z,2023-10-18T01:11:47Z,2023-10-18T01:11:47Z,2023-12-02T23:21:53Z,2026-09-25T19:20:54Z,daviddossett,User,COLLABORATOR,1,1,1,1,1,1,1,0,True,False,0,ok,
microsoft/vscode,195919,https://github.com/microsoft/vscode/pull/195919,expand windows prompt regex so textarea is synced,2023-10-18T16:30:42Z,2023-10-19T03:17:24Z,2023-10-19T03:17:24Z,2023-12-03T23:22:38Z,2026-09-25T19:20:55Z,meganrogge,User,COLLABORATOR,1,1,1,2,4,2,1,1,True,True,0,ok,
microsoft/vscode,196311,https://github.com/microsoft/vscode/pull/196311,"Show range for chat references, via IconLabel suffix",2023-10-23T18:31:09Z,2023-10-23T18:54:02Z,2023-10-23T18:54:02Z,2023-12-07T23:22:46Z,2026-09-25T19:20:56Z,roblourens,User,MEMBER,37,6,4,1,1,1,1,0,True,False,0,ok,
microsoft/vscode,196683,https://github.com/microsoft/vscode/pull/196683,Cannot read properties of undefined (reading 'commentThreads'),2023-10-26T07:32:16Z,2023-10-26T08:22:00Z,2023-10-26T08:22:00Z,2023-12-10T23:22:14Z,2026-09-25T19:20:57Z,alexr00,User,MEMBER,4,1,1,1,1,1,1,0,True,False,0,ok,
microsoft/vscode,196767,https://github.com/microsoft/vscode/pull/196767,Remove assignment service from toggle data fetch,2023-10-26T22:30:19Z,2023-10-26T22:54:28Z,2023-10-26T22:54:28Z,2023-12-10T23:22:14Z,2026-09-25T19:20:58Z,rzhao271,User,COLLABORATOR,3,7,2,1,1,1,1,0,True,False,0,ok,
microsoft/vscode,196994,https://github.com/microsoft/vscode/pull/196994,allow chat error details to be reviewed in accessible view,2023-10-30T15:48:10Z,2023-10-30T16:02:54Z,2023-10-30T16:02:54Z,2023-12-14T23:22:56Z,2026-09-25T19:20:59Z,meganrogge,User,COLLABORATOR,3,0,1,1,1,1,1,0,True,False,0,ok,
microsoft/vscode,197117,https://github.com/microsoft/vscode/pull/197117,Quick search: No feedback when a search results in 0 results,2023-10-31T23:12:35Z,2023-10-31T23:32:43Z,2023-10-31T23:32:43Z,2023-12-16T23:22:05Z,2026-09-25T19:21:01Z,andreamah,User,CONTRIBUTOR,3,1,1,1,1,1,1,0,True,False,0,ok,
microsoft/vscode,197126,https://github.com/microsoft/vscode/pull/197126,aux window - require a target window for `requestAnimationFrame`,2023-11-01T05:06:52Z,2023-11-01T06:01:11Z,2023-11-01T06:01:11Z,2023-12-16T23:22:05Z,2026-09-25T19:21:02Z,bpasero,User,CONTRIBUTOR,119,107,34,1,1,1,1,0,True,False,0,ok,
microsoft/vscode,197182,https://github.com/microsoft/vscode/pull/197182,Support hover in aux windows properly,2023-11-01T21:37:00Z,2023-11-01T22:47:05Z,2023-11-01T22:47:05Z,2023-12-16T23:22:05Z,2026-09-25T19:21:03Z,Tyriar,User,CONTRIBUTOR,28,14,3,1,1,1,1,0,True,False,0,ok,
microsoft/vscode,197275,https://github.com/microsoft/vscode/pull/197275,fix #197169,2023-11-02T20:58:40Z,2023-11-02T21:12:55Z,2023-11-02T21:12:55Z,2023-12-17T23:22:21Z,2026-09-25T19:21:04Z,sandy081,User,MEMBER,17,12,3,1,1,1,1,0,True,False,0,ok,
microsoft/vscode,197641,https://github.com/microsoft/vscode/pull/197641,Fixes autorun logging bug.,2023-11-07T14:14:32Z,2023-11-07T14:41:14Z,2023-11-07T14:41:14Z,2023-12-22T23:22:54Z,2026-09-25T19:21:05Z,hediet,User,MEMBER,5,2,1,1,1,1,1,0,True,False,0,ok,
microsoft/vscode,197867,https://github.com/microsoft/vscode/pull/197867,improve chat audio cue management,2023-11-09T22:10:14Z,2023-11-09T22:26:31Z,2023-11-09T22:26:31Z,2023-12-24T23:22:33Z,2026-09-25T19:21:06Z,meganrogge,User,COLLABORATOR,27,15,1,2,1,1,1,0,True,False,0,ok,
microsoft/vscode,198142,https://github.com/microsoft/vscode/pull/198142,chore: update electron@25.9.4,2023-11-13T17:34:37Z,2023-11-13T19:44:43Z,2023-11-13T19:44:43Z,2023-12-28T23:23:01Z,2026-09-25T19:21:08Z,deepak1556,User,COLLABORATOR,86,86,6,2,1,1,1,0,True,False,0,ok,
microsoft/vscode,198208,https://github.com/microsoft/vscode/pull/198208,Git - better error handling for git merge-base,2023-11-14T12:38:37Z,2023-11-14T13:51:17Z,2023-11-14T13:51:17Z,2023-12-29T23:22:21Z,2026-09-25T19:21:09Z,lszomoru,User,MEMBER,13,8,5,1,1,1,1,0,True,False,0,ok,
microsoft/vscode,198213,https://github.com/microsoft/vscode/pull/198213,Add Start Inline Chat button to editor title menu,2023-11-14T13:53:25Z,2023-11-14T14:40:02Z,2023-11-14T14:40:02Z,2023-12-29T23:22:21Z,2026-09-25T19:21:10Z,aiday-mar,User,CONTRIBUTOR,10,1,1,4,1,1,1,0,True,False,0,ok,
microsoft/vscode,198239,https://github.com/microsoft/vscode/pull/198239,aux window - merge groups back to main on window close,2023-11-14T19:34:31Z,2023-11-14T19:52:45Z,2023-11-14T19:52:45Z,2023-12-29T23:22:21Z,2026-09-25T19:21:11Z,bpasero,User,CONTRIBUTOR,36,24,5,1,1,1,1,0,True,False,0,ok,
microsoft/vscode,198253,https://github.com/microsoft/vscode/pull/198253,Engineering - update distro,2023-11-14T21:21:47Z,2023-11-14T21:45:33Z,2023-11-14T21:45:33Z,2023-12-29T23:22:21Z,2026-09-25T19:21:12Z,lszomoru,User,MEMBER,1,1,1,1,1,1,1,0,True,False,0,ok,
microsoft/vscode,198447,https://github.com/microsoft/vscode/pull/198447,"Don't clear chat input on ""new session""",2023-11-16T16:01:30Z,2023-11-16T16:18:31Z,2023-11-16T16:18:31Z,2023-12-31T23:22:39Z,2026-09-25T19:21:14Z,roblourens,User,MEMBER,8,7,3,1,1,1,1,0,True,False,0,ok,
microsoft/vscode,198419,https://github.com/microsoft/vscode/pull/198419,Add `typescript.implementationsCodeLens.showOnInterfaceMethods` setting (#136282),2023-11-16T12:10:47Z,2023-11-16T22:46:41Z,2023-11-16T22:46:41Z,2023-12-31T23:22:39Z,2026-09-25T19:21:15Z,gjsjohnmurray,User,CONTRIBUTOR,40,5,5,3,6,3,2,1,True,True,0,ok,
microsoft/vscode,198685,https://github.com/microsoft/vscode/pull/198685,Fix #179566,2023-11-20T15:18:45Z,2023-11-21T16:36:32Z,2023-11-21T16:36:32Z,2024-01-05T23:22:46Z,2026-09-25T19:21:16Z,benibenj,User,CONTRIBUTOR,3,3,2,1,1,1,1,0,True,False,0,ok,
microsoft/vscode,198723,https://github.com/microsoft/vscode/pull/198723,Update distro SHA,2023-11-21T02:03:27Z,2023-11-21T17:33:17Z,2023-11-21T17:33:17Z,2024-01-05T23:22:46Z,2026-09-25T19:21:18Z,paulacamargo25,User,CONTRIBUTOR,1,1,1,1,1,1,1,0,True,False,0,ok,
microsoft/vscode,198828,https://github.com/microsoft/vscode/pull/198828,Support multiple chat codeblock annotations,2023-11-22T03:29:43Z,2023-11-22T04:58:07Z,2023-11-22T04:58:07Z,2024-01-06T23:22:39Z,2026-09-25T19:21:19Z,roblourens,User,MEMBER,34,21,9,1,1,1,1,0,True,False,0,ok,
microsoft/vscode,198923,https://github.com/microsoft/vscode/pull/198923,SCM - input box value provider rendering,2023-11-23T10:33:31Z,2023-11-23T15:39:53Z,2023-11-23T15:39:53Z,2024-01-07T23:22:52Z,2026-09-25T19:21:21Z,lszomoru,User,MEMBER,245,32,16,19,3,1,2,1,True,True,1,ok,
microsoft/vscode,199292,https://github.com/microsoft/vscode/pull/199292,SCM - fix scm input box action button rendering,2023-11-28T10:12:41Z,2023-11-28T10:34:41Z,2023-11-28T10:34:41Z,2024-01-12T23:22:21Z,2026-09-25T19:21:22Z,lszomoru,User,MEMBER,17,7,1,1,1,1,1,0,True,False,0,ok,
microsoft/vscode,199475,https://github.com/microsoft/vscode/pull/199475,Git - Commit action button fix,2023-11-29T00:53:34Z,2023-11-29T01:16:59Z,2023-11-29T01:16:59Z,2024-01-13T23:23:07Z,2026-09-25T19:21:24Z,lszomoru,User,MEMBER,15,0,1,1,1,1,1,0,True,False,0,ok,
microsoft/vscode,199638,https://github.com/microsoft/vscode/pull/199638,Ben/slim-capybara,2023-11-30T08:01:08Z,2023-11-30T08:18:50Z,2023-11-30T08:18:50Z,2024-01-14T23:23:08Z,2026-09-25T19:21:25Z,bpasero,User,CONTRIBUTOR,65,28,4,4,1,1,1,0,True,False,0,ok,
microsoft/vscode,199930,https://github.com/microsoft/vscode/pull/199930,update feature-labels list,2023-12-04T08:41:45Z,2023-12-04T08:55:45Z,2023-12-04T08:55:45Z,2024-01-18T23:23:19Z,2026-09-25T19:21:26Z,jrieken,User,CONTRIBUTOR,14,14,1,1,1,1,1,0,True,False,0,ok,
microsoft/vscode,199962,https://github.com/microsoft/vscode/pull/199962,warn/report invalid code lenses but don't surface them in the UI,2023-12-04T15:30:38Z,2023-12-04T15:45:25Z,2023-12-04T15:45:25Z,2024-01-18T23:23:19Z,2026-09-25T19:21:27Z,jrieken,User,CONTRIBUTOR,16,8,2,1,1,1,1,0,True,False,0,ok,
microsoft/vscode,200008,https://github.com/microsoft/vscode/pull/200008,ci: lock container images,2023-12-05T08:08:28Z,2023-12-05T09:10:24Z,2023-12-05T09:10:24Z,2024-01-19T23:22:10Z,2026-09-25T19:21:41Z,deepak1556,User,COLLABORATOR,18,3,2,1,1,1,1,0,True,False,0,ok,
microsoft/vscode,197729,https://github.com/microsoft/vscode/pull/197729,Update java workspace tags,2023-11-08T13:15:27Z,2023-12-06T15:32:28Z,2023-12-06T15:32:28Z,2024-02-01T14:39:17Z,2026-09-25T19:21:42Z,Flanker32,User,MEMBER,73,28,2,4,2,2,2,0,True,False,0,ok,
microsoft/vscode,200167,https://github.com/microsoft/vscode/pull/200167,fix screen reader mode arrow key navigation of activity bar,2023-12-06T17:45:09Z,2023-12-06T17:59:35Z,2023-12-06T17:59:35Z,2024-02-01T14:40:04Z,2026-09-25T19:21:44Z,meganrogge,User,COLLABORATOR,3,3,1,1,2,2,2,0,True,False,0,ok,
microsoft/vscode,200181,https://github.com/microsoft/vscode/pull/200181,Use `satisfies` in a few more places,2023-12-06T19:47:38Z,2023-12-06T20:27:48Z,2023-12-06T20:27:48Z,2024-01-20T23:23:17Z,2026-09-25T19:21:45Z,mjbvz,User,CONTRIBUTOR,4,4,3,1,1,1,1,0,True,False,0,ok,
microsoft/vscode,200260,https://github.com/microsoft/vscode/pull/200260,Don't copy on selection when terminal find is focused,2023-12-07T17:51:57Z,2023-12-07T18:52:13Z,2023-12-07T18:52:13Z,2024-02-01T14:40:10Z,2026-09-25T19:21:46Z,Tyriar,User,CONTRIBUTOR,25,0,3,1,1,1,1,0,True,False,0,ok,
microsoft/vscode,200521,https://github.com/microsoft/vscode/pull/200521,api - warn when using `isCloseAffordance` multiple times (fix #200504),2023-12-11T06:53:18Z,2023-12-11T07:17:18Z,2023-12-11T07:17:18Z,2024-01-25T23:22:46Z,2026-09-25T19:21:47Z,bpasero,User,CONTRIBUTOR,9,1,1,1,1,1,1,0,True,False,0,ok,
microsoft/vscode,200382,https://github.com/microsoft/vscode/pull/200382,fix: memory leak in diff editor,2023-12-08T16:43:21Z,2023-12-11T13:04:15Z,2023-12-11T13:04:15Z,2026-01-15T16:02:38Z,2026-09-25T19:21:48Z,SimonSiefke,User,CONTRIBUTOR,18,13,1,1,2,2,2,0,True,False,0,ok,
microsoft/vscode,200684,https://github.com/microsoft/vscode/pull/200684,remove console log message,2023-12-12T20:59:35Z,2023-12-12T21:13:54Z,2023-12-12T21:13:54Z,2024-01-26T23:22:30Z,2026-09-25T19:21:49Z,amunger,User,COLLABORATOR,0,1,1,1,1,1,1,0,True,False,0,ok,
microsoft/vscode,200890,https://github.com/microsoft/vscode/pull/200890,SCM - 💄 refactor input toolbar so it's only created once,2023-12-14T20:49:47Z,2023-12-14T21:04:31Z,2023-12-14T21:04:31Z,2024-02-01T14:40:46Z,2026-09-25T19:21:50Z,lszomoru,User,MEMBER,50,54,1,1,1,1,1,0,True,False,0,ok,
microsoft/vscode,200933,https://github.com/microsoft/vscode/pull/200933,fix https://github.com/microsoft/vscode-copilot/issues/3240,2023-12-15T09:19:51Z,2023-12-15T09:35:01Z,2023-12-15T09:35:01Z,2024-02-01T14:40:52Z,2026-09-25T19:21:51Z,jrieken,User,CONTRIBUTOR,0,1,1,1,1,1,1,0,True,False,0,ok,
microsoft/vscode,190035,https://github.com/microsoft/vscode/pull/190035,fix: select theme according to current color theme in dev mode,2023-08-09T11:45:14Z,2023-12-18T15:13:46Z,2023-12-18T15:13:47Z,2024-06-11T01:47:03Z,2026-09-25T19:21:53Z,harbin1053020115,User,CONTRIBUTOR,2,1,1,5,2,2,2,0,True,False,0,ok,
microsoft/vscode,201128,https://github.com/microsoft/vscode/pull/201128,Fix single terminal tab rename action does not work,2023-12-18T14:50:06Z,2023-12-18T18:20:44Z,2023-12-18T18:20:44Z,2024-06-11T02:33:13Z,2026-09-25T19:21:54Z,jeanp413,User,CONTRIBUTOR,6,0,1,1,2,2,2,0,True,False,0,ok,
microsoft/vscode,201168,https://github.com/microsoft/vscode/pull/201168,fix: chat tree data should be explicit about node type,2023-12-18T22:49:54Z,2023-12-18T23:03:56Z,2023-12-18T23:03:56Z,2024-06-11T02:33:13Z,2026-09-25T19:21:55Z,joyceerhl,User,CONTRIBUTOR,9,3,3,1,1,1,1,0,True,False,0,ok,
microsoft/vscode,201567,https://github.com/microsoft/vscode/pull/201567,VSCode always restores the panel size if toggling primary side bar. (fix #195119),2023-12-27T19:31:35Z,2023-12-29T07:39:35Z,2023-12-29T07:39:35Z,2024-06-11T00:37:38Z,2026-09-25T19:21:56Z,bpasero,User,CONTRIBUTOR,11,16,1,1,1,1,1,0,True,False,0,ok,
microsoft/vscode,201810,https://github.com/microsoft/vscode/pull/201810,"Revert ""add `alert` so braille users can detect events """,2024-01-04T17:13:00Z,2024-01-04T17:27:14Z,2024-01-04T17:27:14Z,2024-06-11T00:37:07Z,2026-09-25T19:21:58Z,meganrogge,User,COLLABORATOR,60,208,14,1,1,1,1,0,True,False,0,ok,
microsoft/vscode,201970,https://github.com/microsoft/vscode/pull/201970,Git - add open stash command,2024-01-08T08:34:53Z,2024-01-08T08:49:07Z,2024-01-08T08:49:07Z,2024-06-10T22:36:14Z,2026-09-25T19:21:59Z,lszomoru,User,MEMBER,96,11,5,4,2,2,2,0,True,False,0,ok,
microsoft/vscode,183197,https://github.com/microsoft/vscode/pull/183197,fix registerProfileContentHandler typos,2023-05-23T09:48:05Z,2024-01-08T10:06:09Z,2024-01-08T10:06:09Z,2024-06-11T02:33:24Z,2026-09-25T19:22:00Z,zWingz,User,CONTRIBUTOR,2,2,2,2,5,5,5,0,True,False,0,ok,
microsoft/vscode,202180,https://github.com/microsoft/vscode/pull/202180,ENOSPC though no workspace (fix #201923),2024-01-10T18:01:44Z,2024-01-10T18:46:33Z,2024-01-10T18:46:33Z,2024-06-11T00:36:36Z,2026-09-25T19:22:01Z,bpasero,User,CONTRIBUTOR,1,1,1,1,1,1,1,0,True,False,0,ok,
microsoft/vscode,202194,https://github.com/microsoft/vscode/pull/202194,editor: include lane in GUTTER_GLYPH_MARGIN hover events,2024-01-10T20:30:59Z,2024-01-10T23:39:39Z,2024-01-10T23:39:39Z,2024-06-11T00:36:36Z,2026-09-25T19:22:03Z,connor4312,User,MEMBER,102,47,13,2,1,1,1,0,True,False,0,ok,
microsoft/vscode,202361,https://github.com/microsoft/vscode/pull/202361,Fix `list.focusPageUp` movement with `workbench.tree.enableStickyScroll`,2024-01-12T17:41:23Z,2024-01-12T18:07:27Z,2024-01-12T18:07:27Z,2024-06-10T22:34:41Z,2026-09-25T19:22:04Z,benibenj,User,CONTRIBUTOR,7,6,2,1,1,1,1,0,True,False,0,ok,
microsoft/vscode,202492,https://github.com/microsoft/vscode/pull/202492,Changes the default of multiDiffEditor.experimental.enabled to true,2024-01-15T10:33:40Z,2024-01-15T10:47:44Z,2024-01-15T10:47:44Z,2024-06-10T22:34:10Z,2026-09-25T19:22:05Z,hediet,User,MEMBER,1,1,1,1,1,1,1,0,True,False,0,ok,
microsoft/vscode,202624,https://github.com/microsoft/vscode/pull/202624,Search result tree drawing glitches,2024-01-16T23:39:49Z,2024-01-17T16:17:17Z,2024-01-17T16:17:17Z,2024-06-10T22:33:39Z,2026-09-25T19:22:06Z,andreamah,User,CONTRIBUTOR,3,2,1,1,1,1,1,0,True,False,0,ok,
microsoft/vscode,202757,https://github.com/microsoft/vscode/pull/202757,terminal `speech -> voice`,2024-01-18T18:37:11Z,2024-01-18T18:52:11Z,2024-01-18T18:52:11Z,2024-06-10T22:33:08Z,2026-09-25T19:22:07Z,meganrogge,User,COLLABORATOR,24,24,5,1,1,1,1,0,True,False,0,ok,
microsoft/vscode,203005,https://github.com/microsoft/vscode/pull/203005,Adding license changes through code-oss tool,2024-01-22T13:13:06Z,2024-01-22T13:36:22Z,2024-01-22T13:36:22Z,2024-06-10T22:32:07Z,2026-09-25T19:22:08Z,aiday-mar,User,CONTRIBUTOR,187,258,4,1,1,1,1,0,True,False,0,ok,
microsoft/vscode,203011,https://github.com/microsoft/vscode/pull/203011,fix https://github.com/microsoft/vscode/issues/203008,2024-01-22T13:57:35Z,2024-01-22T15:25:02Z,2024-01-22T15:25:02Z,2024-06-10T22:32:07Z,2026-09-25T19:22:09Z,jrieken,User,CONTRIBUTOR,2,1,1,2,1,1,1,0,True,False,0,ok,
microsoft/vscode,203010,https://github.com/microsoft/vscode/pull/203010,Fixes multi file diff editor bug that deleted files would be shown as added files.,2024-01-22T13:55:08Z,2024-01-22T15:35:32Z,2024-01-22T15:35:32Z,2024-06-10T22:32:06Z,2026-09-25T19:22:10Z,hediet,User,MEMBER,37,22,1,2,1,1,1,0,True,False,0,ok,
microsoft/vscode,203170,https://github.com/microsoft/vscode/pull/203170,Refactor Enum Value Descriptions,2024-01-23T15:29:36Z,2024-01-23T15:45:09Z,2024-01-23T15:45:09Z,2024-06-10T22:31:36Z,2026-09-25T19:22:12Z,benibenj,User,CONTRIBUTOR,2,2,1,1,1,1,1,0,True,False,0,ok,
microsoft/vscode,203424,https://github.com/microsoft/vscode/pull/203424,Readonly hover stays on top of dialog,2024-01-25T09:34:05Z,2024-01-25T10:41:43Z,2024-01-25T10:41:43Z,2024-06-10T21:33:27Z,2026-09-25T19:22:13Z,alexr00,User,MEMBER,4,1,1,1,1,1,1,0,True,False,0,ok,
microsoft/vscode,203513,https://github.com/microsoft/vscode/pull/203513,fix: double account for DPR in mouse wheel classifier,2024-01-26T09:38:30Z,2024-01-26T13:24:03Z,2024-01-26T13:24:03Z,2024-06-10T23:26:30Z,2026-09-25T19:22:14Z,deepak1556,User,COLLABORATOR,6,6,1,1,1,1,1,0,True,False,0,ok,
microsoft/vscode,203738,https://github.com/microsoft/vscode/pull/203738,Remove duplicate styles,2024-01-29T20:18:57Z,2024-01-29T20:33:55Z,2024-01-29T20:33:55Z,2024-06-11T00:35:54Z,2026-09-25T19:22:15Z,Tyriar,User,CONTRIBUTOR,0,58,1,1,1,1,1,0,True,False,0,ok,
microsoft/vscode,203785,https://github.com/microsoft/vscode/pull/203785,Fix extension installation from location - check for valid manifest,2024-01-30T11:31:36Z,2024-01-30T11:50:48Z,2024-01-30T11:50:48Z,2024-06-10T21:31:54Z,2026-09-25T19:22:16Z,sandy081,User,MEMBER,28,20,3,1,1,1,1,0,True,False,0,ok,
microsoft/vscode,203853,https://github.com/microsoft/vscode/pull/203853,Fix broken highlights when clicking a previously selected symbol,2024-01-31T00:57:14Z,2024-01-31T01:12:30Z,2024-01-31T01:12:30Z,2024-06-10T22:30:03Z,2026-09-25T19:22:17Z,Yoyokrazy,User,COLLABORATOR,20,18,1,1,1,1,1,0,True,False,0,ok,
microsoft/vscode,203984,https://github.com/microsoft/vscode/pull/203984,Update to @vscode/proxy-agent 0.19.0,2024-02-01T15:38:07Z,2024-02-01T16:01:15Z,2024-02-01T16:01:15Z,2024-06-10T23:25:59Z,2026-09-25T19:22:18Z,chrmarti,User,COLLABORATOR,10,10,4,1,1,1,1,0,True,False,0,ok,
microsoft/vscode,204119,https://github.com/microsoft/vscode/pull/204119,Uses status bar to indicate hot reloading,2024-02-02T11:27:32Z,2024-02-02T11:47:00Z,2024-02-02T11:47:00Z,2024-06-10T22:29:32Z,2026-09-25T19:22:19Z,hediet,User,MEMBER,266,35,3,1,1,1,1,0,True,False,0,ok,
microsoft/vscode,204494,https://github.com/microsoft/vscode/pull/204494,Consider to remove `RegisterSearchViewContribution` (fix #204347),2024-02-06T14:13:05Z,2024-02-06T14:32:08Z,2024-02-06T14:32:08Z,2024-06-10T21:29:19Z,2026-09-25T19:22:21Z,bpasero,User,CONTRIBUTOR,1,23,1,1,1,1,1,0,True,False,0,ok,
microsoft/vscode,204819,https://github.com/microsoft/vscode/pull/204819,"api - rename makeRequest to makeChatRequest, updated todos, jsodc",2024-02-09T11:50:53Z,2024-02-09T12:05:22Z,2024-02-09T12:05:22Z,2024-06-10T20:33:26Z,2026-09-25T19:22:22Z,jrieken,User,CONTRIBUTOR,20,7,3,1,1,1,1,0,True,False,0,ok,
microsoft/vscode,204842,https://github.com/microsoft/vscode/pull/204842,Async queue timeout (fix #204772),2024-02-09T16:51:45Z,2024-02-09T17:06:07Z,2024-02-09T17:06:07Z,2024-06-10T20:33:25Z,2026-09-25T19:22:23Z,bpasero,User,CONTRIBUTOR,22,20,1,1,1,1,1,0,True,False,0,ok,
microsoft/vscode,204967,https://github.com/microsoft/vscode/pull/204967,code :lipstick:,2024-02-12T08:48:41Z,2024-02-12T09:55:48Z,2024-02-12T09:55:48Z,2024-06-10T20:32:54Z,2026-09-25T19:22:24Z,bpasero,User,CONTRIBUTOR,22,22,8,1,1,1,1,0,True,False,0,ok,
microsoft/vscode,205045,https://github.com/microsoft/vscode/pull/205045,Error in search input for spawn ripgrep ENOENT,2024-02-12T22:26:45Z,2024-02-13T00:18:05Z,2024-02-13T00:18:05Z,2024-06-10T23:25:48Z,2026-09-25T19:22:25Z,andreamah,User,CONTRIBUTOR,11,0,1,2,3,3,1,0,True,False,0,ok,
microsoft/vscode,205379,https://github.com/microsoft/vscode/pull/205379,Small code cleanup,2024-02-16T15:55:19Z,2024-02-16T16:31:45Z,2024-02-16T16:31:45Z,2024-06-10T20:31:21Z,2026-09-25T19:22:27Z,hediet,User,MEMBER,48,38,1,3,2,2,2,0,True,False,1,ok,
microsoft/vscode,205582,https://github.com/microsoft/vscode/pull/205582,fix quote type in issue reporter,2024-02-19T20:05:57Z,2024-02-19T20:23:05Z,2024-02-19T20:23:05Z,2024-06-10T20:30:19Z,2026-09-25T19:22:29Z,justschen,User,COLLABORATOR,5,5,2,1,1,1,1,0,True,False,0,ok,
microsoft/vscode,205846,https://github.com/microsoft/vscode/pull/205846,Aggressive caching with Open Current File as Release Notes,2024-02-21T10:27:54Z,2024-02-21T10:45:40Z,2024-02-21T10:45:40Z,2024-06-10T23:25:36Z,2026-09-25T19:22:30Z,alexr00,User,MEMBER,15,7,2,1,1,1,1,0,True,False,0,ok,
microsoft/vscode,205891,https://github.com/microsoft/vscode/pull/205891,Update active recording color and animation,2024-02-21T16:57:26Z,2024-02-21T17:12:58Z,2024-02-21T17:12:58Z,2024-02-21T17:12:59Z,2026-09-25T19:22:31Z,hbons,User,CONTRIBUTOR,8,30,1,1,1,1,1,0,True,False,0,ok,
microsoft/vscode,205902,https://github.com/microsoft/vscode/pull/205902,findfiles2 doc clarity improvements,2024-02-21T18:41:11Z,2024-02-21T20:08:34Z,2024-02-21T20:08:34Z,2024-06-10T19:32:50Z,2026-09-25T19:22:33Z,andreamah,User,CONTRIBUTOR,4,3,1,1,1,1,1,0,True,False,0,ok,
microsoft/vscode,205911,https://github.com/microsoft/vscode/pull/205911,"fix accessibility signal validation warning, add go to settings file action when button is triggered",2024-02-21T20:20:19Z,2024-02-21T20:35:15Z,2024-02-21T20:35:15Z,2024-06-10T19:32:50Z,2026-09-25T19:22:34Z,meganrogge,User,COLLABORATOR,20,8,2,1,1,1,1,0,True,False,0,ok,
microsoft/vscode,206010,https://github.com/microsoft/vscode/pull/206010,"remove alert, audio cue settings after migration",2024-02-22T18:36:43Z,2024-02-22T18:58:53Z,2024-02-22T18:58:53Z,2024-06-10T19:32:19Z,2026-09-25T19:22:35Z,meganrogge,User,COLLABORATOR,4,1,1,1,3,2,1,0,True,False,0,ok,
microsoft/vscode,205502,https://github.com/microsoft/vscode/pull/205502,Fix the unexpected position of hover widgets,2024-02-19T01:29:36Z,2024-02-23T22:20:54Z,2024-02-23T22:20:54Z,2024-06-10T20:30:50Z,2026-09-25T19:22:37Z,NriotHrreion,User,CONTRIBUTOR,1,4,1,9,3,2,3,0,True,False,1,ok,
microsoft/vscode,206064,https://github.com/microsoft/vscode/pull/206064,voice - tweak mic animation further,2024-02-23T11:06:44Z,2024-02-26T12:08:32Z,2024-02-26T12:08:32Z,2024-06-10T19:32:19Z,2026-09-25T19:22:38Z,bpasero,User,CONTRIBUTOR,12,1,1,1,1,1,1,0,True,False,0,ok,
microsoft/vscode,206026,https://github.com/microsoft/vscode/pull/206026,"for diff editors, resolve the modified editor to allow run tests in c…",2024-02-22T22:44:44Z,2024-02-26T16:09:44Z,2024-02-26T16:09:44Z,2024-06-10T19:32:19Z,2026-09-25T19:22:39Z,mahmoudsalah1993,User,CONTRIBUTOR,24,12,1,9,4,3,2,0,True,False,0,ok,
microsoft/vscode,206282,https://github.com/microsoft/vscode/pull/206282,Open detected links: Reveal source in terminal and timeout to use all links,2024-02-26T19:32:49Z,2024-02-26T19:52:12Z,2024-02-26T19:52:12Z,2024-06-10T19:31:17Z,2026-09-25T19:22:41Z,Tyriar,User,CONTRIBUTOR,176,49,5,4,1,1,1,0,True,False,0,ok,
microsoft/vscode,206834,https://github.com/microsoft/vscode/pull/206834,`code --install-extension` not working with roaming profiles (fix #205924),2024-03-04T20:14:45Z,2024-03-04T20:59:52Z,2024-03-04T20:59:52Z,2024-06-10T19:29:08Z,2026-09-25T19:22:42Z,bpasero,User,CONTRIBUTOR,28,4,2,1,1,1,1,0,True,False,0,ok,
microsoft/vscode,206909,https://github.com/microsoft/vscode/pull/206909,Fix open walkthrough command for selecting a specific step,2024-03-05T19:05:33Z,2024-03-05T19:41:24Z,2024-03-05T19:41:24Z,2024-06-10T22:27:48Z,2026-09-25T19:22:43Z,bhavyaus,User,COLLABORATOR,2,2,2,1,1,1,1,0,True,False,0,ok,
microsoft/vscode,206960,https://github.com/microsoft/vscode/pull/206960,fix downloading state in darwin,2024-03-06T12:16:38Z,2024-03-06T13:28:47Z,2024-03-06T13:28:47Z,2024-06-10T19:28:37Z,2026-09-25T19:22:44Z,sandy081,User,MEMBER,17,15,4,2,2,2,2,0,True,False,0,ok,
microsoft/vscode,207326,https://github.com/microsoft/vscode/pull/207326,Applies line height refactoring again and fixes rendering glitch.,2024-03-11T11:50:00Z,2024-03-11T13:49:49Z,2024-03-11T13:49:49Z,2024-06-10T19:27:35Z,2026-09-25T19:22:46Z,hediet,User,MEMBER,76,82,17,2,2,2,2,0,True,False,0,ok,
microsoft/vscode,207197,https://github.com/microsoft/vscode/pull/207197,Implement proposed TerminalState.isShellIntegrationActivated,2024-03-08T20:45:45Z,2024-03-12T15:10:11Z,2024-03-12T15:10:11Z,2024-06-10T22:27:36Z,2026-09-25T19:22:47Z,Tyriar,User,CONTRIBUTOR,56,5,6,5,2,2,1,0,True,False,0,ok,
microsoft/vscode,207473,https://github.com/microsoft/vscode/pull/207473,Leaking event listeners (fix #207425),2024-03-12T15:15:31Z,2024-03-12T15:30:58Z,2024-03-12T15:30:58Z,2024-06-10T18:36:14Z,2026-09-25T19:22:48Z,bpasero,User,CONTRIBUTOR,2,2,1,1,1,1,1,0,True,False,0,ok,
microsoft/vscode,207747,https://github.com/microsoft/vscode/pull/207747,Introduce text multi diff,2024-03-14T18:23:09Z,2024-03-14T18:37:34Z,2024-03-14T18:37:34Z,2024-06-10T18:35:12Z,2026-09-25T19:22:49Z,lramos15,User,MEMBER,60,5,7,1,1,1,1,0,True,False,0,ok,
microsoft/vscode,207888,https://github.com/microsoft/vscode/pull/207888,"Simplify terminal chat layout, fix width of content",2024-03-15T21:26:36Z,2024-03-15T22:02:02Z,2024-03-15T22:02:02Z,2024-06-10T18:34:41Z,2026-09-25T19:22:50Z,Tyriar,User,CONTRIBUTOR,48,44,3,4,2,2,1,0,True,False,0,ok,
microsoft/vscode,208151,https://github.com/microsoft/vscode/pull/208151,Add ability to include links in walkthrough description,2024-03-20T00:03:47Z,2024-03-20T00:28:08Z,2024-03-20T00:28:08Z,2024-06-10T18:33:39Z,2026-09-25T19:22:52Z,bhavyaus,User,COLLABORATOR,8,5,2,2,1,1,1,0,True,False,0,ok,
microsoft/vscode,208197,https://github.com/microsoft/vscode/pull/208197,Editing end of comment causes text to scroll offscreen,2024-03-20T13:21:03Z,2024-03-20T13:36:48Z,2024-03-20T13:36:48Z,2024-06-10T21:25:31Z,2026-09-25T19:22:53Z,alexr00,User,MEMBER,1,1,1,1,1,1,1,0,True,False,0,ok,
microsoft/vscode,208349,https://github.com/microsoft/vscode/pull/208349,ChatRequestHandler should allow returning void,2024-03-21T23:42:40Z,2024-03-21T23:57:34Z,2024-03-21T23:57:34Z,2024-06-10T19:25:31Z,2026-09-25T19:22:54Z,roblourens,User,MEMBER,3,4,4,1,1,1,1,0,True,False,0,ok,
microsoft/vscode,208387,https://github.com/microsoft/vscode/pull/208387,More inline chat fixes and polish,2024-03-22T09:49:31Z,2024-03-22T10:04:21Z,2024-03-22T10:04:21Z,2024-06-10T18:32:37Z,2026-09-25T19:22:55Z,jrieken,User,CONTRIBUTOR,41,65,6,4,2,2,2,0,True,False,0,ok,
microsoft/vscode,208454,https://github.com/microsoft/vscode/pull/208454,Add default keybindings for notebook cell chat when it is enabled.,2024-03-22T19:35:27Z,2024-03-22T19:50:30Z,2024-03-22T19:50:30Z,2024-06-10T21:25:20Z,2026-09-25T19:22:56Z,rebornix,User,CONTRIBUTOR,13,1,1,1,1,1,1,0,True,False,0,ok,
microsoft/vscode,208857,https://github.com/microsoft/vscode/pull/208857,Fix Welcome page layout,2024-03-27T01:26:29Z,2024-03-27T02:59:32Z,2024-03-27T02:59:32Z,2024-06-10T20:26:00Z,2026-09-25T19:22:57Z,bhavyaus,User,COLLABORATOR,5,1,1,1,1,1,1,0,True,False,0,ok,
microsoft/vscode,208883,https://github.com/microsoft/vscode/pull/208883,add content height change event for chat widget so that inline chat can relayout accordingly,2024-03-27T09:52:53Z,2024-03-27T10:10:19Z,2024-03-27T10:10:19Z,2024-06-10T19:24:29Z,2026-09-25T19:22:59Z,jrieken,User,CONTRIBUTOR,15,3,2,1,1,1,1,0,True,False,0,ok,
microsoft/vscode,209013,https://github.com/microsoft/vscode/pull/209013,Description for sync scrolling,2024-03-28T13:11:25Z,2024-03-28T13:26:15Z,2024-03-28T13:26:15Z,2024-06-10T20:25:49Z,2026-09-25T19:23:00Z,benibenj,User,CONTRIBUTOR,4,1,1,1,1,1,1,0,True,False,0,ok,
microsoft/vscode,209365,https://github.com/microsoft/vscode/pull/209365,Fix search text input issues,2024-04-02T17:20:03Z,2024-04-02T23:44:40Z,2024-04-02T23:44:40Z,2024-06-10T18:29:00Z,2026-09-25T19:23:01Z,andreamah,User,CONTRIBUTOR,40,21,4,1,1,1,1,0,True,False,0,ok,
microsoft/vscode,209553,https://github.com/microsoft/vscode/pull/209553,fix #207813,2024-04-04T16:01:24Z,2024-04-04T16:19:58Z,2024-04-04T16:19:58Z,2024-06-10T19:24:06Z,2026-09-25T19:23:02Z,sandy081,User,MEMBER,93,46,4,1,1,1,1,0,True,False,0,ok,
microsoft/vscode,209516,https://github.com/microsoft/vscode/pull/209516,Bump @typescript-eslint versions,2024-04-04T06:16:52Z,2024-04-04T17:36:59Z,2024-04-04T17:36:59Z,2024-06-10T19:24:06Z,2026-09-25T19:23:04Z,mjbvz,User,CONTRIBUTOR,126,45,5,2,2,2,2,0,True,False,1,ok,
microsoft/vscode,209958,https://github.com/microsoft/vscode/pull/209958,Rename shellIntegration API readData -> read,2024-04-09T15:25:46Z,2024-04-09T15:45:55Z,2024-04-09T15:45:55Z,2024-06-09T23:25:15Z,2026-09-25T19:23:05Z,Tyriar,User,CONTRIBUTOR,3,5,2,3,1,1,1,0,True,False,0,ok,
microsoft/vscode,210002,https://github.com/microsoft/vscode/pull/210002,Clean up InteractiveSessionProvider stub,2024-04-10T01:50:21Z,2024-04-10T02:24:31Z,2024-04-10T02:24:31Z,2024-06-08T23:26:30Z,2026-09-25T19:23:06Z,roblourens,User,MEMBER,1,25,2,1,1,1,1,0,True,False,0,ok,
microsoft/vscode,210279,https://github.com/microsoft/vscode/pull/210279,cli: ensure vscode server outlives CLI on windows,2024-04-12T23:34:18Z,2024-04-12T23:50:34Z,2024-04-12T23:50:34Z,2024-06-06T23:26:51Z,2026-09-25T19:23:07Z,connor4312,User,MEMBER,3,1,1,1,2,2,2,0,True,False,0,ok,
microsoft/vscode,210490,https://github.com/microsoft/vscode/pull/210490,Joh/languageModelInformation,2024-04-16T17:05:06Z,2024-04-16T17:22:06Z,2024-04-16T17:22:06Z,2024-06-05T23:25:39Z,2026-09-25T19:23:08Z,jrieken,User,CONTRIBUTOR,117,54,7,5,1,1,1,0,True,False,0,ok,
microsoft/vscode,210980,https://github.com/microsoft/vscode/pull/210980,inline chat should render outside edits with the new embedded diff rendering,2024-04-22T23:49:57Z,2024-04-23T00:10:32Z,2024-04-23T00:10:32Z,2024-06-07T23:25:52Z,2026-09-25T19:23:10Z,jrieken,User,CONTRIBUTOR,71,72,3,1,1,1,1,0,True,False,0,ok,
microsoft/vscode,211253,https://github.com/microsoft/vscode/pull/211253,theming - track use of `window.systemColorTheme`,2024-04-24T13:31:20Z,2024-04-24T13:50:15Z,2024-04-24T13:50:15Z,2024-06-08T23:26:17Z,2026-09-25T19:23:11Z,bpasero,User,CONTRIBUTOR,9,0,1,1,1,1,1,0,True,False,0,ok,
microsoft/vscode,211287,https://github.com/microsoft/vscode/pull/211287,open folder settings in right click menu of explorer does not work (fix #176060),2024-04-24T18:31:28Z,2024-04-24T18:51:24Z,2024-04-24T18:51:24Z,2024-06-08T23:26:17Z,2026-09-25T19:23:12Z,bpasero,User,CONTRIBUTOR,12,3,2,1,1,1,1,0,True,False,0,ok,
microsoft/vscode,211327,https://github.com/microsoft/vscode/pull/211327,TreeView `reveal` gets stuck if `onDidChangeTreeData` was fired with empty array,2024-04-25T09:48:33Z,2024-04-25T10:05:25Z,2024-04-25T10:05:25Z,2024-06-09T23:25:14Z,2026-09-25T19:23:13Z,alexr00,User,MEMBER,6,1,1,1,1,1,1,0,True,False,0,ok,
microsoft/vscode,211329,https://github.com/microsoft/vscode/pull/211329,Cannot read properties of undefined (reading 'localeCompare'),2024-04-25T09:58:52Z,2024-04-25T10:22:01Z,2024-04-25T10:22:01Z,2024-06-09T23:25:14Z,2026-09-25T19:23:14Z,aeschli,User,CONTRIBUTOR,24,20,1,2,2,2,2,0,True,False,0,ok,
microsoft/vscode,211539,https://github.com/microsoft/vscode/pull/211539,Preserve original markdown string options when doing progressive render,2024-04-27T18:40:54Z,2024-04-27T20:45:26Z,2024-04-27T20:45:26Z,2024-06-11T23:23:55Z,2026-09-25T19:23:15Z,roblourens,User,MEMBER,8,1,2,1,1,1,1,0,True,False,0,ok,
microsoft/vscode,211808,https://github.com/microsoft/vscode/pull/211808,Fix shellIntegration tests on mac,2024-05-01T20:29:13Z,2024-05-01T20:45:51Z,2024-05-01T20:45:51Z,2024-06-15T23:23:39Z,2026-09-25T19:23:18Z,Tyriar,User,CONTRIBUTOR,10,3,2,2,1,1,1,0,True,False,0,ok,
microsoft/vscode,211938,https://github.com/microsoft/vscode/pull/211938,chore: bump l10n-dev@0.0.35,2024-05-03T13:15:19Z,2024-05-03T13:40:16Z,2024-05-03T13:40:16Z,2024-06-17T23:24:16Z,2026-09-25T19:23:21Z,deepak1556,User,COLLABORATOR,167,9,2,1,1,1,1,0,True,False,0,ok,
microsoft/vscode,211944,https://github.com/microsoft/vscode/pull/211944,Add command to trigger custom hover in Tree/List via keyboard,2024-05-03T13:41:41Z,2024-05-03T14:11:01Z,2024-05-03T14:11:01Z,2024-06-17T23:24:16Z,2026-09-25T19:23:22Z,benibenj,User,CONTRIBUTOR,73,3,3,1,1,1,1,0,True,False,0,ok,
microsoft/vscode,211992,https://github.com/microsoft/vscode/pull/211992,Remove Eventing workaround,2024-05-03T22:39:26Z,2024-05-03T22:56:03Z,2024-05-03T22:56:03Z,2024-06-17T23:24:16Z,2026-09-25T19:23:23Z,TylerLeonhardt,User,MEMBER,5,14,1,1,1,1,1,0,True,False,0,ok,
microsoft/vscode,212117,https://github.com/microsoft/vscode/pull/212117,notifications - improve wording for filter,2024-05-06T18:10:33Z,2024-05-06T18:27:25Z,2024-05-06T18:27:25Z,2024-06-20T23:24:49Z,2026-09-25T19:23:24Z,bpasero,User,CONTRIBUTOR,2,2,2,1,1,1,1,0,True,False,0,ok,
microsoft/vscode,212176,https://github.com/microsoft/vscode/pull/212176,Fixes #208084,2024-05-07T14:57:30Z,2024-05-07T15:23:20Z,2024-05-07T15:23:20Z,2024-06-21T23:23:24Z,2026-09-25T19:23:25Z,hediet,User,MEMBER,59,20,2,1,1,1,1,0,True,False,0,ok,
microsoft/vscode,212460,https://github.com/microsoft/vscode/pull/212460,Keep Copilot Chat compatibility for one more build,2024-05-10T17:55:17Z,2024-05-10T18:11:49Z,2024-05-10T18:11:49Z,2024-06-24T23:25:06Z,2026-09-25T19:23:26Z,roblourens,User,MEMBER,4,0,2,1,1,1,1,0,True,False,0,ok,
microsoft/vscode,212480,https://github.com/microsoft/vscode/pull/212480,Add chat variable id and rename to 'references',2024-05-11T00:22:59Z,2024-05-13T21:30:15Z,2024-05-13T21:30:15Z,2024-06-27T23:24:51Z,2026-09-25T19:23:27Z,roblourens,User,MEMBER,89,42,25,4,4,3,4,0,True,False,1,ok,
microsoft/vscode,212750,https://github.com/microsoft/vscode/pull/212750,Support for `notebook.format` Code Action,2024-05-14T22:54:28Z,2024-05-16T22:26:19Z,2024-05-16T22:26:19Z,2024-06-30T23:24:23Z,2026-09-25T19:23:29Z,Yoyokrazy,User,COLLABORATOR,220,95,8,4,2,1,1,1,True,True,0,ok,
microsoft/vscode,212935,https://github.com/microsoft/vscode/pull/212935,Drop usage of inline chat services in notebook chat.,2024-05-16T22:46:51Z,2024-05-16T23:03:53Z,2024-05-16T23:03:53Z,2024-06-30T23:24:23Z,2026-09-25T19:23:30Z,rebornix,User,CONTRIBUTOR,159,345,2,1,1,1,1,0,True,False,0,ok,
microsoft/vscode,213106,https://github.com/microsoft/vscode/pull/213106,Respect isSlow for chat attachments,2024-05-20T21:46:39Z,2024-05-20T22:10:44Z,2024-05-20T22:10:44Z,2024-07-04T23:24:10Z,2026-09-25T19:23:31Z,roblourens,User,MEMBER,10,4,1,2,2,2,2,0,True,False,0,ok,
microsoft/vscode,213998,https://github.com/microsoft/vscode/pull/213998,Fix comment not expanding,2024-05-31T12:05:52Z,2024-05-31T12:36:50Z,2024-05-31T12:36:50Z,2024-07-15T23:24:34Z,2026-09-25T19:23:32Z,alexr00,User,MEMBER,1,2,1,1,2,2,1,0,True,False,0,ok,
microsoft/vscode,213912,https://github.com/microsoft/vscode/pull/213912,Allow to pass language mode for `workbench.action.editor.changeLanguageMode` action (fix #213688),2024-05-30T13:47:16Z,2024-05-31T14:35:08Z,2024-05-31T14:35:08Z,2024-07-15T23:24:34Z,2026-09-25T19:23:33Z,bpasero,User,CONTRIBUTOR,12,3,1,1,2,2,2,0,True,False,0,ok,
microsoft/vscode,214037,https://github.com/microsoft/vscode/pull/214037,SCM - fix listener leak,2024-05-31T19:00:26Z,2024-05-31T19:20:41Z,2024-05-31T19:20:41Z,2024-07-15T23:24:34Z,2026-09-25T19:23:35Z,lszomoru,User,MEMBER,6,4,1,1,1,1,1,0,True,False,0,ok,
microsoft/vscode,213917,https://github.com/microsoft/vscode/pull/213917,Refactoring the stickyScrollController `setState` method,2024-05-30T14:38:29Z,2024-06-03T13:00:45Z,2024-06-03T13:00:45Z,2024-07-18T21:13:27Z,2026-09-25T19:23:36Z,aiday-mar,User,CONTRIBUTOR,40,26,2,2,1,1,1,0,True,False,0,ok,
microsoft/vscode,214307,https://github.com/microsoft/vscode/pull/214307,Fixes CI failure,2024-06-05T08:15:20Z,2024-06-05T09:15:10Z,2024-06-05T09:15:10Z,2024-07-20T23:23:56Z,2026-09-25T19:23:37Z,hediet,User,MEMBER,5,0,1,2,1,1,1,0,True,False,0,ok,
microsoft/vscode,214309,https://github.com/microsoft/vscode/pull/214309,Enables CodeEditorWidget test suite again,2024-06-05T09:36:41Z,2024-06-05T10:03:56Z,2024-06-05T10:03:56Z,2024-07-20T23:23:56Z,2026-09-25T19:23:38Z,hediet,User,MEMBER,153,122,2,1,1,1,1,0,True,False,0,ok,
microsoft/vscode,214342,https://github.com/microsoft/vscode/pull/214342,fix `LanguageModelChatMessage#User`,2024-06-05T14:53:53Z,2024-06-05T15:10:47Z,2024-06-05T15:10:47Z,2024-07-20T23:23:56Z,2026-09-25T19:23:39Z,jrieken,User,CONTRIBUTOR,1,1,1,1,2,2,2,0,True,False,0,ok,
microsoft/vscode,215416,https://github.com/microsoft/vscode/pull/215416,update milestones,2024-06-13T07:55:37Z,2024-06-13T08:13:38Z,2024-06-13T08:13:38Z,2024-07-28T23:25:36Z,2026-09-25T19:23:40Z,jrieken,User,CONTRIBUTOR,3,3,3,1,1,1,1,0,True,False,0,ok,
microsoft/vscode,216829,https://github.com/microsoft/vscode/pull/216829,Resize terminal horizontal and vertical separately,2024-06-21T16:28:53Z,2024-06-21T16:50:19Z,2024-06-21T16:50:19Z,2024-08-05T23:25:05Z,2026-09-25T19:23:42Z,Tyriar,User,CONTRIBUTOR,56,42,1,1,2,1,2,0,True,False,1,ok,
microsoft/vscode,214468,https://github.com/microsoft/vscode/pull/214468,"registerColor: pass in a single value for defaults, improve further",2024-06-06T15:18:40Z,2024-06-25T07:03:25Z,2024-06-25T07:03:25Z,2024-08-09T23:24:28Z,2026-09-25T19:23:44Z,aeschli,User,CONTRIBUTOR,429,1172,47,2,2,1,2,0,True,False,1,ok,
microsoft/vscode,219338,https://github.com/microsoft/vscode/pull/219338,rename editor.collapsedText to foldPlaceholderForeground,2024-07-01T09:55:34Z,2024-07-01T10:13:03Z,2024-07-01T10:13:03Z,2024-08-15T23:24:03Z,2026-09-25T19:23:45Z,aeschli,User,CONTRIBUTOR,3,3,3,1,1,1,1,0,True,False,0,ok,
microsoft/vscode,219597,https://github.com/microsoft/vscode/pull/219597,Small chat renderer cleanup,2024-07-01T22:14:17Z,2024-07-01T22:52:13Z,2024-07-01T22:52:13Z,2024-08-15T23:24:03Z,2026-09-25T19:23:46Z,roblourens,User,MEMBER,20,19,1,1,1,1,1,0,True,False,0,ok,
microsoft/vscode,220029,https://github.com/microsoft/vscode/pull/220029,Fix port label not applied when forwarding port with vscode.env.asExternalUri,2024-07-05T05:16:20Z,2024-07-05T12:26:44Z,2024-07-05T12:26:44Z,2024-08-19T23:25:02Z,2026-09-25T19:23:47Z,jeanp413,User,CONTRIBUTOR,2,0,1,1,2,2,2,0,True,False,0,ok,
microsoft/vscode,220076,https://github.com/microsoft/vscode/pull/220076,build - reuse the same `date` across builds,2024-07-05T12:55:29Z,2024-07-05T18:06:43Z,2024-07-05T18:06:43Z,2024-08-19T23:25:02Z,2026-09-25T19:23:48Z,bpasero,User,CONTRIBUTOR,58,39,7,11,1,1,1,0,True,False,0,ok,
microsoft/vscode,219312,https://github.com/microsoft/vscode/pull/219312,Fixes #218254,2024-06-30T18:29:46Z,2024-07-08T18:18:05Z,2024-07-08T18:18:05Z,2024-09-29T06:59:51Z,2026-09-25T19:23:50Z,Parasaran-Python,User,CONTRIBUTOR,1,1,1,1,5,3,2,0,True,False,0,ok,
microsoft/vscode,215406,https://github.com/microsoft/vscode/pull/215406,chore: update to electron 30,2024-06-13T05:37:46Z,2024-07-09T05:33:23Z,2024-07-09T05:33:23Z,2024-08-23T23:24:17Z,2026-09-25T19:23:52Z,deepak1556,User,COLLABORATOR,465,322,35,14,5,3,4,0,True,False,3,ok,
microsoft/vscode,221403,https://github.com/microsoft/vscode/pull/221403,Polish QuickInputButtonLocation,2024-07-10T18:22:54Z,2024-07-10T18:39:24Z,2024-07-10T18:39:24Z,2024-08-24T23:24:25Z,2026-09-25T19:23:53Z,TylerLeonhardt,User,MEMBER,101,30,12,1,1,1,1,0,True,False,0,ok,
microsoft/vscode,221543,https://github.com/microsoft/vscode/pull/221543,Fix unsafe type assertion,2024-07-12T09:00:44Z,2024-07-12T11:41:53Z,2024-07-12T11:41:53Z,2024-08-26T23:25:01Z,2026-09-25T19:23:55Z,chrmarti,User,COLLABORATOR,25,11,8,2,2,1,2,0,True,False,1,ok,
microsoft/vscode,221736,https://github.com/microsoft/vscode/pull/221736,Use global fetch and crypto,2024-07-15T17:31:09Z,2024-07-15T17:58:32Z,2024-07-15T17:58:32Z,2024-08-29T23:25:04Z,2026-09-25T19:23:56Z,TylerLeonhardt,User,MEMBER,2,58,9,1,1,1,1,0,True,False,0,ok,
microsoft/vscode,222070,https://github.com/microsoft/vscode/pull/222070,Implement terminal.integrated.suggest.runOnEnter,2024-07-18T11:26:20Z,2024-07-18T13:19:23Z,2024-07-18T13:19:23Z,2024-09-01T23:24:37Z,2026-09-25T19:23:57Z,Tyriar,User,CONTRIBUTOR,60,4,5,2,1,1,1,0,True,False,0,ok,
microsoft/vscode,223050,https://github.com/microsoft/vscode/pull/223050,Git - include changes from both commits in the range,2024-07-22T11:29:55Z,2024-07-22T12:03:38Z,2024-07-22T12:03:38Z,2024-09-05T23:25:18Z,2026-09-25T19:23:58Z,lszomoru,User,MEMBER,12,9,1,1,1,1,1,0,True,False,0,ok,
microsoft/vscode,223454,https://github.com/microsoft/vscode/pull/223454,fix #223388,2024-07-24T04:10:54Z,2024-07-24T04:40:07Z,2024-07-24T04:40:07Z,2024-09-07T23:24:26Z,2026-09-25T19:24:00Z,sandy081,User,MEMBER,8,4,2,1,1,1,1,0,True,False,0,ok,
microsoft/vscode,223531,https://github.com/microsoft/vscode/pull/223531,restart on change of accessibility debug verbosity setting,2024-07-24T18:27:39Z,2024-07-24T19:54:44Z,2024-07-24T19:54:44Z,2024-09-07T23:24:25Z,2026-09-25T19:24:01Z,meganrogge,User,COLLABORATOR,7,1,1,1,1,1,1,0,True,False,0,ok,
microsoft/vscode,224245,https://github.com/microsoft/vscode/pull/224245,fix: `yarn run gulp vscode-darwin-arm64` fails when run in the debug terminal,2024-07-29T23:14:32Z,2024-07-29T23:30:35Z,2024-07-29T23:30:36Z,2024-09-13T23:25:48Z,2026-09-25T19:24:02Z,connor4312,User,MEMBER,0,6,2,1,1,1,1,0,True,False,0,ok,
microsoft/vscode,224654,https://github.com/microsoft/vscode/pull/224654,Clean up docs for text search APIs,2024-08-02T22:41:05Z,2024-08-02T22:58:36Z,2024-08-02T22:58:36Z,2024-09-16T23:23:52Z,2026-09-25T19:24:03Z,andreamah,User,CONTRIBUTOR,47,6,2,2,1,1,1,0,True,False,0,ok,
microsoft/vscode,224917,https://github.com/microsoft/vscode/pull/224917,Support for inline diffing of notebook cells with hiding of unchanged lines,2024-08-06T07:01:41Z,2024-08-06T07:53:22Z,2024-08-06T07:53:22Z,2024-09-20T23:25:04Z,2026-09-25T19:24:04Z,DonJayamanne,User,CONTRIBUTOR,197,46,8,2,1,1,1,0,True,False,0,ok,
microsoft/vscode,224959,https://github.com/microsoft/vscode/pull/224959,esm - reduce diff,2024-08-06T16:06:15Z,2024-08-06T16:23:03Z,2024-08-06T16:23:03Z,2024-09-20T23:25:04Z,2026-09-25T19:24:05Z,bpasero,User,CONTRIBUTOR,1,1,1,1,2,1,2,0,True,False,0,ok,
microsoft/vscode,224971,https://github.com/microsoft/vscode/pull/224971,Refactoring - removing the unecessary if check,2024-08-06T17:51:49Z,2024-08-06T20:40:47Z,2024-08-06T20:40:47Z,2024-09-20T23:25:04Z,2026-09-25T19:24:06Z,aiday-mar,User,CONTRIBUTOR,11,21,1,1,1,1,1,0,True,False,0,ok,
microsoft/vscode,225060,https://github.com/microsoft/vscode/pull/225060,Use AddMember to drive custom icon in completions from git,2024-08-07T14:39:55Z,2024-08-07T15:14:54Z,2024-08-07T15:14:54Z,2024-09-21T23:24:44Z,2026-09-25T19:24:07Z,Tyriar,User,CONTRIBUTOR,29,19,3,1,1,1,1,0,True,False,0,ok,
microsoft/vscode,225096,https://github.com/microsoft/vscode/pull/225096,Update marked,2024-08-07T23:28:58Z,2024-08-08T02:45:37Z,2024-08-08T02:45:37Z,2024-09-22T23:25:44Z,2026-09-25T19:24:08Z,mjbvz,User,CONTRIBUTOR,3456,3964,13,4,2,2,1,0,True,False,0,ok,
microsoft/vscode,225240,https://github.com/microsoft/vscode/pull/225240,Fixes bug in EmitterObserver,2024-08-09T12:29:09Z,2024-08-09T12:45:58Z,2024-08-09T12:45:58Z,2024-09-23T23:25:17Z,2026-09-25T19:24:10Z,hediet,User,MEMBER,28,0,2,1,1,1,1,0,True,False,0,ok,
microsoft/vscode,225261,https://github.com/microsoft/vscode/pull/225261,Bring filter widget back to debug console,2024-08-09T16:03:24Z,2024-08-09T16:18:18Z,2024-08-09T16:18:18Z,2024-09-23T23:25:17Z,2026-09-25T19:24:11Z,meganrogge,User,COLLABORATOR,92,19,3,1,1,1,1,0,True,False,0,ok,
microsoft/vscode,225549,https://github.com/microsoft/vscode/pull/225549,check for valid input in search editor,2024-08-13T23:44:52Z,2024-08-14T15:28:25Z,2024-08-14T15:28:25Z,2024-09-28T23:25:39Z,2026-09-25T19:24:12Z,andreamah,User,CONTRIBUTOR,4,0,1,1,2,2,2,0,True,False,0,ok,
microsoft/vscode,225732,https://github.com/microsoft/vscode/pull/225732,fix gutter decoration check for lightbulb in the gutter (but like not the trash),2024-08-15T21:27:21Z,2024-08-15T21:42:53Z,2024-08-15T21:42:53Z,2024-09-29T23:24:58Z,2026-09-25T19:24:13Z,justschen,User,COLLABORATOR,1,8,1,1,1,1,1,0,True,False,0,ok,
microsoft/vscode,225981,https://github.com/microsoft/vscode/pull/225981,add `InlineChatController#reviewEdits` which allows to reuse the inline code review flow/ui,2024-08-19T15:29:47Z,2024-08-19T15:51:14Z,2024-08-19T15:51:14Z,2024-10-03T23:25:43Z,2026-09-25T19:24:14Z,jrieken,User,CONTRIBUTOR,245,76,9,1,1,1,1,0,True,False,0,ok,
microsoft/vscode,226197,https://github.com/microsoft/vscode/pull/226197,"testing: fix result action button has unlimited height, condense headers",2024-08-21T18:43:39Z,2024-08-21T18:58:30Z,2024-08-21T18:58:30Z,2024-10-05T23:25:14Z,2026-09-25T19:24:15Z,connor4312,User,MEMBER,4,2,2,1,1,1,1,0,True,False,0,ok,
microsoft/vscode,226078,https://github.com/microsoft/vscode/pull/226078,Extracting the global NLS variables into functions,2024-08-20T16:16:14Z,2024-08-22T13:16:22Z,2024-08-22T13:16:22Z,2024-10-06T23:25:26Z,2026-09-25T19:24:16Z,aiday-mar,User,CONTRIBUTOR,46,18,10,2,1,1,1,0,True,False,0,ok,
microsoft/vscode,226256,https://github.com/microsoft/vscode/pull/226256,fixes https://github.com/microsoft/vscode-copilot/issues/7481,2024-08-22T13:50:40Z,2024-08-22T14:18:40Z,2024-08-22T14:18:41Z,2024-10-06T23:25:25Z,2026-09-25T19:24:18Z,jrieken,User,CONTRIBUTOR,101,62,3,1,1,1,1,0,True,False,0,ok,
microsoft/vscode,226358,https://github.com/microsoft/vscode/pull/226358,SCM - source control graph rendering improvements,2024-08-22T20:10:16Z,2024-08-22T20:25:47Z,2024-08-22T20:25:47Z,2024-10-06T23:25:25Z,2026-09-25T19:24:19Z,lszomoru,User,MEMBER,14,3,1,1,1,1,1,0,True,False,0,ok,
microsoft/vscode,226477,https://github.com/microsoft/vscode/pull/226477,"SCM - add ""outdated"" indicator + fixes",2024-08-23T19:06:13Z,2024-08-23T19:24:05Z,2024-08-23T19:24:05Z,2024-10-07T23:25:29Z,2026-09-25T19:24:20Z,lszomoru,User,MEMBER,76,24,3,2,1,1,1,0,True,False,0,ok,
microsoft/vscode,226495,https://github.com/microsoft/vscode/pull/226495,SCM - improve outdated badge rendering,2024-08-23T21:38:29Z,2024-08-23T21:52:57Z,2024-08-23T21:52:57Z,2024-10-07T23:25:29Z,2026-09-25T19:24:21Z,lszomoru,User,MEMBER,25,5,2,1,1,1,1,0,True,False,0,ok,
microsoft/vscode,227030,https://github.com/microsoft/vscode/pull/227030,Properly normalize very old chat session data,2024-08-29T01:59:42Z,2024-08-29T02:15:04Z,2024-08-29T02:15:04Z,2024-10-13T23:26:54Z,2026-09-25T19:24:22Z,roblourens,User,MEMBER,76,1,2,1,1,1,1,0,True,False,0,ok,
microsoft/vscode,227016,https://github.com/microsoft/vscode/pull/227016,Bump micromatch from 4.0.5 to 4.0.8 in /remote,2024-08-28T21:43:54Z,2024-08-29T07:17:57Z,2024-08-29T07:17:57Z,2024-10-13T23:26:54Z,2026-09-25T19:24:23Z,dependabot[bot],Bot,CONTRIBUTOR,5,5,1,1,1,1,1,0,True,False,0,ok,
microsoft/vscode,227204,https://github.com/microsoft/vscode/pull/227204,The `move` request should set the editor selection,2024-08-30T12:28:31Z,2024-08-30T12:46:59Z,2024-08-30T12:46:59Z,2024-10-14T23:25:13Z,2026-09-25T19:24:24Z,jrieken,User,CONTRIBUTOR,3,3,1,1,1,1,1,0,True,False,0,ok,
microsoft/vscode,227312,https://github.com/microsoft/vscode/pull/227312,Engineering - update build agents,2024-09-01T14:41:00Z,2024-09-01T14:58:17Z,2024-09-01T14:58:17Z,2024-10-16T23:25:57Z,2026-09-25T19:24:26Z,lszomoru,User,MEMBER,15,15,1,1,1,1,1,0,True,False,0,ok,
microsoft/vscode,227314,https://github.com/microsoft/vscode/pull/227314,Add AppleBraille as a fallback for terminal fontFamily on macOS,2024-09-01T15:11:34Z,2024-09-01T20:03:23Z,2024-09-01T20:03:23Z,2024-10-16T23:25:57Z,2026-09-25T19:24:30Z,Tyriar,User,CONTRIBUTOR,8,0,1,1,1,1,1,0,True,False,0,ok,
microsoft/vscode,227240,https://github.com/microsoft/vscode/pull/227240,Allow to build an AMD version of VS Code,2024-08-30T18:08:31Z,2024-09-02T07:36:19Z,2024-09-02T07:36:19Z,2024-10-17T23:25:44Z,2026-09-25T19:24:31Z,bpasero,User,CONTRIBUTOR,12,10,5,8,1,1,1,0,True,False,0,ok,
microsoft/vscode,227664,https://github.com/microsoft/vscode/pull/227664,Update diff editor message,2024-09-05T03:47:33Z,2024-09-05T04:44:57Z,2024-09-05T04:44:57Z,2024-10-20T23:25:49Z,2026-09-25T19:24:32Z,DonJayamanne,User,CONTRIBUTOR,1,1,1,1,1,1,1,0,True,False,0,ok,
microsoft/vscode,227785,https://github.com/microsoft/vscode/pull/227785,Bump ansi-regex,2024-09-06T13:19:29Z,2024-09-07T02:48:31Z,2024-09-07T02:48:31Z,2024-10-22T23:25:54Z,2026-09-25T19:24:33Z,dependabot[bot],Bot,CONTRIBUTOR,19,19,1,1,1,1,1,0,True,False,0,ok,
microsoft/vscode,227729,https://github.com/microsoft/vscode/pull/227729,debug: adopt formalized DAP ANSI styling support,2024-09-05T21:46:32Z,2024-09-10T18:33:44Z,2024-09-10T18:33:44Z,2024-10-25T23:26:12Z,2026-09-25T19:24:35Z,connor4312,User,MEMBER,475,389,22,2,4,3,4,0,True,False,1,ok,
microsoft/vscode,228402,https://github.com/microsoft/vscode/pull/228402,Polish chat code block toolbar,2024-09-12T23:55:20Z,2024-09-13T00:15:10Z,2024-09-13T00:15:10Z,2024-10-28T23:25:51Z,2026-09-25T19:24:36Z,daviddossett,User,COLLABORATOR,3,1,2,1,1,1,1,0,True,False,0,ok,
microsoft/vscode,228444,https://github.com/microsoft/vscode/pull/228444,Fix error when element index is not found,2024-09-13T09:21:22Z,2024-09-13T09:40:30Z,2024-09-13T09:40:30Z,2024-10-28T23:25:50Z,2026-09-25T19:24:37Z,benibenj,User,CONTRIBUTOR,2,2,1,1,1,1,1,0,True,False,0,ok,
microsoft/vscode,228712,https://github.com/microsoft/vscode/pull/228712,watcher - massage requests in the extension host instead of window,2024-09-16T11:56:01Z,2024-09-16T14:22:21Z,2024-09-16T14:22:21Z,2024-10-31T23:26:32Z,2026-09-25T19:24:39Z,bpasero,User,CONTRIBUTOR,97,93,4,2,2,2,2,0,True,False,1,ok,
microsoft/vscode,228630,https://github.com/microsoft/vscode/pull/228630,Revert moved cursorWordAccessibility* commands and add keybinding rules only to workbench/contrib,2024-09-14T11:45:19Z,2024-09-16T16:13:14Z,2024-09-16T16:13:14Z,2024-10-31T23:26:33Z,2026-09-25T19:24:40Z,Tyriar,User,CONTRIBUTOR,130,95,3,2,1,1,1,0,True,False,0,ok,
microsoft/vscode,228847,https://github.com/microsoft/vscode/pull/228847,nls - stricter check for `document.location.hash`,2024-09-17T15:16:29Z,2024-09-17T15:35:44Z,2024-09-17T15:35:44Z,2024-11-01T23:25:25Z,2026-09-25T19:24:41Z,bpasero,User,CONTRIBUTOR,1,1,1,1,1,1,1,0,True,False,0,ok,
microsoft/vscode,228961,https://github.com/microsoft/vscode/pull/228961,Fix overlapping tree-sitter tokens logic,2024-09-18T15:24:43Z,2024-09-18T16:47:25Z,2024-09-18T16:47:25Z,2024-11-02T23:25:59Z,2026-09-25T19:24:42Z,alexr00,User,MEMBER,203,191,2,1,1,1,1,0,True,False,0,ok,
microsoft/vscode,229001,https://github.com/microsoft/vscode/pull/229001,Prevent find widget from being cropped in AUX window,2024-09-18T22:59:15Z,2024-09-19T08:29:37Z,2024-09-19T08:29:37Z,2024-11-03T23:25:51Z,2026-09-25T19:24:44Z,juliapz,User,CONTRIBUTOR,0,1,1,2,2,2,2,0,True,False,0,ok,
microsoft/vscode,229067,https://github.com/microsoft/vscode/pull/229067,[Accessibility] add a command to focus the closest comment,2024-09-19T13:59:09Z,2024-09-19T14:18:13Z,2024-09-19T14:18:13Z,2024-11-03T23:25:51Z,2026-09-25T19:24:45Z,alexr00,User,MEMBER,68,2,4,1,2,2,2,0,True,False,0,ok,
microsoft/vscode,229162,https://github.com/microsoft/vscode/pull/229162,Support sorting in async find tree,2024-09-20T14:59:45Z,2024-09-20T15:46:23Z,2024-09-20T15:46:23Z,2024-11-04T23:25:51Z,2026-09-25T19:24:46Z,benibenj,User,CONTRIBUTOR,20,7,1,1,1,1,1,0,True,False,0,ok,
microsoft/vscode,229228,https://github.com/microsoft/vscode/pull/229228,help view for REPL editor,2024-09-20T19:09:28Z,2024-09-20T20:17:47Z,2024-09-20T20:17:47Z,2024-11-04T23:25:51Z,2026-09-25T19:24:47Z,amunger,User,COLLABORATOR,60,2,4,1,1,1,1,0,True,False,0,ok,
microsoft/vscode,229453,https://github.com/microsoft/vscode/pull/229453,Quick search showing stale results,2024-09-23T23:05:12Z,2024-09-24T20:22:41Z,2024-09-24T20:22:42Z,2024-11-08T23:25:27Z,2026-09-25T19:24:49Z,andreamah,User,CONTRIBUTOR,4,8,1,2,2,2,2,0,True,False,1,ok,
microsoft/vscode,229628,https://github.com/microsoft/vscode/pull/229628,fix #225476 - check and update the in-memory state always before writing,2024-09-24T21:38:17Z,2024-09-25T02:54:54Z,2024-09-25T02:54:54Z,2024-11-09T23:25:27Z,2026-09-25T19:24:50Z,sandy081,User,MEMBER,61,45,2,1,1,1,1,0,True,False,0,ok,
microsoft/vscode,229655,https://github.com/microsoft/vscode/pull/229655,Let's remove the read aloud actoin (fix microsoft/vscode-copilot#8458),2024-09-25T04:14:14Z,2024-09-25T04:33:31Z,2024-09-25T04:33:31Z,2024-11-09T23:25:27Z,2026-09-25T19:24:51Z,bpasero,User,CONTRIBUTOR,1,25,2,1,1,1,1,0,True,False,0,ok,
microsoft/vscode,229659,https://github.com/microsoft/vscode/pull/229659,Hide @ button in inline chat,2024-09-25T05:05:10Z,2024-09-25T06:00:39Z,2024-09-25T06:00:40Z,2024-11-09T23:25:27Z,2026-09-25T19:24:53Z,roblourens,User,MEMBER,2,1,1,1,1,1,1,0,True,False,0,ok,
microsoft/vscode,229787,https://github.com/microsoft/vscode/pull/229787,feat: polish for chat editing widget,2024-09-26T04:12:30Z,2024-09-26T04:47:09Z,2024-09-26T04:47:09Z,2024-11-10T23:25:15Z,2026-09-25T19:24:54Z,joyceerhl,User,CONTRIBUTOR,81,53,5,2,1,1,1,0,True,False,0,ok,
microsoft/vscode,229801,https://github.com/microsoft/vscode/pull/229801,Fix hover navigation across attachments,2024-09-26T08:29:37Z,2024-09-26T09:08:44Z,2024-09-26T09:08:44Z,2024-11-10T23:25:15Z,2026-09-25T19:24:55Z,benibenj,User,CONTRIBUTOR,21,24,1,1,1,1,1,0,True,False,0,ok,
microsoft/vscode,229931,https://github.com/microsoft/vscode/pull/229931,SCM Graph - 💄 switch to using px for badge font size (#229918),2024-09-27T08:53:39Z,2024-09-27T09:12:26Z,2024-09-27T09:12:26Z,2024-11-11T23:24:52Z,2026-09-25T19:24:56Z,sandy081,User,MEMBER,1,1,1,1,1,1,1,0,True,False,0,ok,
microsoft/vscode,230133,https://github.com/microsoft/vscode/pull/230133,fix #230131,2024-09-30T15:04:06Z,2024-09-30T15:23:14Z,2024-09-30T15:23:14Z,2024-11-14T23:26:32Z,2026-09-25T19:24:57Z,sandy081,User,MEMBER,2,2,1,1,2,2,2,0,True,False,0,ok,
microsoft/vscode,230202,https://github.com/microsoft/vscode/pull/230202,hide edit session button if there are no contributions,2024-10-01T07:45:53Z,2024-10-01T08:10:25Z,2024-10-01T08:10:25Z,2024-11-15T23:25:43Z,2026-09-25T19:24:58Z,aeschli,User,CONTRIBUTOR,2,3,2,1,1,1,1,0,True,False,0,ok,
microsoft/vscode,230400,https://github.com/microsoft/vscode/pull/230400,Adding check that EditContext is supported before using it,2024-10-03T14:39:37Z,2024-10-04T08:25:18Z,2024-10-04T08:25:18Z,2024-11-18T23:26:05Z,2026-09-25T19:25:00Z,aiday-mar,User,CONTRIBUTOR,96,45,5,4,1,1,1,0,True,False,0,ok,
microsoft/vscode,230846,https://github.com/microsoft/vscode/pull/230846,feat: support preview setting tags,2024-10-08T23:59:54Z,2024-10-10T14:27:23Z,2024-10-10T14:27:23Z,2024-11-24T23:26:05Z,2026-09-25T19:25:01Z,rzhao271,User,COLLABORATOR,9,2,3,3,4,3,2,0,True,False,0,ok,
microsoft/vscode,231119,https://github.com/microsoft/vscode/pull/231119,fix: use the mime package from snap to generate db,2024-10-11T14:01:10Z,2024-10-11T14:56:43Z,2024-10-11T14:56:44Z,2024-11-25T23:25:59Z,2026-09-25T19:25:02Z,deepak1556,User,COLLABORATOR,7,6,1,1,1,1,1,0,True,False,0,ok,
microsoft/vscode,231596,https://github.com/microsoft/vscode/pull/231596,dont hide inline edits on blur,2024-10-17T15:38:15Z,2024-10-17T16:14:45Z,2024-10-17T16:14:45Z,2024-12-01T23:25:47Z,2026-09-25T19:25:03Z,hediet,User,MEMBER,10,0,2,1,1,1,1,0,True,False,0,ok,
microsoft/vscode,231646,https://github.com/microsoft/vscode/pull/231646,Update tree-sitter package-lock.json,2024-10-18T09:58:53Z,2024-10-18T10:52:51Z,2024-10-18T10:52:51Z,2024-12-02T23:27:40Z,2026-09-25T19:25:04Z,benibenj,User,CONTRIBUTOR,27,27,1,1,1,1,1,0,True,False,0,ok,
microsoft/vscode,231710,https://github.com/microsoft/vscode/pull/231710,fix: prompt for undo and retry edits only if the request did edits,2024-10-18T22:37:59Z,2024-10-18T22:52:18Z,2024-10-18T22:52:18Z,2024-12-02T23:27:40Z,2026-09-25T19:25:06Z,joyceerhl,User,CONTRIBUTOR,47,9,4,3,1,1,1,0,True,False,0,ok,
microsoft/vscode,231806,https://github.com/microsoft/vscode/pull/231806,Set execution_count to null when clearning notebook outputs,2024-10-21T02:38:28Z,2024-10-21T04:56:16Z,2024-10-21T04:56:16Z,2024-12-05T23:26:35Z,2026-09-25T19:25:07Z,DonJayamanne,User,CONTRIBUTOR,28,13,4,2,1,1,1,0,True,False,0,ok,
microsoft/vscode,231811,https://github.com/microsoft/vscode/pull/231811,Finalize ChatRequest#model,2024-10-21T06:42:30Z,2024-10-21T23:42:24Z,2024-10-21T23:42:24Z,2024-12-06T23:26:05Z,2026-09-25T19:25:08Z,roblourens,User,MEMBER,57,13,6,2,2,2,1,0,True,False,0,ok,
microsoft/vscode,231897,https://github.com/microsoft/vscode/pull/231897,Add `open to side` action for symbol anchors,2024-10-22T00:14:12Z,2024-10-22T00:28:35Z,2024-10-22T00:28:36Z,2024-12-06T23:26:05Z,2026-09-25T19:25:09Z,mjbvz,User,CONTRIBUTOR,31,14,1,1,1,1,1,0,True,False,0,ok,
microsoft/vscode,232081,https://github.com/microsoft/vscode/pull/232081,Fix unrevived uris in ignored files API,2024-10-23T18:53:42Z,2024-10-23T20:21:08Z,2024-10-23T20:21:08Z,2024-12-07T23:25:34Z,2026-09-25T19:25:10Z,roblourens,User,MEMBER,15,14,3,1,1,1,1,0,True,False,0,ok,
microsoft/vscode,232124,https://github.com/microsoft/vscode/pull/232124,fix #232123,2024-10-24T09:21:21Z,2024-10-24T09:35:38Z,2024-10-24T09:35:38Z,2024-12-08T23:25:37Z,2026-09-25T19:25:12Z,sandy081,User,MEMBER,10,1,2,1,2,2,2,0,True,False,0,ok,
microsoft/vscode,197536,https://github.com/microsoft/vscode/pull/197536,Fix grammar in activeOnStart description,2023-11-06T11:48:11Z,2024-10-28T15:59:25Z,2024-10-28T15:59:25Z,2024-12-12T23:26:34Z,2026-09-25T19:25:13Z,mostpinkest,User,CONTRIBUTOR,5,5,1,2,3,2,3,0,True,False,0,ok,
microsoft/vscode,232498,https://github.com/microsoft/vscode/pull/232498,Fixes inline edit flickering,2024-10-29T15:09:01Z,2024-10-29T15:22:40Z,2024-10-29T15:22:40Z,2024-12-13T23:25:56Z,2026-09-25T19:25:14Z,hediet,User,MEMBER,41,15,2,1,1,1,1,0,True,False,0,ok,
microsoft/vscode,232540,https://github.com/microsoft/vscode/pull/232540,Fix #232519,2024-10-29T23:02:26Z,2024-10-29T23:18:00Z,2024-10-29T23:18:00Z,2024-12-13T23:25:56Z,2026-09-25T19:25:15Z,roblourens,User,MEMBER,49,8,1,1,1,1,1,0,True,False,0,ok,
microsoft/vscode,232713,https://github.com/microsoft/vscode/pull/232713,fix: font config detection for snap,2024-10-31T09:09:36Z,2024-10-31T10:27:31Z,2024-10-31T10:27:31Z,2024-12-15T23:25:51Z,2026-09-25T19:25:16Z,deepak1556,User,COLLABORATOR,13,0,1,1,1,1,1,0,True,False,0,ok,
microsoft/vscode,232710,https://github.com/microsoft/vscode/pull/232710,keep `string` for `TreeItem#iconPath`,2024-10-31T08:49:31Z,2024-10-31T16:39:53Z,2024-10-31T16:39:53Z,2024-12-15T23:25:51Z,2026-09-25T19:25:17Z,jrieken,User,CONTRIBUTOR,1,1,1,1,1,1,1,0,True,False,0,ok,
microsoft/vscode,232847,https://github.com/microsoft/vscode/pull/232847,Show source file when running recent terminal command,2024-11-01T16:32:21Z,2024-11-01T17:47:14Z,2024-11-01T17:47:14Z,2024-12-16T23:26:11Z,2026-09-25T19:25:19Z,Tyriar,User,CONTRIBUTOR,149,72,4,3,2,1,2,0,True,False,1,ok,
microsoft/vscode,232872,https://github.com/microsoft/vscode/pull/232872,dont restrict to ipynb,2024-11-01T22:20:27Z,2024-11-01T22:35:47Z,2024-11-01T22:35:47Z,2024-12-16T23:26:11Z,2026-09-25T19:25:20Z,amunger,User,COLLABORATOR,1,1,1,1,1,1,1,0,True,False,0,ok,
microsoft/vscode,233142,https://github.com/microsoft/vscode/pull/233142,Make a few events readonly,2024-11-06T00:17:40Z,2024-11-06T03:45:08Z,2024-11-06T03:45:08Z,2024-12-21T23:24:30Z,2026-09-25T19:25:21Z,mjbvz,User,CONTRIBUTOR,3,3,1,1,2,2,2,0,True,False,0,ok,
microsoft/vscode,233355,https://github.com/microsoft/vscode/pull/233355,"Quick open has duplicate ""recently opened"" entries (fix #232426)",2024-11-07T19:31:33Z,2024-11-07T19:47:20Z,2024-11-07T19:47:20Z,2024-12-22T23:25:23Z,2026-09-25T19:25:23Z,bpasero,User,CONTRIBUTOR,3,1,1,1,1,1,1,0,True,False,0,ok,
microsoft/vscode,233369,https://github.com/microsoft/vscode/pull/233369,Pick up latest TS for building VS Code,2024-11-07T22:35:30Z,2024-11-07T22:57:46Z,2024-11-07T22:57:46Z,2024-12-22T23:25:23Z,2026-09-25T19:25:24Z,mjbvz,User,CONTRIBUTOR,20,17,8,1,2,2,2,0,True,False,0,ok,
microsoft/vscode,233372,https://github.com/microsoft/vscode/pull/233372,SR command and option to read last REPL execution,2024-11-07T23:30:10Z,2024-11-08T22:34:33Z,2024-11-08T22:34:33Z,2024-12-23T23:24:58Z,2026-09-25T19:25:25Z,amunger,User,COLLABORATOR,295,169,21,10,2,1,1,0,True,False,0,ok,
microsoft/vscode,233601,https://github.com/microsoft/vscode/pull/233601,add open diff btn to hunk menu,2024-11-11T17:50:08Z,2024-11-11T18:06:43Z,2024-11-11T18:06:44Z,2024-12-26T23:24:55Z,2026-09-25T19:25:26Z,jrieken,User,CONTRIBUTOR,87,8,3,1,1,1,1,0,True,False,0,ok,
microsoft/vscode,233763,https://github.com/microsoft/vscode/pull/233763,recovery fix for #232699,2024-11-13T13:52:49Z,2024-11-13T14:07:52Z,2024-11-13T14:07:52Z,2024-12-28T23:25:07Z,2026-09-25T19:25:27Z,sandy081,User,MEMBER,4,0,1,1,1,1,1,0,True,False,0,ok,
microsoft/vscode,233832,https://github.com/microsoft/vscode/pull/233832,fix #193740,2024-11-14T10:12:19Z,2024-11-14T10:42:41Z,2024-11-14T10:42:41Z,2024-12-29T23:24:40Z,2026-09-25T19:25:28Z,sandy081,User,MEMBER,10,11,3,1,1,1,1,0,True,False,0,ok,
microsoft/vscode,233901,https://github.com/microsoft/vscode/pull/233901,chat setup - tweaks to welcome views,2024-11-15T12:41:53Z,2024-11-15T12:58:51Z,2024-11-15T12:58:52Z,2024-12-30T23:24:57Z,2026-09-25T19:25:29Z,bpasero,User,CONTRIBUTOR,74,19,2,1,1,1,1,0,True,False,0,ok,
microsoft/vscode,233926,https://github.com/microsoft/vscode/pull/233926,Show local extensions on the top while searching extensions #232991,2024-11-15T17:08:47Z,2024-11-15T21:45:48Z,2024-11-15T21:45:48Z,2024-12-30T23:24:58Z,2026-09-25T19:25:31Z,sandy081,User,MEMBER,149,41,3,2,2,2,2,0,True,False,1,ok,
microsoft/vscode,234350,https://github.com/microsoft/vscode/pull/234350,chat: persist 'isHidden',2024-11-21T12:57:45Z,2024-11-21T15:10:04Z,2024-11-21T15:10:04Z,2025-01-05T23:24:53Z,2026-09-25T19:25:32Z,aeschli,User,CONTRIBUTOR,9,0,5,1,1,1,1,0,True,False,0,ok,
microsoft/vscode,234425,https://github.com/microsoft/vscode/pull/234425,Git - extract staged resource quick diff provider,2024-11-22T14:35:57Z,2024-11-22T15:40:26Z,2024-11-22T15:40:26Z,2025-01-06T23:25:14Z,2026-09-25T19:25:34Z,lszomoru,User,MEMBER,36,30,3,2,3,3,3,0,True,False,2,ok,
microsoft/vscode,234452,https://github.com/microsoft/vscode/pull/234452,Fix kerberos import,2024-11-22T21:19:22Z,2024-11-22T21:34:37Z,2024-11-22T21:34:37Z,2025-01-06T23:25:14Z,2026-09-25T19:25:35Z,chrmarti,User,COLLABORATOR,2,1,1,1,1,1,1,0,True,False,0,ok,
microsoft/vscode,234590,https://github.com/microsoft/vscode/pull/234590,Add activity service integration for chat setup progress indication,2024-11-25T15:52:17Z,2024-11-25T16:06:57Z,2024-11-25T16:06:57Z,2025-01-09T23:25:30Z,2026-09-25T19:25:36Z,bpasero,User,CONTRIBUTOR,19,6,1,1,1,1,1,0,True,False,0,ok,
microsoft/vscode,234680,https://github.com/microsoft/vscode/pull/234680,support install everywhere option,2024-11-26T16:24:08Z,2024-11-26T20:00:05Z,2024-11-26T20:00:05Z,2025-01-10T23:25:13Z,2026-09-25T19:25:37Z,sandy081,User,MEMBER,12,6,3,1,1,1,1,0,True,False,0,ok,
microsoft/vscode,234736,https://github.com/microsoft/vscode/pull/234736,don't apply edits from error'ed result when returning to a file,2024-11-27T09:29:15Z,2024-11-27T09:48:36Z,2024-11-27T09:48:36Z,2025-01-11T23:24:48Z,2026-09-25T19:25:38Z,jrieken,User,CONTRIBUTOR,48,2,2,1,1,1,1,0,True,False,0,ok,
microsoft/vscode,234749,https://github.com/microsoft/vscode/pull/234749,only allow full lines or multiple lines for code block pasting in chat,2024-11-27T11:16:46Z,2024-11-27T23:49:39Z,2024-11-27T23:49:39Z,2025-01-12T23:24:44Z,2026-09-25T19:25:40Z,justschen,User,COLLABORATOR,54,21,4,3,3,2,3,0,True,False,2,ok,
microsoft/vscode,234845,https://github.com/microsoft/vscode/pull/234845,Update chat setup context to include signed out state and refactor context updates,2024-11-28T15:08:50Z,2024-11-28T15:32:49Z,2024-11-28T15:32:49Z,2025-01-12T23:24:44Z,2026-09-25T19:25:42Z,bpasero,User,CONTRIBUTOR,35,24,3,1,1,1,1,0,True,False,0,ok,
microsoft/vscode,234899,https://github.com/microsoft/vscode/pull/234899,Add missing view focus commands,2024-11-29T13:08:13Z,2024-11-29T13:38:51Z,2024-11-29T13:38:51Z,2025-01-13T23:24:59Z,2026-09-25T19:25:43Z,benibenj,User,CONTRIBUTOR,17,3,9,1,1,1,1,0,True,False,0,ok,
microsoft/vscode,234976,https://github.com/microsoft/vscode/pull/234976,use agent name (not full name) for inline chat hint,2024-12-02T11:53:15Z,2024-12-02T12:10:22Z,2024-12-02T12:10:22Z,2025-01-16T23:25:15Z,2026-09-25T19:25:44Z,jrieken,User,CONTRIBUTOR,5,30,3,3,1,1,1,0,True,False,0,ok,
microsoft/vscode,235288,https://github.com/microsoft/vscode/pull/235288,make sure to trigger diff computation when restoring from snapshot,2024-12-04T15:47:32Z,2024-12-04T16:02:52Z,2024-12-04T16:02:52Z,2025-01-18T23:25:04Z,2026-09-25T19:25:45Z,jrieken,User,CONTRIBUTOR,1,0,1,1,1,1,1,0,True,False,0,ok,
microsoft/vscode,235521,https://github.com/microsoft/vscode/pull/235521,NB multiselect undo/redo fix,2024-12-06T20:46:09Z,2024-12-06T21:03:57Z,2024-12-06T21:03:57Z,2025-01-20T23:24:29Z,2026-09-25T19:25:46Z,Yoyokrazy,User,COLLABORATOR,14,14,1,2,1,1,1,0,True,False,0,ok,
microsoft/vscode,235597,https://github.com/microsoft/vscode/pull/235597,editor sticky scroll: only collapse outermost region with folding icon,2024-12-09T09:34:18Z,2024-12-09T09:49:52Z,2024-12-09T09:49:52Z,2025-01-23T23:24:59Z,2026-09-25T19:25:47Z,aiday-mar,User,CONTRIBUTOR,1,1,1,2,1,1,1,0,True,False,0,ok,
microsoft/vscode,235637,https://github.com/microsoft/vscode/pull/235637,chat - indicate quota hit in `prominent` status,2024-12-09T14:14:06Z,2024-12-09T14:30:26Z,2024-12-09T14:30:26Z,2025-01-23T23:25:00Z,2026-09-25T19:25:49Z,bpasero,User,CONTRIBUTOR,101,18,4,1,1,1,1,0,True,False,0,ok,
microsoft/vscode,235820,https://github.com/microsoft/vscode/pull/235820,Disposing the color picker disposables on rerender,2024-12-11T11:53:15Z,2024-12-11T12:55:40Z,2024-12-11T12:55:40Z,2025-01-25T23:24:36Z,2026-09-25T19:25:50Z,aiday-mar,User,CONTRIBUTOR,70,47,4,2,3,2,1,1,True,True,0,ok,
microsoft/vscode,235954,https://github.com/microsoft/vscode/pull/235954,workspaceFolder variable substitution in launch.json or tasks.json should use URI for virtual filesystems,2024-12-12T14:47:24Z,2024-12-12T15:02:39Z,2024-12-12T15:02:39Z,2025-01-26T23:24:08Z,2026-09-25T19:25:51Z,alexr00,User,MEMBER,11,2,1,1,1,1,1,0,True,False,0,ok,
microsoft/vscode,235987,https://github.com/microsoft/vscode/pull/235987,Make sure we sync file config before generating paste edits,2024-12-12T17:36:31Z,2024-12-12T17:56:39Z,2024-12-12T17:56:39Z,2025-01-26T23:24:08Z,2026-09-25T19:25:52Z,mjbvz,User,CONTRIBUTOR,22,16,3,1,1,1,1,0,True,False,0,ok,
microsoft/vscode,236251,https://github.com/microsoft/vscode/pull/236251,std-in files (/tmp/code-stdin-*) are not removed on remote and should have user only access rights,2024-12-16T17:16:43Z,2024-12-16T17:33:46Z,2024-12-16T17:33:47Z,2025-01-30T23:25:20Z,2026-09-25T19:25:53Z,aeschli,User,CONTRIBUTOR,18,2,2,1,1,1,1,0,True,False,0,ok,
microsoft/vscode,236101,https://github.com/microsoft/vscode/pull/236101,don't filter available commands in the extension,2024-12-13T20:25:02Z,2024-12-16T19:43:40Z,2024-12-16T19:43:40Z,2025-01-30T23:25:21Z,2026-09-25T19:25:55Z,meganrogge,User,COLLABORATOR,8,12,2,6,6,4,2,1,True,True,2,ok,
microsoft/vscode,236340,https://github.com/microsoft/vscode/pull/236340,Reduce duplication in terminal completion service tests,2024-12-17T12:28:06Z,2024-12-17T16:00:06Z,2024-12-17T16:00:06Z,2025-01-31T23:24:47Z,2026-09-25T19:25:57Z,Tyriar,User,CONTRIBUTOR,28,66,1,1,1,1,1,0,True,False,0,ok,
microsoft/vscode,236387,https://github.com/microsoft/vscode/pull/236387,testing: fix scrollbar overlaps coverage indicators,2024-12-17T19:00:56Z,2024-12-17T19:17:02Z,2024-12-17T19:17:02Z,2025-01-31T23:24:47Z,2026-09-25T19:25:58Z,connor4312,User,MEMBER,1,1,1,1,1,1,1,0,True,False,0,ok,
microsoft/vscode,236454,https://github.com/microsoft/vscode/pull/236454,handle invalid withProgress invocation as external error,2024-12-18T10:34:13Z,2024-12-18T10:49:08Z,2024-12-18T10:49:09Z,2025-02-01T23:24:31Z,2026-09-25T19:25:59Z,jrieken,User,CONTRIBUTOR,8,1,1,1,1,1,1,0,True,False,0,ok,
microsoft/vscode,236428,https://github.com/microsoft/vscode/pull/236428,debug: fix underflow/overflow in breakpoint edit widget,2024-12-18T00:31:31Z,2024-12-18T17:50:53Z,2024-12-18T17:50:53Z,2025-02-01T23:24:32Z,2026-09-25T19:26:00Z,connor4312,User,MEMBER,2,0,2,1,1,1,1,0,True,False,0,ok,
microsoft/vscode,236610,https://github.com/microsoft/vscode/pull/236610,icon themes: remove fontCharacterRegex,2024-12-19T16:55:41Z,2024-12-19T17:10:29Z,2024-12-19T17:10:29Z,2025-02-02T23:24:06Z,2026-09-25T19:26:01Z,aeschli,User,CONTRIBUTOR,10,20,5,1,1,1,1,0,True,False,0,ok,
microsoft/vscode,236726,https://github.com/microsoft/vscode/pull/236726,"Revert ""Reland fix custom task shell doesn't work without manually passing in ""run command"" arg/flag""",2024-12-20T17:15:27Z,2024-12-20T18:28:51Z,2024-12-20T18:28:51Z,2025-02-03T23:24:47Z,2026-09-25T19:26:02Z,meganrogge,User,COLLABORATOR,14,21,3,1,1,1,1,0,True,False,0,ok,
microsoft/vscode,236763,https://github.com/microsoft/vscode/pull/236763,testing: fix errors peeks being oversized relative to their contents,2024-12-20T21:42:30Z,2024-12-20T21:59:09Z,2024-12-20T21:59:09Z,2025-02-03T23:24:47Z,2026-09-25T19:26:03Z,connor4312,User,MEMBER,85,95,6,1,1,1,1,0,True,False,0,ok,
microsoft/vscode,236843,https://github.com/microsoft/vscode/pull/236843,chore: update electron@32.2.7,2024-12-23T07:22:51Z,2024-12-23T10:22:49Z,2024-12-23T10:22:49Z,2025-02-06T23:26:17Z,2026-09-25T19:26:04Z,deepak1556,User,COLLABORATOR,85,85,5,2,1,1,1,0,True,False,0,ok,
microsoft/vscode,236849,https://github.com/microsoft/vscode/pull/236849,Git - escape shell-sensitive characters,2024-12-23T11:32:47Z,2024-12-23T11:56:24Z,2024-12-23T11:56:24Z,2025-02-06T23:26:17Z,2026-09-25T19:26:08Z,lszomoru,User,MEMBER,8,3,1,1,1,1,1,0,True,False,0,ok,
microsoft/vscode,237395,https://github.com/microsoft/vscode/pull/237395,chat overlay tweaks,2025-01-07T12:01:29Z,2025-01-07T12:54:56Z,2025-01-07T12:54:56Z,2025-02-21T23:25:29Z,2026-09-25T19:26:09Z,jrieken,User,CONTRIBUTOR,2,1,2,1,1,1,1,0,True,False,0,ok,
microsoft/vscode,237275,https://github.com/microsoft/vscode/pull/237275,Fix missing uri to file path conversion when loading json schema,2025-01-05T04:24:24Z,2025-01-07T14:24:04Z,2025-01-07T14:24:04Z,2025-02-21T23:25:29Z,2026-09-25T19:26:10Z,misode,User,CONTRIBUTOR,3,1,1,2,2,2,2,0,True,False,0,ok,
microsoft/vscode,237417,https://github.com/microsoft/vscode/pull/237417,cli: update url to 2.5.4 for dependabot,2025-01-07T17:13:53Z,2025-01-07T17:37:49Z,2025-01-07T17:37:49Z,2025-02-21T23:25:28Z,2026-09-25T19:26:11Z,connor4312,User,MEMBER,266,32,2,1,1,1,1,0,True,False,0,ok,
microsoft/vscode,237524,https://github.com/microsoft/vscode/pull/237524,Initialize shellIntegration and shellIntegration.cwd of existing terminals on startup,2025-01-08T20:59:53Z,2025-01-08T21:19:59Z,2025-01-08T21:19:59Z,2025-02-22T23:24:14Z,2026-09-25T19:26:12Z,Tyriar,User,CONTRIBUTOR,18,7,1,2,1,1,1,0,True,False,0,ok,
microsoft/vscode,237563,https://github.com/microsoft/vscode/pull/237563,fix #237551 (#237552),2025-01-09T12:55:25Z,2025-01-09T13:40:28Z,2025-01-09T13:40:29Z,2025-02-23T23:24:36Z,2026-09-25T19:26:13Z,sandy081,User,MEMBER,5,5,1,1,1,1,1,0,True,False,0,ok,
microsoft/vscode,237643,https://github.com/microsoft/vscode/pull/237643,add chat overlay for /edit diff editors,2025-01-10T13:13:43Z,2025-01-10T13:28:50Z,2025-01-10T13:28:50Z,2025-02-24T23:25:15Z,2026-09-25T19:26:14Z,jrieken,User,CONTRIBUTOR,136,67,6,1,1,1,1,0,True,False,0,ok,
microsoft/vscode,238638,https://github.com/microsoft/vscode/pull/238638,take all profiles for populating trusted publishers,2025-01-24T07:45:41Z,2025-01-24T09:44:53Z,2025-01-24T09:44:54Z,2025-03-10T23:25:36Z,2026-09-25T19:26:15Z,sandy081,User,MEMBER,21,17,1,1,1,1,1,0,True,False,0,ok,
microsoft/vscode,239235,https://github.com/microsoft/vscode/pull/239235,fix #239234,2025-01-30T16:44:15Z,2025-01-30T16:59:51Z,2025-01-30T16:59:51Z,2025-03-16T23:26:29Z,2026-09-25T19:26:17Z,sandy081,User,MEMBER,2,2,1,1,1,1,1,0,True,False,0,ok,
microsoft/vscode,239426,https://github.com/microsoft/vscode/pull/239426,Don't show fig information for aliases ,2025-02-02T12:41:16Z,2025-02-03T19:07:22Z,2025-02-03T19:07:22Z,2025-03-20T23:26:10Z,2026-09-25T19:26:18Z,Tyriar,User,CONTRIBUTOR,72,81,9,5,1,1,1,0,True,False,0,ok,
microsoft/vscode,239660,https://github.com/microsoft/vscode/pull/239660,refactor: reduce references to global editing session,2025-02-05T03:30:09Z,2025-02-05T06:18:05Z,2025-02-05T06:18:05Z,2025-03-22T23:25:26Z,2026-09-25T19:26:19Z,joyceerhl,User,CONTRIBUTOR,63,64,5,3,1,1,1,0,True,False,0,ok,
microsoft/vscode,239787,https://github.com/microsoft/vscode/pull/239787,Fix leaking action view item in view pane,2025-02-06T10:56:01Z,2025-02-06T11:11:49Z,2025-02-06T11:11:49Z,2025-03-23T23:25:13Z,2026-09-25T19:26:20Z,alexr00,User,MEMBER,10,2,1,1,1,1,1,0,True,False,0,ok,
microsoft/vscode,239859,https://github.com/microsoft/vscode/pull/239859,Fix nb stickyscroll not having outline if outline pane is closed,2025-02-06T22:47:52Z,2025-02-06T23:05:47Z,2025-02-06T23:05:47Z,2025-03-23T23:25:13Z,2026-09-25T19:26:22Z,Yoyokrazy,User,COLLABORATOR,39,20,2,1,1,1,1,0,True,False,0,ok,
microsoft/vscode,240257,https://github.com/microsoft/vscode/pull/240257,don't request files/folders when on an arg for terminal suggest,2025-02-10T15:14:45Z,2025-02-10T15:33:48Z,2025-02-10T15:33:48Z,2025-03-27T23:26:59Z,2026-09-25T19:26:23Z,meganrogge,User,COLLABORATOR,6,5,2,1,1,1,1,0,True,False,0,ok,
microsoft/vscode,240646,https://github.com/microsoft/vscode/pull/240646,modes - configure some default settings in core (workaround #240567),2025-02-13T11:45:54Z,2025-02-13T12:07:39Z,2025-02-13T12:07:39Z,2025-03-30T23:25:38Z,2026-09-25T19:26:24Z,bpasero,User,CONTRIBUTOR,14,0,1,1,1,1,1,0,True,False,0,ok,
microsoft/vscode,241061,https://github.com/microsoft/vscode/pull/241061,Git - fix regression related to editing the merge commit message,2025-02-18T09:05:42Z,2025-02-18T09:31:00Z,2025-02-18T09:31:00Z,2025-04-04T23:25:43Z,2026-09-25T19:26:26Z,lszomoru,User,MEMBER,5,32,4,1,1,1,1,0,True,False,0,ok,
microsoft/vscode,241242,https://github.com/microsoft/vscode/pull/241242,Fixes gutter menu issues,2025-02-19T19:26:19Z,2025-02-19T19:50:35Z,2025-02-19T19:50:35Z,2025-04-05T23:26:16Z,2026-09-25T19:26:27Z,hediet,User,MEMBER,2,2,1,1,1,1,1,0,True,False,0,ok,
microsoft/vscode,241533,https://github.com/microsoft/vscode/pull/241533,fix: SearchResultModel leaks disposables,2025-02-21T22:47:33Z,2025-02-21T23:11:41Z,2025-02-21T23:11:41Z,2025-04-07T23:26:06Z,2026-09-25T19:26:28Z,rzhao271,User,COLLABORATOR,16,3,1,1,1,1,1,0,True,False,0,ok,
microsoft/vscode,241502,https://github.com/microsoft/vscode/pull/241502,Add explicit `| undefined` for `LanguageModelChatTool`,2025-02-21T17:45:00Z,2025-02-25T07:18:01Z,2025-02-25T07:18:01Z,2025-04-11T23:25:52Z,2026-09-25T19:26:29Z,mjbvz,User,CONTRIBUTOR,1,1,1,1,2,2,2,0,True,False,0,ok,
microsoft/vscode,241974,https://github.com/microsoft/vscode/pull/241974,Render implicit context for notebook cells properly.,2025-02-25T22:59:02Z,2025-02-26T01:20:07Z,2025-02-26T01:20:07Z,2025-04-12T23:26:46Z,2026-09-25T19:26:30Z,rebornix,User,CONTRIBUTOR,31,0,1,1,1,1,1,0,True,False,0,ok,
microsoft/vscode,242055,https://github.com/microsoft/vscode/pull/242055,fix #242043,2025-02-26T11:18:20Z,2025-02-26T11:43:00Z,2025-02-26T11:43:00Z,2025-04-12T23:26:45Z,2026-09-25T19:26:31Z,sandy081,User,MEMBER,8,13,3,2,1,1,1,0,True,False,0,ok,
microsoft/vscode,242104,https://github.com/microsoft/vscode/pull/242104,Move agent mode enablement for models to extension,2025-02-26T18:47:20Z,2025-02-26T19:11:16Z,2025-02-26T19:11:16Z,2025-04-12T23:26:45Z,2026-09-25T19:26:32Z,roblourens,User,MEMBER,5,1,3,1,1,1,1,0,True,False,0,ok,
microsoft/vscode,242316,https://github.com/microsoft/vscode/pull/242316,status - actually fix tooltip to resolve adhoc,2025-02-28T14:17:20Z,2025-02-28T15:26:33Z,2025-02-28T15:26:33Z,2025-04-14T23:25:52Z,2026-09-25T19:26:34Z,bpasero,User,CONTRIBUTOR,109,75,7,2,1,1,1,0,True,False,0,ok,
microsoft/vscode,242325,https://github.com/microsoft/vscode/pull/242325,chore - only have `originalModel` and `modifiedModel`,2025-02-28T15:08:16Z,2025-02-28T15:32:12Z,2025-02-28T15:32:12Z,2025-04-14T23:25:52Z,2026-09-25T19:26:35Z,jrieken,User,CONTRIBUTOR,37,44,1,1,1,1,1,0,True,False,0,ok,
microsoft/vscode,243159,https://github.com/microsoft/vscode/pull/243159,bump to 1.98.2,2025-03-11T08:29:04Z,2025-03-11T09:04:58Z,2025-03-11T09:04:58Z,2025-04-25T23:25:52Z,2026-09-25T19:26:36Z,aeschli,User,CONTRIBUTOR,4,4,2,1,1,1,1,0,True,False,0,ok,
microsoft/vscode,243358,https://github.com/microsoft/vscode/pull/243358,handle allRepositorySigned gallery capability,2025-03-12T14:52:28Z,2025-03-12T17:15:29Z,2025-03-12T17:15:29Z,2025-04-26T23:26:03Z,2026-09-25T19:26:37Z,sandy081,User,MEMBER,21,7,6,1,1,1,1,0,True,False,0,ok,
microsoft/vscode,243347,https://github.com/microsoft/vscode/pull/243347,Hide terminal hover details by default,2025-03-12T13:40:37Z,2025-03-12T19:06:43Z,2025-03-12T19:06:43Z,2025-04-26T23:26:02Z,2026-09-25T19:26:39Z,Tyriar,User,CONTRIBUTOR,58,16,7,3,3,1,3,0,True,False,2,ok,
microsoft/vscode,243488,https://github.com/microsoft/vscode/pull/243488,mcp: various fixes around trust and indicator,2025-03-13T19:32:31Z,2025-03-13T20:02:37Z,2025-03-13T20:02:37Z,2025-04-27T23:27:28Z,2026-09-25T19:26:40Z,connor4312,User,MEMBER,207,27,9,1,1,1,1,0,True,False,0,ok,
microsoft/vscode,243573,https://github.com/microsoft/vscode/pull/243573,chat - status and setup cleanup,2025-03-14T15:26:49Z,2025-03-16T06:49:24Z,2025-03-16T06:49:24Z,2025-04-30T23:26:15Z,2026-09-25T19:26:41Z,bpasero,User,CONTRIBUTOR,201,180,5,10,2,2,2,0,True,False,1,ok,
microsoft/vscode,243883,https://github.com/microsoft/vscode/pull/243883,chat - setup tweaks,2025-03-18T16:27:28Z,2025-03-18T19:44:31Z,2025-03-18T19:44:31Z,2025-05-02T23:25:59Z,2026-09-25T19:26:43Z,bpasero,User,CONTRIBUTOR,41,44,5,5,1,1,1,0,True,False,0,ok,
microsoft/vscode,243983,https://github.com/microsoft/vscode/pull/243983,fix #243238,2025-03-19T10:31:16Z,2025-03-19T10:44:44Z,2025-03-19T10:44:45Z,2025-05-03T23:25:45Z,2026-09-25T19:26:44Z,sandy081,User,MEMBER,1,0,1,1,2,2,2,0,True,False,0,ok,
microsoft/vscode,244023,https://github.com/microsoft/vscode/pull/244023,Rest of document isn't updated after closing a backtick string,2025-03-19T17:08:48Z,2025-03-19T17:22:31Z,2025-03-19T17:22:32Z,2025-05-03T23:25:45Z,2026-09-25T19:26:45Z,alexr00,User,MEMBER,2,0,1,1,1,1,1,0,True,False,0,ok,
microsoft/vscode,244000,https://github.com/microsoft/vscode/pull/244000,Ensure cells do not have an internalId initially,2025-03-19T13:52:08Z,2025-03-19T23:33:14Z,2025-03-19T23:33:15Z,2025-05-04T23:25:55Z,2026-09-25T19:26:46Z,DonJayamanne,User,CONTRIBUTOR,11,11,2,1,2,1,1,0,True,False,0,ok,
microsoft/vscode,244179,https://github.com/microsoft/vscode/pull/244179,add remaining tunnel subcommands,2025-03-20T21:44:23Z,2025-03-20T22:19:57Z,2025-03-20T22:19:57Z,2025-05-04T23:25:54Z,2026-09-25T19:26:48Z,meganrogge,User,COLLABORATOR,373,211,3,3,2,1,2,0,True,False,1,ok,
microsoft/vscode,244185,https://github.com/microsoft/vscode/pull/244185,react to changing MD cells to preview and dispose the notebook editor integration,2025-03-20T22:43:49Z,2025-03-20T23:59:53Z,2025-03-20T23:59:53Z,2025-05-05T23:26:28Z,2026-09-25T19:26:49Z,amunger,User,COLLABORATOR,33,2,1,3,1,1,1,0,True,False,0,ok,
microsoft/vscode,244228,https://github.com/microsoft/vscode/pull/244228,do not show copy link action if there is no extension link,2025-03-21T10:53:21Z,2025-03-21T11:07:25Z,2025-03-21T11:07:25Z,2025-05-05T23:26:28Z,2026-09-25T19:26:50Z,sandy081,User,MEMBER,4,2,1,1,1,1,1,0,True,False,0,ok,
microsoft/vscode,244292,https://github.com/microsoft/vscode/pull/244292,tweak task accessibility signal conditions,2025-03-21T19:37:18Z,2025-03-21T19:51:17Z,2025-03-21T19:51:17Z,2025-05-05T23:26:27Z,2026-09-25T19:26:51Z,meganrogge,User,COLLABORATOR,2,2,1,1,1,1,1,0,True,False,0,ok,
microsoft/vscode,244340,https://github.com/microsoft/vscode/pull/244340,Git - try a different separator in the ref picker,2025-03-22T19:21:25Z,2025-03-22T22:56:30Z,2025-03-22T22:56:30Z,2025-05-06T23:26:12Z,2026-09-25T19:26:52Z,lszomoru,User,MEMBER,2,2,1,1,1,1,1,0,True,False,0,ok,
microsoft/vscode,244480,https://github.com/microsoft/vscode/pull/244480,perf: avoid error stack collection for perf and unresponsive errors,2025-03-24T16:49:33Z,2025-03-24T17:29:29Z,2025-03-24T17:29:29Z,2025-05-08T23:26:44Z,2026-09-25T19:26:54Z,deepak1556,User,COLLABORATOR,16,1,2,2,2,2,2,0,True,False,1,ok,
microsoft/vscode,244302,https://github.com/microsoft/vscode/pull/244302,Add chat status API proposal,2025-03-21T20:34:53Z,2025-03-25T08:05:49Z,2025-03-25T08:05:49Z,2025-05-09T23:26:02Z,2026-09-25T19:26:55Z,mjbvz,User,CONTRIBUTOR,369,18,10,5,3,1,1,1,True,True,0,ok,
microsoft/vscode,244719,https://github.com/microsoft/vscode/pull/244719,disable intent guides while applying edits,2025-03-26T09:40:22Z,2025-03-26T10:11:37Z,2025-03-26T10:11:37Z,2025-05-10T23:25:31Z,2026-09-25T19:26:56Z,jrieken,User,CONTRIBUTOR,4,2,1,1,1,1,1,0,True,False,0,ok,
microsoft/vscode,245182,https://github.com/microsoft/vscode/pull/245182,Debt: clean up find widget nofitication.,2025-03-31T21:40:20Z,2025-03-31T21:53:49Z,2025-03-31T21:53:49Z,2025-05-15T23:26:44Z,2026-09-25T19:26:58Z,rebornix,User,CONTRIBUTOR,3,28,2,1,1,1,1,0,True,False,0,ok,
microsoft/vscode,245148,https://github.com/microsoft/vscode/pull/245148,change telemetry var name,2025-03-31T17:07:28Z,2025-04-01T18:29:47Z,2025-04-01T18:29:47Z,2025-05-16T23:26:16Z,2026-09-25T19:26:59Z,meganrogge,User,COLLABORATOR,9,9,1,2,3,3,3,0,True,False,0,ok,
microsoft/vscode,245287,https://github.com/microsoft/vscode/pull/245287,a11y: don't show floating click menu in accessible view,2025-04-01T21:16:16Z,2025-04-01T21:37:10Z,2025-04-01T21:37:10Z,2025-05-16T23:26:15Z,2026-09-25T19:27:00Z,connor4312,User,MEMBER,8,7,1,1,1,1,1,0,True,False,0,ok,
microsoft/vscode,245321,https://github.com/microsoft/vscode/pull/245321,update distro,2025-04-02T09:53:24Z,2025-04-02T10:14:38Z,2025-04-02T10:14:38Z,2025-05-17T23:26:04Z,2026-09-25T19:27:01Z,bpasero,User,CONTRIBUTOR,1,1,1,1,1,1,1,0,True,False,0,ok,
microsoft/vscode,245570,https://github.com/microsoft/vscode/pull/245570,Add prompt type to terminal hover,2025-04-03T16:40:36Z,2025-04-03T17:00:32Z,2025-04-03T17:00:32Z,2025-05-18T23:26:47Z,2026-09-25T19:27:02Z,Tyriar,User,CONTRIBUTOR,9,0,4,1,1,1,1,0,True,False,0,ok,
microsoft/vscode,212500,https://github.com/microsoft/vscode/pull/212500,Add disassembly view context menu,2024-05-11T11:12:32Z,2025-04-06T06:29:53Z,2025-04-06T06:29:53Z,2025-05-21T23:26:23Z,2026-09-25T19:27:03Z,thegecko,User,CONTRIBUTOR,76,10,5,7,2,2,2,0,True,False,0,ok,
microsoft/vscode,246202,https://github.com/microsoft/vscode/pull/246202,chat - use new minimal default size when in aux windows,2025-04-10T12:57:25Z,2025-04-10T13:36:23Z,2025-04-10T13:36:24Z,2025-05-25T23:26:41Z,2026-09-25T19:27:05Z,bpasero,User,CONTRIBUTOR,6,5,2,1,1,1,1,0,True,False,0,ok,
microsoft/vscode,246385,https://github.com/microsoft/vscode/pull/246385,chat - detect enterprise auth accordingly,2025-04-12T13:13:50Z,2025-04-12T13:46:19Z,2025-04-12T13:46:19Z,2025-05-27T23:26:39Z,2026-09-25T19:27:06Z,bpasero,User,CONTRIBUTOR,4,4,1,1,1,1,1,0,True,False,0,ok,
microsoft/vscode,246458,https://github.com/microsoft/vscode/pull/246458,chat - add action to accounts menu to setup copilot free,2025-04-14T06:32:32Z,2025-04-14T06:50:40Z,2025-04-14T06:50:40Z,2025-05-29T23:26:41Z,2026-09-25T19:27:08Z,bpasero,User,CONTRIBUTOR,25,0,1,1,1,1,1,0,True,False,0,ok,
microsoft/vscode,246198,https://github.com/microsoft/vscode/pull/246198,fix: runCommand type,2025-04-10T10:40:16Z,2025-04-14T14:16:47Z,2025-04-14T14:16:47Z,2025-05-29T23:26:42Z,2026-09-25T19:27:10Z,futurist,User,CONTRIBUTOR,2,2,2,2,2,2,2,0,True,False,0,ok,
microsoft/vscode,245899,https://github.com/microsoft/vscode/pull/245899,Scope down shell env api ,2025-04-07T18:29:32Z,2025-04-14T17:56:33Z,2025-04-14T17:56:33Z,2025-05-29T23:26:42Z,2026-09-25T19:27:11Z,anthonykim1,User,CONTRIBUTOR,86,153,5,13,3,2,1,0,True,False,0,ok,
microsoft/vscode,246606,https://github.com/microsoft/vscode/pull/246606,set `supportsToolPicker` for builtin tools,2025-04-15T10:35:06Z,2025-04-15T10:52:16Z,2025-04-15T10:52:16Z,2025-05-30T23:27:08Z,2026-09-25T19:27:13Z,jrieken,User,CONTRIBUTOR,1,3,1,1,1,1,1,0,True,False,0,ok,
microsoft/vscode,244934,https://github.com/microsoft/vscode/pull/244934,Fixes microsoft/vscode#240654: Avoid encoding reserved chars in JSON schema URL,2025-03-27T22:45:52Z,2025-04-16T06:50:28Z,2025-04-16T06:50:28Z,2025-05-31T23:26:37Z,2026-09-25T19:27:14Z,vincentcine,User,CONTRIBUTOR,1,1,1,1,3,3,3,0,True,False,0,ok,
microsoft/vscode,247073,https://github.com/microsoft/vscode/pull/247073,SCM - tweak secondary diff decoration colors,2025-04-21T18:53:22Z,2025-04-22T07:57:59Z,2025-04-22T07:57:59Z,2025-06-06T23:27:03Z,2026-09-25T19:27:15Z,lszomoru,User,MEMBER,2,2,1,1,1,1,1,0,True,False,0,ok,
microsoft/vscode,247261,https://github.com/microsoft/vscode/pull/247261,Fix edit text with backticks leaking into chat response,2025-04-23T23:44:25Z,2025-04-24T00:16:24Z,2025-04-24T00:16:24Z,2025-06-08T23:26:28Z,2026-09-25T19:27:16Z,roblourens,User,MEMBER,1,1,1,1,1,1,1,0,True,False,0,ok,
microsoft/vscode,247301,https://github.com/microsoft/vscode/pull/247301,Bump `@azure/msal-node-runtime` to 0.18.2,2025-04-24T10:01:27Z,2025-04-24T10:57:00Z,2025-04-24T10:57:00Z,2025-06-08T23:26:27Z,2026-09-25T19:27:18Z,TylerLeonhardt,User,MEMBER,6,3,2,1,1,1,1,0,True,False,0,ok,
microsoft/vscode,247322,https://github.com/microsoft/vscode/pull/247322,GitHub - revert ESM migration,2025-04-24T16:49:16Z,2025-04-24T17:24:59Z,2025-04-24T17:24:59Z,2025-06-08T23:26:26Z,2026-09-25T19:27:20Z,lszomoru,User,MEMBER,282,227,22,3,2,1,2,0,True,False,1,ok,
microsoft/vscode,247619,https://github.com/microsoft/vscode/pull/247619,Polishing prompt file snippets,2025-04-28T16:03:03Z,2025-04-28T22:09:39Z,2025-04-28T22:09:40Z,2025-06-12T23:27:09Z,2026-09-25T19:27:21Z,digitarald,User,CONTRIBUTOR,5,5,2,1,1,1,1,0,True,False,0,ok,
microsoft/vscode,248400,https://github.com/microsoft/vscode/pull/248400,add user description #247574,2025-05-08T12:56:48Z,2025-05-08T13:16:54Z,2025-05-08T13:16:54Z,2025-06-22T23:26:54Z,2026-09-25T19:27:22Z,sandy081,User,MEMBER,1,0,1,1,1,1,1,0,True,False,0,ok,
microsoft/vscode,248579,https://github.com/microsoft/vscode/pull/248579,Only show followups in Ask mode,2025-05-09T23:56:07Z,2025-05-10T04:16:42Z,2025-05-10T04:16:42Z,2025-06-24T23:27:18Z,2026-09-25T19:27:23Z,roblourens,User,MEMBER,9,8,1,1,1,1,1,0,True,False,0,ok,
microsoft/vscode,248684,https://github.com/microsoft/vscode/pull/248684,Enabling EditContext on stable,2025-05-12T07:39:18Z,2025-05-12T08:26:17Z,2025-05-12T08:26:17Z,2025-06-26T23:27:20Z,2026-09-25T19:27:24Z,aiday-mar,User,CONTRIBUTOR,1,2,1,1,1,1,1,0,True,False,0,ok,
microsoft/vscode,248724,https://github.com/microsoft/vscode/pull/248724,config: fix nested config resolution strings not getting resolved sometimes,2025-05-12T13:22:42Z,2025-05-12T13:57:37Z,2025-05-12T13:57:37Z,2025-06-26T23:27:20Z,2026-09-25T19:27:25Z,connor4312,User,MEMBER,64,7,2,2,2,2,2,0,True,False,0,ok,
microsoft/vscode,248747,https://github.com/microsoft/vscode/pull/248747,Add `runOptions.instancePolicy` for tasks,2025-05-12T17:24:23Z,2025-05-12T18:18:35Z,2025-05-12T18:18:35Z,2025-06-26T23:27:20Z,2026-09-25T19:27:27Z,meganrogge,User,COLLABORATOR,97,21,6,1,1,1,1,0,True,False,0,ok,
microsoft/vscode,248762,https://github.com/microsoft/vscode/pull/248762,swap chat input toolbar locations,2025-05-12T20:53:00Z,2025-05-12T22:12:18Z,2025-05-12T22:12:18Z,2025-06-26T23:27:20Z,2026-09-25T19:27:28Z,justschen,User,COLLABORATOR,34,30,7,3,2,2,2,0,True,False,0,ok,
microsoft/vscode,248861,https://github.com/microsoft/vscode/pull/248861,Recovery release) Revert #245264) Reverting parameter expansion in bash shell integration,2025-05-13T20:52:04Z,2025-05-13T21:12:39Z,2025-05-13T21:12:39Z,2025-06-27T23:27:37Z,2026-09-25T19:27:29Z,anthonykim1,User,CONTRIBUTOR,6,6,1,1,1,1,1,0,True,False,0,ok,
microsoft/vscode,249026,https://github.com/microsoft/vscode/pull/249026,:lipstick: more types,2025-05-15T13:48:57Z,2025-05-15T14:06:39Z,2025-05-15T14:06:39Z,2025-06-29T23:27:01Z,2026-09-25T19:27:30Z,bpasero,User,CONTRIBUTOR,6,7,1,1,1,1,1,0,True,False,0,ok,
microsoft/vscode,249052,https://github.com/microsoft/vscode/pull/249052,Don't allow element to be undefined when setting aria label,2025-05-15T22:03:49Z,2025-05-15T22:35:21Z,2025-05-15T22:35:21Z,2025-06-29T23:27:01Z,2026-09-25T19:27:31Z,lramos15,User,MEMBER,3,0,1,1,1,1,1,0,True,False,0,ok,
microsoft/vscode,249306,https://github.com/microsoft/vscode/pull/249306,Fixes previousValue for first run of runOnChange,2025-05-19T19:06:23Z,2025-05-19T19:25:11Z,2025-05-19T19:25:12Z,2025-07-03T23:27:15Z,2026-09-25T19:27:32Z,hediet,User,MEMBER,14,7,1,1,1,1,1,0,True,False,0,ok,
microsoft/vscode,249423,https://github.com/microsoft/vscode/pull/249423,debt - reduce use of node.js `path`,2025-05-21T06:44:54Z,2025-05-21T07:08:40Z,2025-05-21T07:08:40Z,2025-07-05T23:27:22Z,2026-09-25T19:27:33Z,bpasero,User,CONTRIBUTOR,57,68,12,1,1,1,1,0,True,False,0,ok,
microsoft/vscode,249516,https://github.com/microsoft/vscode/pull/249516,SCM Graph - do not show actions for folders,2025-05-22T06:43:52Z,2025-05-22T07:03:03Z,2025-05-22T07:03:03Z,2025-07-06T23:27:05Z,2026-09-25T19:27:34Z,lszomoru,User,MEMBER,12,6,1,1,1,1,1,0,True,False,0,ok,
microsoft/vscode,249964,https://github.com/microsoft/vscode/pull/249964,fix custom rendering of list servers command,2025-05-28T09:00:02Z,2025-05-28T09:27:01Z,2025-05-28T09:27:01Z,2025-07-12T23:28:31Z,2026-09-25T19:27:35Z,jrieken,User,CONTRIBUTOR,1,1,1,1,1,1,1,0,True,False,0,ok,
microsoft/vscode,250016,https://github.com/microsoft/vscode/pull/250016,Support for async keyword suggestions,2025-05-28T22:03:25Z,2025-05-28T22:23:10Z,2025-05-28T22:23:10Z,2025-07-12T23:28:31Z,2026-09-25T19:27:36Z,osortega,User,CONTRIBUTOR,64,47,5,1,1,1,1,0,True,False,0,ok,
microsoft/vscode,249292,https://github.com/microsoft/vscode/pull/249292,Bump undici from 7.3.0 to 7.9.0 in /remote,2025-05-19T16:18:33Z,2025-05-29T16:45:23Z,2025-05-29T16:45:23Z,2025-07-13T23:28:03Z,2026-09-25T19:27:38Z,dependabot[bot],Bot,CONTRIBUTOR,3,3,1,1,1,1,1,0,True,False,0,ok,
microsoft/vscode,250749,https://github.com/microsoft/vscode/pull/250749,chore: update @vscode/spdlog@0.15.2,2025-06-05T14:34:54Z,2025-06-05T15:07:14Z,2025-06-05T15:07:15Z,2025-07-20T23:28:25Z,2026-09-25T19:27:39Z,deepak1556,User,COLLABORATOR,10,10,4,1,1,1,1,0,True,False,0,ok,
microsoft/vscode,251055,https://github.com/microsoft/vscode/pull/251055,fix: smoke tests for stable with editcontext enabled,2025-06-10T03:22:30Z,2025-06-10T03:36:07Z,2025-06-10T03:36:07Z,2025-07-25T23:28:21Z,2026-09-25T19:27:40Z,deepak1556,User,COLLABORATOR,4,8,4,1,1,1,1,0,True,False,0,ok,
microsoft/vscode,251094,https://github.com/microsoft/vscode/pull/251094,Refactoring sticky scroll CSS file,2025-06-10T11:33:03Z,2025-06-10T12:08:31Z,2025-06-10T12:08:31Z,2025-07-25T23:28:21Z,2026-09-25T19:27:41Z,aiday-mar,User,CONTRIBUTOR,20,25,1,1,1,1,1,0,True,False,0,ok,
microsoft/vscode,252128,https://github.com/microsoft/vscode/pull/252128,add file to chat in file tabs,2025-06-23T05:32:19Z,2025-06-23T18:11:25Z,2025-06-23T18:11:25Z,2025-08-07T23:28:58Z,2026-09-25T19:27:42Z,justschen,User,COLLABORATOR,11,0,1,1,1,1,1,0,True,False,0,ok,
microsoft/vscode,252214,https://github.com/microsoft/vscode/pull/252214,improve git bash absolute path support,2025-06-23T18:37:38Z,2025-06-23T18:52:35Z,2025-06-23T18:52:35Z,2025-08-07T23:28:58Z,2026-09-25T19:27:44Z,meganrogge,User,COLLABORATOR,32,3,2,1,1,1,1,0,True,False,0,ok,
microsoft/vscode,252241,https://github.com/microsoft/vscode/pull/252241,Distro bump,2025-06-23T23:03:34Z,2025-06-24T00:24:26Z,2025-06-24T00:24:26Z,2025-08-08T23:27:50Z,2026-09-25T19:27:45Z,osortega,User,CONTRIBUTOR,1,1,1,2,1,1,1,0,True,False,0,ok,
microsoft/vscode,252483,https://github.com/microsoft/vscode/pull/252483,Open URL command: remember the last URL,2025-06-26T09:27:53Z,2025-06-26T09:42:03Z,2025-06-26T09:42:03Z,2025-08-10T23:27:34Z,2026-09-25T19:27:46Z,aeschli,User,CONTRIBUTOR,8,1,1,1,1,1,1,0,True,False,0,ok,
microsoft/vscode,252503,https://github.com/microsoft/vscode/pull/252503,chat mode: fix missing change events,2025-06-26T13:53:14Z,2025-06-26T14:12:54Z,2025-06-26T14:12:54Z,2025-08-10T23:27:34Z,2026-09-25T19:27:47Z,aeschli,User,CONTRIBUTOR,1,1,1,1,1,1,1,0,True,False,0,ok,
microsoft/vscode,252533,https://github.com/microsoft/vscode/pull/252533,layout - restore toggled state for maximised parts,2025-06-26T18:47:55Z,2025-06-26T19:04:33Z,2025-06-26T19:04:33Z,2025-08-10T23:27:34Z,2026-09-25T19:27:48Z,bpasero,User,CONTRIBUTOR,27,18,3,2,1,1,1,0,True,False,0,ok,
microsoft/vscode,253148,https://github.com/microsoft/vscode/pull/253148,lowercase 'coding agent' ,2025-07-01T01:44:31Z,2025-07-01T01:59:21Z,2025-07-01T01:59:21Z,2025-08-15T23:27:07Z,2026-09-25T19:27:49Z,joshspicer,User,CONTRIBUTOR,3,2,1,1,1,1,1,0,True,False,0,ok,
microsoft/vscode,253780,https://github.com/microsoft/vscode/pull/253780,Fix cancelled tool calls missing from history,2025-07-03T02:15:40Z,2025-07-03T10:02:27Z,2025-07-03T10:02:27Z,2025-08-17T23:27:29Z,2026-09-25T19:27:50Z,roblourens,User,MEMBER,9,1,1,3,1,1,1,0,True,False,0,ok,
microsoft/vscode,253781,https://github.com/microsoft/vscode/pull/253781,Use custom mode properly for all requests,2025-07-03T02:25:11Z,2025-07-03T10:03:34Z,2025-07-03T10:03:34Z,2025-08-17T23:27:29Z,2026-09-25T19:27:51Z,roblourens,User,MEMBER,7,9,6,1,1,1,1,0,True,False,0,ok,
microsoft/vscode,254280,https://github.com/microsoft/vscode/pull/254280,up `@playwright/test` to `1.53.2`,2025-07-06T05:19:26Z,2025-07-06T06:46:36Z,2025-07-06T06:46:36Z,2025-08-20T23:26:03Z,2026-09-25T19:27:52Z,bpasero,User,CONTRIBUTOR,14,14,3,2,1,1,1,0,True,False,0,ok,
microsoft/vscode,254421,https://github.com/microsoft/vscode/pull/254421,Fixes https://github.com/microsoft/vscode/issues/254419,2025-07-07T10:44:33Z,2025-07-07T13:17:40Z,2025-07-07T13:17:40Z,2025-08-21T23:26:23Z,2026-09-25T19:27:53Z,hediet,User,MEMBER,5,2,1,1,1,1,1,0,True,False,0,ok,
microsoft/vscode,254634,https://github.com/microsoft/vscode/pull/254634,Update grammars,2025-07-08T10:47:50Z,2025-07-08T10:59:19Z,2025-07-08T10:59:19Z,2025-08-22T23:26:10Z,2026-09-25T19:27:54Z,alexr00,User,MEMBER,214,90,12,1,1,1,1,0,True,False,0,ok,
microsoft/vscode,254646,https://github.com/microsoft/vscode/pull/254646,tests - close editors from debug API tests,2025-07-08T12:51:33Z,2025-07-08T13:27:47Z,2025-07-08T13:27:47Z,2025-08-22T23:26:09Z,2026-09-25T19:27:55Z,bpasero,User,CONTRIBUTOR,5,2,1,1,1,1,1,0,True,False,0,ok,
microsoft/vscode,255335,https://github.com/microsoft/vscode/pull/255335,relayout color picker on hover content change,2025-07-11T10:09:07Z,2025-07-11T10:20:55Z,2025-07-11T10:20:55Z,2025-08-25T23:26:57Z,2026-09-25T19:27:56Z,aiday-mar,User,CONTRIBUTOR,19,9,5,1,1,1,1,0,True,False,0,ok,
microsoft/vscode,255442,https://github.com/microsoft/vscode/pull/255442,Move `multibyteAwareBtoa` out of dom,2025-07-11T16:39:05Z,2025-07-11T20:09:05Z,2025-07-11T20:09:05Z,2025-08-25T23:26:56Z,2026-09-25T19:27:57Z,mjbvz,User,CONTRIBUTOR,39,36,7,1,4,3,1,0,True,False,0,ok,
microsoft/vscode,255753,https://github.com/microsoft/vscode/pull/255753,Tools in the chat mode are not correctly applied after a window reload,2025-07-14T09:34:29Z,2025-07-14T17:09:42Z,2025-07-14T17:09:42Z,2025-08-28T23:25:48Z,2026-09-25T19:27:58Z,aeschli,User,CONTRIBUTOR,11,8,3,1,1,1,1,0,True,False,0,ok,
microsoft/vscode,255856,https://github.com/microsoft/vscode/pull/255856,"Revert ""debt - make `vscode.executeDocumentSymbolProvider` very correct wrt what it returns (#251190)""",2025-07-14T17:44:06Z,2025-07-14T18:58:21Z,2025-07-14T18:58:21Z,2025-08-28T23:25:47Z,2026-09-25T19:27:59Z,aeschli,User,CONTRIBUTOR,33,58,3,1,1,1,1,0,True,False,0,ok,
microsoft/vscode,255979,https://github.com/microsoft/vscode/pull/255979,SCM - use sequencer for tree operations,2025-07-15T09:24:18Z,2025-07-15T09:39:40Z,2025-07-15T09:39:40Z,2025-08-29T23:25:44Z,2026-09-25T19:28:00Z,lszomoru,User,MEMBER,28,26,1,1,1,1,1,0,True,False,0,ok,
microsoft/vscode,256059,https://github.com/microsoft/vscode/pull/256059,Git - do not prompt for opening worktrees,2025-07-15T15:24:01Z,2025-07-15T15:41:27Z,2025-07-15T15:41:27Z,2025-08-29T23:25:43Z,2026-09-25T19:28:01Z,lszomoru,User,MEMBER,3,3,1,1,1,1,1,0,True,False,0,ok,
microsoft/vscode,256965,https://github.com/microsoft/vscode/pull/256965,fix: set edit context to undefined in dispose,2025-07-20T21:05:55Z,2025-07-21T09:24:58Z,2025-07-21T09:24:58Z,2026-01-15T15:59:38Z,2026-09-25T19:28:03Z,SimonSiefke,User,CONTRIBUTOR,1,0,1,1,2,2,2,0,True,False,0,ok,
microsoft/vscode,257494,https://github.com/microsoft/vscode/pull/257494,SCM - fix edge case with setting the active repository,2025-07-23T17:34:45Z,2025-07-23T20:22:57Z,2025-07-23T20:22:57Z,2025-09-06T23:24:34Z,2026-09-25T19:28:04Z,lszomoru,User,MEMBER,8,0,1,1,2,2,2,0,True,False,0,ok,
microsoft/vscode,257861,https://github.com/microsoft/vscode/pull/257861,Add Show JSON Configuration,2025-07-25T16:26:30Z,2025-07-25T16:39:11Z,2025-07-25T16:39:11Z,2025-09-08T23:26:00Z,2026-09-25T19:28:05Z,sandy081,User,MEMBER,57,1,1,1,1,1,1,0,True,False,0,ok,
microsoft/vscode,258209,https://github.com/microsoft/vscode/pull/258209,Fixes leaking disposable,2025-07-28T12:21:30Z,2025-07-28T12:33:53Z,2025-07-28T12:33:53Z,2025-09-11T23:25:43Z,2026-09-25T19:28:06Z,hediet,User,MEMBER,2,2,1,1,1,1,1,0,True,False,0,ok,
microsoft/vscode,258870,https://github.com/microsoft/vscode/pull/258870,Layout on content change & track some disposables,2025-07-30T18:40:42Z,2025-07-30T18:52:32Z,2025-07-30T18:52:32Z,2025-09-13T23:24:35Z,2026-09-25T19:28:07Z,TylerLeonhardt,User,MEMBER,4,3,2,1,2,2,2,0,True,False,0,ok,
microsoft/vscode,259042,https://github.com/microsoft/vscode/pull/259042,using correct selection direction,2025-07-31T16:54:26Z,2025-07-31T17:13:37Z,2025-07-31T17:13:37Z,2025-09-14T23:24:46Z,2026-09-25T19:28:08Z,aiday-mar,User,CONTRIBUTOR,56,28,4,1,1,1,1,0,True,False,0,ok,
microsoft/vscode,259414,https://github.com/microsoft/vscode/pull/259414,Don't refresh cached globals automatically ,2025-08-03T12:16:05Z,2025-08-04T05:51:12Z,2025-08-04T05:51:13Z,2025-09-18T23:25:21Z,2026-09-25T19:28:09Z,Tyriar,User,CONTRIBUTOR,22,7,3,2,1,1,1,0,True,False,0,ok,
microsoft/vscode,259205,https://github.com/microsoft/vscode/pull/259205,Handle environment variable syntax in terminal command auto-approval,2025-08-01T13:16:44Z,2025-08-04T23:28:12Z,2025-08-04T23:28:12Z,2025-09-19T23:25:19Z,2026-09-25T19:28:10Z,Copilot,Bot,CONTRIBUTOR,114,4,2,6,2,2,2,0,True,False,0,ok,
microsoft/vscode,257162,https://github.com/microsoft/vscode/pull/257162,Bump form-data from 3.0.0 to 3.0.4 in /extensions/microsoft-authentication,2025-07-21T22:58:30Z,2025-08-06T15:52:51Z,2025-08-06T15:52:51Z,2025-09-20T23:25:24Z,2026-09-25T19:28:11Z,dependabot[bot],Bot,CONTRIBUTOR,208,11,1,1,1,1,1,0,True,False,0,ok,
microsoft/vscode,260123,https://github.com/microsoft/vscode/pull/260123,Add Command Palette and Keybinding Support to Toggle Debug Exception Breakpoints,2025-08-06T15:52:26Z,2025-08-06T20:19:59Z,2025-08-06T20:19:59Z,2025-09-20T23:25:01Z,2026-09-25T19:28:13Z,Copilot,Bot,CONTRIBUTOR,86,1,1,5,2,2,2,0,True,False,0,ok,
microsoft/vscode,261021,https://github.com/microsoft/vscode/pull/261021,Auto approve cd,2025-08-11T12:14:53Z,2025-08-11T12:31:08Z,2025-08-11T12:31:08Z,2025-09-25T23:25:40Z,2026-09-25T19:28:14Z,Tyriar,User,CONTRIBUTOR,1,0,1,1,1,1,1,0,True,False,0,ok,
microsoft/vscode,260321,https://github.com/microsoft/vscode/pull/260321,fix: re-install command on macOS via elevation,2025-08-07T12:57:11Z,2025-08-13T10:37:49Z,2025-08-13T10:37:49Z,2025-09-27T23:25:14Z,2026-09-25T19:28:17Z,deepak1556,User,COLLABORATOR,19,26,1,1,1,1,1,0,True,False,0,ok,
microsoft/vscode,262311,https://github.com/microsoft/vscode/pull/262311,Terminal tool: Use hardcoded command list for telemetry reporting,2025-08-19T12:11:49Z,2025-08-19T15:07:40Z,2025-08-19T15:07:40Z,2025-10-03T23:25:07Z,2026-09-25T19:28:19Z,Copilot,Bot,CONTRIBUTOR,306,1,3,5,6,3,2,1,True,True,0,ok,
microsoft/vscode,262529,https://github.com/microsoft/vscode/pull/262529,Welcome descriptor is always a markdown string,2025-08-20T17:18:47Z,2025-08-20T17:31:05Z,2025-08-20T17:31:05Z,2025-10-04T23:25:10Z,2026-09-25T19:28:20Z,mjbvz,User,CONTRIBUTOR,27,32,2,1,1,1,1,0,True,False,0,ok,
microsoft/vscode,262918,https://github.com/microsoft/vscode/pull/262918,Fix auto approve issues after ToolConfirmKind introduction,2025-08-22T13:31:05Z,2025-08-22T13:43:07Z,2025-08-22T13:43:07Z,2025-10-06T23:25:44Z,2026-09-25T19:28:21Z,Tyriar,User,CONTRIBUTOR,24,7,2,1,1,1,1,0,True,False,0,ok,
microsoft/vscode,263079,https://github.com/microsoft/vscode/pull/263079,Wait for rich SI to enter prompt before executing,2025-08-23T15:37:23Z,2025-08-23T16:38:37Z,2025-08-23T16:38:37Z,2025-10-07T23:25:31Z,2026-09-25T19:28:22Z,Tyriar,User,CONTRIBUTOR,21,6,2,1,1,1,1,0,True,False,0,ok,
microsoft/vscode,263170,https://github.com/microsoft/vscode/pull/263170,Add terminal suggest git kinds with icons,2025-08-24T18:40:11Z,2025-08-24T18:54:12Z,2025-08-24T18:54:12Z,2025-10-08T23:25:41Z,2026-09-25T19:28:24Z,Tyriar,User,CONTRIBUTOR,66,27,7,1,1,1,1,0,True,False,0,ok,
microsoft/vscode,263211,https://github.com/microsoft/vscode/pull/263211,chat - use `chatSparkle` consistently,2025-08-25T07:39:27Z,2025-08-25T07:55:06Z,2025-08-25T07:55:07Z,2025-10-09T23:25:38Z,2026-09-25T19:28:25Z,bpasero,User,CONTRIBUTOR,5,5,4,1,1,1,1,0,True,False,0,ok,
microsoft/vscode,263473,https://github.com/microsoft/vscode/pull/263473,Report groupId,2025-08-26T20:44:13Z,2025-08-26T21:07:03Z,2025-08-26T21:07:03Z,2025-10-10T23:25:12Z,2026-09-25T19:28:26Z,benibenj,User,CONTRIBUTOR,3,0,1,1,1,1,1,0,True,False,0,ok,
microsoft/vscode,263927,https://github.com/microsoft/vscode/pull/263927,"Enable users to view and apply changes from worktree to main repo, per file",2025-08-28T23:48:13Z,2025-09-02T13:28:07Z,2025-09-02T13:28:07Z,2025-10-17T23:25:29Z,2026-09-25T19:28:28Z,nguyenchristy,User,CONTRIBUTOR,67,13,4,4,5,2,1,2,True,True,0,ok,
microsoft/vscode,254285,https://github.com/microsoft/vscode/pull/254285,feat: Include/ Exclude file types from file search,2025-07-06T05:50:13Z,2025-09-02T21:28:18Z,2025-09-02T21:28:18Z,2025-10-18T23:26:05Z,2026-09-25T19:28:29Z,kplates,User,CONTRIBUTOR,94,0,2,4,2,2,2,0,True,False,0,ok,
microsoft/vscode,264803,https://github.com/microsoft/vscode/pull/264803,remove `id` property from ChatSessionsContribution,2025-09-02T23:44:07Z,2025-09-03T16:13:35Z,2025-09-03T16:13:35Z,2025-10-18T23:25:54Z,2026-09-25T19:28:30Z,joshspicer,User,CONTRIBUTOR,0,2,2,1,1,1,1,0,True,False,0,ok,
microsoft/vscode,265987,https://github.com/microsoft/vscode/pull/265987,refactor - remove `stripWildcards` function and update normalization logic,2025-09-10T06:20:21Z,2025-09-10T06:41:06Z,2025-09-10T06:41:06Z,2025-10-25T23:25:22Z,2026-09-25T19:28:31Z,bpasero,User,CONTRIBUTOR,7,7,2,1,1,1,1,0,True,False,0,ok,
microsoft/vscode,266215,https://github.com/microsoft/vscode/pull/266215,More logs around MCP Auth,2025-09-11T15:25:33Z,2025-09-11T16:29:55Z,2025-09-11T16:29:55Z,2025-10-26T23:26:05Z,2026-09-25T19:28:32Z,TylerLeonhardt,User,MEMBER,26,19,2,1,1,1,1,0,True,False,0,ok,
microsoft/vscode,266263,https://github.com/microsoft/vscode/pull/266263,new prompt file parser,2025-09-11T20:42:54Z,2025-09-15T13:52:06Z,2025-09-15T13:52:06Z,2025-10-31T23:26:27Z,2026-09-25T19:28:34Z,aeschli,User,CONTRIBUTOR,3536,508,22,29,2,1,2,0,True,False,1,ok,
microsoft/vscode,266995,https://github.com/microsoft/vscode/pull/266995,chore: add small fixIssueNo utility prompt,2025-09-15T23:09:21Z,2025-09-15T23:21:03Z,2025-09-15T23:21:04Z,2025-10-30T23:26:01Z,2026-09-25T19:28:35Z,connor4312,User,MEMBER,8,0,1,1,1,1,1,0,True,False,0,ok,
microsoft/vscode,267762,https://github.com/microsoft/vscode/pull/267762,"promptsFilesLocator: reduce number of tests (merge), dispose MockFilesystem",2025-09-22T10:27:14Z,2025-09-22T10:38:53Z,2025-09-22T10:38:54Z,2025-11-06T23:26:46Z,2026-09-25T19:28:37Z,aeschli,User,CONTRIBUTOR,738,722,3,1,2,2,1,0,True,False,0,ok,
microsoft/vscode,268025,https://github.com/microsoft/vscode/pull/268025,mcp: ensure tool refresh finishes after dynamic tool call,2025-09-23T18:36:33Z,2025-09-23T18:58:11Z,2025-09-23T18:58:11Z,2025-11-07T23:26:10Z,2026-09-25T19:28:38Z,connor4312,User,MEMBER,37,13,1,1,2,2,1,0,True,False,0,ok,
microsoft/vscode,268662,https://github.com/microsoft/vscode/pull/268662,show attach text when there are pills in chat,2025-09-27T11:34:06Z,2025-09-27T14:23:33Z,2025-09-27T14:23:33Z,2025-11-11T23:26:52Z,2026-09-25T19:28:39Z,justschen,User,COLLABORATOR,55,11,2,1,2,2,1,0,True,False,0,ok,
microsoft/vscode,268873,https://github.com/microsoft/vscode/pull/268873,Add 'thinking' codicon to the codicons library,2025-09-29T14:56:47Z,2025-09-29T15:08:57Z,2025-09-29T15:08:57Z,2025-11-13T23:28:28Z,2026-09-25T19:28:40Z,mrleemurray,User,CONTRIBUTOR,1,0,2,1,2,2,1,0,True,False,0,ok,
microsoft/vscode,268942,https://github.com/microsoft/vscode/pull/268942,only initial long run should show notification,2025-09-29T19:53:18Z,2025-09-29T20:11:57Z,2025-09-29T20:11:57Z,2025-11-13T23:28:28Z,2026-09-25T19:28:41Z,meganrogge,User,COLLABORATOR,3,0,1,2,2,2,1,0,True,False,0,ok,
microsoft/vscode,269393,https://github.com/microsoft/vscode/pull/269393,mcp: fix wrong progress bar position in editor chat,2025-10-01T17:14:21Z,2025-10-01T17:26:23Z,2025-10-01T17:26:23Z,2025-11-15T23:26:18Z,2026-09-25T19:28:43Z,connor4312,User,MEMBER,3,0,1,1,2,2,1,0,True,False,0,ok,
microsoft/vscode,269558,https://github.com/microsoft/vscode/pull/269558,Send fewer telemetry events,2025-10-02T15:45:58Z,2025-10-02T16:36:44Z,2025-10-02T16:36:44Z,2025-11-16T23:26:20Z,2026-09-25T19:28:45Z,benibenj,User,CONTRIBUTOR,58,4,2,4,4,4,3,0,True,False,2,ok,
microsoft/vscode,269814,https://github.com/microsoft/vscode/pull/269814,debt - reduce explicit `any` usage,2025-10-04T06:48:29Z,2025-10-06T15:19:57Z,2025-10-06T15:19:57Z,2025-11-20T23:26:46Z,2026-09-25T19:28:46Z,bpasero,User,CONTRIBUTOR,645,583,137,38,2,2,1,0,True,False,0,ok,
microsoft/vscode,270057,https://github.com/microsoft/vscode/pull/270057,Use `replaceWith` in to avoid not null assertions,2025-10-06T16:47:58Z,2025-10-06T17:49:10Z,2025-10-06T17:49:10Z,2025-11-20T23:26:44Z,2026-09-25T19:28:47Z,mjbvz,User,CONTRIBUTOR,8,14,5,1,2,2,1,0,True,False,0,ok,
microsoft/vscode,270139,https://github.com/microsoft/vscode/pull/270139,debt - reduce `any` type,2025-10-07T06:57:10Z,2025-10-07T07:29:13Z,2025-10-07T07:29:13Z,2025-11-21T23:26:48Z,2026-09-25T19:28:49Z,bpasero,User,CONTRIBUTOR,146,289,37,3,2,2,1,0,True,False,0,ok,
microsoft/vscode,270152,https://github.com/microsoft/vscode/pull/270152,Try to not render above cursor when not allowing code shifting,2025-10-07T08:41:10Z,2025-10-07T09:07:38Z,2025-10-07T09:07:38Z,2025-11-21T23:26:48Z,2026-09-25T19:28:50Z,benibenj,User,CONTRIBUTOR,38,2,5,2,2,2,1,0,True,False,0,ok,
microsoft/vscode,270159,https://github.com/microsoft/vscode/pull/270159,Workspace - remove the use of `any` in tests,2025-10-07T09:15:23Z,2025-10-07T09:29:57Z,2025-10-07T09:29:57Z,2025-11-21T23:26:47Z,2026-09-25T19:28:51Z,lszomoru,User,MEMBER,4,5,1,1,2,2,1,0,True,False,0,ok,
microsoft/vscode,270334,https://github.com/microsoft/vscode/pull/270334,Fix #270285 by reverting 83ece74489047036a0ae32e0abca2f555b1150e,2025-10-08T09:21:47Z,2025-10-08T10:11:09Z,2025-10-08T10:11:09Z,2025-11-22T23:26:45Z,2026-09-25T19:28:52Z,sandy081,User,MEMBER,3,2,3,1,2,2,1,0,True,False,0,ok,
microsoft/vscode,271282,https://github.com/microsoft/vscode/pull/271282,align thinking with tool confirmation,2025-10-14T10:01:11Z,2025-10-14T11:35:49Z,2025-10-14T11:35:49Z,2025-11-28T23:26:58Z,2026-09-25T19:28:53Z,justschen,User,COLLABORATOR,24,33,2,1,2,2,1,0,True,False,0,ok,
microsoft/vscode,270625,https://github.com/microsoft/vscode/pull/270625,fix: search in open editors for files with square brackets in names,2025-10-09T18:59:04Z,2025-10-14T16:34:25Z,2025-10-14T16:34:25Z,2025-11-28T23:26:59Z,2026-09-25T19:28:55Z,bryanchen-d,User,COLLABORATOR,23,4,2,3,7,3,1,0,True,False,0,ok,
microsoft/vscode,270041,https://github.com/microsoft/vscode/pull/270041,Pick up latest dompurify,2025-10-06T15:29:28Z,2025-10-14T18:42:08Z,2025-10-14T18:42:08Z,2025-11-28T23:26:59Z,2026-09-25T19:28:56Z,mjbvz,User,CONTRIBUTOR,675,567,16,10,3,3,2,0,True,False,1,ok,
microsoft/vscode,271404,https://github.com/microsoft/vscode/pull/271404,Version bump,2025-10-14T22:05:15Z,2025-10-14T22:27:19Z,2025-10-14T22:27:19Z,2025-11-28T23:26:57Z,2026-09-25T19:28:58Z,mjbvz,User,CONTRIBUTOR,4,4,2,1,1,1,1,0,True,False,0,ok,
microsoft/vscode,271503,https://github.com/microsoft/vscode/pull/271503,"fix compile errors, fyi @roblourens",2025-10-15T11:06:54Z,2025-10-15T11:24:03Z,2025-10-15T11:24:03Z,2025-11-29T23:26:39Z,2026-09-25T19:28:59Z,jrieken,User,CONTRIBUTOR,2,1,1,1,2,2,1,0,True,False,0,ok,
microsoft/vscode,271595,https://github.com/microsoft/vscode/pull/271595,Add example fix for unexternalized strings,2025-10-15T21:08:05Z,2025-10-15T21:59:53Z,2025-10-15T21:59:53Z,2025-11-29T23:26:39Z,2026-09-25T19:29:00Z,mjbvz,User,CONTRIBUTOR,34,1,1,1,2,2,1,0,True,False,0,ok,
microsoft/vscode,270313,https://github.com/microsoft/vscode/pull/270313,Remove deprecated managedhover from findwidget + toggle,2025-10-08T05:02:21Z,2025-10-19T12:08:34Z,2025-10-19T12:08:35Z,2025-12-03T23:26:45Z,2026-09-25T19:29:01Z,Tyriar,User,CONTRIBUTOR,117,64,15,11,8,4,1,0,True,False,0,ok,
microsoft/vscode,272018,https://github.com/microsoft/vscode/pull/272018,Generate policy data as JSON,2025-10-17T23:15:01Z,2025-10-20T21:38:48Z,2025-10-20T21:38:48Z,2025-12-04T23:28:29Z,2026-09-25T19:29:03Z,pwang347,User,MEMBER,1042,592,31,12,13,4,1,0,True,False,0,ok,
microsoft/vscode,272544,https://github.com/microsoft/vscode/pull/272544,"extract _switchToAgentByName, use for handoffs",2025-10-21T19:56:27Z,2025-10-21T20:16:20Z,2025-10-21T20:16:20Z,2025-12-05T23:27:43Z,2026-09-25T19:29:04Z,aeschli,User,CONTRIBUTOR,21,15,1,2,2,2,1,0,True,False,0,ok,
microsoft/vscode,272576,https://github.com/microsoft/vscode/pull/272576,Add contribution point for chat session create menu,2025-10-22T00:01:25Z,2025-10-22T17:06:28Z,2025-10-22T17:06:28Z,2025-12-06T23:27:02Z,2026-09-25T19:29:05Z,mjbvz,User,CONTRIBUTOR,51,16,4,2,2,2,1,0,True,False,0,ok,
microsoft/vscode,272281,https://github.com/microsoft/vscode/pull/272281,Use tree sitter for parsing terminal auto approve sub-commands,2025-10-20T14:25:59Z,2025-10-22T21:34:37Z,2025-10-22T21:34:37Z,2025-12-06T23:27:14Z,2026-09-25T19:29:06Z,Tyriar,User,CONTRIBUTOR,283,783,19,22,6,3,1,0,True,False,0,ok,
microsoft/vscode,272918,https://github.com/microsoft/vscode/pull/272918,support `argument-hint` in agents and prompt files,2025-10-23T14:32:48Z,2025-10-23T15:55:06Z,2025-10-23T15:55:06Z,2025-12-07T23:26:37Z,2026-09-25T19:29:07Z,aeschli,User,CONTRIBUTOR,142,12,8,3,2,2,1,0,True,False,0,ok,
microsoft/vscode,272977,https://github.com/microsoft/vscode/pull/272977,ensure we hide options picker if session has nothing to contribute,2025-10-23T18:54:53Z,2025-10-23T19:22:53Z,2025-10-23T19:22:53Z,2025-12-07T23:26:36Z,2026-09-25T19:29:08Z,joshspicer,User,CONTRIBUTOR,18,0,4,1,3,3,1,0,True,False,0,ok,
microsoft/vscode,272299,https://github.com/microsoft/vscode/pull/272299,Add when clause support to languageModelChatProviders contribution,2025-10-20T16:21:20Z,2025-10-24T16:54:05Z,2025-10-24T16:54:06Z,2025-12-08T23:28:13Z,2026-09-25T19:29:12Z,Copilot,Bot,CONTRIBUTOR,106,2,2,7,4,4,2,1,True,True,1,ok,
microsoft/vscode,273331,https://github.com/microsoft/vscode/pull/273331,chat agent editor should not be replaced after open,2025-10-25T21:45:18Z,2025-10-25T22:23:25Z,2025-10-25T22:23:25Z,2025-12-09T23:28:09Z,2026-09-25T19:29:13Z,rebornix,User,CONTRIBUTOR,2,1,1,1,1,1,1,0,True,False,0,ok,
microsoft/vscode,273337,https://github.com/microsoft/vscode/pull/273337,"universe: fix ""cloud button v2"" bugs",2025-10-25T22:29:16Z,2025-10-25T22:42:13Z,2025-10-25T22:42:13Z,2025-12-09T23:28:09Z,2026-09-25T19:29:14Z,joshspicer,User,CONTRIBUTOR,42,10,1,2,2,2,2,0,True,False,0,ok,
microsoft/vscode,273553,https://github.com/microsoft/vscode/pull/273553,Remove `/** */` auto-closing from gitignore syntax,2025-10-27T13:30:52Z,2025-10-27T15:33:22Z,2025-10-27T15:33:22Z,2025-12-11T23:28:12Z,2026-09-25T19:29:16Z,kycutler,User,COLLABORATOR,1,2,1,1,2,2,1,0,True,False,0,ok,
microsoft/vscode,273643,https://github.com/microsoft/vscode/pull/273643,chat todo list:  disable clear while request in progress; update styles and tests,2025-10-27T21:26:43Z,2025-10-27T22:38:19Z,2025-10-27T22:38:19Z,2025-12-11T23:28:12Z,2026-09-25T19:29:17Z,bhavyaus,User,COLLABORATOR,81,51,3,2,2,2,1,0,True,False,0,ok,
microsoft/vscode,273792,https://github.com/microsoft/vscode/pull/273792,Adopt DisposableMap to track contribution disposables,2025-10-28T17:25:14Z,2025-10-28T18:48:12Z,2025-10-28T18:48:12Z,2025-12-12T23:39:22Z,2026-09-25T19:29:18Z,mjbvz,User,CONTRIBUTOR,10,15,1,1,2,2,1,0,True,False,0,ok,
microsoft/vscode,273975,https://github.com/microsoft/vscode/pull/273975,rm the no-op test,2025-10-29T15:16:39Z,2025-10-30T16:54:24Z,2025-10-30T16:54:24Z,2025-12-14T23:27:18Z,2026-09-25T19:29:20Z,connor4312,User,MEMBER,0,33,1,1,2,2,1,0,True,False,0,ok,
microsoft/vscode,274147,https://github.com/microsoft/vscode/pull/274147,add advanced badge,2025-10-30T16:34:37Z,2025-10-30T17:01:34Z,2025-10-30T17:01:34Z,2025-12-14T23:27:16Z,2026-09-25T19:29:21Z,sandy081,User,MEMBER,11,5,2,1,2,2,1,0,True,False,0,ok,
microsoft/vscode,274195,https://github.com/microsoft/vscode/pull/274195,edits: fix duplicate lines in edit files,2025-10-30T19:57:02Z,2025-10-30T20:26:33Z,2025-10-30T20:26:33Z,2025-12-14T23:27:16Z,2026-09-25T19:29:22Z,connor4312,User,MEMBER,21,15,3,1,2,2,1,0,True,False,0,ok,
microsoft/vscode,274299,https://github.com/microsoft/vscode/pull/274299,Use target OS case-sensitivity when matching terminal completion resource glob pattern,2025-10-31T09:47:30Z,2025-10-31T12:20:28Z,2025-10-31T12:20:28Z,2025-12-15T23:28:48Z,2026-09-25T19:29:23Z,dmitrivMS,User,COLLABORATOR,4,3,1,4,2,2,1,0,True,False,0,ok,
microsoft/vscode,274415,https://github.com/microsoft/vscode/pull/274415,Fix another problem in SparseMultilineTokensStorage,2025-10-31T19:21:17Z,2025-10-31T20:07:08Z,2025-10-31T20:07:08Z,2025-12-15T23:28:46Z,2026-09-25T19:29:25Z,alexdima,User,MEMBER,55,0,2,2,2,2,1,0,True,False,0,ok,
microsoft/vscode,274753,https://github.com/microsoft/vscode/pull/274753,Ensure SI capabilities are added ASAP,2025-11-03T13:55:44Z,2025-11-03T14:27:25Z,2025-11-03T14:27:25Z,2025-12-18T23:28:32Z,2026-09-25T19:29:26Z,Tyriar,User,CONTRIBUTOR,4,3,1,1,2,2,1,0,True,False,0,ok,
microsoft/vscode,274765,https://github.com/microsoft/vscode/pull/274765,Adopt @vscode/proxy-agent 0.36.0,2025-11-03T14:29:18Z,2025-11-03T16:05:25Z,2025-11-03T16:05:25Z,2025-12-18T23:28:32Z,2026-09-25T19:29:28Z,chrmarti,User,COLLABORATOR,36,34,8,2,4,4,3,0,True,False,1,ok,
microsoft/vscode,274800,https://github.com/microsoft/vscode/pull/274800,SCM - set min height and expand repository when toggling the setting,2025-11-03T16:32:18Z,2025-11-03T17:07:54Z,2025-11-03T17:07:54Z,2025-12-18T23:28:32Z,2026-09-25T19:29:30Z,lszomoru,User,MEMBER,7,0,1,2,3,3,2,0,True,False,1,ok,
microsoft/vscode,274881,https://github.com/microsoft/vscode/pull/274881,"if part is hidden, like a failed apply patch, do not break thinking",2025-11-03T20:58:28Z,2025-11-03T21:17:08Z,2025-11-03T21:17:08Z,2025-12-18T23:28:29Z,2026-09-25T19:29:31Z,justschen,User,COLLABORATOR,1,1,1,1,2,2,1,0,True,False,0,ok,
microsoft/vscode,275590,https://github.com/microsoft/vscode/pull/275590,Truncate terminal attachment hover contents,2025-11-05T15:12:55Z,2025-11-05T15:53:18Z,2025-11-05T15:53:18Z,2025-12-20T23:27:16Z,2026-09-25T19:29:32Z,Tyriar,User,CONTRIBUTOR,22,14,1,1,2,2,1,0,True,False,0,ok,
microsoft/vscode,275684,https://github.com/microsoft/vscode/pull/275684,Fix infinite loop,2025-11-05T21:23:52Z,2025-11-05T21:42:37Z,2025-11-05T21:42:37Z,2025-12-20T23:27:16Z,2026-09-25T19:29:33Z,lramos15,User,MEMBER,5,2,1,1,2,2,1,0,True,False,0,ok,
microsoft/vscode,275734,https://github.com/microsoft/vscode/pull/275734,runSubagent2 -> runSubagent,2025-11-06T03:01:25Z,2025-11-06T05:50:00Z,2025-11-06T05:50:00Z,2025-12-21T23:27:49Z,2026-09-25T19:29:34Z,roblourens,User,MEMBER,2,4,1,1,2,2,1,0,True,False,0,ok,
microsoft/vscode,275943,https://github.com/microsoft/vscode/pull/275943,Don't include codex tabs as attachable content for chat,2025-11-06T21:42:09Z,2025-11-06T22:01:22Z,2025-11-06T22:01:22Z,2025-12-21T23:27:36Z,2026-09-25T19:29:36Z,mjbvz,User,CONTRIBUTOR,1,0,1,1,2,2,1,0,True,False,0,ok,
microsoft/vscode,276550,https://github.com/microsoft/vscode/pull/276550,Allow partial monacoEnvironment.getWorker/getWorkerUrl,2025-11-10T17:18:14Z,2025-11-10T17:57:10Z,2025-11-10T17:57:10Z,2025-12-25T23:28:16Z,2026-09-25T19:29:37Z,hediet,User,MEMBER,7,2,1,1,3,3,1,0,True,False,0,ok,
microsoft/vscode,277931,https://github.com/microsoft/vscode/pull/277931,quick input - restore `QuickInputHideReason.Gesture` on `Escape`,2025-11-17T19:21:03Z,2025-11-17T19:51:57Z,2025-11-17T19:51:57Z,2026-01-01T23:28:34Z,2026-09-25T19:29:38Z,bpasero,User,CONTRIBUTOR,8,8,4,1,2,2,1,0,True,False,0,ok,
microsoft/vscode,277893,https://github.com/microsoft/vscode/pull/277893,Update icon sizes from 18x18 to 16x16,2025-11-17T17:09:12Z,2025-11-18T09:42:44Z,2025-11-18T09:42:44Z,2026-01-02T23:27:58Z,2026-09-25T19:29:39Z,mrleemurray,User,CONTRIBUTOR,0,0,1,1,2,2,2,0,True,False,0,ok,
microsoft/vscode,277906,https://github.com/microsoft/vscode/pull/277906,Bump js-yaml from 3.14.0 to 3.14.2 in /extensions/npm,2025-11-17T17:51:07Z,2025-11-18T15:32:53Z,2025-11-18T15:32:54Z,2026-01-02T23:27:58Z,2026-09-25T19:29:40Z,dependabot[bot],Bot,CONTRIBUTOR,4,3,1,1,1,1,1,0,True,False,0,ok,
microsoft/vscode,278424,https://github.com/microsoft/vscode/pull/278424,Only save chats to history,2025-11-19T19:47:01Z,2025-11-20T04:39:51Z,2025-11-20T04:39:51Z,2026-01-04T23:28:34Z,2026-09-25T19:29:42Z,osortega,User,CONTRIBUTOR,2,2,1,1,2,2,1,0,True,False,0,ok,
microsoft/vscode,276848,https://github.com/microsoft/vscode/pull/276848,Fix sticky scroll checkbox click not triggering change event,2025-11-12T03:12:25Z,2025-11-21T03:17:18Z,2025-11-21T03:17:18Z,2026-01-06T23:29:08Z,2026-09-25T19:29:43Z,Copilot,Bot,CONTRIBUTOR,82,44,2,13,3,3,2,0,True,False,0,ok,
microsoft/vscode,278737,https://github.com/microsoft/vscode/pull/278737,Fixes vite workbench setup,2025-11-21T10:06:16Z,2025-11-21T10:45:02Z,2025-11-21T10:45:02Z,2026-01-05T23:28:51Z,2026-09-25T19:29:44Z,hediet,User,MEMBER,12,7,5,2,2,2,1,0,True,False,0,ok,
microsoft/vscode,278807,https://github.com/microsoft/vscode/pull/278807,debt - reduce explicit `any`,2025-11-21T16:10:37Z,2025-11-21T16:29:26Z,2025-11-21T16:29:26Z,2026-01-05T23:28:49Z,2026-09-25T19:29:45Z,bpasero,User,CONTRIBUTOR,19,26,13,1,2,2,1,0,True,False,0,ok,
microsoft/vscode,278856,https://github.com/microsoft/vscode/pull/278856,Fix vscode-playwright-mcp building & improve tools listed in demonstrate,2025-11-21T20:11:31Z,2025-11-21T20:31:15Z,2025-11-21T20:31:15Z,2026-01-05T23:28:49Z,2026-09-25T19:29:46Z,TylerLeonhardt,User,MEMBER,23,2,2,1,2,2,1,0,True,False,0,ok,
microsoft/vscode,276847,https://github.com/microsoft/vscode/pull/276847,Fix multiple items showing selection in tree when clicking twisties,2025-11-12T03:10:05Z,2025-11-21T21:17:06Z,2025-11-21T21:17:06Z,2026-01-06T23:29:08Z,2026-09-25T19:29:48Z,Copilot,Bot,CONTRIBUTOR,9,0,1,16,6,3,3,0,True,False,0,ok,
microsoft/vscode,278979,https://github.com/microsoft/vscode/pull/278979,Add disableBackgroundKeepAlive option for chat sessions,2025-11-22T20:58:09Z,2025-11-24T06:20:41Z,2025-11-24T06:20:41Z,2026-01-08T23:26:59Z,2026-09-25T19:29:49Z,roblourens,User,MEMBER,15,8,5,3,2,2,1,0,True,False,0,ok,
microsoft/vscode,279279,https://github.com/microsoft/vscode/pull/279279,Handle undefined gettingStartedInput,2025-11-25T05:19:39Z,2025-11-25T06:04:28Z,2025-11-25T06:04:28Z,2026-01-09T23:28:45Z,2026-09-25T19:29:50Z,bhavyaus,User,COLLABORATOR,42,19,2,3,2,2,1,0,True,False,0,ok,
microsoft/vscode,279510,https://github.com/microsoft/vscode/pull/279510,fix: portable path in versioned layout,2025-11-26T02:32:45Z,2025-11-26T09:12:16Z,2025-11-26T09:12:16Z,2026-01-10T23:28:01Z,2026-09-25T19:29:51Z,deepak1556,User,COLLABORATOR,5,0,1,1,2,2,1,0,True,False,0,ok,
microsoft/vscode,279542,https://github.com/microsoft/vscode/pull/279542,agent sessions - some fixes when shown in chat view,2025-11-26T08:05:16Z,2025-11-26T10:25:06Z,2025-11-26T10:25:06Z,2026-01-10T23:28:01Z,2026-09-25T19:29:52Z,bpasero,User,CONTRIBUTOR,91,58,8,8,2,2,1,0,True,False,0,ok,
microsoft/vscode,279844,https://github.com/microsoft/vscode/pull/279844,Add performance marker for active suggestions,2025-11-27T21:14:13Z,2025-11-27T21:41:45Z,2025-11-27T21:41:45Z,2026-01-11T23:28:12Z,2026-09-25T19:29:53Z,benibenj,User,CONTRIBUTOR,7,0,1,1,2,2,1,0,True,False,0,ok,
microsoft/vscode,279564,https://github.com/microsoft/vscode/pull/279564,Add long distance hint telemetry to inline completion end-of-life events,2025-11-26T11:04:50Z,2025-11-27T21:44:08Z,2025-11-27T21:44:08Z,2026-01-11T23:28:13Z,2026-09-25T19:29:54Z,Copilot,Bot,CONTRIBUTOR,65,22,8,2,3,3,2,0,True,False,0,ok,
microsoft/vscode,280339,https://github.com/microsoft/vscode/pull/280339,remove 'Attach Instructions' command,2025-12-01T15:13:34Z,2025-12-01T15:41:03Z,2025-12-01T15:41:03Z,2026-01-15T23:29:27Z,2026-09-25T19:29:55Z,aeschli,User,CONTRIBUTOR,3,131,1,1,2,2,1,0,True,False,0,ok,
microsoft/vscode,280404,https://github.com/microsoft/vscode/pull/280404,fix margin top,2025-12-01T19:10:22Z,2025-12-01T20:00:52Z,2025-12-01T20:00:52Z,2026-01-15T23:29:27Z,2026-09-25T19:29:57Z,meganrogge,User,COLLABORATOR,6,2,2,2,4,3,3,0,True,False,1,ok,
microsoft/vscode,281118,https://github.com/microsoft/vscode/pull/281118,sessions: fix overflowing widgets,2025-12-04T00:58:37Z,2025-12-04T01:17:31Z,2025-12-04T01:17:31Z,2026-01-18T23:28:26Z,2026-09-25T19:29:58Z,connor4312,User,MEMBER,7,0,2,1,2,2,1,0,True,False,0,ok,
microsoft/vscode,281392,https://github.com/microsoft/vscode/pull/281392,Also toString(true) in the chat reference renderer,2025-12-04T23:47:08Z,2025-12-05T00:06:21Z,2025-12-05T00:06:21Z,2026-01-19T23:29:15Z,2026-09-25T19:29:59Z,TylerLeonhardt,User,MEMBER,1,1,1,1,2,2,1,0,True,False,0,ok,
microsoft/vscode,281814,https://github.com/microsoft/vscode/pull/281814,Merge `1.107/sessions` into `release/1.107`,2025-12-07T18:56:09Z,2025-12-07T19:29:53Z,2025-12-07T19:29:53Z,2026-01-21T23:30:31Z,2026-09-25T19:30:01Z,bpasero,User,CONTRIBUTOR,758,169,35,16,2,2,2,0,True,False,0,ok,
microsoft/vscode,281859,https://github.com/microsoft/vscode/pull/281859,Very few themes support the border between chat and agent sessions sidebar (fix #281816),2025-12-08T06:12:50Z,2025-12-08T16:38:04Z,2025-12-08T16:38:04Z,2026-01-22T23:29:31Z,2026-09-25T19:30:02Z,bpasero,User,CONTRIBUTOR,4,4,2,1,1,1,1,0,True,False,0,ok,
microsoft/vscode,282055,https://github.com/microsoft/vscode/pull/282055,Git - increase limit of the `git.detectWorktreesLimit` setting (#281530),2025-12-08T19:46:12Z,2025-12-08T20:13:22Z,2025-12-08T20:13:22Z,2026-01-22T23:29:29Z,2026-09-25T19:30:03Z,rebornix,User,CONTRIBUTOR,1,1,1,1,1,1,1,0,True,False,0,ok,
microsoft/vscode,282804,https://github.com/microsoft/vscode/pull/282804,Agent Sessions - add picker to the title,2025-12-11T16:55:12Z,2025-12-11T22:13:49Z,2025-12-11T22:13:49Z,2026-01-25T23:29:02Z,2026-09-25T19:30:05Z,lszomoru,User,MEMBER,256,53,7,7,5,4,4,0,True,False,3,ok,
microsoft/vscode,283227,https://github.com/microsoft/vscode/pull/283227,edits: fix 'undo changes in x' files wrong,2025-12-13T00:01:54Z,2025-12-13T00:22:14Z,2025-12-13T00:22:14Z,2026-01-27T23:30:05Z,2026-09-25T19:30:06Z,connor4312,User,MEMBER,1,1,1,1,2,2,1,0,True,False,0,ok,
microsoft/vscode,283657,https://github.com/microsoft/vscode/pull/283657,chat: fix closing aux window chat opening in editor,2025-12-15T19:41:16Z,2025-12-15T20:12:20Z,2025-12-15T20:12:20Z,2026-01-29T23:31:18Z,2026-09-25T19:30:07Z,connor4312,User,MEMBER,13,20,1,1,2,2,1,0,True,False,0,ok,
microsoft/vscode,283916,https://github.com/microsoft/vscode/pull/283916,Add some padding to align checkboxes when tree items have no children,2025-12-16T21:41:14Z,2025-12-17T01:14:30Z,2025-12-17T01:14:30Z,2026-01-31T23:30:30Z,2026-09-25T19:30:08Z,dmitrivMS,User,COLLABORATOR,4,0,1,1,2,2,1,0,True,False,0,ok,
microsoft/vscode,284406,https://github.com/microsoft/vscode/pull/284406,Git - adopt new worktree codicon,2025-12-19T10:07:58Z,2025-12-19T10:28:48Z,2025-12-19T10:28:48Z,2026-02-02T23:31:56Z,2026-09-25T19:30:09Z,lszomoru,User,MEMBER,1,1,1,1,2,2,1,0,True,False,0,ok,
microsoft/vscode,284488,https://github.com/microsoft/vscode/pull/284488,fix #232862,2025-12-19T17:11:54Z,2025-12-19T17:29:34Z,2025-12-19T17:29:34Z,2026-02-02T23:31:56Z,2026-09-25T19:30:11Z,sandy081,User,MEMBER,90,63,11,1,2,2,1,0,True,False,0,ok,
microsoft/vscode,284544,https://github.com/microsoft/vscode/pull/284544,Old toggles be gone,2025-12-19T23:56:04Z,2025-12-20T00:28:44Z,2025-12-20T00:28:44Z,2026-02-04T23:31:01Z,2026-09-25T19:30:12Z,TylerLeonhardt,User,MEMBER,2,46,2,1,2,2,1,0,True,False,0,ok,
microsoft/vscode,282839,https://github.com/microsoft/vscode/pull/282839,Auto approve most rg calls by default,2025-12-11T18:51:53Z,2025-12-21T00:48:04Z,2025-12-21T00:48:04Z,2026-02-04T23:31:13Z,2026-09-25T19:30:14Z,Tyriar,User,CONTRIBUTOR,11,0,2,3,5,4,2,0,True,False,1,ok,
microsoft/vscode,284706,https://github.com/microsoft/vscode/pull/284706,"Fix ""add context"" toolbar item slow to appear",2025-12-22T00:11:22Z,2025-12-22T01:12:13Z,2025-12-22T01:12:13Z,2026-02-05T23:30:32Z,2026-09-25T19:30:15Z,roblourens,User,MEMBER,1,1,1,1,2,2,1,0,True,False,0,ok,
microsoft/vscode,284809,https://github.com/microsoft/vscode/pull/284809,Some lint fixes,2025-12-23T03:39:25Z,2025-12-23T04:00:55Z,2025-12-23T04:00:55Z,2026-02-06T23:30:47Z,2026-09-25T19:30:16Z,roblourens,User,MEMBER,38,29,10,1,2,2,1,0,True,False,0,ok,
microsoft/vscode,285447,https://github.com/microsoft/vscode/pull/285447,Add timeout to symbol completions in chat to prevent UI freeze,2025-12-30T17:17:11Z,2025-12-30T19:05:28Z,2025-12-30T19:05:28Z,2026-02-13T23:31:18Z,2026-09-25T19:30:18Z,Copilot,Bot,CONTRIBUTOR,10,1,1,4,3,3,2,0,True,False,0,ok,
microsoft/vscode,287119,https://github.com/microsoft/vscode/pull/287119,Ensures that editor service contributions are always loaded.,2026-01-12T15:54:59Z,2026-01-12T16:21:00Z,2026-01-12T16:21:00Z,2026-02-26T23:44:20Z,2026-09-25T19:30:19Z,hediet,User,MEMBER,8,6,4,1,2,2,1,0,True,False,0,ok,
microsoft/vscode,287130,https://github.com/microsoft/vscode/pull/287130,Add terminal.integrated.allowInUntrustedWorkspace setting,2026-01-12T16:41:24Z,2026-01-13T15:21:55Z,2026-01-13T15:21:55Z,2026-03-03T23:31:03Z,2026-09-25T19:30:20Z,Copilot,Bot,CONTRIBUTOR,15,4,3,4,3,3,2,0,True,False,0,ok,
microsoft/vscode,287700,https://github.com/microsoft/vscode/pull/287700,Focused projection of artifacts when selecting an agent,2026-01-14T05:52:43Z,2026-01-14T06:38:33Z,2026-01-14T06:38:33Z,2026-02-28T23:30:33Z,2026-09-25T19:30:22Z,joshspicer,User,CONTRIBUTOR,1173,6,14,10,8,3,1,0,True,False,0,ok,
microsoft/vscode,286812,https://github.com/microsoft/vscode/pull/286812,feat-internal: Export Chat as Zip with Repository Context,2026-01-09T19:36:54Z,2026-01-14T06:48:37Z,2026-01-14T06:48:37Z,2026-03-03T23:31:02Z,2026-09-25T19:30:23Z,zhichli,User,CONTRIBUTOR,881,1,16,25,19,5,2,1,True,True,0,ok,
microsoft/vscode,288062,https://github.com/microsoft/vscode/pull/288062,add migrate action for migrating existing configured models,2026-01-15T12:55:13Z,2026-01-15T13:18:46Z,2026-01-15T13:18:46Z,2026-03-01T23:30:17Z,2026-09-25T19:30:24Z,sandy081,User,MEMBER,59,3,4,1,2,2,1,0,True,False,0,ok,
microsoft/vscode,287807,https://github.com/microsoft/vscode/pull/287807,Add compatibility checks for Copilot Chat extension in release build script,2026-01-14T16:22:21Z,2026-01-15T17:16:54Z,2026-01-15T17:16:54Z,2026-03-01T23:30:28Z,2026-09-25T19:30:26Z,joaomoreno,User,CONTRIBUTOR,432,0,2,3,2,2,1,0,True,False,0,ok,
microsoft/vscode,288386,https://github.com/microsoft/vscode/pull/288386,fix #288229,2026-01-16T15:27:54Z,2026-01-16T15:52:24Z,2026-01-16T15:52:24Z,2026-03-02T23:30:39Z,2026-09-25T19:30:27Z,sandy081,User,MEMBER,3,3,1,1,2,2,1,0,True,False,0,ok,
microsoft/vscode,288933,https://github.com/microsoft/vscode/pull/288933,Chat - auto-accept external edits,2026-01-19T16:51:22Z,2026-01-20T15:05:13Z,2026-01-20T15:05:13Z,2026-03-06T23:30:55Z,2026-09-25T19:30:29Z,lszomoru,User,MEMBER,13,0,2,3,3,3,2,0,True,False,1,ok,
microsoft/vscode,289526,https://github.com/microsoft/vscode/pull/289526,Update distro,2026-01-21T23:54:23Z,2026-01-22T00:28:02Z,2026-01-22T00:28:02Z,2026-03-08T23:30:47Z,2026-09-25T19:30:30Z,pwang347,User,MEMBER,1,1,1,1,2,2,1,0,True,False,0,ok,
microsoft/vscode,289516,https://github.com/microsoft/vscode/pull/289516,build(deps-dev): bump lodash from 4.17.21 to 4.17.23 in /test/monaco,2026-01-21T23:19:51Z,2026-01-22T15:08:17Z,2026-01-22T15:08:17Z,2026-03-08T23:30:47Z,2026-09-25T19:30:35Z,dependabot[bot],Bot,CONTRIBUTOR,3,3,1,1,1,1,1,0,True,False,0,ok,
microsoft/vscode,289859,https://github.com/microsoft/vscode/pull/289859,fix dropping invalid profile template,2026-01-23T10:00:55Z,2026-01-23T10:22:24Z,2026-01-23T10:22:24Z,2026-03-09T23:30:58Z,2026-09-25T19:30:36Z,sandy081,User,MEMBER,18,3,2,1,2,2,1,0,True,False,0,ok,
microsoft/vscode,289923,https://github.com/microsoft/vscode/pull/289923,feat: add allowlist compatibility check for API proposals in extensions,2026-01-23T14:35:08Z,2026-01-23T14:56:24Z,2026-01-23T14:56:24Z,2026-03-09T23:30:58Z,2026-09-25T19:30:38Z,joaomoreno,User,CONTRIBUTOR,119,1,2,1,2,2,1,0,True,False,0,ok,
microsoft/vscode,290122,https://github.com/microsoft/vscode/pull/290122,splash - tweaks for agent sessions window,2026-01-24T08:23:23Z,2026-01-24T08:42:24Z,2026-01-24T08:42:24Z,2026-03-10T23:31:05Z,2026-09-25T19:30:39Z,bpasero,User,CONTRIBUTOR,67,1,1,1,2,2,1,0,True,False,0,ok,
microsoft/vscode,290609,https://github.com/microsoft/vscode/pull/290609,debug: fix disassembly doesn't focus around current instruction,2026-01-26T23:26:17Z,2026-01-27T00:12:31Z,2026-01-27T00:12:31Z,2026-03-13T23:31:23Z,2026-09-25T19:30:41Z,connor4312,User,MEMBER,16,2,1,4,2,2,1,0,True,False,0,ok,
microsoft/vscode,290658,https://github.com/microsoft/vscode/pull/290658,Add test for arm64 Linux with 64K page size,2026-01-27T02:22:26Z,2026-01-27T02:53:23Z,2026-01-27T02:53:23Z,2026-03-13T23:31:23Z,2026-09-25T19:30:42Z,dmitrivMS,User,COLLABORATOR,175,14,7,1,2,2,1,0,True,False,0,ok,
microsoft/vscode,291327,https://github.com/microsoft/vscode/pull/291327,fix: add cancellation token support to ChatAgentResponseStream,2026-01-28T16:37:22Z,2026-01-28T16:56:52Z,2026-01-28T16:56:52Z,2026-03-14T23:30:58Z,2026-09-25T19:30:43Z,karthiknadig,User,MEMBER,8,7,2,1,3,3,1,0,True,False,0,ok,
microsoft/vscode,291597,https://github.com/microsoft/vscode/pull/291597,Improve hover color for action list toolbar,2026-01-29T14:09:25Z,2026-01-29T14:32:57Z,2026-01-29T14:32:57Z,2026-03-15T23:31:26Z,2026-09-25T19:30:44Z,benibenj,User,CONTRIBUTOR,4,0,1,2,2,2,1,0,True,False,0,ok,
microsoft/vscode,291758,https://github.com/microsoft/vscode/pull/291758,"Clarify that `verification-steps-needed` is for the team, not the external issue opener",2026-01-29T23:09:08Z,2026-01-29T23:32:12Z,2026-01-29T23:32:12Z,2026-03-16T23:31:39Z,2026-09-25T19:30:45Z,roblourens,User,MEMBER,1,1,1,1,2,2,1,0,True,False,0,ok,
microsoft/vscode,291996,https://github.com/microsoft/vscode/pull/291996,chat: fix screen cheese in sensitive file overflow,2026-01-30T23:46:50Z,2026-01-31T00:05:24Z,2026-01-31T00:05:24Z,2026-03-17T23:33:20Z,2026-09-25T19:30:47Z,connor4312,User,MEMBER,11,46,6,1,2,2,1,0,True,False,0,ok,
microsoft/vscode,292341,https://github.com/microsoft/vscode/pull/292341,Chat Anonymous: can send a chat message with anonymous access (fix #292296),2026-02-02T16:16:38Z,2026-02-02T17:14:52Z,2026-02-02T17:14:52Z,2026-03-19T23:31:24Z,2026-09-25T19:30:49Z,bpasero,User,CONTRIBUTOR,5,5,4,3,4,4,3,0,True,False,2,ok,
microsoft/vscode,291987,https://github.com/microsoft/vscode/pull/291987,fix: hardcode commonly used settings,2026-01-30T22:07:23Z,2026-02-03T18:20:30Z,2026-02-03T18:20:30Z,2026-03-22T23:31:05Z,2026-09-25T19:30:50Z,Copilot,Bot,CONTRIBUTOR,17,18,4,12,10,4,3,0,True,False,0,ok,
microsoft/vscode,293433,https://github.com/microsoft/vscode/pull/293433,Update extension button styles and improve button hierarchy in extension detail view,2026-02-06T14:35:03Z,2026-02-06T15:23:51Z,2026-02-06T15:23:52Z,2026-03-23T23:31:36Z,2026-09-25T19:30:51Z,mrleemurray,User,CONTRIBUTOR,8,8,3,1,2,2,1,0,True,False,0,ok,
microsoft/vscode,295517,https://github.com/microsoft/vscode/pull/295517,Support extension contributed custom agents for background agents,2026-02-16T05:12:56Z,2026-02-16T06:06:50Z,2026-02-16T06:06:50Z,2026-04-02T23:32:24Z,2026-09-25T19:30:52Z,DonJayamanne,User,CONTRIBUTOR,1,8,1,1,2,2,1,0,True,False,0,ok,
microsoft/vscode,295261,https://github.com/microsoft/vscode/pull/295261,Bootstrap Playwright service,2026-02-13T21:49:52Z,2026-02-16T23:19:58Z,2026-02-16T23:19:58Z,2026-04-02T23:32:24Z,2026-09-25T19:30:54Z,kycutler,User,COLLABORATOR,413,1,13,2,6,4,2,0,True,False,1,ok,
microsoft/vscode,295936,https://github.com/microsoft/vscode/pull/295936,perf: defer expensive repo diff capture to export time,2026-02-18T05:53:02Z,2026-02-18T07:55:27Z,2026-02-18T07:55:27Z,2026-04-04T23:31:30Z,2026-09-25T19:30:56Z,zhichli,User,CONTRIBUTOR,117,86,3,2,3,2,1,0,True,False,0,ok,
microsoft/vscode,295975,https://github.com/microsoft/vscode/pull/295975,sessions - retire `chat.agentsControl.clickBehavior: focus`,2026-02-18T10:23:51Z,2026-02-18T10:37:17Z,2026-02-18T10:37:17Z,2026-04-04T23:31:30Z,2026-09-25T19:30:57Z,bpasero,User,CONTRIBUTOR,0,10,3,1,2,2,1,0,True,False,0,ok,
microsoft/vscode,296143,https://github.com/microsoft/vscode/pull/296143,Bump minimatch from 5.1.6 to 10.2.1 in /extensions/npm,2026-02-18T23:59:07Z,2026-02-19T18:16:58Z,2026-02-19T18:16:58Z,2026-04-05T23:32:03Z,2026-09-25T19:30:59Z,dependabot[bot],Bot,CONTRIBUTOR,26,15,3,2,3,3,3,0,True,False,1,ok,
microsoft/vscode,296361,https://github.com/microsoft/vscode/pull/296361,enable `askQuestions` to be invoked by subagent,2026-02-19T20:06:01Z,2026-02-19T21:09:15Z,2026-02-19T21:09:15Z,2026-04-05T23:31:50Z,2026-09-25T19:31:00Z,meganrogge,User,COLLABORATOR,0,2,1,1,2,2,1,0,True,False,0,ok,
microsoft/vscode,297076,https://github.com/microsoft/vscode/pull/297076,Switch remaining settings to use js/ts prefix,2026-02-23T19:21:33Z,2026-02-23T19:58:39Z,2026-02-23T19:58:39Z,2026-04-09T23:32:34Z,2026-09-25T19:31:01Z,mjbvz,User,CONTRIBUTOR,523,192,17,2,2,2,1,0,True,False,0,ok,
microsoft/vscode,297155,https://github.com/microsoft/vscode/pull/297155,fix chat customizations search,2026-02-24T00:41:41Z,2026-02-24T00:57:13Z,2026-02-24T00:57:13Z,2026-04-10T23:32:40Z,2026-09-25T19:31:02Z,joshspicer,User,CONTRIBUTOR,4,4,1,1,2,2,1,0,True,False,0,ok,
microsoft/vscode,297219,https://github.com/microsoft/vscode/pull/297219,improvements to sessions ootb,2026-02-24T04:44:15Z,2026-02-24T04:59:23Z,2026-02-24T04:59:23Z,2026-04-10T23:32:28Z,2026-09-25T19:31:03Z,joshspicer,User,CONTRIBUTOR,19,9,3,1,3,3,2,0,True,False,0,ok,
microsoft/vscode,297499,https://github.com/microsoft/vscode/pull/297499,Enable subagent custom agent setting by default,2026-02-24T21:27:40Z,2026-02-24T21:41:30Z,2026-02-24T21:41:30Z,2026-04-10T23:32:27Z,2026-09-25T19:31:04Z,digitarald,User,CONTRIBUTOR,1,2,1,1,2,2,1,0,True,False,0,ok,
microsoft/vscode,297810,https://github.com/microsoft/vscode/pull/297810,ai customizations: always use embedded editor with auto-save,2026-02-25T22:43:39Z,2026-02-25T23:29:03Z,2026-02-25T23:29:03Z,2026-04-11T23:31:39Z,2026-09-25T19:31:06Z,joshspicer,User,CONTRIBUTOR,406,54,3,3,2,2,1,0,True,False,0,ok,
microsoft/vscode,298113,https://github.com/microsoft/vscode/pull/298113,fix comparing active sessions,2026-02-26T22:44:16Z,2026-02-26T23:09:52Z,2026-02-26T23:09:53Z,2026-04-12T23:31:54Z,2026-09-25T19:31:07Z,sandy081,User,MEMBER,18,3,1,1,2,2,1,0,True,False,0,ok,
microsoft/vscode,298301,https://github.com/microsoft/vscode/pull/298301,sessions: change workbench state to worksapce and do not send workspace data to ext host,2026-02-27T17:19:40Z,2026-02-27T18:00:51Z,2026-02-27T18:00:51Z,2026-04-13T23:34:08Z,2026-09-25T19:31:08Z,sandy081,User,MEMBER,25,3,7,1,2,2,1,0,True,False,0,ok,
microsoft/vscode,298308,https://github.com/microsoft/vscode/pull/298308,Bump minimatch from 10.2.2 to 10.2.4 in /extensions/css-language-features,2026-02-27T18:02:32Z,2026-02-27T18:31:14Z,2026-02-27T18:31:14Z,2026-04-13T23:34:08Z,2026-09-25T19:31:09Z,dependabot[bot],Bot,CONTRIBUTOR,3,3,1,1,1,1,1,0,True,False,0,ok,
microsoft/vscode,298790,https://github.com/microsoft/vscode/pull/298790,[Terminal Sandbox]Wrapping the command in single quotes and escaping it to prevent any shell injection issues.,2026-03-02T20:00:06Z,2026-03-02T22:15:18Z,2026-03-02T22:15:18Z,2026-04-16T23:38:12Z,2026-09-25T19:31:11Z,dileepyavan,User,MEMBER,70,2,2,2,2,2,1,0,True,False,0,ok,
microsoft/vscode,299503,https://github.com/microsoft/vscode/pull/299503,workaround for https://github.com/microsoft/vscode/issues/299484,2026-03-05T14:59:57Z,2026-03-05T15:13:27Z,2026-03-05T15:13:27Z,2026-04-19T23:31:57Z,2026-09-25T19:31:13Z,jrieken,User,CONTRIBUTOR,1,1,1,1,2,2,1,0,True,False,0,ok,
microsoft/vscode,299463,https://github.com/microsoft/vscode/pull/299463,Bump @vscode/component-explorer from 0.1.1-19 to 0.1.1-20 in /build/vite,2026-03-05T11:46:51Z,2026-03-06T05:46:35Z,2026-03-06T05:46:35Z,2026-04-20T23:33:46Z,2026-09-25T19:31:14Z,dependabot[bot],Bot,CONTRIBUTOR,5,5,2,1,1,1,1,0,True,False,0,ok,
microsoft/vscode,299862,https://github.com/microsoft/vscode/pull/299862,alert when an image is attached via paste,2026-03-06T20:09:34Z,2026-03-06T21:12:01Z,2026-03-06T21:12:01Z,2026-04-20T23:33:33Z,2026-09-25T19:31:15Z,meganrogge,User,COLLABORATOR,6,1,1,2,3,3,1,0,True,False,0,ok,
microsoft/vscode,299902,https://github.com/microsoft/vscode/pull/299902,Force show scrollbar,2026-03-07T01:45:33Z,2026-03-07T02:36:01Z,2026-03-07T02:36:01Z,2026-04-21T23:31:54Z,2026-09-25T19:31:16Z,roblourens,User,MEMBER,42,1,3,2,2,2,1,0,True,False,0,ok,
microsoft/vscode,300889,https://github.com/microsoft/vscode/pull/300889,Add sessions support to translation resources and update related logic,2026-03-11T19:35:30Z,2026-03-11T20:38:06Z,2026-03-11T20:38:06Z,2026-04-25T23:32:16Z,2026-09-25T19:31:17Z,TylerLeonhardt,User,MEMBER,140,8,4,3,2,2,1,0,True,False,0,ok,
microsoft/vscode,300983,https://github.com/microsoft/vscode/pull/300983,feat: add image carousel,2026-03-12T02:25:24Z,2026-03-12T03:39:36Z,2026-03-12T03:39:36Z,2026-04-26T23:32:40Z,2026-09-25T19:31:18Z,rebornix,User,CONTRIBUTOR,746,3,13,14,2,2,1,0,True,False,0,ok,
microsoft/vscode,301670,https://github.com/microsoft/vscode/pull/301670,compile leftover,2026-03-14T08:10:24Z,2026-03-14T08:47:48Z,2026-03-14T08:47:49Z,2026-04-28T23:38:18Z,2026-09-25T19:31:19Z,bpasero,User,CONTRIBUTOR,3,3,1,1,2,2,1,0,True,False,0,ok,
microsoft/vscode,302018,https://github.com/microsoft/vscode/pull/302018,should not reveal task details in terminal,2026-03-16T09:54:37Z,2026-03-16T10:23:38Z,2026-03-16T10:23:38Z,2026-04-30T23:37:21Z,2026-09-25T19:31:20Z,benibenj,User,CONTRIBUTOR,2,2,1,1,2,2,1,0,True,False,0,ok,
microsoft/vscode,302184,https://github.com/microsoft/vscode/pull/302184,"fix bypass approvals skipping ""copy changes"" confirmation widget",2026-03-16T17:19:00Z,2026-03-16T18:11:04Z,2026-03-16T18:11:04Z,2026-04-30T23:37:20Z,2026-09-25T19:31:21Z,justschen,User,COLLABORATOR,101,3,2,1,2,2,1,0,True,False,0,ok,
microsoft/vscode,302221,https://github.com/microsoft/vscode/pull/302221,don't escape markdown in terminal headers,2026-03-16T18:26:52Z,2026-03-16T18:54:41Z,2026-03-16T18:54:41Z,2026-04-30T23:37:20Z,2026-09-25T19:31:22Z,justschen,User,COLLABORATOR,2,3,1,1,2,2,1,0,True,False,0,ok,
microsoft/vscode,302297,https://github.com/microsoft/vscode/pull/302297,build(next): include sessions built-in skills in desktop resources,2026-03-16T23:36:10Z,2026-03-17T02:06:20Z,2026-03-17T02:06:20Z,2026-05-01T23:37:32Z,2026-09-25T19:31:23Z,joshspicer,User,CONTRIBUTOR,2,1,1,1,2,2,1,0,True,False,0,ok,
microsoft/vscode,302395,https://github.com/microsoft/vscode/pull/302395,Proposal for tool combination approval,2026-03-17T10:21:10Z,2026-03-19T10:30:18Z,2026-03-19T10:30:18Z,2026-05-03T23:33:53Z,2026-09-25T19:31:25Z,alexr00,User,MEMBER,431,35,11,5,4,3,1,0,True,False,0,ok,
microsoft/vscode,303679,https://github.com/microsoft/vscode/pull/303679,Enable setting caseInsensitive through search API for agent tools,2026-03-21T03:44:46Z,2026-03-21T04:45:06Z,2026-03-21T04:45:06Z,2026-05-05T23:35:49Z,2026-09-25T19:31:26Z,roblourens,User,MEMBER,79,4,7,2,4,3,1,0,True,False,0,ok,
microsoft/vscode,304585,https://github.com/microsoft/vscode/pull/304585,Use correct ID for browser editor resolver,2026-03-24T22:20:50Z,2026-03-25T00:26:03Z,2026-03-25T00:26:04Z,2026-05-09T23:33:59Z,2026-09-25T19:31:28Z,kycutler,User,COLLABORATOR,2,2,2,2,2,2,1,0,True,False,0,ok,
microsoft/vscode,306439,https://github.com/microsoft/vscode/pull/306439,sessions: centralize context key definitions into common/contextkeys.ts,2026-03-30T18:58:47Z,2026-03-30T20:47:11Z,2026-03-30T20:47:11Z,2026-05-14T23:39:13Z,2026-09-25T19:31:29Z,roblourens,User,MEMBER,29,37,8,1,2,2,1,0,True,False,0,ok,
microsoft/vscode,306692,https://github.com/microsoft/vscode/pull/306692,Update distro commit (main),2026-03-31T10:20:11Z,2026-03-31T10:48:54Z,2026-03-31T10:48:54Z,2026-05-15T23:40:04Z,2026-09-25T19:31:30Z,vs-code-engineering[bot],Bot,CONTRIBUTOR,1,1,1,1,1,1,1,0,True,False,0,ok,
microsoft/vscode,306937,https://github.com/microsoft/vscode/pull/306937,sessions - more renames,2026-03-31T20:05:22Z,2026-03-31T20:32:08Z,2026-03-31T20:32:08Z,2026-05-15T23:39:52Z,2026-09-25T19:31:31Z,bpasero,User,CONTRIBUTOR,3,3,1,1,2,2,1,0,True,False,0,ok,
microsoft/vscode,307243,https://github.com/microsoft/vscode/pull/307243,sessions: move account widget to titlebar with entitlement-aware badges,2026-04-01T20:48:37Z,2026-04-01T21:31:22Z,2026-04-01T21:31:22Z,2026-05-16T23:36:32Z,2026-09-25T19:31:32Z,osortega,User,CONTRIBUTOR,1183,399,7,2,2,2,1,0,True,False,0,ok,
microsoft/vscode,307451,https://github.com/microsoft/vscode/pull/307451,Add chat agent error telemetry and isError marker,2026-04-02T16:11:48Z,2026-04-03T02:10:19Z,2026-04-03T02:10:19Z,2026-05-18T23:41:39Z,2026-09-25T19:31:33Z,bryanchen-d,User,COLLABORATOR,66,9,5,5,6,3,1,0,True,False,0,ok,
microsoft/vscode,308474,https://github.com/microsoft/vscode/pull/308474,Adds memory file path support to the artifacts view,2026-04-08T10:12:57Z,2026-04-08T10:59:53Z,2026-04-08T10:59:53Z,2026-05-23T23:40:16Z,2026-09-25T19:31:35Z,hediet,User,MEMBER,168,8,6,2,3,3,2,0,True,False,1,ok,
microsoft/vscode,308436,https://github.com/microsoft/vscode/pull/308436,Update OpenAI Responses API compaction and telemetry,2026-04-08T05:38:20Z,2026-04-08T11:13:20Z,2026-04-08T11:13:20Z,2026-05-23T23:40:16Z,2026-09-25T19:31:36Z,dileepyavan,User,MEMBER,710,23,6,2,2,2,1,0,True,False,0,ok,
microsoft/vscode,308492,https://github.com/microsoft/vscode/pull/308492,Fix env.open external not working on folders,2026-04-08T12:26:03Z,2026-04-08T12:55:47Z,2026-04-08T12:55:47Z,2026-05-23T23:40:16Z,2026-09-25T19:31:37Z,lramos15,User,MEMBER,4,0,1,1,2,2,1,0,True,False,0,ok,
microsoft/vscode,308657,https://github.com/microsoft/vscode/pull/308657,Use the modelProvider instead looking for claude for Claude agent,2026-04-09T02:06:32Z,2026-04-09T03:09:18Z,2026-04-09T03:09:18Z,2026-05-24T23:40:51Z,2026-09-25T19:31:40Z,TylerLeonhardt,User,MEMBER,11,10,2,2,4,3,1,0,True,False,0,ok,
microsoft/vscode,307849,https://github.com/microsoft/vscode/pull/307849,Fix --prof-startup never being able to profile renderer/extension host,2026-04-04T22:15:02Z,2026-04-10T17:56:27Z,2026-04-10T17:56:27Z,2026-05-25T23:42:42Z,2026-09-25T19:31:41Z,winstliu,User,MEMBER,3,3,1,2,5,4,3,0,True,False,0,ok,
microsoft/vscode,309198,https://github.com/microsoft/vscode/pull/309198,Update distro commit (main),2026-04-11T12:11:19Z,2026-04-11T14:53:36Z,2026-04-11T14:53:36Z,2026-05-26T23:44:52Z,2026-09-25T19:31:42Z,vs-code-engineering[bot],Bot,CONTRIBUTOR,1,1,1,1,1,1,1,0,True,False,0,ok,
microsoft/vscode,309646,https://github.com/microsoft/vscode/pull/309646,[cherry-pick] Fix missing reasoningEffort telemetry for Claude models,2026-04-13T22:14:59Z,2026-04-13T22:51:41Z,2026-04-13T22:51:41Z,2026-05-28T23:49:33Z,2026-09-25T19:31:43Z,vs-code-engineering[bot],Bot,CONTRIBUTOR,2,2,1,1,1,1,1,0,True,False,0,ok,
microsoft/vscode,309662,https://github.com/microsoft/vscode/pull/309662,Handle Welcome dialog in sanity tests,2026-04-13T23:09:01Z,2026-04-13T23:29:46Z,2026-04-13T23:29:46Z,2026-05-28T23:49:33Z,2026-09-25T19:31:45Z,dmitrivMS,User,COLLABORATOR,18,4,3,2,2,2,1,0,True,False,0,ok,
microsoft/vscode,309863,https://github.com/microsoft/vscode/pull/309863,Export keybindings from built-in extensions,2026-04-14T14:28:27Z,2026-04-14T15:03:48Z,2026-04-14T15:03:48Z,2026-05-29T23:47:59Z,2026-09-25T19:31:47Z,ntrogh,User,CONTRIBUTOR,79,5,1,2,2,2,1,0,True,False,0,ok,
microsoft/vscode,310470,https://github.com/microsoft/vscode/pull/310470,Remove dead serverToolCalls / IServerToolCall code,2026-04-16T04:20:59Z,2026-04-16T05:21:48Z,2026-04-16T05:21:48Z,2026-05-31T23:41:40Z,2026-09-25T19:31:48Z,bhavyaus,User,COLLABORATOR,3,48,7,1,2,2,1,0,True,False,0,ok,
microsoft/vscode,310690,https://github.com/microsoft/vscode/pull/310690,Agents: Refactor AI Customization Management CSS for improved styling consistency,2026-04-16T10:07:38Z,2026-04-16T10:42:16Z,2026-04-16T10:42:16Z,2026-05-31T23:41:40Z,2026-09-25T19:31:49Z,mrleemurray,User,CONTRIBUTOR,5,4,1,3,2,2,1,0,True,False,0,ok,
microsoft/vscode,310262,https://github.com/microsoft/vscode/pull/310262,Fix an issue with updateReadonly perf,2026-04-15T22:06:21Z,2026-04-17T03:38:56Z,2026-04-17T03:38:56Z,2026-06-01T23:48:41Z,2026-09-25T19:31:52Z,pwang347,User,MEMBER,149,16,4,3,3,3,2,0,True,False,1,ok,
microsoft/vscode,311265,https://github.com/microsoft/vscode/pull/311265,Fix notebook style resets,2026-04-19T20:33:53Z,2026-04-19T20:54:23Z,2026-04-19T20:54:24Z,2026-06-03T23:58:31Z,2026-09-25T19:31:53Z,mjbvz,User,CONTRIBUTOR,9,4,2,1,2,2,1,0,True,False,0,ok,
microsoft/vscode,311362,https://github.com/microsoft/vscode/pull/311362,fix(agents): vscode app launch due to missing app identifiers,2026-04-20T13:18:57Z,2026-04-20T13:41:31Z,2026-04-20T13:41:31Z,2026-06-04T23:46:49Z,2026-09-25T19:31:54Z,deepak1556,User,COLLABORATOR,5,1,1,1,2,2,1,0,True,False,0,ok,
microsoft/vscode,311408,https://github.com/microsoft/vscode/pull/311408,"[cherry-pick] Revert ""Add menu toggle for cloud sync in chat panel""",2026-04-20T16:47:35Z,2026-04-20T22:54:21Z,2026-04-20T22:54:21Z,2026-06-04T23:46:49Z,2026-09-25T19:31:55Z,vs-code-engineering[bot],Bot,CONTRIBUTOR,7,85,8,3,1,1,1,0,True,False,0,ok,
microsoft/vscode,311854,https://github.com/microsoft/vscode/pull/311854,update distro,2026-04-22T07:07:11Z,2026-04-22T08:57:36Z,2026-04-22T08:57:36Z,2026-06-06T23:41:06Z,2026-09-25T19:31:58Z,alexdima,User,MEMBER,1,1,1,1,2,2,1,0,True,False,0,ok,
microsoft/vscode,311991,https://github.com/microsoft/vscode/pull/311991,Updating labels,2026-04-22T20:04:16Z,2026-04-22T21:32:17Z,2026-04-22T21:32:17Z,2026-06-06T23:41:05Z,2026-09-25T19:31:59Z,dileepyavan,User,MEMBER,34,30,4,3,2,2,1,0,True,False,0,ok,
microsoft/vscode,311702,https://github.com/microsoft/vscode/pull/311702,Only dismiss the welcome dialog in sanity tests if it is shown,2026-04-21T15:39:19Z,2026-04-23T08:11:20Z,2026-04-23T08:11:20Z,2026-06-07T23:41:55Z,2026-09-25T19:32:02Z,dmitrivMS,User,COLLABORATOR,24,24,5,7,5,5,4,0,True,False,3,ok,
microsoft/vscode,312244,https://github.com/microsoft/vscode/pull/312244,fix: use GenAI semconv explicit bucket boundaries for OTEL histograms,2026-04-23T22:22:05Z,2026-04-23T23:26:13Z,2026-04-23T23:26:13Z,2026-06-07T23:41:42Z,2026-09-25T19:32:03Z,zhichli,User,CONTRIBUTOR,11,2,1,1,2,2,1,0,True,False,0,ok,
microsoft/vscode,312570,https://github.com/microsoft/vscode/pull/312570,Enable inline history summarization and GPT-5.5 tool search,2026-04-26T01:34:35Z,2026-04-26T03:50:43Z,2026-04-26T03:50:43Z,2026-06-10T23:51:10Z,2026-09-25T19:32:04Z,bhavyaus,User,COLLABORATOR,17,8,4,1,2,2,1,0,True,False,0,ok,
microsoft/vscode,312577,https://github.com/microsoft/vscode/pull/312577,Optimize prompt cache hit rate by freezing deferred tool list in initial context,2026-04-26T05:33:07Z,2026-04-26T08:39:45Z,2026-04-26T08:39:45Z,2026-06-10T23:51:10Z,2026-09-25T19:32:06Z,bhavyaus,User,COLLABORATOR,259,224,13,2,2,2,1,0,True,False,0,ok,
microsoft/vscode,312627,https://github.com/microsoft/vscode/pull/312627,agents: enhance welcome screen for first-launch and signed-in users,2026-04-26T19:58:28Z,2026-04-26T23:33:18Z,2026-04-26T23:33:19Z,2026-06-10T23:51:10Z,2026-09-25T19:32:08Z,sandy081,User,MEMBER,162,19,4,2,2,2,1,0,True,False,0,ok,
microsoft/vscode,312928,https://github.com/microsoft/vscode/pull/312928,"Update CLI settings to disable default options for exit mode, auto model, plan command, fork sessions, and session controller",2026-04-27T23:22:32Z,2026-04-28T00:34:14Z,2026-04-28T00:34:14Z,2026-06-12T23:53:26Z,2026-09-25T19:32:11Z,DonJayamanne,User,CONTRIBUTOR,32,18,3,2,1,1,1,0,True,False,0,ok,
microsoft/vscode,313059,https://github.com/microsoft/vscode/pull/313059,Fix steady increase in terminal benchmark agent timeouts since 4/16,2026-04-28T17:03:18Z,2026-04-28T21:31:44Z,2026-04-28T21:31:44Z,2026-06-12T23:53:25Z,2026-09-25T19:32:13Z,meganrogge,User,COLLABORATOR,16,10,1,5,2,2,1,0,True,False,0,ok,
microsoft/vscode,313289,https://github.com/microsoft/vscode/pull/313289,fix updating active harness wrt customizations,2026-04-29T18:38:17Z,2026-04-29T19:53:34Z,2026-04-29T19:53:34Z,2026-06-13T23:42:51Z,2026-09-25T19:32:14Z,joshspicer,User,CONTRIBUTOR,39,0,1,1,2,2,1,0,True,False,0,ok,
microsoft/vscode,313308,https://github.com/microsoft/vscode/pull/313308,Enable external ingest for non-file resources too,2026-04-29T19:04:35Z,2026-04-29T20:42:20Z,2026-04-29T20:42:20Z,2026-06-13T23:42:51Z,2026-09-25T19:32:15Z,mjbvz,User,CONTRIBUTOR,0,5,1,1,2,2,1,0,True,False,0,ok,
microsoft/vscode,313400,https://github.com/microsoft/vscode/pull/313400,Don't try watching readonly file systems,2026-04-30T00:51:35Z,2026-04-30T01:53:44Z,2026-04-30T01:53:44Z,2026-06-14T23:46:56Z,2026-09-25T19:32:16Z,mjbvz,User,CONTRIBUTOR,19,6,2,3,2,2,1,0,True,False,0,ok,
microsoft/vscode,314596,https://github.com/microsoft/vscode/pull/314596,sessions: add command to open events.jsonl for active Copilot CLI AH session,2026-05-06T00:12:23Z,2026-05-06T01:34:33Z,2026-05-06T01:34:33Z,2026-06-20T23:46:05Z,2026-09-25T19:32:17Z,roblourens,User,MEMBER,263,0,3,3,2,2,1,0,True,False,0,ok,
microsoft/vscode,314757,https://github.com/microsoft/vscode/pull/314757,Guard `ChatTipService` against disposed scoped context key service,2026-05-06T15:28:06Z,2026-05-06T17:37:20Z,2026-05-06T17:37:20Z,2026-06-20T23:46:04Z,2026-09-25T19:32:18Z,Copilot,Bot,CONTRIBUTOR,43,1,2,2,3,2,3,0,True,False,0,ok,
microsoft/vscode,306955,https://github.com/microsoft/vscode/pull/306955,guarantee that return of TreeDataProvider.getChildren() is not mutated by vscode,2026-03-31T22:05:46Z,2026-05-07T10:42:47Z,2026-05-07T10:42:47Z,2026-06-24T23:45:35Z,2026-09-25T19:32:20Z,n-gist,User,CONTRIBUTOR,26,24,8,2,8,4,2,0,True,False,0,ok,
microsoft/vscode,315015,https://github.com/microsoft/vscode/pull/315015,Add SVG theme preview for light mode in 2026,2026-05-07T14:05:11Z,2026-05-07T14:25:03Z,2026-05-07T14:25:03Z,2026-06-21T23:48:54Z,2026-09-25T19:32:21Z,mrleemurray,User,CONTRIBUTOR,284,0,2,1,2,2,1,0,True,False,0,ok,
microsoft/vscode,315014,https://github.com/microsoft/vscode/pull/315014,Agents - cleanup Changes view menus/actions,2026-05-07T14:01:18Z,2026-05-07T14:30:24Z,2026-05-07T14:30:24Z,2026-06-21T23:48:54Z,2026-09-25T19:32:23Z,lszomoru,User,MEMBER,32,25,14,2,3,3,2,0,True,False,1,ok,
microsoft/vscode,316022,https://github.com/microsoft/vscode/pull/316022,"Suppress spurious ""may need input"" chat turn when background terminal is closed",2026-05-12T14:53:00Z,2026-05-12T17:40:44Z,2026-05-12T17:40:44Z,2026-06-26T23:44:34Z,2026-09-25T19:32:25Z,Copilot,Bot,CONTRIBUTOR,56,0,2,2,3,3,2,0,True,False,0,ok,
microsoft/vscode,316270,https://github.com/microsoft/vscode/pull/316270,Fix missing separator,2026-05-13T16:54:26Z,2026-05-13T17:14:47Z,2026-05-13T17:14:47Z,2026-06-27T23:40:36Z,2026-09-25T19:32:26Z,lramos15,User,MEMBER,3,0,1,1,2,2,1,0,True,False,0,ok,
microsoft/vscode,316507,https://github.com/microsoft/vscode/pull/316507,Await copilot CLI metadata persistence,2026-05-14T21:43:23Z,2026-05-14T22:24:16Z,2026-05-14T22:24:16Z,2026-06-28T23:43:31Z,2026-09-25T19:32:27Z,pwang347,User,MEMBER,69,8,4,2,2,2,1,0,True,False,0,ok,
microsoft/vscode,317020,https://github.com/microsoft/vscode/pull/317020,"Fix double ""Enter"" in feedback widget hover tip",2026-05-18T13:12:08Z,2026-05-18T14:20:19Z,2026-05-18T14:20:19Z,2026-07-02T23:42:18Z,2026-09-25T19:32:28Z,benibenj,User,CONTRIBUTOR,2,2,1,1,2,2,1,0,True,False,0,ok,
microsoft/vscode,316761,https://github.com/microsoft/vscode/pull/316761,provideChatSessionCustomizations for sessionResource,2026-05-16T08:34:35Z,2026-05-19T09:26:55Z,2026-05-19T09:26:56Z,2026-07-03T23:40:50Z,2026-09-25T19:32:31Z,aeschli,User,CONTRIBUTOR,402,345,33,14,2,2,1,0,True,False,0,ok,
microsoft/vscode,317317,https://github.com/microsoft/vscode/pull/317317,"Agents - refresh repository state after git operation (ex: commit, sync)",2026-05-19T15:17:55Z,2026-05-19T15:48:41Z,2026-05-19T15:48:41Z,2026-07-03T23:40:38Z,2026-09-25T19:32:33Z,lszomoru,User,MEMBER,12,0,2,1,2,2,1,0,True,False,0,ok,
microsoft/vscode,317704,https://github.com/microsoft/vscode/pull/317704,Add branch changeset description formatting and update session management,2026-05-21T04:53:46Z,2026-05-21T05:54:19Z,2026-05-21T05:54:19Z,2026-07-05T23:41:14Z,2026-09-25T19:32:35Z,DonJayamanne,User,CONTRIBUTOR,96,2,3,2,2,2,1,0,True,False,0,ok,
microsoft/vscode,317804,https://github.com/microsoft/vscode/pull/317804,More robust css rules for issue reporter,2026-05-21T17:01:35Z,2026-05-21T17:28:27Z,2026-05-21T17:28:27Z,2026-07-05T23:41:13Z,2026-09-25T19:32:36Z,Giuspepe,User,CONTRIBUTOR,233,253,2,1,2,2,1,0,True,False,0,ok,
microsoft/vscode,317829,https://github.com/microsoft/vscode/pull/317829,Show a warning when showing the rendered markdown diff,2026-05-21T18:47:54Z,2026-05-21T20:46:05Z,2026-05-21T20:46:05Z,2026-07-05T23:41:13Z,2026-09-25T19:32:38Z,mjbvz,User,CONTRIBUTOR,125,10,5,2,2,2,1,0,True,False,0,ok,
microsoft/vscode,317880,https://github.com/microsoft/vscode/pull/317880,Fix overflowing actions in right-aligned hover widget,2026-05-21T22:59:24Z,2026-05-21T23:50:50Z,2026-05-21T23:50:50Z,2026-07-06T23:41:52Z,2026-09-25T19:32:39Z,kycutler,User,COLLABORATOR,1,0,1,1,2,2,1,0,True,False,0,ok,
microsoft/vscode,318051,https://github.com/microsoft/vscode/pull/318051,Agent host instructions and customization tweaks,2026-05-22T20:56:39Z,2026-05-26T17:00:09Z,2026-05-26T17:00:10Z,2026-07-10T23:39:08Z,2026-09-25T19:32:42Z,connor4312,User,MEMBER,685,200,26,7,3,3,2,0,True,False,1,ok,
microsoft/vscode,318530,https://github.com/microsoft/vscode/pull/318530,[cherry-pick] Fix chat notification outline to match chat input focus ring,2026-05-27T08:06:51Z,2026-05-27T08:57:08Z,2026-05-27T08:57:08Z,2026-07-11T23:38:03Z,2026-09-25T19:32:43Z,vs-code-engineering[bot],Bot,CONTRIBUTOR,11,1,1,1,3,3,2,0,True,False,0,ok,
microsoft/vscode,318502,https://github.com/microsoft/vscode/pull/318502,Use per-action min-widths for short agent-host pickers,2026-05-27T03:56:18Z,2026-05-27T17:45:53Z,2026-05-27T17:45:53Z,2026-07-11T23:38:04Z,2026-09-25T19:32:44Z,roblourens,User,MEMBER,13,9,1,1,2,2,1,0,True,False,0,ok,
microsoft/vscode,318466,https://github.com/microsoft/vscode/pull/318466,[WindowsSandboxing]: Updated env and commandline for executing commands using pwsh.exe,2026-05-26T23:48:34Z,2026-05-27T18:46:58Z,2026-05-27T18:46:58Z,2026-07-11T23:38:04Z,2026-09-25T19:32:46Z,dileepyavan,User,MEMBER,155,35,9,30,3,3,2,0,True,False,1,ok,
microsoft/vscode,318634,https://github.com/microsoft/vscode/pull/318634,agentHost: adopt new customization protocol shape,2026-05-27T22:02:18Z,2026-05-27T23:42:52Z,2026-05-27T23:42:52Z,2026-07-12T23:37:29Z,2026-09-25T19:32:48Z,connor4312,User,MEMBER,1388,844,60,3,4,3,3,0,True,False,1,ok,
microsoft/vscode,318496,https://github.com/microsoft/vscode/pull/318496,agentHost (ssh): commit-pin remote CLI on fresh start,2026-05-27T03:05:16Z,2026-05-29T17:59:14Z,2026-05-29T17:59:14Z,2026-07-13T23:40:20Z,2026-09-25T19:32:49Z,roblourens,User,MEMBER,820,82,4,6,4,2,1,0,True,False,0,ok,
microsoft/vscode,318511,https://github.com/microsoft/vscode/pull/318511,Agent Host Copilot CLI: Support async shell completion notifications,2026-05-27T05:17:58Z,2026-05-30T00:08:21Z,2026-05-30T00:08:21Z,2026-07-14T23:37:12Z,2026-09-25T19:32:51Z,anthonykim1,User,CONTRIBUTOR,713,261,43,5,19,6,7,0,True,False,6,ok,
microsoft/vscode,319264,https://github.com/microsoft/vscode/pull/319264,Add detailed token usage,2026-06-01T06:28:56Z,2026-06-01T07:44:27Z,2026-06-01T07:44:27Z,2026-07-16T23:39:15Z,2026-09-25T19:32:52Z,dbaeumer,User,MEMBER,47,5,1,2,3,3,1,0,True,False,0,ok,
microsoft/vscode,319268,https://github.com/microsoft/vscode/pull/319268,Ignore unsupported host lists on macOS,2026-06-01T07:10:14Z,2026-06-01T07:44:46Z,2026-06-01T07:44:46Z,2026-07-16T23:39:15Z,2026-09-25T19:32:54Z,chrmarti,User,COLLABORATOR,20,2,2,1,2,2,1,0,True,False,0,ok,
microsoft/vscode,318486,https://github.com/microsoft/vscode/pull/318486,Skip Inno spawn when another instance is already installing,2026-05-27T01:44:58Z,2026-06-01T17:39:37Z,2026-06-01T17:39:37Z,2026-07-16T23:39:26Z,2026-09-25T19:32:55Z,dmitrivMS,User,COLLABORATOR,78,35,1,16,8,3,1,0,True,False,0,ok,
microsoft/vscode,318963,https://github.com/microsoft/vscode/pull/318963,Fix context window widget,2026-05-29T13:25:05Z,2026-06-03T12:34:53Z,2026-06-03T12:34:53Z,2026-07-18T23:37:36Z,2026-09-25T19:32:56Z,lramos15,User,MEMBER,3,1,1,4,2,2,1,0,True,False,0,ok,
microsoft/vscode,318042,https://github.com/microsoft/vscode/pull/318042,Disable Copy Breadcrumbs Path without symbols,2026-05-22T19:15:18Z,2026-06-03T18:02:27Z,2026-06-03T18:02:27Z,2026-07-18T23:37:36Z,2026-09-25T19:32:58Z,vivekjm,User,CONTRIBUTOR,11,3,1,2,6,4,2,0,True,False,0,ok,
microsoft/vscode,319864,https://github.com/microsoft/vscode/pull/319864,AgentHost - fix compilation error,2026-06-04T07:50:20Z,2026-06-04T08:10:47Z,2026-06-04T08:10:47Z,2026-07-20T23:41:59Z,2026-09-25T19:33:00Z,lszomoru,User,MEMBER,0,1,1,1,2,2,1,0,True,False,0,ok,
microsoft/vscode,320007,https://github.com/microsoft/vscode/pull/320007,chore(deps): bump hono from 4.12.18 to 4.12.23 in /extensions/copilot,2026-06-04T21:05:33Z,2026-06-05T15:36:01Z,2026-06-05T15:36:01Z,2026-07-20T23:41:48Z,2026-09-25T19:33:01Z,dependabot[bot],Bot,CONTRIBUTOR,3,63,1,1,3,3,2,0,True,False,0,ok,
microsoft/vscode,320124,https://github.com/microsoft/vscode/pull/320124,"Fix terminal ""Rerun Task"" closing the task without restarting it",2026-06-05T15:33:31Z,2026-06-05T16:46:35Z,2026-06-05T16:46:35Z,2026-07-20T23:41:47Z,2026-09-25T19:33:03Z,Copilot,Bot,CONTRIBUTOR,23,5,1,2,4,3,3,0,True,False,0,ok,
microsoft/vscode,320268,https://github.com/microsoft/vscode/pull/320268,Fix regression in search results a11y hovers,2026-06-06T23:32:11Z,2026-06-08T08:31:37Z,2026-06-08T08:31:37Z,2026-07-23T23:40:03Z,2026-09-25T19:33:04Z,dmitrivMS,User,COLLABORATOR,10,12,1,3,2,2,1,0,True,False,0,ok,
microsoft/vscode,320392,https://github.com/microsoft/vscode/pull/320392,sessions: surface archived state in session header,2026-06-08T10:51:10Z,2026-06-08T12:36:00Z,2026-06-08T12:36:00Z,2026-07-23T23:40:03Z,2026-09-25T19:33:05Z,sandy081,User,MEMBER,18,14,3,2,2,2,1,0,True,False,0,ok,
microsoft/vscode,320650,https://github.com/microsoft/vscode/pull/320650,fix undo/redo interactions in agent host,2026-06-09T18:57:59Z,2026-06-09T20:20:54Z,2026-06-09T20:20:54Z,2026-07-24T23:41:07Z,2026-09-25T19:33:06Z,justschen,User,COLLABORATOR,123,17,2,1,2,2,1,0,True,False,0,ok,
microsoft/vscode,320700,https://github.com/microsoft/vscode/pull/320700,chat: use Copilot icon for Agent Host sessions in editor window,2026-06-09T23:48:39Z,2026-06-10T01:13:52Z,2026-06-10T01:13:52Z,2026-07-25T23:40:34Z,2026-09-25T19:33:07Z,roblourens,User,MEMBER,11,18,4,2,3,3,1,0,True,False,0,ok,
microsoft/vscode,321061,https://github.com/microsoft/vscode/pull/321061,select correct subagent model,2026-06-12T00:06:56Z,2026-06-15T20:51:49Z,2026-06-15T20:51:49Z,2026-07-30T23:40:18Z,2026-09-25T19:33:09Z,guomaggie,User,CONTRIBUTOR,135,1,2,5,9,5,3,0,True,False,1,ok,
microsoft/vscode,321219,https://github.com/microsoft/vscode/pull/321219,Kill and restart esbuild instances during watch mode,2026-06-12T21:23:31Z,2026-06-16T20:55:45Z,2026-06-16T20:55:45Z,2026-07-31T23:40:51Z,2026-09-25T19:33:11Z,mjbvz,User,CONTRIBUTOR,22,6,1,2,4,4,2,0,True,False,1,ok,
microsoft/vscode,321955,https://github.com/microsoft/vscode/pull/321955,Refactor title bar update placement for layout consistency,2026-06-18T16:19:17Z,2026-06-18T19:53:37Z,2026-06-18T19:53:37Z,2026-08-02T23:40:21Z,2026-09-25T19:33:13Z,mrleemurray,User,CONTRIBUTOR,6,2,1,1,2,2,1,0,True,False,0,ok,
microsoft/vscode,322131,https://github.com/microsoft/vscode/pull/322131,AH: refine session title from first turn context,2026-06-19T17:03:47Z,2026-06-19T18:32:33Z,2026-06-19T18:32:33Z,2026-08-03T23:42:40Z,2026-09-25T19:33:14Z,benibenj,User,CONTRIBUTOR,321,17,3,1,2,2,1,0,True,False,0,ok,
microsoft/vscode,322819,https://github.com/microsoft/vscode/pull/322819,sessions: responsive auto-collapse of the sessions sidebar (D7),2026-06-24T20:27:01Z,2026-06-24T21:09:53Z,2026-06-24T21:09:53Z,2026-08-08T23:31:02Z,2026-09-25T19:33:15Z,sandy081,User,MEMBER,446,47,13,2,2,2,1,0,True,False,0,ok,
microsoft/vscode,322871,https://github.com/microsoft/vscode/pull/322871,Follow ups for Agent Host tools support,2026-06-25T04:24:50Z,2026-06-25T04:53:44Z,2026-06-25T04:53:44Z,2026-08-09T23:31:14Z,2026-09-25T19:33:16Z,dmitrivMS,User,COLLABORATOR,5,7,2,9,2,2,1,0,True,False,0,ok,
microsoft/vscode,323089,https://github.com/microsoft/vscode/pull/323089,agentHost: aggregate multi-chat progress and changes to the session,2026-06-26T09:49:27Z,2026-06-26T10:10:44Z,2026-06-26T10:10:44Z,2026-08-10T23:32:04Z,2026-09-25T19:33:17Z,sandy081,User,MEMBER,501,48,7,1,2,2,1,0,True,False,0,ok,
microsoft/vscode,323170,https://github.com/microsoft/vscode/pull/323170,AgentHost - adopt the ChangesetContentChanged action,2026-06-26T17:07:13Z,2026-06-26T18:29:30Z,2026-06-26T18:29:30Z,2026-08-10T23:32:03Z,2026-09-25T19:33:19Z,lszomoru,User,MEMBER,157,109,11,3,2,2,1,0,True,False,0,ok,
microsoft/vscode,323439,https://github.com/microsoft/vscode/pull/323439,"Experiment-control Markdown default editor in Agents window, default off",2026-06-29T09:20:11Z,2026-06-29T11:46:04Z,2026-06-29T11:46:04Z,2026-08-13T23:33:19Z,2026-09-25T19:33:22Z,hediet,User,MEMBER,39,8,2,2,3,3,2,0,True,False,0,ok,
microsoft/vscode,323494,https://github.com/microsoft/vscode/pull/323494,AgentHost - restore changesets when reloading the window,2026-06-29T13:53:42Z,2026-06-29T15:03:09Z,2026-06-29T15:03:09Z,2026-08-13T23:33:19Z,2026-09-25T19:33:25Z,lszomoru,User,MEMBER,33,0,1,2,4,3,3,0,True,False,1,ok,
microsoft/vscode,323729,https://github.com/microsoft/vscode/pull/323729,Make max results configurable,2026-06-30T14:25:03Z,2026-06-30T15:19:33Z,2026-06-30T15:19:33Z,2026-08-14T23:29:17Z,2026-09-25T19:33:26Z,dbaeumer,User,MEMBER,41,9,5,3,4,3,1,0,True,False,0,ok,
microsoft/vscode,323862,https://github.com/microsoft/vscode/pull/323862,Update @github/copilot and @github/copilot-sdk to version 1.0.67 and 1.0.5-preview.1 respectively,2026-07-01T11:26:58Z,2026-07-01T14:07:14Z,2026-07-01T14:07:14Z,2026-08-15T23:28:49Z,2026-09-25T19:33:28Z,DonJayamanne,User,CONTRIBUTOR,128,124,7,2,3,3,2,0,True,False,0,ok,
microsoft/vscode,324088,https://github.com/microsoft/vscode/pull/324088,chat: fix agent host Stop and Send action,2026-07-02T17:37:31Z,2026-07-02T18:02:18Z,2026-07-02T18:02:18Z,2026-08-16T23:28:43Z,2026-09-25T19:33:29Z,connor4312,User,MEMBER,75,9,5,1,2,2,1,0,True,False,0,ok,
microsoft/vscode,324203,https://github.com/microsoft/vscode/pull/324203,Surface sessions requiring input in the agents titlebar,2026-07-03T11:33:17Z,2026-07-03T11:47:19Z,2026-07-03T11:47:19Z,2026-08-17T23:31:38Z,2026-09-25T19:33:31Z,benibenj,User,CONTRIBUTOR,2112,81,17,2,2,2,1,0,True,False,0,ok,
microsoft/vscode,324328,https://github.com/microsoft/vscode/pull/324328,Cache local agent host sessions for instant startup display,2026-07-04T20:38:30Z,2026-07-04T21:37:50Z,2026-07-04T21:37:50Z,2026-08-18T23:29:41Z,2026-09-25T19:33:32Z,roblourens,User,MEMBER,304,152,5,1,2,2,1,0,True,False,0,ok,
microsoft/vscode,325049,https://github.com/microsoft/vscode/pull/325049,Add @TylerLeonhardt to CODENOTIFY for Claude agent areas,2026-07-08T23:44:13Z,2026-07-08T23:59:46Z,2026-07-08T23:59:46Z,2026-08-23T23:29:02Z,2026-09-25T19:33:33Z,TylerLeonhardt,User,MEMBER,5,0,1,1,2,2,1,0,True,False,0,ok,
microsoft/vscode,325134,https://github.com/microsoft/vscode/pull/325134,Voice: keep hands-free listening when switching sessions without dictation,2026-07-09T14:07:18Z,2026-07-09T15:52:56Z,2026-07-09T15:52:56Z,2026-08-23T23:29:01Z,2026-09-25T19:33:34Z,meganrogge,User,COLLABORATOR,13,4,1,1,3,3,2,0,True,False,0,ok,
microsoft/vscode,325575,https://github.com/microsoft/vscode/pull/325575,test: skip flaky chat sandbox home-read smoke test,2026-07-13T09:11:27Z,2026-07-13T09:47:15Z,2026-07-13T09:47:15Z,2026-08-28T02:02:19Z,2026-09-25T19:33:36Z,Giuspepe,User,CONTRIBUTOR,5,1,1,1,2,2,1,0,True,False,0,ok,
microsoft/vscode,325851,https://github.com/microsoft/vscode/pull/325851,Claude agent: allow 'max' reasoning effort on the runtime path,2026-07-14T18:58:08Z,2026-07-14T20:50:37Z,2026-07-14T20:50:37Z,2026-08-28T23:22:45Z,2026-09-25T19:33:37Z,TylerLeonhardt,User,MEMBER,45,49,4,2,3,3,1,0,True,False,0,ok,
microsoft/vscode,325863,https://github.com/microsoft/vscode/pull/325863,sessions: fix docked detail panel gap at bottom in single-pane layout,2026-07-14T21:24:27Z,2026-07-14T21:48:19Z,2026-07-14T21:48:19Z,2026-08-28T23:22:45Z,2026-09-25T19:33:39Z,sandy081,User,MEMBER,4,3,1,2,3,3,1,0,True,False,0,ok,
microsoft/vscode,325777,https://github.com/microsoft/vscode/pull/325777,Agents: Fix automation branch picker,2026-07-14T11:49:53Z,2026-07-15T20:49:28Z,2026-07-15T20:49:28Z,2026-08-29T23:23:32Z,2026-09-25T19:33:40Z,ulugbekna,User,CONTRIBUTOR,2397,239,29,2,11,3,1,0,True,False,0,ok,
microsoft/vscode,326165,https://github.com/microsoft/vscode/pull/326165,Voice agent always on streaming mode to support barge in,2026-07-16T14:45:31Z,2026-07-16T18:28:53Z,2026-07-16T18:28:53Z,2026-08-30T23:23:59Z,2026-09-25T19:33:41Z,mirimadahmed,User,CONTRIBUTOR,154,164,5,3,4,4,3,0,True,False,0,ok,
microsoft/vscode,326337,https://github.com/microsoft/vscode/pull/326337,Update to @vscode/os-proxy-resolver 0.3.0,2026-07-17T12:17:48Z,2026-07-17T19:57:26Z,2026-07-17T19:57:26Z,2026-08-31T23:25:57Z,2026-09-25T19:33:43Z,chrmarti,User,COLLABORATOR,141,36,6,1,2,2,1,0,True,False,0,ok,
microsoft/vscode,326414,https://github.com/microsoft/vscode/pull/326414,Unify isolation checkbox into shared BranchPicker,2026-07-17T22:03:16Z,2026-07-19T23:09:50Z,2026-07-19T23:09:50Z,2026-09-02T23:25:08Z,2026-09-25T19:33:44Z,benvillalobos,User,MEMBER,325,515,12,22,2,2,1,0,True,False,0,ok,
microsoft/vscode,327173,https://github.com/microsoft/vscode/pull/327173,agentHost: Preserve trusted model IDs in telemetry,2026-07-23T17:29:49Z,2026-07-23T18:34:09Z,2026-07-23T18:34:09Z,2026-09-06T23:24:16Z,2026-09-25T19:33:45Z,roblourens,User,MEMBER,74,17,4,2,2,2,1,0,True,False,0,ok,
microsoft/vscode,327296,https://github.com/microsoft/vscode/pull/327296,Fix harness model picker switching,2026-07-24T13:47:16Z,2026-07-24T14:51:31Z,2026-07-24T14:51:31Z,2026-09-07T23:25:24Z,2026-09-25T19:33:47Z,lramos15,User,MEMBER,71,5,3,3,3,3,2,0,True,False,1,ok,
microsoft/vscode,327624,https://github.com/microsoft/vscode/pull/327624,Fix codex agent messages gluing together so headings render,2026-07-27T12:32:59Z,2026-07-27T15:23:18Z,2026-07-27T15:23:19Z,2026-09-10T23:25:10Z,2026-09-25T19:33:48Z,Giuspepe,User,CONTRIBUTOR,115,4,4,2,3,3,1,0,True,False,0,ok,
microsoft/vscode,327922,https://github.com/microsoft/vscode/pull/327922,nes: fix: share in-flight speculative requests across concurrent calls,2026-07-28T22:25:46Z,2026-07-28T23:30:28Z,2026-07-28T23:30:28Z,2026-09-12T23:25:09Z,2026-09-25T19:33:50Z,ulugbekna,User,CONTRIBUTOR,380,19,3,2,2,2,1,0,True,False,0,ok,
microsoft/vscode,324014,https://github.com/microsoft/vscode/pull/324014,Remove stale secrets after decryption failure,2026-07-02T08:36:26Z,2026-07-29T01:48:30Z,2026-07-29T01:48:30Z,2026-07-29T01:49:26Z,2026-09-25T19:33:51Z,KevinWang-wpq,User,CONTRIBUTOR,42,5,2,2,5,4,3,0,True,False,0,ok,
microsoft/vscode,327981,https://github.com/microsoft/vscode/pull/327981,agents: restore message timestamps from persisted agent transcripts,2026-07-29T10:49:57Z,2026-07-29T15:55:47Z,2026-07-29T15:55:47Z,2026-09-12T23:25:07Z,2026-09-25T19:33:53Z,benibenj,User,CONTRIBUTOR,158,11,6,2,8,5,3,0,True,False,2,ok,
microsoft/vscode,328641,https://github.com/microsoft/vscode/pull/328641,Stop empty-session GC from deleting restored Agent Host sessions,2026-08-02T23:13:00Z,2026-08-03T15:18:38Z,2026-08-03T15:18:38Z,2026-09-17T23:25:28Z,2026-09-25T19:33:54Z,roblourens,User,MEMBER,270,26,6,2,4,3,1,0,True,False,0,ok,
microsoft/vscode,328833,https://github.com/microsoft/vscode/pull/328833,Re-render Voice Mode onboarding chips when the spoken language changes,2026-08-03T20:28:31Z,2026-08-03T22:29:33Z,2026-08-03T22:29:33Z,2026-09-17T23:25:27Z,2026-09-25T19:33:55Z,Copilot,Bot,CONTRIBUTOR,99,7,2,3,8,4,7,0,True,False,0,ok,
microsoft/vscode,329102,https://github.com/microsoft/vscode/pull/329102,feat: forward additionalDirectories to SDK session config in multi-root sessions,2026-08-05T03:47:36Z,2026-08-05T04:27:04Z,2026-08-05T04:27:04Z,2026-09-19T23:24:42Z,2026-09-25T19:33:56Z,DonJayamanne,User,CONTRIBUTOR,94,9,3,2,2,2,1,0,True,False,0,ok,
microsoft/vscode,329207,https://github.com/microsoft/vscode/pull/329207,sessions: keep single-pane auxiliary bar views consistent,2026-08-05T17:02:00Z,2026-08-05T17:49:22Z,2026-08-05T17:49:22Z,2026-09-19T23:24:41Z,2026-09-25T19:34:01Z,sandy081,User,MEMBER,101,18,5,3,2,2,1,0,True,False,0,ok,
microsoft/vscode,329569,https://github.com/microsoft/vscode/pull/329569,sessions: Show diff layout toggle for single files,2026-08-07T10:27:57Z,2026-08-07T10:55:25Z,2026-08-07T10:55:25Z,2026-09-21T23:27:47Z,2026-09-25T19:34:03Z,sandy081,User,MEMBER,154,19,6,2,3,3,1,0,True,False,0,ok,
microsoft/vscode,329846,https://github.com/microsoft/vscode/pull/329846,[cherry-pick] Only surface model picker Sign In for signed-out / sign-up users,2026-08-09T19:16:29Z,2026-08-09T22:39:53Z,2026-08-09T22:39:53Z,2026-09-23T23:24:29Z,2026-09-25T19:34:04Z,vs-code-engineering[bot],Bot,CONTRIBUTOR,49,15,4,1,3,3,2,0,True,False,0,ok,
microsoft/vscode,330013,https://github.com/microsoft/vscode/pull/330013,Fix Agent Host recovery after process restart,2026-08-10T17:03:49Z,2026-08-10T17:27:29Z,2026-08-10T17:27:29Z,2026-09-24T23:26:33Z,2026-09-25T19:34:05Z,connor4312,User,MEMBER,257,23,7,2,2,2,1,0,True,False,0,ok,
microsoft/vscode,330200,https://github.com/microsoft/vscode/pull/330200,Fix update tooltip clipping in narrow windows,2026-08-11T09:27:14Z,2026-08-11T09:47:05Z,2026-08-11T09:47:05Z,2026-08-11T09:47:55Z,2026-09-25T19:34:06Z,dmitrivMS,User,COLLABORATOR,2,2,1,1,2,2,1,0,True,False,0,ok,
microsoft/vscode,330242,https://github.com/microsoft/vscode/pull/330242,sessions: add worktree merge changeset operation,2026-08-11T13:17:10Z,2026-08-11T13:54:05Z,2026-08-11T13:54:05Z,2026-08-11T13:54:44Z,2026-09-25T19:34:07Z,benibenj,User,CONTRIBUTOR,1344,80,40,2,2,2,1,0,True,False,0,ok,
microsoft/vscode,330640,https://github.com/microsoft/vscode/pull/330640,build: Bound transpile file operations,2026-08-13T12:02:58Z,2026-08-13T12:38:11Z,2026-08-13T12:38:11Z,2026-08-13T12:38:12Z,2026-09-25T19:34:09Z,sandy081,User,MEMBER,125,44,4,2,3,3,2,0,True,False,1,ok,
microsoft/vscode,328855,https://github.com/microsoft/vscode/pull/328855,build(deps): bump hono from 4.12.31 to 4.12.34 in /extensions/copilot,2026-08-03T21:29:44Z,2026-08-13T18:33:20Z,2026-08-13T18:33:20Z,2026-08-13T18:34:09Z,2026-09-25T19:34:10Z,dependabot[bot],Bot,CONTRIBUTOR,3,3,1,2,3,3,2,0,True,False,0,ok,
microsoft/vscode,330727,https://github.com/microsoft/vscode/pull/330727,agentHost: stabilize session config integration tests,2026-08-13T20:10:40Z,2026-08-13T20:51:22Z,2026-08-13T20:51:22Z,2026-08-13T20:52:17Z,2026-09-25T19:34:11Z,roblourens,User,MEMBER,2,0,1,1,2,2,1,0,True,False,0,ok,
microsoft/vscode,330715,https://github.com/microsoft/vscode/pull/330715,agent host: derive client-bundled MCP ownership locally,2026-08-13T19:14:55Z,2026-08-13T21:32:58Z,2026-08-13T21:32:58Z,2026-08-13T21:34:04Z,2026-09-25T19:37:42Z,connor4312,User,MEMBER,333,31,19,3,3,3,2,0,True,False,1,ok,
microsoft/vscode,330852,https://github.com/microsoft/vscode/pull/330852,Improve border radius of input stack,2026-08-14T13:03:20Z,2026-08-14T15:48:00Z,2026-08-14T15:48:00Z,2026-08-14T15:48:40Z,2026-09-25T19:37:43Z,lramos15,User,MEMBER,157,73,7,3,3,3,2,0,True,False,0,ok,
microsoft/vscode,330737,https://github.com/microsoft/vscode/pull/330737,Revert to showing all context size options,2026-08-13T21:11:38Z,2026-08-14T18:00:17Z,2026-08-14T18:00:17Z,2026-08-14T18:01:24Z,2026-09-25T19:37:46Z,bhavyaus,User,COLLABORATOR,175,188,15,4,8,5,3,0,True,False,1,ok,
microsoft/vscode,330920,https://github.com/microsoft/vscode/pull/330920,Improve logging for automation timeout issues and session tracking,2026-08-14T18:20:02Z,2026-08-14T21:09:19Z,2026-08-14T21:09:19Z,2026-08-14T21:10:04Z,2026-09-25T19:37:48Z,benvillalobos,User,MEMBER,25,4,2,7,6,3,2,0,True,False,1,ok,
microsoft/vscode,331377,https://github.com/microsoft/vscode/pull/331377,Clarify quick chat row presentation,2026-08-17T22:47:00Z,2026-08-18T00:31:39Z,2026-08-18T00:31:39Z,2026-08-18T00:34:32Z,2026-09-25T19:37:51Z,benvillalobos,User,MEMBER,6,6,2,1,3,3,2,0,True,False,0,ok,
microsoft/vscode,331485,https://github.com/microsoft/vscode/pull/331485,Modern UI: Update pane header colors and separator behavior for modern UI,2026-08-18T15:24:11Z,2026-08-18T18:32:17Z,2026-08-18T18:32:17Z,2026-08-18T18:33:06Z,2026-09-25T19:37:55Z,mrleemurray,User,CONTRIBUTOR,53,14,2,2,4,3,3,0,True,False,1,ok,
microsoft/vscode,331556,https://github.com/microsoft/vscode/pull/331556,Fix hover race,2026-08-18T21:13:31Z,2026-08-18T21:33:58Z,2026-08-18T21:33:58Z,2026-08-18T21:35:44Z,2026-09-25T19:37:56Z,lramos15,User,MEMBER,55,3,2,1,2,2,1,0,True,False,0,ok,
microsoft/vscode,331512,https://github.com/microsoft/vscode/pull/331512,Polish mock policy schema table layout,2026-08-18T17:39:45Z,2026-08-18T21:58:14Z,2026-08-18T21:58:14Z,2026-08-18T22:00:06Z,2026-09-25T19:37:57Z,joshspicer,User,CONTRIBUTOR,51,4,2,1,2,2,1,0,True,False,0,ok,
microsoft/vscode,331575,https://github.com/microsoft/vscode/pull/331575,MCP: Recognize Workspace Config Under Settings,2026-08-18T23:20:09Z,2026-08-19T02:44:47Z,2026-08-19T02:44:48Z,2026-08-19T02:45:36Z,2026-09-25T19:37:58Z,dmitrivMS,User,COLLABORATOR,25,16,2,2,2,2,1,0,True,False,0,ok,
microsoft/vscode,331861,https://github.com/microsoft/vscode/pull/331861,Refactor AgentService instantiation,2026-08-20T19:03:18Z,2026-08-20T23:59:15Z,2026-08-20T23:59:15Z,2026-08-21T00:45:35Z,2026-09-25T19:38:00Z,roblourens,User,MEMBER,1119,879,15,15,2,2,1,0,True,False,0,ok,
microsoft/vscode,332262,https://github.com/microsoft/vscode/pull/332262,Enable Chat Customizations prompt migration by default,2026-08-24T08:58:43Z,2026-08-24T09:25:45Z,2026-08-24T09:25:45Z,2026-08-24T09:27:05Z,2026-09-25T19:38:01Z,aeschli,User,CONTRIBUTOR,1,1,1,1,2,2,1,0,True,False,0,ok,
microsoft/vscode,332337,https://github.com/microsoft/vscode/pull/332337,sessions: Preserve side pane size across custom views,2026-08-24T14:43:45Z,2026-08-24T15:29:35Z,2026-08-24T15:29:35Z,2026-08-24T15:33:03Z,2026-09-25T19:38:03Z,sandy081,User,MEMBER,64,0,2,2,4,3,2,0,True,False,1,ok,
microsoft/vscode,332397,https://github.com/microsoft/vscode/pull/332397,workbench: Remove dead chat and debug CSS,2026-08-24T18:30:29Z,2026-08-24T19:43:48Z,2026-08-24T19:43:48Z,2026-08-24T19:45:27Z,2026-09-25T19:38:04Z,roblourens,User,MEMBER,2,258,9,1,2,2,1,0,True,False,0,ok,
microsoft/vscode,332425,https://github.com/microsoft/vscode/pull/332425,agentHost: expose open links from list sessions,2026-08-24T20:04:46Z,2026-08-24T22:02:14Z,2026-08-24T22:02:14Z,2026-08-30T22:25:53Z,2026-09-25T19:38:06Z,sandy081,User,MEMBER,37,21,21,2,3,3,2,0,True,False,1,ok,
microsoft/vscode,332759,https://github.com/microsoft/vscode/pull/332759,chat: show only turn change stats,2026-08-26T14:57:17Z,2026-08-26T19:17:54Z,2026-08-26T19:17:54Z,2026-08-26T19:19:07Z,2026-09-25T19:38:08Z,benibenj,User,CONTRIBUTOR,389,329,7,3,7,4,2,0,True,False,1,ok,
microsoft/vscode,332649,https://github.com/microsoft/vscode/pull/332649,Resolve session-relative changeset URI templates from remote agent hosts,2026-08-25T22:15:44Z,2026-08-26T19:36:21Z,2026-08-26T19:36:21Z,2026-08-26T19:37:28Z,2026-09-25T19:38:09Z,osortega,User,CONTRIBUTOR,85,2,4,2,6,3,1,0,True,False,0,ok,
microsoft/vscode,332875,https://github.com/microsoft/vscode/pull/332875,"Fix ""Set Background"" action to store a file path instead of a file URI",2026-08-27T04:55:49Z,2026-08-27T07:06:07Z,2026-08-27T07:06:07Z,2026-08-27T07:07:07Z,2026-09-25T19:38:10Z,Copilot,Bot,CONTRIBUTOR,3,3,2,2,4,4,3,0,True,False,0,ok,
microsoft/vscode,332970,https://github.com/microsoft/vscode/pull/332970,Preserve visible dictation transcript after stop,2026-08-27T16:19:39Z,2026-08-27T17:00:08Z,2026-08-27T17:00:08Z,2026-08-27T17:00:09Z,2026-09-25T19:38:11Z,meganrogge,User,COLLABORATOR,44,10,3,2,3,3,2,0,True,False,0,ok,
microsoft/vscode,333057,https://github.com/microsoft/vscode/pull/333057,"sessions: govern single-pane bottom panel at workbench level, remember its view per session",2026-08-27T22:42:54Z,2026-08-28T02:08:05Z,2026-08-28T02:08:06Z,2026-08-28T02:08:07Z,2026-09-25T19:38:12Z,sandy081,User,MEMBER,405,31,8,2,5,3,1,0,True,False,0,ok,
microsoft/vscode,333275,https://github.com/microsoft/vscode/pull/333275,agent host: update to AHP 0.9.0,2026-08-28T22:37:07Z,2026-08-31T21:17:04Z,2026-08-31T21:17:04Z,2026-08-31T21:18:16Z,2026-09-25T19:38:15Z,connor4312,User,MEMBER,358,275,32,8,7,6,6,0,True,False,2,ok,
microsoft/vscode,333829,https://github.com/microsoft/vscode/pull/333829,agentHost: Hide merge actions after successful merge,2026-09-01T18:07:21Z,2026-09-01T19:57:36Z,2026-09-01T19:57:36Z,2026-09-01T19:59:01Z,2026-09-25T19:38:17Z,benibenj,User,CONTRIBUTOR,371,33,15,2,3,3,2,0,True,False,1,ok,
microsoft/vscode,333922,https://github.com/microsoft/vscode/pull/333922,Agent Host: Expand E2E coverage for recent changes,2026-09-02T00:50:56Z,2026-09-02T17:59:33Z,2026-09-02T17:59:33Z,2026-09-02T18:00:42Z,2026-09-25T19:38:19Z,roblourens,User,MEMBER,4582,1446,31,7,4,3,1,0,True,False,0,ok,
microsoft/vscode,334222,https://github.com/microsoft/vscode/pull/334222,Remove the GHPR uri opening workaround in favor of external URI opener,2026-09-03T10:23:26Z,2026-09-03T15:15:34Z,2026-09-03T15:15:34Z,2026-09-03T17:13:55Z,2026-09-25T19:38:20Z,alexr00,User,MEMBER,314,161,6,2,2,2,1,0,True,False,0,ok,
microsoft/vscode,334695,https://github.com/microsoft/vscode/pull/334695,Fix Copilot Sessions Provider to Resolve Changes Summary Correctly,2026-09-05T08:34:27Z,2026-09-05T22:08:10Z,2026-09-05T22:08:10Z,2026-09-05T22:10:11Z,2026-09-25T19:38:21Z,benibenj,User,CONTRIBUTOR,62,17,2,3,4,3,1,0,True,False,0,ok,
microsoft/vscode,334989,https://github.com/microsoft/vscode/pull/334989,github: improve download network failure diagnostics,2026-09-07T23:01:03Z,2026-09-08T00:36:21Z,2026-09-08T00:36:21Z,2026-09-08T00:37:24Z,2026-09-25T19:38:22Z,benibenj,User,CONTRIBUTOR,97,1,2,1,2,2,1,0,True,False,0,ok,
microsoft/vscode,334865,https://github.com/microsoft/vscode/pull/334865,automations: feat: backport templates and target selection to 1.137,2026-09-07T08:21:08Z,2026-09-08T08:07:24Z,2026-09-08T08:07:25Z,2026-09-08T08:07:26Z,2026-09-25T19:38:24Z,ulugbekna,User,CONTRIBUTOR,1481,66,18,1,2,2,1,0,True,False,0,ok,
microsoft/vscode,335129,https://github.com/microsoft/vscode/pull/335129,Add experiment metadata to the chat model picker setting,2026-09-08T18:37:56Z,2026-09-08T18:52:01Z,2026-09-08T18:52:01Z,2026-09-08T18:53:07Z,2026-09-25T19:38:25Z,lramos15,User,MEMBER,1,0,1,1,2,2,1,0,True,False,0,ok,
microsoft/vscode,332827,https://github.com/microsoft/vscode/pull/332827,Simplify AgentService collaborator ownership,2026-08-26T21:52:22Z,2026-09-08T19:39:41Z,2026-09-08T19:39:41Z,2026-09-08T19:41:03Z,2026-09-25T19:38:26Z,roblourens,User,MEMBER,60,70,6,9,2,2,1,0,True,False,0,ok,
microsoft/vscode,335459,https://github.com/microsoft/vscode/pull/335459,Agents window: remove redundant transcript tab stop,2026-09-10T12:11:22Z,2026-09-10T13:42:07Z,2026-09-10T13:42:07Z,2026-09-10T14:23:00Z,2026-09-25T19:38:27Z,mrleemurray,User,CONTRIBUTOR,42,0,5,1,2,2,1,0,True,False,0,ok,
microsoft/vscode,335355,https://github.com/microsoft/vscode/pull/335355,Move customization list scrollbar to pane edge,2026-09-09T21:09:31Z,2026-09-11T00:47:13Z,2026-09-11T00:47:13Z,2026-09-11T00:48:52Z,2026-09-25T19:38:28Z,pwang347,User,MEMBER,114,51,5,10,2,2,1,0,True,False,0,ok,
microsoft/vscode,335637,https://github.com/microsoft/vscode/pull/335637,Update endgame notebook milestones to 1.138.0,2026-09-11T07:32:17Z,2026-09-11T11:44:30Z,2026-09-11T11:44:30Z,2026-09-11T11:45:31Z,2026-09-25T19:38:29Z,vs-code-engineering[bot],Bot,CONTRIBUTOR,2,2,2,1,4,4,3,0,True,False,0,ok,
microsoft/vscode,335800,https://github.com/microsoft/vscode/pull/335800,[cherry-pick] sessions: fix consecutive archive confetti animations,2026-09-11T17:04:21Z,2026-09-11T18:52:35Z,2026-09-11T18:52:35Z,2026-09-11T18:55:44Z,2026-09-25T19:38:30Z,vs-code-engineering[bot],Bot,CONTRIBUTOR,68,58,5,1,3,3,2,0,True,False,0,ok,
microsoft/vscode,180498,https://github.com/microsoft/vscode/pull/180498,Allow display:inline-block on spans style,2023-04-21T11:05:19Z,2026-09-14T11:03:35Z,2026-09-14T11:03:35Z,2026-09-14T11:05:11Z,2026-09-25T19:38:31Z,yoavbls,User,CONTRIBUTOR,2,1,1,1,1,1,1,0,True,False,0,ok,
microsoft/vscode,336549,https://github.com/microsoft/vscode/pull/336549,fix: allow workbench origin for remote resources,2026-09-17T10:43:05Z,2026-09-17T12:25:50Z,2026-09-17T12:25:50Z,2026-09-17T12:25:52Z,2026-09-25T19:38:35Z,deepak1556,User,COLLABORATOR,178,33,8,2,3,3,2,0,True,False,1,ok,
microsoft/vscode,335600,https://github.com/microsoft/vscode/pull/335600,add more fun working messages,2026-09-11T00:05:58Z,2026-09-18T21:22:11Z,2026-09-18T21:22:11Z,2026-09-23T17:34:41Z,2026-09-25T19:38:36Z,emxs1,User,CONTRIBUTOR,8,0,1,4,5,4,3,1,True,True,0,ok,
microsoft/vscode,336947,https://github.com/microsoft/vscode/pull/336947,agentHost: preserve project for external worktree conversion,2026-09-20T20:23:05Z,2026-09-20T21:10:34Z,2026-09-20T21:10:34Z,2026-09-20T21:10:35Z,2026-09-25T19:38:37Z,sandy081,User,MEMBER,108,18,4,2,3,3,1,0,True,False,0,ok,
microsoft/vscode,337316,https://github.com/microsoft/vscode/pull/337316,agentHost: fix telemetry reporter test fixture compilation,2026-09-22T17:35:20Z,2026-09-22T18:39:45Z,2026-09-22T18:39:45Z,2026-09-22T18:39:47Z,2026-09-25T19:38:39Z,dmitrivMS,User,COLLABORATOR,1,0,1,1,6,5,5,0,True,False,0,ok,
microsoft/vscode,337518,https://github.com/microsoft/vscode/pull/337518,chat: clear Markdown trust when importing sessions,2026-09-23T18:30:20Z,2026-09-23T19:14:55Z,2026-09-23T19:14:55Z,2026-09-23T19:15:55Z,2026-09-25T19:39:37Z,roblourens,User,MEMBER,201,10,4,2,2,2,1,0,True,False,0,ok,
microsoft/vscode,337583,https://github.com/microsoft/vscode/pull/337583,managed settings: keep policy through transient refresh failures,2026-09-23T23:32:07Z,2026-09-24T01:20:31Z,2026-09-24T01:20:31Z,2026-09-24T16:13:06Z,2026-09-25T19:39:41Z,rwoll,User,MEMBER,33,24,2,8,8,6,5,0,True,False,4,ok,
microsoft/vscode,337674,https://github.com/microsoft/vscode/pull/337674,sessions: Mark cloud sessions started outside VS Code as external,2026-09-24T09:43:16Z,2026-09-24T10:33:01Z,2026-09-24T10:33:01Z,2026-09-24T10:35:12Z,2026-09-25T19:39:43Z,benibenj,User,CONTRIBUTOR,357,106,10,2,3,3,2,0,True,False,1,ok,
microsoft/vscode,337753,https://github.com/microsoft/vscode/pull/337753,Move new session composer layout above vs below chat input,2026-09-24T17:14:58Z,2026-09-25T01:48:14Z,2026-09-25T01:48:15Z,2026-09-25T01:48:16Z,2026-09-25T19:39:45Z,meganrogge,User,COLLABORATOR,108,288,13,15,4,3,3,0,True,False,2,ok,
