repo,pr_number,url,title,created_at,merged_at,closed_at,updated_at,fetched_at,author_login,author_type,author_association,additions,deletions,changed_files,commits,review_count,reviewer_count,approval_count,change_request_count,has_review,has_change_request,dismissed_review_count,collection_status,error
microsoft/vscode,88730,https://github.com/microsoft/vscode/pull/88730,fix typo,2020-01-16T00:38:26Z,2020-01-16T18:00:16Z,2020-01-16T18:00:16Z,2020-03-27T01:32:54Z,2026-09-25T15:02:39Z,mairaw,User,MEMBER,4,4,3,1,0,0,0,0,False,False,0,ok,
microsoft/vscode,89871,https://github.com/microsoft/vscode/pull/89871,Fixes cannot undo in SCM input box,2020-02-02T19:40:19Z,2020-02-03T10:46:31Z,2020-02-03T10:46:31Z,2020-03-27T01:32:51Z,2026-09-25T15:02:40Z,jeanp413,User,CONTRIBUTOR,6,1,1,1,1,1,1,0,True,False,0,ok,
microsoft/vscode,90355,https://github.com/microsoft/vscode/pull/90355,Delay update service initialization until first window open,2020-02-10T10:52:04Z,2020-02-10T10:52:48Z,2020-02-10T10:52:48Z,2020-03-27T01:32:51Z,2026-09-25T15:02:41Z,joaomoreno,User,CONTRIBUTOR,27,6,4,4,0,0,0,0,False,False,0,ok,
microsoft/vscode,90999,https://github.com/microsoft/vscode/pull/90999,recommend resolver extension,2020-02-19T16:20:57Z,2020-02-20T15:21:28Z,2020-02-20T15:21:28Z,2020-04-05T23:22:15Z,2026-09-25T15:02:43Z,aeschli,User,CONTRIBUTOR,92,18,3,3,1,1,1,0,True,False,0,ok,
microsoft/vscode,91830,https://github.com/microsoft/vscode/pull/91830,Fixes webview inside diff editor doesn't gain focus,2020-02-29T23:50:17Z,2020-03-04T05:58:28Z,2020-03-04T05:58:28Z,2020-04-18T23:22:12Z,2026-09-25T15:02:44Z,jeanp413,User,CONTRIBUTOR,34,6,1,2,0,0,0,0,False,False,0,ok,
microsoft/vscode,92672,https://github.com/microsoft/vscode/pull/92672,Move web playground code  into its own extension,2020-03-13T22:07:58Z,2020-03-17T22:01:18Z,2020-03-17T22:01:18Z,2020-05-01T23:22:18Z,2026-09-25T15:02:45Z,mjbvz,User,CONTRIBUTOR,254,5,13,1,0,0,0,0,False,False,0,ok,
microsoft/vscode,94222,https://github.com/microsoft/vscode/pull/94222,Fix #93621. Emit wheel event only when the webview does not scroll.,2020-04-01T22:03:58Z,2020-04-03T21:39:49Z,2020-04-03T21:39:49Z,2020-05-18T23:22:22Z,2026-09-25T15:02:46Z,rebornix,User,CONTRIBUTOR,49,5,1,1,0,0,0,0,False,False,0,ok,
microsoft/vscode,95092,https://github.com/microsoft/vscode/pull/95092,Fix to 'Markdown Preview of relative links drops 'host' from path',2020-04-13T06:58:02Z,2020-04-13T21:43:00Z,2020-04-13T21:43:01Z,2020-05-28T23:22:22Z,2026-09-25T15:02:47Z,tweing,User,NONE,2,1,1,3,0,0,0,0,False,False,0,ok,
microsoft/vscode,95712,https://github.com/microsoft/vscode/pull/95712,Make hover actions keyboard accessible,2020-04-20T15:48:58Z,2020-04-21T20:53:20Z,2020-04-21T20:53:20Z,2020-06-05T23:22:13Z,2026-09-25T15:02:49Z,Tyriar,User,CONTRIBUTOR,5,0,1,2,1,1,1,0,True,False,0,ok,
microsoft/vscode,62074,https://github.com/microsoft/vscode/pull/62074,removed unnecessary parts from MIT license,2018-10-29T18:38:20Z,2020-05-01T21:22:37Z,2020-05-01T21:22:37Z,2020-06-19T23:22:20Z,2026-09-25T15:02:50Z,azkarmoulana,User,CONTRIBUTOR,0,1,1,1,1,1,1,0,True,False,0,ok,
microsoft/vscode,97468,https://github.com/microsoft/vscode/pull/97468,Pinned Release Notes tab is blank (looks weird) (fix #97218),2020-05-11T07:07:54Z,2020-05-11T16:14:12Z,2020-05-11T16:14:13Z,2020-06-25T23:22:32Z,2026-09-25T15:02:51Z,bpasero,User,CONTRIBUTOR,11,6,2,1,0,0,0,0,False,False,0,ok,
microsoft/vscode,98182,https://github.com/microsoft/vscode/pull/98182,Remove terminal link matchers,2020-05-19T15:07:59Z,2020-05-20T14:24:42Z,2020-05-20T14:24:42Z,2020-07-04T23:22:35Z,2026-09-25T15:02:53Z,Tyriar,User,CONTRIBUTOR,37,521,16,11,1,1,1,0,True,False,0,ok,
microsoft/vscode,99476,https://github.com/microsoft/vscode/pull/99476,Add playwright to workspace tags,2020-06-05T18:31:39Z,2020-06-05T18:36:45Z,2020-06-05T18:36:45Z,2020-07-20T23:22:22Z,2026-09-25T15:02:54Z,sana-ajani,User,CONTRIBUTOR,12,1,1,1,1,1,1,0,True,False,0,ok,
microsoft/vscode,100011,https://github.com/microsoft/vscode/pull/100011,"Refactor terminal launch, improve error handling and add troubleshoot link to notification",2020-06-12T15:58:11Z,2020-06-15T16:33:41Z,2020-06-15T16:33:42Z,2020-07-30T23:22:39Z,2026-09-25T15:02:58Z,Tyriar,User,CONTRIBUTOR,272,189,13,16,0,0,0,0,False,False,0,ok,
microsoft/vscode,100242,https://github.com/microsoft/vscode/pull/100242,debug: allow debugging the renderer process,2020-06-15T23:14:39Z,2020-06-25T18:54:37Z,2020-06-25T18:54:37Z,2020-08-09T23:22:41Z,2026-09-25T15:03:00Z,connor4312,User,MEMBER,118,25,9,6,2,2,1,0,True,False,0,ok,
microsoft/vscode,101853,https://github.com/microsoft/vscode/pull/101853,Encoding euckr does not exist anymore (fix #101847),2020-07-07T12:09:03Z,2020-07-07T12:25:10Z,2020-07-07T12:25:10Z,2020-08-21T23:22:47Z,2026-09-25T15:03:01Z,bpasero,User,CONTRIBUTOR,36,25,11,1,2,1,1,1,True,True,0,ok,
microsoft/vscode,102629,https://github.com/microsoft/vscode/pull/102629,only prompt on imp ext recommendation pattern,2020-07-15T19:26:30Z,2020-07-16T01:54:00Z,2020-07-16T01:54:00Z,2020-08-30T23:22:39Z,2026-09-25T15:03:02Z,chrisdias,User,CONTRIBUTOR,3,1,1,1,1,1,1,0,True,False,0,ok,
microsoft/vscode,103553,https://github.com/microsoft/vscode/pull/103553,"Syntax highlighting for Dockerfile.*, Containerfile.*",2020-07-29T12:29:07Z,2020-07-30T07:50:40Z,2020-07-30T07:50:40Z,2020-09-13T23:22:26Z,2026-09-25T15:03:03Z,vitaliy-guliy,User,CONTRIBUTOR,1,0,1,1,0,0,0,0,False,False,0,ok,
microsoft/vscode,104798,https://github.com/microsoft/vscode/pull/104798,Smoke test - publish test results depending on --web parameter,2020-08-17T09:22:57Z,2020-08-17T09:52:01Z,2020-08-17T09:52:01Z,2020-10-01T23:24:31Z,2026-09-25T15:03:04Z,lszomoru,User,MEMBER,3,2,1,2,0,0,0,0,False,False,0,ok,
microsoft/vscode,105459,https://github.com/microsoft/vscode/pull/105459,chore: bump electron@9.2.1,2020-08-26T23:54:47Z,2020-08-26T23:55:03Z,2020-08-26T23:55:04Z,2020-10-11T23:26:43Z,2026-09-25T15:03:06Z,deepak1556,User,COLLABORATOR,8,8,4,1,0,0,0,0,False,False,0,ok,
microsoft/vscode,104284,https://github.com/microsoft/vscode/pull/104284,Fixes settings editor scrolls slowly when `workbench.list.smoothScrolling` enabled,2020-08-08T03:38:45Z,2020-09-07T13:53:48Z,2020-09-07T13:53:48Z,2020-10-22T23:29:25Z,2026-09-25T15:03:07Z,jeanp413,User,CONTRIBUTOR,5,3,1,1,0,0,0,0,False,False,0,ok,
microsoft/vscode,106893,https://github.com/microsoft/vscode/pull/106893,Bump version,2020-09-16T22:29:31Z,2020-09-16T22:42:06Z,2020-09-16T22:42:07Z,2020-10-31T23:22:52Z,2026-09-25T15:03:09Z,RMacfarlane,User,NONE,2,2,1,1,1,1,1,0,True,False,0,ok,
microsoft/vscode,108105,https://github.com/microsoft/vscode/pull/108105,Don't allow remote explorer views to move out of the container,2020-10-05T09:50:23Z,2020-10-05T12:47:50Z,2020-10-05T12:47:50Z,2020-12-04T00:36:23Z,2026-09-25T15:03:10Z,alexr00,User,MEMBER,1,1,1,2,2,2,2,0,True,False,0,ok,
microsoft/vscode,109036,https://github.com/microsoft/vscode/pull/109036,Add Remote Terminals Restoring,2020-10-20T19:32:31Z,2020-10-20T19:59:24Z,2020-10-20T19:59:24Z,2020-12-04T23:30:39Z,2026-09-25T15:03:11Z,alexdima,User,MEMBER,322,139,15,2,0,0,0,0,False,False,0,ok,
microsoft/vscode,89249,https://github.com/microsoft/vscode/pull/89249,git.pruneOnFetch setting implemented,2020-01-24T19:27:39Z,2020-11-04T14:44:02Z,2020-11-04T14:44:02Z,2020-12-19T23:36:30Z,2026-09-25T15:03:12Z,LarssonOliver,User,CONTRIBUTOR,24,4,3,1,0,0,0,0,False,False,0,ok,
microsoft/vscode,109551,https://github.com/microsoft/vscode/pull/109551,"#109255 - Add encoding description to settings ""File: Encoding"" drop-down",2020-10-28T01:27:58Z,2020-11-10T19:00:12Z,2020-11-10T19:00:13Z,2020-12-25T23:45:33Z,2026-09-25T15:03:16Z,maldahleh,User,CONTRIBUTOR,27,3,4,3,0,0,0,0,False,False,0,ok,
microsoft/vscode,110363,https://github.com/microsoft/vscode/pull/110363,Error if a new ScopedContextKeyService conflicts with an existing ScopedContextKeyService,2020-11-11T02:22:07Z,2020-11-20T22:33:18Z,2020-11-20T22:33:19Z,2021-01-04T23:52:26Z,2026-09-25T15:03:17Z,mjbvz,User,CONTRIBUTOR,3,0,1,1,0,0,0,0,False,False,0,ok,
microsoft/vscode,112054,https://github.com/microsoft/vscode/pull/112054,debug: bump js-debug,2020-12-08T00:03:11Z,2020-12-08T14:22:21Z,2020-12-08T14:22:21Z,2021-01-23T00:09:54Z,2026-09-25T15:03:19Z,connor4312,User,MEMBER,1,1,1,1,1,1,1,0,True,False,0,ok,
microsoft/vscode,112670,https://github.com/microsoft/vscode/pull/112670,fix: hover link encode unnecessarily,2020-12-16T18:03:00Z,2020-12-18T08:17:59Z,2020-12-18T08:17:59Z,2021-02-01T23:43:50Z,2026-09-25T15:03:21Z,chenjigeng,User,CONTRIBUTOR,1,1,1,1,1,1,0,1,True,True,0,ok,
microsoft/vscode,113902,https://github.com/microsoft/vscode/pull/113902,Azure Pipeline - Adopt pipeline parameters in favour of pipeline variables,2021-01-06T10:51:31Z,2021-01-06T14:58:26Z,2021-01-06T14:58:26Z,2021-02-20T23:34:41Z,2026-09-25T15:03:23Z,lszomoru,User,MEMBER,217,140,1,16,1,1,1,0,True,False,0,ok,
microsoft/vscode,114429,https://github.com/microsoft/vscode/pull/114429,expose altClickMovesCursor as setting,2021-01-15T18:32:59Z,2021-01-15T19:47:57Z,2021-01-15T19:47:58Z,2021-03-01T23:33:24Z,2026-09-25T15:03:24Z,meganrogge,User,COLLABORATOR,8,0,3,2,1,1,1,0,True,False,0,ok,
microsoft/vscode,114810,https://github.com/microsoft/vscode/pull/114810,Improve glob module to support OS separator agnostic matching,2021-01-23T05:13:53Z,2021-01-25T18:46:09Z,2021-01-25T18:46:09Z,2021-03-11T23:36:57Z,2026-09-25T15:03:25Z,JacksonKearl,User,CONTRIBUTOR,24,14,3,2,1,1,1,0,True,False,0,ok,
microsoft/vscode,115331,https://github.com/microsoft/vscode/pull/115331,Get started color polish,2021-01-28T18:56:17Z,2021-02-02T23:12:39Z,2021-02-02T23:12:39Z,2021-03-19T23:36:19Z,2026-09-25T15:03:26Z,digitarald,User,CONTRIBUTOR,26,14,3,5,0,0,0,0,False,False,0,ok,
microsoft/vscode,116256,https://github.com/microsoft/vscode/pull/116256,fix: CreateFile ERROR_FILE_NOT_FOUND from crashpad handler,2021-02-10T03:12:26Z,2021-02-10T07:34:56Z,2021-02-10T07:34:56Z,2021-03-27T23:28:53Z,2026-09-25T15:03:28Z,deepak1556,User,COLLABORATOR,9,0,1,1,1,1,1,0,True,False,0,ok,
microsoft/vscode,116899,https://github.com/microsoft/vscode/pull/116899,Fix webview focus issues that prevent cut/copy/paste when opening files with a quick pick,2021-02-18T00:23:39Z,2021-02-19T20:29:08Z,2021-02-19T20:29:09Z,2021-04-05T23:30:11Z,2026-09-25T15:03:29Z,tspence,User,CONTRIBUTOR,3,2,1,5,0,0,0,0,False,False,0,ok,
microsoft/vscode,117948,https://github.com/microsoft/vscode/pull/117948,Make the backlayer webview span the full width of the notebook editor,2021-03-02T05:40:49Z,2021-03-03T21:37:58Z,2021-03-03T21:37:59Z,2021-04-17T23:28:33Z,2026-09-25T15:03:31Z,mjbvz,User,CONTRIBUTOR,39,21,3,3,1,1,1,0,True,False,0,ok,
microsoft/vscode,117719,https://github.com/microsoft/vscode/pull/117719,fix #117718 fire onDidChangeResources event after unregistering group,2021-02-26T00:12:37Z,2021-03-09T19:46:38Z,2021-03-09T19:46:38Z,2021-04-23T23:29:57Z,2026-09-25T15:03:32Z,gjsjohnmurray,User,CONTRIBUTOR,1,0,1,1,0,0,0,0,False,False,0,ok,
microsoft/vscode,100027,https://github.com/microsoft/vscode/pull/100027,#97684 Add alt-click & actions to fold/unfold surronding regions,2020-06-12T18:50:06Z,2021-03-19T09:17:01Z,2021-03-19T09:17:01Z,2021-05-03T23:28:18Z,2026-09-25T15:03:33Z,matthew-haines,User,CONTRIBUTOR,137,9,3,7,0,0,0,0,False,False,0,ok,
microsoft/vscode,120109,https://github.com/microsoft/vscode/pull/120109,Finalizes extension object to ExtensionContext,2021-03-29T15:10:33Z,2021-03-29T15:58:52Z,2021-03-29T15:58:52Z,2021-05-13T23:31:38Z,2026-09-25T15:03:34Z,eamodio,User,CONTRIBUTOR,5,8,2,1,2,2,2,0,True,False,0,ok,
microsoft/vscode,120339,https://github.com/microsoft/vscode/pull/120339,Update PHP grammar,2021-04-01T11:52:41Z,2021-04-05T14:59:14Z,2021-04-05T14:59:17Z,2025-04-03T16:30:25Z,2026-09-25T15:03:36Z,KapitanOczywisty,User,CONTRIBUTOR,6,3,1,1,1,1,1,0,True,False,0,ok,
microsoft/vscode,121099,https://github.com/microsoft/vscode/pull/121099,Reduce callers of createEditorInput when not needed (#121098),2021-04-12T13:34:59Z,2021-04-13T05:16:47Z,2021-04-13T05:16:47Z,2021-05-28T23:31:54Z,2026-09-25T15:03:37Z,bpasero,User,CONTRIBUTOR,11,18,7,3,3,2,1,0,True,False,0,ok,
microsoft/vscode,121732,https://github.com/microsoft/vscode/pull/121732,Middle click on terminal tab to kill terminal,2021-04-20T12:35:14Z,2021-04-22T10:32:17Z,2021-04-22T10:32:18Z,2021-06-06T23:31:31Z,2026-09-25T15:03:39Z,Tyriar,User,CONTRIBUTOR,23,2,1,4,0,0,0,0,False,False,0,ok,
microsoft/vscode,122863,https://github.com/microsoft/vscode/pull/122863,Change the configure default picker,2021-05-03T18:08:11Z,2021-05-03T18:17:02Z,2021-05-03T18:17:03Z,2021-06-17T23:27:15Z,2026-09-25T15:03:40Z,lramos15,User,MEMBER,24,25,1,2,0,0,0,0,False,False,0,ok,
microsoft/vscode,122991,https://github.com/microsoft/vscode/pull/122991,Fixes #99629 by detecting emoji sequences and emoji modifiers on left delete,2021-05-05T09:22:05Z,2021-05-07T16:07:54Z,2021-05-07T16:07:54Z,2021-06-21T23:27:03Z,2026-09-25T15:03:43Z,hediet,User,MEMBER,133,4,3,3,1,1,1,0,True,False,0,ok,
microsoft/vscode,121835,https://github.com/microsoft/vscode/pull/121835,Fix welcome view links missing hover color,2021-04-21T14:44:46Z,2021-05-17T07:47:16Z,2021-05-17T07:47:19Z,2021-07-01T23:25:38Z,2026-09-25T15:03:45Z,sangxxh,User,CONTRIBUTOR,19,3,2,1,8,3,1,1,True,True,0,ok,
microsoft/vscode,124613,https://github.com/microsoft/vscode/pull/124613,fix pwsh profile test failures,2021-05-25T19:00:27Z,2021-05-25T19:50:38Z,2021-05-25T19:50:38Z,2021-07-09T23:25:37Z,2026-09-25T15:03:46Z,meganrogge,User,COLLABORATOR,16,14,2,2,0,0,0,0,False,False,0,ok,
microsoft/vscode,125428,https://github.com/microsoft/vscode/pull/125428,Check to see if there are any artifacts that haven't been published,2021-06-03T18:43:05Z,2021-06-03T18:43:24Z,2021-06-03T18:43:24Z,2021-07-18T23:25:19Z,2026-09-25T15:03:48Z,TylerLeonhardt,User,MEMBER,7,5,1,2,0,0,0,0,False,False,0,ok,
microsoft/vscode,125279,https://github.com/microsoft/vscode/pull/125279,fix: web typescript extension can not found definitions,2021-06-02T13:05:08Z,2021-06-08T17:40:30Z,2021-06-08T17:40:30Z,2021-07-23T23:25:16Z,2026-09-25T15:03:50Z,conwnet,User,CONTRIBUTOR,1,1,1,1,0,0,0,0,False,False,0,ok,
microsoft/vscode,126301,https://github.com/microsoft/vscode/pull/126301,Support detaching terminal processes manually,2021-06-14T21:39:01Z,2021-06-14T21:53:27Z,2021-06-14T21:53:27Z,2021-07-29T23:25:13Z,2026-09-25T15:03:51Z,Tyriar,User,CONTRIBUTOR,17,1,4,1,0,0,0,0,False,False,0,ok,
microsoft/vscode,126850,https://github.com/microsoft/vscode/pull/126850,Set active instance and ensure commands work,2021-06-21T19:39:31Z,2021-06-24T15:33:39Z,2021-06-24T15:33:39Z,2021-08-08T23:25:13Z,2026-09-25T15:03:52Z,meganrogge,User,COLLABORATOR,128,37,9,16,2,2,0,1,True,True,0,ok,
microsoft/vscode,128066,https://github.com/microsoft/vscode/pull/128066,use const enums for terminal context keys,2021-07-06T16:54:14Z,2021-07-06T16:59:47Z,2021-07-06T16:59:47Z,2021-08-20T23:25:26Z,2026-09-25T15:03:53Z,meganrogge,User,COLLABORATOR,28,14,3,1,0,0,0,0,False,False,0,ok,
microsoft/vscode,128362,https://github.com/microsoft/vscode/pull/128362,Hide activity bar hover while typing,2021-07-10T04:16:09Z,2021-07-13T19:12:43Z,2021-07-13T19:12:47Z,2021-08-27T23:25:12Z,2026-09-25T15:03:55Z,usjpin,User,CONTRIBUTOR,4,0,1,1,1,1,1,0,True,False,0,ok,
microsoft/vscode,129091,https://github.com/microsoft/vscode/pull/129091,Remove 'collapsed' css class for collapsed notebook cells,2021-07-21T06:34:28Z,2021-07-22T00:27:53Z,2021-07-22T00:27:54Z,2021-09-07T23:24:35Z,2026-09-25T15:03:57Z,joyceerhl,User,CONTRIBUTOR,3,10,2,1,0,0,0,0,False,False,0,ok,
microsoft/vscode,130088,https://github.com/microsoft/vscode/pull/130088,Remove dependency on node require for startup code path,2021-08-04T07:36:58Z,2021-08-04T08:45:11Z,2021-08-04T08:45:12Z,2021-09-18T23:24:32Z,2026-09-25T15:03:58Z,bpasero,User,CONTRIBUTOR,74,179,14,2,0,0,0,0,False,False,0,ok,
microsoft/vscode,130815,https://github.com/microsoft/vscode/pull/130815,Fixes cmd+click on invalid link to create new file doesn't work in markdown,2021-08-14T09:30:57Z,2021-08-16T23:47:24Z,2021-08-16T23:47:24Z,2021-10-01T23:24:43Z,2026-09-25T15:03:59Z,jeanp413,User,CONTRIBUTOR,7,6,1,1,0,0,0,0,False,False,0,ok,
microsoft/vscode,131082,https://github.com/microsoft/vscode/pull/131082,Added a new step when git is not installed. Fixes #125349,2021-08-18T12:01:24Z,2021-08-23T21:55:47Z,2021-08-23T21:55:47Z,2021-10-07T23:24:49Z,2026-09-25T15:04:01Z,vighnesh192,User,CONTRIBUTOR,9,0,1,1,0,0,0,0,False,False,0,ok,
microsoft/vscode,132290,https://github.com/microsoft/vscode/pull/132290,only run language detection on plaintext files,2021-09-03T18:47:21Z,2021-09-03T20:23:55Z,2021-09-03T20:23:55Z,2021-10-18T23:25:32Z,2026-09-25T15:04:02Z,TylerLeonhardt,User,MEMBER,3,0,1,1,1,1,1,0,True,False,0,ok,
microsoft/vscode,133193,https://github.com/microsoft/vscode/pull/133193,Pick up TS 4.4.3,2021-09-15T21:38:34Z,2021-09-15T22:02:52Z,2021-09-15T22:02:52Z,2021-10-30T23:25:03Z,2026-09-25T15:04:04Z,mjbvz,User,CONTRIBUTOR,5,5,2,1,1,1,1,0,True,False,0,ok,
microsoft/vscode,133826,https://github.com/microsoft/vscode/pull/133826,Update `nsfw` and watcher service,2021-09-26T12:17:40Z,2021-09-26T12:17:46Z,2021-09-26T12:17:46Z,2021-11-10T23:25:07Z,2026-09-25T15:04:05Z,bpasero,User,CONTRIBUTOR,63,68,6,2,0,0,0,0,False,False,0,ok,
microsoft/vscode,134881,https://github.com/microsoft/vscode/pull/134881,fixes #134638 for release,2021-10-12T09:58:52Z,2021-10-12T11:32:08Z,2021-10-12T11:32:08Z,2021-11-26T23:25:04Z,2026-09-25T15:04:06Z,joaomoreno,User,CONTRIBUTOR,13,2,1,1,1,1,1,0,True,False,0,ok,
microsoft/vscode,135651,https://github.com/microsoft/vscode/pull/135651,debt - use product service in more places,2021-10-22T14:36:31Z,2021-10-22T14:40:26Z,2021-10-22T14:40:26Z,2021-12-06T23:25:52Z,2026-09-25T15:04:23Z,bpasero,User,CONTRIBUTOR,57,49,11,1,0,0,0,0,False,False,0,ok,
microsoft/vscode,136097,https://github.com/microsoft/vscode/pull/136097,Improve IME,2021-10-29T09:19:45Z,2021-11-01T09:00:32Z,2021-11-01T09:00:32Z,2021-12-16T23:25:28Z,2026-09-25T15:05:13Z,alexdima,User,MEMBER,3,0,1,1,0,0,0,0,False,False,0,ok,
microsoft/vscode,136680,https://github.com/microsoft/vscode/pull/136680,Pull out and test TerminalProfileQuickpick,2021-11-08T16:21:01Z,2021-11-09T22:20:29Z,2021-11-09T22:20:29Z,2021-12-24T23:25:27Z,2026-09-25T15:05:14Z,meganrogge,User,COLLABORATOR,420,241,6,8,0,0,0,0,False,False,0,ok,
microsoft/vscode,137393,https://github.com/microsoft/vscode/pull/137393,add terminal editor and tab smoke tests,2021-11-17T22:10:51Z,2021-11-18T23:11:41Z,2021-11-18T23:11:41Z,2022-01-02T23:25:14Z,2026-09-25T15:05:16Z,meganrogge,User,COLLABORATOR,237,139,7,73,11,2,0,1,True,True,0,ok,
microsoft/vscode,138419,https://github.com/microsoft/vscode/pull/138419,"when view visibility changes, don't assume the panel should be focused ",2021-12-03T18:02:28Z,2021-12-06T16:03:29Z,2021-12-06T16:03:30Z,2022-01-20T23:24:21Z,2026-09-25T15:05:17Z,meganrogge,User,COLLABORATOR,6,12,1,3,0,0,0,0,False,False,0,ok,
microsoft/vscode,139019,https://github.com/microsoft/vscode/pull/139019,make sure terminal location is defined,2021-12-13T18:54:46Z,2021-12-13T23:07:59Z,2021-12-13T23:07:59Z,2022-01-27T23:24:50Z,2026-09-25T15:05:18Z,meganrogge,User,COLLABORATOR,23,17,4,1,1,1,1,0,True,False,0,ok,
microsoft/vscode,139632,https://github.com/microsoft/vscode/pull/139632,Introduce and use global storage service in main process,2021-12-22T11:03:57Z,2021-12-22T12:26:29Z,2021-12-22T12:26:29Z,2022-02-05T23:35:05Z,2026-09-25T15:05:19Z,bpasero,User,CONTRIBUTOR,293,156,9,6,0,0,0,0,False,False,0,ok,
microsoft/vscode,135341,https://github.com/microsoft/vscode/pull/135341,Use node ipc for communication with TS Server,2021-10-18T22:49:31Z,2022-01-10T22:36:23Z,2022-01-10T22:36:23Z,2022-02-24T23:25:15Z,2026-09-25T15:05:21Z,mjbvz,User,CONTRIBUTOR,109,64,6,3,0,0,0,0,False,False,0,ok,
microsoft/vscode,141030,https://github.com/microsoft/vscode/pull/141030,add open recent web or file link commands,2022-01-19T22:10:14Z,2022-01-19T23:13:10Z,2022-01-19T23:13:10Z,2022-03-05T23:24:17Z,2026-09-25T15:05:22Z,meganrogge,User,COLLABORATOR,76,8,5,3,0,0,0,0,False,False,0,ok,
microsoft/vscode,141730,https://github.com/microsoft/vscode/pull/141730,Check that the `/build/` folder compiles and all `.js` is checked in,2022-01-28T13:59:49Z,2022-01-31T08:41:53Z,2022-01-31T08:41:53Z,2022-03-17T23:24:57Z,2026-09-25T15:05:23Z,alexdima,User,MEMBER,12,0,2,1,0,0,0,0,False,False,0,ok,
microsoft/vscode,142211,https://github.com/microsoft/vscode/pull/142211,fix psreadline not working with shell integration,2022-02-04T16:15:07Z,2022-02-04T20:12:43Z,2022-02-04T20:12:43Z,2022-03-21T23:25:17Z,2026-09-25T15:05:25Z,LuanVSO,User,CONTRIBUTOR,5,2,1,3,1,1,1,0,True,False,0,ok,
microsoft/vscode,142751,https://github.com/microsoft/vscode/pull/142751,don't attempt to update a document that doesn't exist yet,2022-02-10T18:15:46Z,2022-02-10T22:56:21Z,2022-02-10T22:56:21Z,2022-03-27T23:25:21Z,2026-09-25T15:05:27Z,amunger,User,COLLABORATOR,15,1,3,1,1,1,1,0,True,False,0,ok,
microsoft/vscode,143656,https://github.com/microsoft/vscode/pull/143656,scale instead of zoom,2022-02-23T01:55:38Z,2022-02-23T19:49:28Z,2022-02-23T19:49:29Z,2022-04-09T23:25:04Z,2026-09-25T15:05:30Z,sbatten,User,MEMBER,59,70,3,2,1,1,1,0,True,False,0,ok,
microsoft/vscode,144401,https://github.com/microsoft/vscode/pull/144401,SCM - fix progress indicator bug,2022-03-04T13:45:47Z,2022-03-04T15:37:28Z,2022-03-04T15:37:28Z,2022-04-18T23:23:55Z,2026-09-25T15:05:31Z,lszomoru,User,MEMBER,7,3,1,3,0,0,0,0,False,False,0,ok,
microsoft/vscode,144906,https://github.com/microsoft/vscode/pull/144906,SCM diff decorator - modified diff decorator with a pattern,2022-03-11T12:35:18Z,2022-03-11T17:57:56Z,2022-03-11T17:57:56Z,2022-04-25T23:26:35Z,2026-09-25T15:05:33Z,lszomoru,User,MEMBER,11,4,2,2,1,1,1,0,True,False,0,ok,
microsoft/vscode,145090,https://github.com/microsoft/vscode/pull/145090,notebook comment support,2022-03-15T00:52:45Z,2022-03-17T19:58:59Z,2022-03-17T19:58:59Z,2022-05-01T23:25:40Z,2026-09-25T15:05:34Z,rebornix,User,CONTRIBUTOR,1714,1031,23,29,0,0,0,0,False,False,0,ok,
microsoft/vscode,145913,https://github.com/microsoft/vscode/pull/145913,Update our cell uriComparison when the perCell undo redo setting is c…,2022-03-23T17:43:40Z,2022-03-23T20:42:03Z,2022-03-23T20:42:04Z,2022-05-07T23:25:46Z,2026-09-25T15:05:36Z,IanMatthewHuff,User,MEMBER,35,7,1,1,2,2,2,0,True,False,0,ok,
microsoft/vscode,146308,https://github.com/microsoft/vscode/pull/146308,Update to vscode-latex-basics 1.3.0,2022-03-30T08:20:44Z,2022-03-30T09:46:44Z,2022-03-30T09:46:44Z,2022-05-14T23:26:09Z,2026-09-25T15:05:37Z,jlelong,User,CONTRIBUTOR,96,7,4,2,1,1,1,0,True,False,0,ok,
microsoft/vscode,146788,https://github.com/microsoft/vscode/pull/146788,Instrument contributed extension commands,2022-04-05T01:16:03Z,2022-04-06T08:18:26Z,2022-04-06T08:18:26Z,2022-05-21T23:25:55Z,2026-09-25T15:05:39Z,digitarald,User,CONTRIBUTOR,22,1,1,3,2,1,1,1,True,True,0,ok,
microsoft/vscode,147425,https://github.com/microsoft/vscode/pull/147425,Scope drop into editor to specific editors,2022-04-14T04:18:19Z,2022-04-14T17:03:25Z,2022-04-14T17:03:25Z,2022-05-29T23:26:06Z,2026-09-25T15:05:40Z,mjbvz,User,CONTRIBUTOR,34,9,6,2,3,2,0,1,True,True,0,ok,
microsoft/vscode,148101,https://github.com/microsoft/vscode/pull/148101,Fixes #147896,2022-04-26T03:11:41Z,2022-04-26T19:45:15Z,2022-04-26T19:45:15Z,2022-06-10T23:25:33Z,2026-09-25T15:05:42Z,mjbvz,User,CONTRIBUTOR,5,4,2,4,0,0,0,0,False,False,0,ok,
microsoft/vscode,148659,https://github.com/microsoft/vscode/pull/148659,"on focusout, reset terminal focus context key",2022-05-03T20:49:16Z,2022-05-03T22:14:05Z,2022-05-03T22:14:05Z,2022-06-17T23:25:15Z,2026-09-25T15:05:47Z,meganrogge,User,COLLABORATOR,14,10,1,2,6,2,2,0,True,False,0,ok,
microsoft/vscode,148817,https://github.com/microsoft/vscode/pull/148817,Update classifier.json,2022-05-05T17:33:27Z,2022-05-05T17:42:39Z,2022-05-05T17:42:39Z,2022-06-19T23:24:53Z,2026-09-25T15:05:49Z,JacksonKearl,User,CONTRIBUTOR,5,5,1,1,1,1,1,0,True,False,0,ok,
microsoft/vscode,149097,https://github.com/microsoft/vscode/pull/149097,Add owner and comment to telemetry events,2022-05-09T15:24:17Z,2022-05-09T15:31:14Z,2022-05-09T15:31:14Z,2022-06-23T23:25:29Z,2026-09-25T15:05:50Z,alexdima,User,MEMBER,26,0,6,1,1,1,1,0,True,False,0,ok,
microsoft/vscode,149261,https://github.com/microsoft/vscode/pull/149261,Drag & drop from tree item with no valid data still triggers editor drop zone and split view drop zone behaviours,2022-05-11T14:36:39Z,2022-05-11T15:07:46Z,2022-05-11T15:07:46Z,2022-06-25T23:24:55Z,2026-09-25T15:05:53Z,alexr00,User,MEMBER,3,2,1,1,1,1,1,0,True,False,0,ok,
microsoft/vscode,149504,https://github.com/microsoft/vscode/pull/149504,Force matching file filter to be added to save dialog,2022-05-13T21:29:24Z,2022-05-13T22:08:47Z,2022-05-13T22:08:48Z,2022-06-27T23:25:38Z,2026-09-25T15:05:54Z,roblourens,User,MEMBER,6,1,1,1,1,1,1,0,True,False,0,ok,
microsoft/vscode,149759,https://github.com/microsoft/vscode/pull/149759,Skip shell integration smoke tests on mac as well,2022-05-17T19:15:23Z,2022-05-17T19:16:03Z,2022-05-17T19:16:03Z,2022-07-01T23:25:25Z,2026-09-25T15:05:56Z,Tyriar,User,CONTRIBUTOR,2,1,1,1,1,1,1,0,True,False,0,ok,
microsoft/vscode,150002,https://github.com/microsoft/vscode/pull/150002,Spawn the extension host directly from the main process because fork() is now fast again,2022-05-20T07:59:19Z,2022-05-20T08:10:39Z,2022-05-20T08:10:39Z,2022-07-04T23:25:33Z,2026-09-25T15:05:57Z,alexdima,User,MEMBER,129,363,6,1,1,1,1,0,True,False,0,ok,
microsoft/vscode,150264,https://github.com/microsoft/vscode/pull/150264,joh/wide wombat,2022-05-24T10:58:18Z,2022-05-24T13:17:42Z,2022-05-24T13:17:42Z,2022-07-08T23:25:44Z,2026-09-25T15:06:00Z,jrieken,User,CONTRIBUTOR,53,53,9,2,1,1,1,0,True,False,0,ok,
microsoft/vscode,150420,https://github.com/microsoft/vscode/pull/150420,Clear activation timeout if terminal is disposed,2022-05-25T23:01:58Z,2022-05-26T14:16:08Z,2022-05-26T14:16:09Z,2022-07-10T23:25:47Z,2026-09-25T15:06:01Z,Tyriar,User,CONTRIBUTOR,10,5,1,1,1,1,1,0,True,False,0,ok,
microsoft/vscode,150547,https://github.com/microsoft/vscode/pull/150547,fix build/npm/preinstall.js node version check,2022-05-27T15:47:29Z,2022-05-30T13:13:07Z,2022-05-30T13:13:07Z,2022-07-14T23:26:53Z,2026-09-25T15:06:03Z,ilumer,User,CONTRIBUTOR,2,2,1,1,2,2,2,0,True,False,0,ok,
microsoft/vscode,150999,https://github.com/microsoft/vscode/pull/150999,fix #149371,2022-06-01T17:33:34Z,2022-06-01T17:41:43Z,2022-06-01T17:41:44Z,2022-07-16T23:25:04Z,2026-09-25T15:06:04Z,sandy081,User,MEMBER,6,0,1,1,1,1,1,0,True,False,0,ok,
microsoft/vscode,151232,https://github.com/microsoft/vscode/pull/151232,Make sure PS1/2 aren't re-wrapped in bash shell integration,2022-06-03T16:45:04Z,2022-06-03T16:53:27Z,2022-06-03T16:53:27Z,2022-07-18T23:25:42Z,2026-09-25T15:06:06Z,Tyriar,User,CONTRIBUTOR,24,16,1,1,1,1,1,0,True,False,0,ok,
microsoft/vscode,151379,https://github.com/microsoft/vscode/pull/151379,Debug breakpoint warning improvements,2022-06-07T00:15:16Z,2022-06-07T23:46:04Z,2022-06-07T23:46:04Z,2022-07-23T23:25:43Z,2026-09-25T15:06:09Z,roblourens,User,MEMBER,95,40,8,6,4,2,3,0,True,False,2,ok,
microsoft/vscode,151616,https://github.com/microsoft/vscode/pull/151616,fix https://github.com/microsoft/vscode/issues/150293,2022-06-09T14:43:36Z,2022-06-09T14:55:46Z,2022-06-09T14:55:46Z,2022-07-24T23:25:55Z,2026-09-25T15:06:10Z,jrieken,User,CONTRIBUTOR,28,74,5,1,1,1,1,0,True,False,0,ok,
microsoft/vscode,151761,https://github.com/microsoft/vscode/pull/151761,"speed up decorationService tests, https://github.com/microsoft/vscode/issues/149712",2022-06-10T16:00:43Z,2022-06-10T16:11:52Z,2022-06-10T16:11:52Z,2022-07-25T23:26:17Z,2026-09-25T15:06:12Z,jrieken,User,CONTRIBUTOR,90,81,1,1,1,1,1,0,True,False,0,ok,
microsoft/vscode,151974,https://github.com/microsoft/vscode/pull/151974,use name property for errornotelemetry,2022-06-13T18:48:19Z,2022-06-13T21:17:22Z,2022-06-13T21:17:22Z,2022-07-28T23:26:50Z,2026-09-25T15:06:14Z,sbatten,User,MEMBER,24,20,5,3,3,1,3,0,True,False,2,ok,
microsoft/vscode,152146,https://github.com/microsoft/vscode/pull/152146,ux - dont use grab cursor (fixes #151918),2022-06-15T04:39:31Z,2022-06-15T04:56:26Z,2022-06-15T04:56:27Z,2022-07-30T23:25:12Z,2026-09-25T15:06:15Z,bpasero,User,CONTRIBUTOR,4,4,1,1,1,1,1,0,True,False,0,ok,
microsoft/vscode,152334,https://github.com/microsoft/vscode/pull/152334,Dispose the management connection when the extension host exits after running tests or after a development session to avoid reconnection attempts,2022-06-16T14:20:50Z,2022-06-16T14:29:37Z,2022-06-16T14:29:37Z,2022-07-31T23:25:46Z,2026-09-25T15:06:17Z,alexdima,User,MEMBER,7,0,2,1,1,1,1,0,True,False,0,ok,
microsoft/vscode,152447,https://github.com/microsoft/vscode/pull/152447,joh/issue150907,2022-06-17T10:59:11Z,2022-06-17T12:12:50Z,2022-06-17T12:12:50Z,2022-08-01T23:27:32Z,2026-09-25T15:06:19Z,jrieken,User,CONTRIBUTOR,3,4,1,3,1,1,1,0,True,False,0,ok,
microsoft/vscode,152669,https://github.com/microsoft/vscode/pull/152669,Preserve `editSessionId` for protocol urls,2022-06-20T18:46:49Z,2022-06-21T13:41:49Z,2022-06-21T13:41:49Z,2022-08-05T23:25:41Z,2026-09-25T15:06:21Z,joyceerhl,User,CONTRIBUTOR,11,6,8,4,1,1,1,0,True,False,0,ok,
microsoft/vscode,152866,https://github.com/microsoft/vscode/pull/152866,"When in between two columns, prefer the column which is closer to the mouse horizontal offset",2022-06-22T13:18:04Z,2022-06-22T14:04:07Z,2022-06-22T14:04:07Z,2022-08-06T23:25:46Z,2026-09-25T15:06:22Z,alexdima,User,MEMBER,15,1,1,1,1,1,1,0,True,False,0,ok,
microsoft/vscode,153007,https://github.com/microsoft/vscode/pull/153007,fix compact menu coloring in the title bar,2022-06-23T17:50:06Z,2022-06-23T17:59:14Z,2022-06-23T17:59:14Z,2022-08-07T23:25:23Z,2026-09-25T15:06:24Z,sbatten,User,MEMBER,8,8,1,1,1,1,1,0,True,False,0,ok,
microsoft/vscode,153111,https://github.com/microsoft/vscode/pull/153111,Switch to newer `mouseleave` event,2022-06-24T13:13:25Z,2022-06-24T13:22:37Z,2022-06-24T13:22:37Z,2022-08-08T23:26:42Z,2026-09-25T15:06:26Z,alexdima,User,MEMBER,12,40,7,1,1,1,1,0,True,False,0,ok,
microsoft/vscode,153239,https://github.com/microsoft/vscode/pull/153239,refactor: :stethoscope: use StorageScope.Application for update feature,2022-06-26T11:32:06Z,2022-06-26T20:06:38Z,2022-06-26T20:06:38Z,2022-08-10T23:25:55Z,2026-09-25T15:06:27Z,joaomoreno,User,CONTRIBUTOR,12,12,1,1,1,1,1,0,True,False,0,ok,
microsoft/vscode,153416,https://github.com/microsoft/vscode/pull/153416,merge editor - fix URI check for view state,2022-06-28T05:19:26Z,2022-06-28T06:26:00Z,2022-06-28T06:26:00Z,2022-08-12T23:25:39Z,2026-09-25T15:06:28Z,bpasero,User,CONTRIBUTOR,1,1,1,1,2,1,1,0,True,False,0,ok,
microsoft/vscode,153692,https://github.com/microsoft/vscode/pull/153692,Git - Add commands to the editor title to accept/discard commit message,2022-06-29T13:50:47Z,2022-06-29T14:00:09Z,2022-06-29T14:00:09Z,2022-08-13T23:25:29Z,2026-09-25T15:06:30Z,lszomoru,User,MEMBER,77,0,3,1,1,1,1,0,True,False,0,ok,
microsoft/vscode,153876,https://github.com/microsoft/vscode/pull/153876,Update id of markdown-it renderer,2022-06-30T23:09:58Z,2022-06-30T23:19:49Z,2022-06-30T23:19:50Z,2022-08-14T23:25:37Z,2026-09-25T15:06:32Z,mjbvz,User,CONTRIBUTOR,5,5,3,1,2,2,1,0,True,False,0,ok,
microsoft/vscode,154188,https://github.com/microsoft/vscode/pull/154188,Clean up in profiles land,2022-07-05T18:17:59Z,2022-07-05T18:42:05Z,2022-07-05T18:42:05Z,2022-08-19T23:25:56Z,2026-09-25T15:06:34Z,sandy081,User,MEMBER,79,78,12,1,1,1,1,0,True,False,0,ok,
microsoft/vscode,154312,https://github.com/microsoft/vscode/pull/154312,Pick up latest TS for building VS Code,2022-07-06T22:08:29Z,2022-07-06T22:42:42Z,2022-07-06T22:42:42Z,2022-08-20T23:25:30Z,2026-09-25T15:06:36Z,mjbvz,User,CONTRIBUTOR,5,5,2,1,1,1,1,0,True,False,0,ok,
microsoft/vscode,154499,https://github.com/microsoft/vscode/pull/154499,Including whitespace in query for contiguous search,2022-07-08T11:54:40Z,2022-07-08T14:10:50Z,2022-07-08T14:10:50Z,2022-08-22T23:26:19Z,2026-09-25T15:06:38Z,Tyriar,User,CONTRIBUTOR,7,5,1,1,1,1,1,0,True,False,0,ok,
microsoft/vscode,154825,https://github.com/microsoft/vscode/pull/154825,Fix incorrect common.version,2022-07-11T16:27:16Z,2022-07-11T18:45:13Z,2022-07-11T18:45:13Z,2022-08-25T23:28:46Z,2026-09-25T15:06:39Z,lramos15,User,MEMBER,7,8,1,1,1,1,1,0,True,False,0,ok,
microsoft/vscode,154925,https://github.com/microsoft/vscode/pull/154925,show set display language action for lang pack extensions,2022-07-12T12:39:38Z,2022-07-13T05:29:25Z,2022-07-13T05:29:25Z,2022-08-27T23:25:59Z,2026-09-25T15:06:41Z,sandy081,User,MEMBER,114,15,6,1,1,1,1,0,True,False,0,ok,
microsoft/vscode,155224,https://github.com/microsoft/vscode/pull/155224,Add try-catch around call that throws in ctor,2022-07-14T18:34:00Z,2022-07-14T18:44:05Z,2022-07-14T18:44:05Z,2022-08-28T23:26:00Z,2026-09-25T15:06:42Z,alexdima,User,MEMBER,8,1,1,1,1,1,1,0,True,False,0,ok,
microsoft/vscode,155486,https://github.com/microsoft/vscode/pull/155486,"Git - Do not show SmartCommit dialog when using ""Commit All""",2022-07-18T11:45:07Z,2022-07-18T14:55:41Z,2022-07-18T14:55:42Z,2022-09-01T23:27:17Z,2026-09-25T15:06:43Z,lszomoru,User,MEMBER,9,9,1,1,1,1,1,0,True,False,0,ok,
microsoft/vscode,155668,https://github.com/microsoft/vscode/pull/155668,Pick up latest version of TS for building VS Code,2022-07-19T23:19:39Z,2022-07-20T05:06:45Z,2022-07-20T05:06:45Z,2022-09-03T23:26:03Z,2026-09-25T15:06:45Z,mjbvz,User,CONTRIBUTOR,5,5,2,1,1,1,1,0,True,False,0,ok,
microsoft/vscode,155851,https://github.com/microsoft/vscode/pull/155851,remove unnecessary info message,2022-07-21T13:36:25Z,2022-07-21T13:51:28Z,2022-07-21T13:51:28Z,2022-09-04T23:26:20Z,2026-09-25T15:06:46Z,joaomoreno,User,CONTRIBUTOR,0,1,1,1,1,1,1,0,True,False,0,ok,
microsoft/vscode,155978,https://github.com/microsoft/vscode/pull/155978,Tweak merge editor dev command names,2022-07-22T16:41:50Z,2022-07-22T17:07:08Z,2022-07-22T17:07:08Z,2022-09-05T23:27:21Z,2026-09-25T15:06:47Z,hediet,User,MEMBER,7,7,1,1,1,1,1,0,True,False,0,ok,
microsoft/vscode,155433,https://github.com/microsoft/vscode/pull/155433,Distinguish testing decoration labels,2022-07-17T16:22:46Z,2022-07-25T19:28:44Z,2022-07-25T19:28:44Z,2022-09-08T23:27:52Z,2026-09-25T15:06:49Z,Evan-sp,User,CONTRIBUTOR,31,3,1,3,2,2,2,0,True,False,0,ok,
microsoft/vscode,156425,https://github.com/microsoft/vscode/pull/156425,devcontainer schema: handle deprecated properties,2022-07-27T11:46:18Z,2022-07-27T18:27:47Z,2022-07-27T18:27:47Z,2022-09-10T23:26:55Z,2026-09-25T15:06:51Z,aeschli,User,CONTRIBUTOR,30,0,2,1,1,1,1,0,True,False,0,ok,
microsoft/vscode,156685,https://github.com/microsoft/vscode/pull/156685,Bump distro + update labels,2022-07-29T17:49:48Z,2022-08-01T13:35:32Z,2022-08-01T13:35:33Z,2022-09-15T23:28:23Z,2026-09-25T15:06:52Z,lramos15,User,MEMBER,3,3,2,1,1,1,1,0,True,False,0,ok,
microsoft/vscode,156672,https://github.com/microsoft/vscode/pull/156672,Support multiple partial registrations to resolver,2022-07-29T14:55:19Z,2022-08-02T18:42:26Z,2022-08-02T18:42:26Z,2022-09-16T23:27:52Z,2026-09-25T15:06:55Z,lramos15,User,MEMBER,203,86,13,9,2,1,2,0,True,False,1,ok,
microsoft/vscode,157035,https://github.com/microsoft/vscode/pull/157035,Fix language-specific tab expansion and polish,2022-08-03T21:22:50Z,2022-08-03T23:31:20Z,2022-08-03T23:31:20Z,2022-09-18T23:27:34Z,2026-09-25T15:06:58Z,rzhao271,User,COLLABORATOR,42,36,5,2,2,2,1,0,True,False,0,ok,
microsoft/vscode,157174,https://github.com/microsoft/vscode/pull/157174,Rename context to align with other webview context keys,2022-08-04T23:45:25Z,2022-08-05T04:32:02Z,2022-08-05T04:32:03Z,2022-09-19T23:28:35Z,2026-09-25T15:06:59Z,mjbvz,User,CONTRIBUTOR,3,1,1,1,1,1,1,0,True,False,0,ok,
microsoft/vscode,157337,https://github.com/microsoft/vscode/pull/157337,Polish #154913. Set current find match based on notebook selection.,2022-08-05T21:43:24Z,2022-08-08T15:29:36Z,2022-08-08T15:29:36Z,2022-09-22T23:28:10Z,2026-09-25T15:07:01Z,rebornix,User,CONTRIBUTOR,101,33,4,3,1,1,1,0,True,False,0,ok,
microsoft/vscode,157705,https://github.com/microsoft/vscode/pull/157705,fix typo,2022-08-09T19:56:43Z,2022-08-09T20:02:34Z,2022-08-09T20:02:34Z,2022-09-23T23:28:04Z,2026-09-25T15:07:02Z,meganrogge,User,COLLABORATOR,2,1,1,1,1,1,1,0,True,False,0,ok,
microsoft/vscode,157921,https://github.com/microsoft/vscode/pull/157921,Bump distro,2022-08-11T16:42:00Z,2022-08-11T17:51:37Z,2022-08-11T17:51:37Z,2022-09-25T23:27:48Z,2026-09-25T15:07:03Z,joyceerhl,User,CONTRIBUTOR,1,1,1,1,1,1,1,0,True,False,0,ok,
microsoft/vscode,158124,https://github.com/microsoft/vscode/pull/158124,better fix for complex debug traps,2022-08-14T17:19:50Z,2022-08-15T14:58:32Z,2022-08-15T14:58:32Z,2022-09-29T23:29:53Z,2026-09-25T15:07:05Z,meganrogge,User,COLLABORATOR,10,7,1,1,1,1,1,0,True,False,0,ok,
microsoft/vscode,157654,https://github.com/microsoft/vscode/pull/157654,Add .fish to shell script language,2022-08-09T15:21:26Z,2022-08-17T14:06:08Z,2022-08-17T14:06:08Z,2022-10-01T23:28:18Z,2026-09-25T15:07:06Z,Tyriar,User,CONTRIBUTOR,3,1,1,1,1,1,1,0,True,False,0,ok,
microsoft/vscode,158266,https://github.com/microsoft/vscode/pull/158266,Tests written for Sticky Scroll,2022-08-16T12:20:27Z,2022-08-19T12:26:20Z,2022-08-19T12:26:20Z,2022-10-03T23:28:35Z,2026-09-25T15:07:08Z,aiday-mar,User,CONTRIBUTOR,330,114,4,8,3,2,3,0,True,False,2,ok,
microsoft/vscode,158232,https://github.com/microsoft/vscode/pull/158232,Fix shifting in cell editors that have horizontal scrollba,2022-08-16T03:59:32Z,2022-08-23T01:53:01Z,2022-08-23T01:53:01Z,2022-10-07T23:28:32Z,2026-09-25T15:07:11Z,roblourens,User,MEMBER,56,20,8,3,4,3,1,1,True,True,1,ok,
microsoft/vscode,159096,https://github.com/microsoft/vscode/pull/159096,fix setting description for notebook image paste,2022-08-24T19:23:53Z,2022-08-24T19:38:12Z,2022-08-24T19:38:12Z,2022-10-08T23:28:22Z,2026-09-25T15:07:12Z,Yoyokrazy,User,COLLABORATOR,1,1,1,1,1,1,1,0,True,False,0,ok,
microsoft/vscode,159065,https://github.com/microsoft/vscode/pull/159065,SCM - Enable text dnd for commit input field,2022-08-24T14:30:06Z,2022-08-29T07:32:57Z,2022-08-29T07:32:57Z,2022-10-13T23:28:37Z,2026-09-25T15:07:14Z,lszomoru,User,MEMBER,3,1,1,1,1,1,1,0,True,False,0,ok,
microsoft/vscode,159568,https://github.com/microsoft/vscode/pull/159568,Ordering the outermost outline elements in the function fromOutlineModel before calling fromOutlineElement,2022-08-30T14:30:33Z,2022-08-30T15:07:36Z,2022-08-30T15:07:36Z,2022-10-14T23:28:29Z,2026-09-25T15:07:15Z,aiday-mar,User,CONTRIBUTOR,16,11,1,2,1,1,1,0,True,False,0,ok,
microsoft/vscode,159715,https://github.com/microsoft/vscode/pull/159715,fix in paste filename logic,2022-08-31T22:43:28Z,2022-08-31T23:09:11Z,2022-08-31T23:09:11Z,2022-10-15T23:28:24Z,2026-09-25T15:07:17Z,Yoyokrazy,User,COLLABORATOR,3,1,1,1,1,1,1,0,True,False,0,ok,
microsoft/vscode,160004,https://github.com/microsoft/vscode/pull/160004,Fix Continue On for contributions which don't return a URI,2022-09-03T21:16:53Z,2022-09-05T12:14:40Z,2022-09-05T12:14:40Z,2022-10-20T23:28:54Z,2026-09-25T15:07:18Z,joyceerhl,User,CONTRIBUTOR,13,7,1,1,1,1,1,0,True,False,0,ok,
microsoft/vscode,160273,https://github.com/microsoft/vscode/pull/160273,services - set more lazy in main process,2022-09-07T09:16:34Z,2022-09-07T09:29:42Z,2022-09-07T09:29:42Z,2022-10-22T23:28:32Z,2026-09-25T15:07:19Z,bpasero,User,CONTRIBUTOR,26,26,4,1,1,1,1,0,True,False,0,ok,
microsoft/vscode,160454,https://github.com/microsoft/vscode/pull/160454,add command actions always,2022-09-08T22:19:11Z,2022-09-08T23:56:02Z,2022-09-08T23:56:02Z,2022-10-24T23:28:38Z,2026-09-25T15:07:21Z,meganrogge,User,COLLABORATOR,1,1,1,1,1,1,1,0,True,False,0,ok,
microsoft/vscode,159782,https://github.com/microsoft/vscode/pull/159782,Another approach to stop language detection from stomping over changes,2022-09-01T16:58:25Z,2022-09-12T23:11:03Z,2022-09-12T23:11:03Z,2022-10-27T23:28:19Z,2026-09-25T15:07:25Z,TylerLeonhardt,User,MEMBER,131,47,23,7,8,4,3,1,True,True,2,ok,
microsoft/vscode,160916,https://github.com/microsoft/vscode/pull/160916,GitHub - Tweak working of the GitHub publishing welcome view,2022-09-14T16:43:29Z,2022-09-14T17:02:43Z,2022-09-14T17:02:44Z,2022-10-29T23:27:53Z,2026-09-25T15:07:26Z,lszomoru,User,MEMBER,2,2,1,1,1,1,1,0,True,False,0,ok,
microsoft/vscode,161027,https://github.com/microsoft/vscode/pull/161027,chore: update electron@19.0.17,2022-09-16T02:15:29Z,2022-09-16T10:41:53Z,2022-09-16T10:41:53Z,2022-10-31T23:28:16Z,2026-09-25T15:07:28Z,deepak1556,User,COLLABORATOR,161,50,10,4,6,2,3,0,True,False,2,ok,
microsoft/vscode,161276,https://github.com/microsoft/vscode/pull/161276,Fix duplicate element in notebook,2022-09-19T21:30:35Z,2022-09-19T22:36:43Z,2022-09-19T22:36:43Z,2022-11-03T23:27:33Z,2026-09-25T15:07:30Z,mjbvz,User,CONTRIBUTOR,1,2,1,2,1,1,1,0,True,False,0,ok,
microsoft/vscode,160665,https://github.com/microsoft/vscode/pull/160665,Fix wrong matches in multiline file search,2022-09-11T20:50:15Z,2022-09-21T16:30:06Z,2022-09-21T16:30:06Z,2022-11-05T23:26:34Z,2026-09-25T15:07:32Z,bvschaik,User,CONTRIBUTOR,41,3,2,2,3,2,2,0,True,False,0,ok,
microsoft/vscode,161519,https://github.com/microsoft/vscode/pull/161519,sync api to access extensions,2022-09-22T19:01:20Z,2022-09-23T08:24:10Z,2022-09-23T08:24:10Z,2022-11-07T23:28:00Z,2026-09-25T15:07:34Z,sandy081,User,MEMBER,243,200,18,1,1,1,1,0,True,False,0,ok,
microsoft/vscode,161621,https://github.com/microsoft/vscode/pull/161621,Explore auto-profiling of the renderer,2022-09-23T16:38:00Z,2022-09-26T13:44:54Z,2022-09-26T13:44:54Z,2022-11-10T23:27:13Z,2026-09-25T15:07:36Z,jrieken,User,CONTRIBUTOR,475,3,7,4,1,1,1,0,True,False,0,ok,
microsoft/vscode,161841,https://github.com/microsoft/vscode/pull/161841,Ensure quotes are stripped from cwd,2022-09-26T20:08:55Z,2022-09-26T21:12:35Z,2022-09-26T21:12:35Z,2022-11-10T23:27:13Z,2026-09-25T15:07:37Z,Tyriar,User,CONTRIBUTOR,4,0,1,1,1,1,1,0,True,False,0,ok,
microsoft/vscode,162156,https://github.com/microsoft/vscode/pull/162156,Fix #161862,2022-09-28T10:45:49Z,2022-09-28T11:05:23Z,2022-09-28T11:05:23Z,2022-11-12T23:26:42Z,2026-09-25T15:07:38Z,sandy081,User,MEMBER,9,0,1,1,1,1,1,0,True,False,0,ok,
microsoft/vscode,162317,https://github.com/microsoft/vscode/pull/162317,"give menuIds to setActions, adopt for composite panes",2022-09-29T09:12:42Z,2022-09-29T09:27:18Z,2022-09-29T09:27:18Z,2022-11-13T23:27:14Z,2026-09-25T15:07:39Z,jrieken,User,CONTRIBUTOR,40,13,6,1,1,1,1,0,True,False,0,ok,
microsoft/vscode,162556,https://github.com/microsoft/vscode/pull/162556,make sure VSCODE_RELEASE works even if quality is frozen,2022-10-03T09:52:29Z,2022-10-03T10:06:08Z,2022-10-03T10:06:09Z,2022-11-17T23:26:27Z,2026-09-25T15:07:40Z,joaomoreno,User,CONTRIBUTOR,29,15,4,1,2,2,2,0,True,False,0,ok,
microsoft/vscode,162350,https://github.com/microsoft/vscode/pull/162350,add completion/failure task audio cues,2022-09-29T14:03:19Z,2022-10-04T18:15:10Z,2022-10-04T18:15:10Z,2022-11-18T23:25:44Z,2026-09-25T15:07:42Z,meganrogge,User,COLLABORATOR,22,15,7,4,4,2,2,0,True,False,1,ok,
microsoft/vscode,162845,https://github.com/microsoft/vscode/pull/162845,Fix #162652,2022-10-06T14:43:40Z,2022-10-06T14:57:09Z,2022-10-06T14:57:09Z,2022-11-20T23:26:15Z,2026-09-25T15:07:44Z,sandy081,User,MEMBER,2,2,1,1,1,1,1,0,True,False,0,ok,
microsoft/vscode,162979,https://github.com/microsoft/vscode/pull/162979,Polish walkthrough star icon styles,2022-10-07T17:42:16Z,2022-10-07T18:42:17Z,2022-10-07T18:42:17Z,2022-11-21T23:26:48Z,2026-09-25T15:07:45Z,daviddossett,User,COLLABORATOR,1,1,1,1,3,2,2,0,True,False,0,ok,
microsoft/vscode,163300,https://github.com/microsoft/vscode/pull/163300,Fixes #162111,2022-10-11T14:46:22Z,2022-10-11T15:00:17Z,2022-10-11T15:00:17Z,2022-11-25T23:24:40Z,2026-09-25T15:07:47Z,hediet,User,MEMBER,59,16,3,1,1,1,1,0,True,False,0,ok,
microsoft/vscode,163414,https://github.com/microsoft/vscode/pull/163414,Fix #163005 (#163339),2022-10-12T08:58:23Z,2022-10-12T10:08:53Z,2022-10-12T10:08:53Z,2022-11-26T23:24:22Z,2026-09-25T15:07:49Z,sandy081,User,MEMBER,65,10,2,2,2,1,2,0,True,False,1,ok,
microsoft/vscode,163576,https://github.com/microsoft/vscode/pull/163576,fix empty check for json,2022-10-13T17:47:47Z,2022-10-13T18:01:06Z,2022-10-13T18:01:06Z,2022-11-27T23:25:10Z,2026-09-25T15:07:50Z,TylerLeonhardt,User,MEMBER,4,4,2,1,1,1,1,0,True,False,0,ok,
microsoft/vscode,163858,https://github.com/microsoft/vscode/pull/163858,"Add API to register global actions, commands, or keybinding rules",2022-10-17T16:08:38Z,2022-10-17T16:10:09Z,2022-10-17T16:10:09Z,2022-12-01T23:24:53Z,2026-09-25T15:07:51Z,alexdima,User,MEMBER,232,42,6,1,0,0,0,0,False,False,0,ok,
microsoft/vscode,163183,https://github.com/microsoft/vscode/pull/163183,Update xterm.js,2022-10-10T14:07:47Z,2022-10-19T04:34:11Z,2022-10-19T04:34:11Z,2022-12-03T23:23:44Z,2026-09-25T15:07:53Z,Tyriar,User,CONTRIBUTOR,80,80,6,4,3,1,3,0,True,False,1,ok,
microsoft/vscode,164169,https://github.com/microsoft/vscode/pull/164169,timeout and catch error,2022-10-20T19:02:10Z,2022-10-20T20:33:05Z,2022-10-20T20:33:05Z,2022-12-04T23:23:52Z,2026-09-25T15:07:55Z,sandy081,User,MEMBER,15,2,1,1,1,1,1,0,True,False,0,ok,
microsoft/vscode,164263,https://github.com/microsoft/vscode/pull/164263,Missing background highlighting for folding,2022-10-21T16:32:31Z,2022-10-21T17:49:54Z,2022-10-21T17:49:54Z,2022-12-05T23:24:29Z,2026-09-25T15:07:56Z,aeschli,User,CONTRIBUTOR,34,9,1,1,1,1,1,0,True,False,0,ok,
microsoft/vscode,164455,https://github.com/microsoft/vscode/pull/164455,Engineering - Pin macOS build agent,2022-10-24T13:25:40Z,2022-10-24T13:38:26Z,2022-10-24T13:38:26Z,2022-12-08T23:24:58Z,2026-09-25T15:07:57Z,lszomoru,User,MEMBER,5,5,2,1,1,1,1,0,True,False,0,ok,
microsoft/vscode,164571,https://github.com/microsoft/vscode/pull/164571,"Revert ""Merge pull request #163958 from microsoft/tyriar/161622_brack…",2022-10-25T11:46:37Z,2022-10-25T12:00:58Z,2022-10-25T12:00:58Z,2022-12-09T23:24:32Z,2026-09-25T15:07:58Z,Tyriar,User,CONTRIBUTOR,7,22,1,1,1,1,1,0,True,False,0,ok,
microsoft/vscode,164850,https://github.com/microsoft/vscode/pull/164850,Engineering - Empty commit,2022-10-28T05:45:27Z,2022-10-28T06:39:11Z,2022-10-28T06:39:11Z,2022-12-12T23:26:08Z,2026-09-25T15:07:59Z,lszomoru,User,MEMBER,0,0,0,1,1,1,1,0,True,False,0,ok,
microsoft/vscode,165093,https://github.com/microsoft/vscode/pull/165093,Pick up latest markdown language service,2022-10-31T20:02:23Z,2022-11-01T02:52:22Z,2022-11-01T02:52:22Z,2022-12-16T23:23:34Z,2026-09-25T15:08:01Z,mjbvz,User,CONTRIBUTOR,6,6,2,1,1,1,1,0,True,False,0,ok,
microsoft/vscode,165197,https://github.com/microsoft/vscode/pull/165197,use ID for quick fix telemetry,2022-11-01T20:55:11Z,2022-11-02T07:11:14Z,2022-11-02T07:11:14Z,2022-12-17T23:23:05Z,2026-09-25T15:08:04Z,meganrogge,User,COLLABORATOR,25,16,5,8,4,3,3,0,True,False,2,ok,
microsoft/vscode,165411,https://github.com/microsoft/vscode/pull/165411,remove unused exports,2022-11-03T18:58:45Z,2022-11-03T19:46:35Z,2022-11-03T19:46:35Z,2022-12-18T23:23:20Z,2026-09-25T15:08:05Z,meganrogge,User,COLLABORATOR,8,17,1,1,1,1,1,0,True,False,0,ok,
microsoft/vscode,165561,https://github.com/microsoft/vscode/pull/165561,adopt css var in lieu of registerThemingParticipant,2022-11-04T22:24:17Z,2022-11-04T23:11:27Z,2022-11-04T23:11:27Z,2022-12-19T23:23:45Z,2026-09-25T15:08:07Z,sbatten,User,MEMBER,65,153,4,2,3,2,1,0,True,False,0,ok,
microsoft/vscode,165838,https://github.com/microsoft/vscode/pull/165838,testing: reduce decoration work,2022-11-08T17:17:41Z,2022-11-08T18:12:35Z,2022-11-08T18:12:35Z,2022-12-23T23:23:37Z,2026-09-25T15:08:08Z,connor4312,User,MEMBER,13,7,1,1,1,1,1,0,True,False,0,ok,
microsoft/vscode,165990,https://github.com/microsoft/vscode/pull/165990,clean up,2022-11-10T08:22:35Z,2022-11-10T08:36:58Z,2022-11-10T08:36:58Z,2022-12-25T23:23:33Z,2026-09-25T15:08:10Z,sandy081,User,MEMBER,0,3,1,1,1,1,1,0,True,False,0,ok,
microsoft/vscode,166235,https://github.com/microsoft/vscode/pull/166235,Don't fail to send notebook open perf when reopening the same notebook in an editor,2022-11-13T18:02:03Z,2022-11-13T18:16:37Z,2022-11-13T18:16:37Z,2022-12-28T23:23:23Z,2026-09-25T15:08:11Z,roblourens,User,MEMBER,3,4,1,1,1,1,1,0,True,False,0,ok,
microsoft/vscode,166397,https://github.com/microsoft/vscode/pull/166397,refactor: rename userDataSyncProfilesStorageService to userDataProfileStorageService,2022-11-15T20:32:58Z,2022-11-15T21:34:58Z,2022-11-15T21:34:58Z,2022-12-30T23:23:16Z,2026-09-25T15:08:13Z,sandy081,User,MEMBER,37,37,12,3,3,2,3,0,True,False,2,ok,
microsoft/vscode,165783,https://github.com/microsoft/vscode/pull/165783,Generate implicit activation events from declared extension contributions,2022-11-08T04:47:14Z,2022-11-16T23:20:43Z,2022-11-16T23:20:43Z,2022-12-31T23:23:00Z,2026-09-25T15:08:14Z,joyceerhl,User,CONTRIBUTOR,98,29,11,7,3,2,1,0,True,False,0,ok,
microsoft/vscode,166467,https://github.com/microsoft/vscode/pull/166467,move css variables for diffEditor,2022-11-16T14:55:15Z,2022-11-18T09:44:30Z,2022-11-18T09:44:30Z,2023-01-02T23:23:28Z,2026-09-25T15:08:15Z,Kalmaegi,User,CONTRIBUTOR,44,66,2,3,2,2,2,0,True,False,0,ok,
microsoft/vscode,156242,https://github.com/microsoft/vscode/pull/156242,feat: Add wordBreak editorOption and use it to lineBreakComputer function,2022-07-26T08:49:38Z,2022-11-21T10:25:13Z,2022-11-21T10:25:13Z,2023-01-05T23:24:52Z,2026-09-25T15:08:17Z,Albert-cord,User,CONTRIBUTOR,126,66,10,4,3,2,3,0,True,False,0,ok,
microsoft/vscode,167025,https://github.com/microsoft/vscode/pull/167025,check kernel detection tasks in next frame.,2022-11-23T02:05:27Z,2022-11-23T02:34:27Z,2022-11-23T02:34:27Z,2023-01-07T23:23:15Z,2026-09-25T15:08:19Z,rebornix,User,CONTRIBUTOR,22,5,1,2,3,1,2,0,True,False,1,ok,
microsoft/vscode,167124,https://github.com/microsoft/vscode/pull/167124,Rework Continue On telemetry,2022-11-24T02:26:51Z,2022-11-24T04:10:28Z,2022-11-24T04:10:28Z,2023-01-08T23:23:35Z,2026-09-25T15:08:20Z,joyceerhl,User,CONTRIBUTOR,137,82,3,4,2,1,2,0,True,False,1,ok,
microsoft/vscode,167378,https://github.com/microsoft/vscode/pull/167378,Fix #167285,2022-11-28T09:54:16Z,2022-11-28T10:13:29Z,2022-11-28T10:13:29Z,2023-01-12T23:24:24Z,2026-09-25T15:08:22Z,sandy081,User,MEMBER,2,2,2,1,1,1,1,0,True,False,0,ok,
microsoft/vscode,167574,https://github.com/microsoft/vscode/pull/167574,debug: bump js-debug,2022-11-29T17:22:19Z,2022-11-29T17:41:38Z,2022-11-29T17:41:38Z,2023-01-13T23:23:41Z,2026-09-25T15:08:23Z,connor4312,User,MEMBER,1,1,1,1,1,1,1,0,True,False,0,ok,
microsoft/vscode,167836,https://github.com/microsoft/vscode/pull/167836,Improve logging to render the extension host kind too,2022-12-01T11:46:43Z,2022-12-01T12:01:12Z,2022-12-01T12:01:12Z,2023-01-15T23:23:53Z,2026-09-25T15:08:25Z,alexdima,User,MEMBER,8,4,1,1,1,1,1,0,True,False,0,ok,
microsoft/vscode,168084,https://github.com/microsoft/vscode/pull/168084,Remove incorrect isMeasurement,2022-12-05T14:25:14Z,2022-12-05T14:41:05Z,2022-12-05T14:41:05Z,2023-01-19T23:24:18Z,2026-09-25T15:08:26Z,lramos15,User,MEMBER,3,3,1,1,1,1,1,0,True,False,0,ok,
microsoft/vscode,168210,https://github.com/microsoft/vscode/pull/168210,Move more style rules to css,2022-12-06T19:31:01Z,2022-12-06T19:45:57Z,2022-12-06T19:45:58Z,2023-01-20T23:23:40Z,2026-09-25T15:08:27Z,alexdima,User,MEMBER,59,64,10,1,2,2,1,0,True,False,0,ok,
microsoft/vscode,168313,https://github.com/microsoft/vscode/pull/168313,handlebars extension not acivated in remote window,2022-12-07T15:00:38Z,2022-12-07T15:15:37Z,2022-12-07T15:15:37Z,2023-01-21T23:23:12Z,2026-09-25T15:08:29Z,aeschli,User,CONTRIBUTOR,4,0,1,1,1,1,1,0,True,False,0,ok,
microsoft/vscode,168469,https://github.com/microsoft/vscode/pull/168469,screencast: handle duplicate keyboard shortcuts,2022-12-08T14:57:00Z,2022-12-08T15:14:47Z,2022-12-08T15:14:47Z,2023-01-22T23:23:43Z,2026-09-25T15:08:30Z,joaomoreno,User,CONTRIBUTOR,5,3,1,1,1,1,1,0,True,False,0,ok,
microsoft/vscode,168528,https://github.com/microsoft/vscode/pull/168528,disable cell drag and drop for IW,2022-12-08T22:59:52Z,2022-12-09T17:11:39Z,2022-12-09T17:11:39Z,2023-01-23T23:23:38Z,2026-09-25T15:08:31Z,amunger,User,COLLABORATOR,3,3,2,1,4,2,1,0,True,False,0,ok,
microsoft/vscode,168851,https://github.com/microsoft/vscode/pull/168851,Fixes #168830,2022-12-12T10:18:06Z,2022-12-12T10:34:40Z,2022-12-12T10:34:40Z,2023-01-26T23:24:16Z,2026-09-25T15:08:34Z,hediet,User,MEMBER,1,1,1,1,1,1,1,0,True,False,0,ok,
microsoft/vscode,169039,https://github.com/microsoft/vscode/pull/169039,Move quick input progress bar below text input,2022-12-13T19:49:56Z,2022-12-13T20:41:40Z,2022-12-13T20:41:40Z,2023-01-27T23:23:29Z,2026-09-25T15:08:36Z,daviddossett,User,COLLABORATOR,6,7,2,1,2,2,2,0,True,False,0,ok,
microsoft/vscode,169161,https://github.com/microsoft/vscode/pull/169161,remove log,2022-12-14T18:37:26Z,2022-12-14T19:18:30Z,2022-12-14T19:18:30Z,2023-01-28T23:23:15Z,2026-09-25T15:08:37Z,meganrogge,User,COLLABORATOR,1,6,1,1,1,1,1,0,True,False,0,ok,
microsoft/vscode,169317,https://github.com/microsoft/vscode/pull/169317,Update gutter decoration colors in v2 themes,2022-12-15T19:58:47Z,2022-12-15T20:22:17Z,2022-12-15T20:22:17Z,2023-01-29T23:23:44Z,2026-09-25T15:08:39Z,daviddossett,User,COLLABORATOR,6,8,2,1,1,1,1,0,True,False,0,ok,
microsoft/vscode,169481,https://github.com/microsoft/vscode/pull/169481,Disallow cell URIs with NotebookEdit,2022-12-17T23:49:56Z,2022-12-18T09:01:42Z,2022-12-18T09:01:42Z,2023-02-01T23:24:10Z,2026-09-25T15:08:40Z,roblourens,User,MEMBER,28,6,2,1,1,1,1,0,True,False,0,ok,
microsoft/vscode,169623,https://github.com/microsoft/vscode/pull/169623,Git - Add notification for the stage/unstage/revert selected ranges commands,2022-12-20T11:07:20Z,2022-12-20T12:52:40Z,2022-12-20T12:52:40Z,2023-02-03T23:23:29Z,2026-09-25T15:08:42Z,lszomoru,User,MEMBER,3,0,1,1,1,1,1,0,True,False,0,ok,
microsoft/vscode,169774,https://github.com/microsoft/vscode/pull/169774,Full support for local files and folders containing [ and ] chars,2022-12-21T19:19:07Z,2022-12-21T19:33:44Z,2022-12-21T19:33:44Z,2023-02-04T23:23:22Z,2026-09-25T15:08:43Z,Tyriar,User,CONTRIBUTOR,68,4,3,3,1,1,1,0,True,False,0,ok,
microsoft/vscode,169936,https://github.com/microsoft/vscode/pull/169936,New names around keybindings,2022-12-23T16:21:06Z,2022-12-23T17:10:01Z,2022-12-23T17:10:01Z,2023-02-06T23:23:32Z,2026-09-25T15:08:44Z,alexdima,User,MEMBER,943,1075,44,2,1,1,1,0,True,False,0,ok,
microsoft/vscode,170212,https://github.com/microsoft/vscode/pull/170212,fix #124254,2022-12-29T10:00:44Z,2022-12-29T10:31:11Z,2022-12-29T10:31:12Z,2023-02-12T23:23:29Z,2026-09-25T15:08:46Z,sandy081,User,MEMBER,6,4,1,1,1,1,1,0,True,False,0,ok,
microsoft/vscode,169512,https://github.com/microsoft/vscode/pull/169512,Add CamelCase Transformation,2022-12-19T03:12:39Z,2023-01-03T11:55:25Z,2023-01-03T11:55:25Z,2023-02-17T23:24:03Z,2026-09-25T15:08:47Z,ssigwart,User,CONTRIBUTOR,72,1,2,1,2,2,2,0,True,False,0,ok,
microsoft/vscode,170241,https://github.com/microsoft/vscode/pull/170241,Support cmder profile detection,2022-12-29T20:09:49Z,2023-01-06T17:01:38Z,2023-01-06T17:01:38Z,2023-02-20T23:23:51Z,2026-09-25T15:08:48Z,Tyriar,User,CONTRIBUTOR,52,7,3,4,1,1,1,0,True,False,0,ok,
microsoft/vscode,170899,https://github.com/microsoft/vscode/pull/170899,add audio cues for go to next/previous change,2023-01-09T20:08:10Z,2023-01-10T14:30:15Z,2023-01-10T14:30:15Z,2023-02-24T23:24:11Z,2026-09-25T15:08:50Z,meganrogge,User,COLLABORATOR,31,3,4,2,1,1,1,0,True,False,0,ok,
microsoft/vscode,171120,https://github.com/microsoft/vscode/pull/171120,Remove extra space in setting description,2023-01-11T23:23:14Z,2023-01-11T23:38:08Z,2023-01-11T23:38:08Z,2023-02-26T23:23:47Z,2026-09-25T15:08:51Z,mjbvz,User,CONTRIBUTOR,1,1,1,1,1,1,1,0,True,False,0,ok,
microsoft/vscode,171210,https://github.com/microsoft/vscode/pull/171210,API: emit event with `waitUntil` when an edit session identifier will be requested ,2023-01-12T22:44:59Z,2023-01-13T18:24:56Z,2023-01-13T18:24:56Z,2023-02-27T23:24:27Z,2026-09-25T15:08:53Z,joyceerhl,User,CONTRIBUTOR,151,3,9,3,1,1,1,0,True,False,0,ok,
microsoft/vscode,171567,https://github.com/microsoft/vscode/pull/171567,Let notebook renderers throw error to fallback to next mime type,2023-01-18T01:34:30Z,2023-01-18T01:49:06Z,2023-01-18T01:49:06Z,2023-03-04T23:23:34Z,2026-09-25T15:08:55Z,mjbvz,User,CONTRIBUTOR,103,28,2,1,1,1,1,0,True,False,0,ok,
microsoft/vscode,171692,https://github.com/microsoft/vscode/pull/171692,:notebook: support layout logging.,2023-01-19T04:31:23Z,2023-01-19T05:08:38Z,2023-01-19T05:08:38Z,2023-03-05T23:23:39Z,2026-09-25T15:08:57Z,rebornix,User,CONTRIBUTOR,128,9,9,6,1,1,1,0,True,False,0,ok,
microsoft/vscode,171836,https://github.com/microsoft/vscode/pull/171836,skip uninstalling built in extensions,2023-01-20T15:47:55Z,2023-01-20T16:13:53Z,2023-01-20T16:13:53Z,2023-03-06T23:24:34Z,2026-09-25T15:08:58Z,sandy081,User,MEMBER,11,8,2,1,1,1,1,0,True,False,0,ok,
microsoft/vscode,171949,https://github.com/microsoft/vscode/pull/171949,Add tests to confirm MD code comments aren't foldable regions,2023-01-22T23:10:39Z,2023-01-23T17:12:41Z,2023-01-23T17:12:41Z,2023-03-09T23:24:58Z,2026-09-25T15:08:59Z,PandaGnar,User,CONTRIBUTOR,28,0,1,3,2,2,2,0,True,False,0,ok,
microsoft/vscode,172315,https://github.com/microsoft/vscode/pull/172315,Fix switching problems view mode,2023-01-24T23:07:08Z,2023-01-24T23:44:57Z,2023-01-24T23:44:57Z,2023-03-11T23:23:27Z,2026-09-25T15:09:01Z,mjbvz,User,CONTRIBUTOR,5,9,1,1,1,1,1,0,True,False,0,ok,
microsoft/vscode,172442,https://github.com/microsoft/vscode/pull/172442,fix #172440,2023-01-25T20:01:36Z,2023-01-25T20:37:35Z,2023-01-25T20:37:35Z,2023-03-11T23:23:27Z,2026-09-25T15:09:02Z,sandy081,User,MEMBER,279,148,4,1,1,1,1,0,True,False,0,ok,
microsoft/vscode,172616,https://github.com/microsoft/vscode/pull/172616,fix TS filterText/insertText updating,2023-01-27T08:47:55Z,2023-01-27T09:06:15Z,2023-01-27T09:06:15Z,2023-03-13T23:23:57Z,2026-09-25T15:09:04Z,jrieken,User,CONTRIBUTOR,1,1,1,1,1,1,1,0,True,False,0,ok,
microsoft/vscode,172857,https://github.com/microsoft/vscode/pull/172857,Also route stdlib files through TS Server virtual file system,2023-01-30T21:59:42Z,2023-01-30T22:14:22Z,2023-01-30T22:14:22Z,2023-03-16T23:23:39Z,2026-09-25T15:09:05Z,mjbvz,User,CONTRIBUTOR,1,1,1,1,1,1,1,0,True,False,0,ok,
microsoft/vscode,172968,https://github.com/microsoft/vscode/pull/172968,add executeFoldingRangeProvider command,2023-01-31T21:37:21Z,2023-02-01T09:03:02Z,2023-02-01T09:03:02Z,2023-03-18T23:23:12Z,2026-09-25T15:09:06Z,aeschli,User,CONTRIBUTOR,159,4,6,4,3,3,1,0,True,False,0,ok,
microsoft/vscode,173142,https://github.com/microsoft/vscode/pull/173142,CSP: allow `blob` as `worker-src`,2023-02-02T10:48:43Z,2023-02-02T11:08:12Z,2023-02-02T11:08:12Z,2023-03-19T23:23:34Z,2026-09-25T15:09:08Z,jrieken,User,CONTRIBUTOR,1,1,1,1,1,1,1,0,True,False,0,ok,
microsoft/vscode,173352,https://github.com/microsoft/vscode/pull/173352,Keep notebook kernel bindings for non-untitled notebooks after they close,2023-02-03T18:22:11Z,2023-02-03T19:10:08Z,2023-02-03T19:10:08Z,2023-03-20T23:38:22Z,2026-09-25T15:09:09Z,roblourens,User,MEMBER,6,2,2,1,1,1,1,0,True,False,0,ok,
microsoft/vscode,173649,https://github.com/microsoft/vscode/pull/173649,Move `base/parts/quickinput` into `platform`,2023-02-07T06:47:00Z,2023-02-07T10:03:25Z,2023-02-07T10:03:25Z,2023-03-24T23:23:01Z,2026-09-25T15:09:11Z,TylerLeonhardt,User,MEMBER,2531,2541,17,2,1,1,1,0,True,False,0,ok,
microsoft/vscode,173907,https://github.com/microsoft/vscode/pull/173907,add more logging,2023-02-09T08:23:46Z,2023-02-09T08:45:34Z,2023-02-09T08:45:34Z,2023-03-26T23:22:44Z,2026-09-25T15:09:12Z,sandy081,User,MEMBER,3,1,1,1,1,1,1,0,True,False,0,ok,
microsoft/vscode,174357,https://github.com/microsoft/vscode/pull/174357,Improve IHoverOptions.container docs,2023-02-14T15:41:36Z,2023-02-14T16:02:10Z,2023-02-14T16:02:10Z,2023-03-31T23:22:07Z,2026-09-25T15:09:13Z,Tyriar,User,CONTRIBUTOR,5,1,1,1,1,1,1,0,True,False,0,ok,
microsoft/vscode,174610,https://github.com/microsoft/vscode/pull/174610,use correct `title` type so `Toggle Tab Moves Focus Mode` shows up in the command palette ,2023-02-16T18:29:02Z,2023-02-16T20:02:31Z,2023-02-16T20:02:31Z,2023-04-02T23:21:59Z,2026-09-25T15:09:14Z,meganrogge,User,COLLABORATOR,3,2,1,1,1,1,1,0,True,False,0,ok,
microsoft/vscode,174867,https://github.com/microsoft/vscode/pull/174867,[css/json/html] update services and server,2023-02-20T21:46:46Z,2023-02-21T06:27:06Z,2023-02-21T06:27:06Z,2023-04-07T23:22:04Z,2026-09-25T15:09:16Z,aeschli,User,CONTRIBUTOR,263,451,12,1,1,1,1,0,True,False,0,ok,
microsoft/vscode,175185,https://github.com/microsoft/vscode/pull/175185,relative schema path not resolved properly,2023-02-22T22:47:07Z,2023-02-22T23:01:20Z,2023-02-22T23:01:21Z,2023-04-08T23:22:02Z,2026-09-25T15:09:17Z,aeschli,User,CONTRIBUTOR,17,12,1,1,1,1,1,0,True,False,0,ok,
microsoft/vscode,175379,https://github.com/microsoft/vscode/pull/175379,Adopt latest loader,2023-02-24T19:58:01Z,2023-02-24T21:02:50Z,2023-02-24T21:02:50Z,2023-04-10T23:22:39Z,2026-09-25T15:09:19Z,alexdima,User,MEMBER,543,609,1,2,2,2,2,0,True,False,1,ok,
microsoft/vscode,175570,https://github.com/microsoft/vscode/pull/175570,Fix interactive/notebook layout after groups change,2023-02-27T19:21:27Z,2023-02-27T22:51:28Z,2023-02-27T22:51:28Z,2023-04-13T23:22:32Z,2026-09-25T15:09:20Z,mjbvz,User,CONTRIBUTOR,24,21,3,2,2,1,2,0,True,False,0,ok,
microsoft/vscode,175710,https://github.com/microsoft/vscode/pull/175710,Disable single key keybinding when focus in output,2023-02-28T23:32:01Z,2023-03-01T00:42:51Z,2023-03-01T00:42:51Z,2023-04-15T23:22:12Z,2026-09-25T15:09:22Z,rebornix,User,CONTRIBUTOR,3,3,1,1,1,1,1,0,True,False,0,ok,
microsoft/vscode,175918,https://github.com/microsoft/vscode/pull/175918,Fixes #160139,2023-03-02T16:40:59Z,2023-03-02T17:04:41Z,2023-03-02T17:04:41Z,2023-04-16T23:22:15Z,2026-09-25T15:09:23Z,hediet,User,MEMBER,1,1,1,1,1,1,1,0,True,False,0,ok,
microsoft/vscode,176096,https://github.com/microsoft/vscode/pull/176096,Forward cursorBlinking to SuggestEnabledInput,2023-03-03T22:56:59Z,2023-03-04T00:41:30Z,2023-03-04T00:41:30Z,2023-04-18T23:23:01Z,2026-09-25T15:09:24Z,rzhao271,User,COLLABORATOR,20,2,1,1,1,1,1,0,True,False,0,ok,
microsoft/vscode,176389,https://github.com/microsoft/vscode/pull/176389,Fixes empty configuration telemetry,2023-03-07T14:29:24Z,2023-03-07T16:43:02Z,2023-03-07T16:43:03Z,2023-04-21T23:22:48Z,2026-09-25T15:09:25Z,lramos15,User,MEMBER,1,19,1,1,1,1,1,0,True,False,0,ok,
microsoft/vscode,176524,https://github.com/microsoft/vscode/pull/176524,Fix quick diff for workspace with multiple git repos (#176390),2023-03-08T15:02:17Z,2023-03-08T15:53:25Z,2023-03-08T15:53:25Z,2023-04-22T23:22:22Z,2026-09-25T15:09:27Z,alexr00,User,MEMBER,4,2,1,1,1,1,1,0,True,False,0,ok,
microsoft/vscode,176688,https://github.com/microsoft/vscode/pull/176688,remove telemetry prop: common.source,2023-03-09T20:44:50Z,2023-03-10T14:22:28Z,2023-03-10T14:22:28Z,2023-04-24T23:22:41Z,2026-09-25T15:09:28Z,joaomoreno,User,CONTRIBUTOR,329,500,39,5,4,2,1,1,True,True,0,ok,
microsoft/vscode,177025,https://github.com/microsoft/vscode/pull/177025,Avoid creating execution state listener for every cell.,2023-03-14T00:54:14Z,2023-03-14T01:09:05Z,2023-03-14T01:09:05Z,2023-04-28T23:22:40Z,2026-09-25T15:09:29Z,rebornix,User,CONTRIBUTOR,25,19,4,1,1,1,1,0,True,False,0,ok,
microsoft/vscode,177220,https://github.com/microsoft/vscode/pull/177220,Fixes https://github.com/microsoft/monaco-editor/issues/3833,2023-03-15T13:22:08Z,2023-03-15T13:36:45Z,2023-03-15T13:36:45Z,2023-04-29T23:22:15Z,2026-09-25T15:09:31Z,hediet,User,MEMBER,2,2,1,1,1,1,1,0,True,False,0,ok,
microsoft/vscode,177366,https://github.com/microsoft/vscode/pull/177366,fix: missing accept server license terms arg in service install,2023-03-16T15:24:10Z,2023-03-16T18:23:36Z,2023-03-16T18:23:36Z,2023-04-30T23:22:01Z,2026-09-25T15:09:32Z,connor4312,User,MEMBER,12,8,2,2,3,3,3,0,True,False,0,ok,
microsoft/vscode,177500,https://github.com/microsoft/vscode/pull/177500,fix #177488,2023-03-17T17:26:39Z,2023-03-17T20:41:15Z,2023-03-17T20:41:16Z,2023-05-01T23:23:17Z,2026-09-25T15:09:35Z,sandy081,User,MEMBER,2,8,1,1,3,2,1,0,True,False,0,ok,
microsoft/vscode,177723,https://github.com/microsoft/vscode/pull/177723,fix #176103,2023-03-20T22:00:19Z,2023-03-20T22:45:21Z,2023-03-20T22:45:21Z,2023-05-04T23:22:49Z,2026-09-25T15:09:36Z,sandy081,User,MEMBER,21,10,1,1,1,1,1,0,True,False,0,ok,
microsoft/vscode,177903,https://github.com/microsoft/vscode/pull/177903,Use extensionManagementService for to check if extension can be installed,2023-03-21T22:14:19Z,2023-03-22T08:00:48Z,2023-03-22T08:00:48Z,2023-05-06T23:22:48Z,2026-09-25T15:09:37Z,bhavyaus,User,COLLABORATOR,3,6,1,1,1,1,1,0,True,False,0,ok,
microsoft/vscode,178108,https://github.com/microsoft/vscode/pull/178108,Fix Remote Picker interactions,2023-03-23T05:20:49Z,2023-03-23T06:49:14Z,2023-03-23T06:49:14Z,2023-05-07T23:22:02Z,2026-09-25T15:09:38Z,bhavyaus,User,COLLABORATOR,7,3,1,2,1,1,1,0,True,False,0,ok,
microsoft/vscode,178312,https://github.com/microsoft/vscode/pull/178312,Do not ship docs (fix #178261),2023-03-25T08:47:11Z,2023-03-25T16:32:37Z,2023-03-25T16:32:37Z,2023-05-09T23:22:32Z,2026-09-25T15:09:40Z,bpasero,User,CONTRIBUTOR,0,2671,9,1,1,1,1,0,True,False,0,ok,
microsoft/vscode,178509,https://github.com/microsoft/vscode/pull/178509,debug: bump js-debug,2023-03-28T17:34:38Z,2023-03-28T17:50:38Z,2023-03-28T17:50:38Z,2023-05-13T00:48:33Z,2026-09-25T15:09:41Z,connor4312,User,MEMBER,1,1,1,1,1,1,1,0,True,False,0,ok,
microsoft/vscode,178660,https://github.com/microsoft/vscode/pull/178660,"make session provider generic to make it more obvious that it is ""instance-true""",2023-03-30T07:18:25Z,2023-03-30T08:08:38Z,2023-03-30T08:08:38Z,2023-05-14T23:22:16Z,2026-09-25T15:09:42Z,jrieken,User,CONTRIBUTOR,5,5,1,1,1,1,1,0,True,False,0,ok,
microsoft/vscode,178503,https://github.com/microsoft/vscode/pull/178503,Tokenization Refactoring,2023-03-28T15:49:58Z,2023-04-03T12:03:03Z,2023-04-03T12:03:03Z,2023-05-18T23:22:25Z,2026-09-25T15:09:44Z,hediet,User,MEMBER,264,71,12,1,1,1,1,0,True,False,0,ok,
microsoft/vscode,179167,https://github.com/microsoft/vscode/pull/179167,Encode filepaths with whitespace in links,2023-04-04T17:26:38Z,2023-04-04T21:27:40Z,2023-04-04T21:27:41Z,2023-05-19T23:32:30Z,2026-09-25T15:09:45Z,joyceerhl,User,CONTRIBUTOR,1,1,1,2,2,2,2,0,True,False,0,ok,
microsoft/vscode,179318,https://github.com/microsoft/vscode/pull/179318,update vscode-perf module version,2023-04-05T21:04:02Z,2023-04-05T21:26:29Z,2023-04-05T21:26:29Z,2023-05-20T23:21:31Z,2026-09-25T15:09:46Z,sandy081,User,MEMBER,5,5,2,2,1,1,1,0,True,False,0,ok,
microsoft/vscode,179627,https://github.com/microsoft/vscode/pull/179627,include run behavior for additional command picks,2023-04-10T19:02:56Z,2023-04-10T19:20:07Z,2023-04-10T19:20:08Z,2023-05-25T23:22:04Z,2026-09-25T15:09:48Z,TylerLeonhardt,User,MEMBER,36,30,1,1,1,1,1,0,True,False,0,ok,
microsoft/vscode,179796,https://github.com/microsoft/vscode/pull/179796,joh/fine beetle,2023-04-12T16:31:17Z,2023-04-12T16:46:57Z,2023-04-12T16:46:57Z,2023-05-27T23:22:02Z,2026-09-25T15:09:49Z,jrieken,User,CONTRIBUTOR,39,20,3,2,1,1,1,0,True,False,0,ok,
microsoft/vscode,179930,https://github.com/microsoft/vscode/pull/179930,Bump sqlite to version 5.1.4-vscode,2023-04-14T01:12:12Z,2023-04-14T01:48:07Z,2023-04-14T01:48:07Z,2023-05-29T23:22:12Z,2026-09-25T15:09:51Z,rzhao271,User,COLLABORATOR,5,5,2,1,1,1,1,0,True,False,0,ok,
microsoft/vscode,179974,https://github.com/microsoft/vscode/pull/179974,Add fast path for margin decoration access,2023-04-14T15:06:42Z,2023-04-18T12:53:31Z,2023-04-18T12:53:32Z,2023-06-02T23:22:43Z,2026-09-25T15:09:52Z,joyceerhl,User,CONTRIBUTOR,107,57,11,2,2,2,2,0,True,False,0,ok,
microsoft/vscode,180380,https://github.com/microsoft/vscode/pull/180380,Fix incorrectly stringified workspace folder URI,2023-04-20T04:34:11Z,2023-04-20T05:50:51Z,2023-04-20T05:50:51Z,2023-06-04T23:22:37Z,2026-09-25T15:09:53Z,joyceerhl,User,CONTRIBUTOR,1,1,1,1,1,1,1,0,True,False,0,ok,
microsoft/vscode,180530,https://github.com/microsoft/vscode/pull/180530,joh/passive barracuda,2023-04-21T16:00:08Z,2023-04-21T16:17:22Z,2023-04-21T16:17:23Z,2023-06-05T23:22:18Z,2026-09-25T15:09:55Z,jrieken,User,CONTRIBUTOR,25,13,2,3,1,1,1,0,True,False,0,ok,
microsoft/vscode,180763,https://github.com/microsoft/vscode/pull/180763,testing: avoid including individual children in run at cursor if their parent is already included,2023-04-24T22:48:06Z,2023-04-25T01:48:02Z,2023-04-25T01:48:02Z,2023-06-09T23:22:27Z,2026-09-25T15:09:56Z,connor4312,User,MEMBER,15,4,2,1,1,1,1,0,True,False,0,ok,
microsoft/vscode,180977,https://github.com/microsoft/vscode/pull/180977,Add mode to the notification,2023-04-26T21:01:48Z,2023-04-26T21:16:39Z,2023-04-26T21:16:39Z,2023-06-10T23:21:59Z,2026-09-25T15:09:58Z,TylerLeonhardt,User,MEMBER,6,6,1,1,1,1,1,0,True,False,0,ok,
microsoft/vscode,181269,https://github.com/microsoft/vscode/pull/181269,enable tsa for sdl scan,2023-05-01T18:55:51Z,2023-05-01T19:10:44Z,2023-05-01T19:10:45Z,2023-06-15T23:22:38Z,2026-09-25T15:09:59Z,sbatten,User,MEMBER,2,0,1,1,1,1,1,0,True,False,0,ok,
microsoft/vscode,181140,https://github.com/microsoft/vscode/pull/181140,inline-completion-debt,2023-04-28T15:13:17Z,2023-05-03T10:51:35Z,2023-05-03T10:51:35Z,2023-06-17T23:22:26Z,2026-09-25T15:10:00Z,hediet,User,MEMBER,407,291,8,3,1,1,1,0,True,False,0,ok,
microsoft/vscode,181378,https://github.com/microsoft/vscode/pull/181378,Insert response into active notebook,2023-05-03T05:19:28Z,2023-05-04T18:12:40Z,2023-05-04T18:12:40Z,2023-06-18T23:22:27Z,2026-09-25T15:10:02Z,rebornix,User,CONTRIBUTOR,125,0,1,2,3,2,1,0,True,False,0,ok,
microsoft/vscode,181723,https://github.com/microsoft/vscode/pull/181723,Fixes #181207 - Add padding to extension viewer bottom,2023-05-06T19:03:18Z,2023-05-10T00:20:57Z,2023-05-10T00:20:57Z,2023-06-25T23:23:57Z,2026-09-25T15:10:03Z,dcourv,User,CONTRIBUTOR,5,0,1,1,2,2,2,0,True,False,0,ok,
microsoft/vscode,182102,https://github.com/microsoft/vscode/pull/182102,"cli: store cli in user data dir, separate per quality",2023-05-10T17:51:12Z,2023-05-10T20:09:23Z,2023-05-10T20:09:23Z,2023-06-24T23:23:36Z,2026-09-25T15:10:05Z,connor4312,User,MEMBER,52,12,5,4,3,2,3,0,True,False,2,ok,
microsoft/vscode,180715,https://github.com/microsoft/vscode/pull/180715,keep scroll related key events in scrollable region,2023-04-24T16:05:51Z,2023-05-12T15:50:44Z,2023-05-12T15:50:45Z,2023-06-26T23:24:01Z,2026-09-25T15:10:08Z,amunger,User,COLLABORATOR,25,4,2,5,5,2,1,0,True,False,0,ok,
microsoft/vscode,181936,https://github.com/microsoft/vscode/pull/181936,Fix: showDebugHover command doesn't work with keybinding using alt key,2023-05-09T18:46:42Z,2023-05-16T00:20:11Z,2023-05-16T00:20:11Z,2023-06-30T23:23:35Z,2026-09-25T15:10:09Z,russelldavis,User,CONTRIBUTOR,2,2,1,1,2,2,2,0,True,False,0,ok,
microsoft/vscode,182781,https://github.com/microsoft/vscode/pull/182781,Support : in values for VSCODE_ENV_* variables,2023-05-17T16:54:02Z,2023-05-17T17:11:11Z,2023-05-17T17:11:11Z,2023-07-01T23:23:00Z,2026-09-25T15:10:10Z,Tyriar,User,CONTRIBUTOR,12,15,4,3,3,2,1,0,True,False,0,ok,
microsoft/vscode,182983,https://github.com/microsoft/vscode/pull/182983,"Expose promise that resolves when chat response is complete, and alert on this",2023-05-19T18:49:08Z,2023-05-19T19:54:13Z,2023-05-19T19:54:14Z,2023-07-03T23:24:34Z,2026-09-25T15:10:12Z,roblourens,User,MEMBER,14,6,3,1,1,1,1,0,True,False,0,ok,
microsoft/vscode,183145,https://github.com/microsoft/vscode/pull/183145,don't cancel request if in the help menu,2023-05-22T18:30:39Z,2023-05-22T22:44:11Z,2023-05-22T22:44:11Z,2023-07-06T23:24:00Z,2026-09-25T15:10:13Z,meganrogge,User,COLLABORATOR,7,1,2,1,0,0,0,0,False,False,0,ok,
microsoft/vscode,183266,https://github.com/microsoft/vscode/pull/183266,chore: remove unused experiments url override,2023-05-23T21:45:50Z,2023-05-24T17:40:11Z,2023-05-24T17:40:11Z,2023-07-08T23:23:05Z,2026-09-25T15:10:14Z,connor4312,User,MEMBER,1,1,1,2,2,2,2,0,True,False,0,ok,
microsoft/vscode,183427,https://github.com/microsoft/vscode/pull/183427,Prevent duplicate text in workspace folder picker when path has no parent (fix #183418),2023-05-25T12:55:25Z,2023-05-26T06:31:26Z,2023-05-26T06:31:26Z,2023-07-10T23:23:33Z,2026-09-25T15:10:16Z,gjsjohnmurray,User,CONTRIBUTOR,5,2,1,3,5,3,2,2,True,True,0,ok,
microsoft/vscode,183782,https://github.com/microsoft/vscode/pull/183782,Remove angle brackets from VB brackets,2023-05-30T10:31:24Z,2023-05-30T12:10:41Z,2023-05-30T12:10:41Z,2023-07-14T23:23:13Z,2026-09-25T15:10:18Z,alexr00,User,MEMBER,1,2,1,1,1,1,1,0,True,False,0,ok,
microsoft/vscode,184000,https://github.com/microsoft/vscode/pull/184000,Allow widget to have focus,2023-05-31T22:56:53Z,2023-05-31T23:14:01Z,2023-05-31T23:14:01Z,2023-07-15T23:22:56Z,2026-09-25T15:10:19Z,TylerLeonhardt,User,MEMBER,1,0,1,1,1,1,1,0,True,False,0,ok,
microsoft/vscode,184165,https://github.com/microsoft/vscode/pull/184165,Fixes line range mapping construction bug.,2023-06-02T13:56:11Z,2023-06-02T14:13:43Z,2023-06-02T14:13:43Z,2023-07-17T23:22:48Z,2026-09-25T15:10:21Z,hediet,User,MEMBER,36,11,2,1,1,1,1,0,True,False,0,ok,
microsoft/vscode,184336,https://github.com/microsoft/vscode/pull/184336,Implements initial version of moved code detection.,2023-06-05T14:10:13Z,2023-06-05T15:50:56Z,2023-06-05T15:50:56Z,2023-07-20T23:22:27Z,2026-09-25T15:10:23Z,hediet,User,MEMBER,1065,173,38,3,1,1,1,0,True,False,0,ok,
microsoft/vscode,184533,https://github.com/microsoft/vscode/pull/184533,Update markdown grammar,2023-06-07T17:55:52Z,2023-06-07T20:05:33Z,2023-06-07T20:05:33Z,2023-07-22T23:21:35Z,2026-09-25T15:10:24Z,mjbvz,User,CONTRIBUTOR,5,5,2,1,1,1,1,0,True,False,0,ok,
microsoft/vscode,184716,https://github.com/microsoft/vscode/pull/184716,eng - make `fetchWithRetry` more robust,2023-06-09T11:48:07Z,2023-06-09T12:05:38Z,2023-06-09T12:05:38Z,2023-07-24T23:22:14Z,2026-09-25T15:10:25Z,bpasero,User,CONTRIBUTOR,62,37,2,1,1,1,1,0,True,False,0,ok,
microsoft/vscode,184969,https://github.com/microsoft/vscode/pull/184969,Register with editorResolver before attempting to open walkthrough,2023-06-13T01:15:58Z,2023-06-13T01:38:34Z,2023-06-13T01:38:34Z,2023-07-28T23:21:37Z,2026-09-25T15:10:27Z,bhavyaus,User,COLLABORATOR,2,2,1,1,1,1,1,0,True,False,0,ok,
microsoft/vscode,185181,https://github.com/microsoft/vscode/pull/185181,cli: bump enumflags2 for dependabot,2023-06-15T05:07:26Z,2023-06-15T06:29:27Z,2023-06-15T06:29:27Z,2023-07-30T23:21:31Z,2026-09-25T15:10:28Z,connor4312,User,MEMBER,5,5,1,1,1,1,1,0,True,False,0,ok,
microsoft/vscode,185368,https://github.com/microsoft/vscode/pull/185368,"allow `aria-live: polite` to be used on macOS, use status instead of alert for chat response announcement",2023-06-16T18:00:18Z,2023-06-16T18:35:14Z,2023-06-16T18:35:14Z,2023-07-31T23:22:04Z,2026-09-25T15:10:30Z,meganrogge,User,COLLABORATOR,7,12,2,1,1,1,1,0,True,False,0,ok,
microsoft/vscode,185648,https://github.com/microsoft/vscode/pull/185648,reveal inline chat when typing inside of it,2023-06-20T10:16:26Z,2023-06-20T10:30:21Z,2023-06-20T10:30:21Z,2023-08-04T23:21:33Z,2026-09-25T15:10:31Z,jrieken,User,CONTRIBUTOR,9,2,1,1,1,1,1,0,True,False,0,ok,
microsoft/vscode,184758,https://github.com/microsoft/vscode/pull/184758,feat: adding optional support for auto playing and looping videos ,2023-06-09T20:46:19Z,2023-06-21T17:51:00Z,2023-06-21T17:51:00Z,2023-08-05T23:21:22Z,2026-09-25T15:10:34Z,iifawzi,User,CONTRIBUTOR,24,0,4,4,7,3,3,0,True,False,1,ok,
microsoft/vscode,185938,https://github.com/microsoft/vscode/pull/185938,cleanup: remove unused code,2023-06-23T04:18:47Z,2023-06-23T05:33:02Z,2023-06-23T05:33:02Z,2023-08-07T23:21:48Z,2026-09-25T15:10:35Z,sandy081,User,MEMBER,63,123,16,1,1,1,1,0,True,False,0,ok,
microsoft/vscode,186177,https://github.com/microsoft/vscode/pull/186177,Add vscode-python-debugger repo,2023-06-26T15:33:41Z,2023-06-26T15:52:53Z,2023-06-26T15:52:53Z,2023-08-10T23:21:27Z,2026-09-25T15:10:36Z,paulacamargo25,User,CONTRIBUTOR,2,2,2,2,1,1,1,0,True,False,0,ok,
microsoft/vscode,186480,https://github.com/microsoft/vscode/pull/186480,editor - update style and behaviour of message widget,2023-06-28T09:28:14Z,2023-06-28T11:05:02Z,2023-06-28T11:05:02Z,2023-08-12T23:21:26Z,2026-09-25T15:10:38Z,bpasero,User,CONTRIBUTOR,24,16,2,1,2,1,1,0,True,False,0,ok,
microsoft/vscode,186656,https://github.com/microsoft/vscode/pull/186656,Update the triage flow,2023-06-29T18:20:11Z,2023-06-29T18:35:18Z,2023-06-29T18:35:18Z,2023-08-13T23:21:36Z,2026-09-25T15:10:39Z,lramos15,User,MEMBER,4,2,1,1,1,1,1,0,True,False,0,ok,
microsoft/vscode,186799,https://github.com/microsoft/vscode/pull/186799,Reuse chat editor count in name,2023-06-30T22:06:53Z,2023-06-30T22:39:00Z,2023-06-30T22:39:00Z,2023-08-14T23:21:24Z,2026-09-25T15:10:41Z,roblourens,User,MEMBER,15,3,1,1,1,1,1,0,True,False,0,ok,
microsoft/vscode,187011,https://github.com/microsoft/vscode/pull/187011,aria.alert -> aria.status in search,2023-07-04T21:11:04Z,2023-07-04T22:43:57Z,2023-07-04T22:43:57Z,2023-08-18T23:21:30Z,2026-09-25T15:10:42Z,andreamah,User,CONTRIBUTOR,2,2,1,1,1,1,1,0,True,False,0,ok,
microsoft/vscode,187182,https://github.com/microsoft/vscode/pull/187182,"fix: stall on ""starting new singleton"" on linux if keychain blocks",2023-07-06T19:23:59Z,2023-07-06T21:49:32Z,2023-07-06T21:49:32Z,2023-08-20T23:21:18Z,2026-09-25T15:10:44Z,connor4312,User,MEMBER,59,31,2,1,1,1,1,0,True,False,0,ok,
microsoft/vscode,187491,https://github.com/microsoft/vscode/pull/187491,Fix #187447. Avoid npe for reading notebook pane,2023-07-10T17:47:44Z,2023-07-10T18:11:13Z,2023-07-10T18:11:13Z,2023-08-24T23:21:47Z,2026-09-25T15:10:45Z,rebornix,User,CONTRIBUTOR,1,1,1,1,1,1,1,0,True,False,0,ok,
microsoft/vscode,187599,https://github.com/microsoft/vscode/pull/187599,call `show` with a provider for accessible view,2023-07-11T15:49:26Z,2023-07-11T19:54:28Z,2023-07-11T19:54:28Z,2023-08-25T23:22:20Z,2026-09-25T15:10:47Z,meganrogge,User,COLLABORATOR,9,35,6,2,1,1,1,0,True,False,0,ok,
microsoft/vscode,187830,https://github.com/microsoft/vscode/pull/187830,update distro,2023-07-13T13:13:47Z,2023-07-13T13:36:14Z,2023-07-13T13:36:14Z,2023-08-27T23:21:29Z,2026-09-25T15:10:48Z,joaomoreno,User,CONTRIBUTOR,2,2,1,1,1,1,1,0,True,False,0,ok,
microsoft/vscode,188043,https://github.com/microsoft/vscode/pull/188043,Update to @vscode/proxy-agent 0.16.0,2023-07-17T06:58:34Z,2023-07-17T10:10:26Z,2023-07-17T10:10:26Z,2023-08-31T23:21:57Z,2026-09-25T15:10:51Z,chrmarti,User,COLLABORATOR,123,102,4,1,1,1,1,0,True,False,0,ok,
microsoft/vscode,188218,https://github.com/microsoft/vscode/pull/188218,Correctly reload markdown preview on md contribution change,2023-07-18T23:33:42Z,2023-07-18T23:47:31Z,2023-07-18T23:47:31Z,2023-09-02T23:21:23Z,2026-09-25T15:10:52Z,mjbvz,User,CONTRIBUTOR,2,1,2,1,1,1,1,0,True,False,0,ok,
microsoft/vscode,188424,https://github.com/microsoft/vscode/pull/188424,Support showing progress on InputBoxes,2023-07-20T21:26:45Z,2023-07-20T21:44:08Z,2023-07-20T21:44:08Z,2023-09-03T23:21:44Z,2026-09-25T15:10:53Z,TylerLeonhardt,User,MEMBER,3,1,1,1,1,1,1,0,True,False,0,ok,
microsoft/vscode,188553,https://github.com/microsoft/vscode/pull/188553,Fix: fire change event when chat content resolves,2023-07-21T23:46:12Z,2023-07-22T00:00:14Z,2023-07-22T00:00:14Z,2023-09-05T23:21:18Z,2026-09-25T15:10:55Z,joyceerhl,User,CONTRIBUTOR,15,12,1,1,1,1,1,0,True,False,0,ok,
microsoft/vscode,188908,https://github.com/microsoft/vscode/pull/188908,fix #188794,2023-07-26T10:12:34Z,2023-07-26T12:15:40Z,2023-07-26T12:15:40Z,2023-09-09T23:21:28Z,2026-09-25T15:10:56Z,sandy081,User,MEMBER,5,2,1,1,1,1,1,0,True,False,0,ok,
microsoft/vscode,189067,https://github.com/microsoft/vscode/pull/189067,lock container images,2023-07-27T15:39:07Z,2023-07-27T17:06:22Z,2023-07-27T17:06:23Z,2023-09-10T23:21:31Z,2026-09-25T15:10:57Z,joaomoreno,User,CONTRIBUTOR,4,4,1,1,1,1,1,0,True,False,0,ok,
microsoft/vscode,189310,https://github.com/microsoft/vscode/pull/189310,Custom context menu runs or selects action under mouse when opened (#189167),2023-07-31T13:12:52Z,2023-07-31T13:32:42Z,2023-07-31T13:32:42Z,2023-09-14T23:22:06Z,2026-09-25T15:10:59Z,bpasero,User,CONTRIBUTOR,5,1,1,1,1,1,1,0,True,False,0,ok,
microsoft/vscode,189311,https://github.com/microsoft/vscode/pull/189311,Custom context menu runs or selects action under mouse when opened (fix #189167),2023-07-31T13:13:56Z,2023-08-02T10:46:12Z,2023-08-02T10:46:12Z,2023-09-16T23:21:33Z,2026-09-25T15:11:00Z,bpasero,User,CONTRIBUTOR,5,1,1,3,1,1,1,0,True,False,0,ok,
microsoft/vscode,189653,https://github.com/microsoft/vscode/pull/189653,Record telemetry for when the explorer fails to enter edit mode,2023-08-04T14:50:09Z,2023-08-04T15:05:56Z,2023-08-04T15:05:56Z,2023-09-18T23:21:57Z,2026-09-25T15:11:02Z,lramos15,User,MEMBER,49,2,1,1,1,1,1,0,True,False,0,ok,
microsoft/vscode,189922,https://github.com/microsoft/vscode/pull/189922,make sure to dispose listener,2023-08-08T12:03:39Z,2023-08-08T12:17:59Z,2023-08-08T12:18:00Z,2023-09-22T23:21:46Z,2026-09-25T15:11:03Z,jrieken,User,CONTRIBUTOR,2,2,1,1,1,1,1,0,True,False,0,ok,
microsoft/vscode,190105,https://github.com/microsoft/vscode/pull/190105,Fix content widget overwritten warning,2023-08-09T22:12:45Z,2023-08-09T22:27:42Z,2023-08-09T22:27:42Z,2023-09-23T23:21:20Z,2026-09-25T15:11:05Z,joyceerhl,User,CONTRIBUTOR,6,0,1,1,1,1,1,0,True,False,0,ok,
microsoft/vscode,190351,https://github.com/microsoft/vscode/pull/190351,Support . as a row:column separator in terminal link detector,2023-08-13T09:34:39Z,2023-08-14T14:57:32Z,2023-08-14T14:57:32Z,2023-09-28T23:22:12Z,2026-09-25T15:11:06Z,Timmmm,User,CONTRIBUTOR,8,1,2,2,3,2,3,0,True,False,1,ok,
microsoft/vscode,190453,https://github.com/microsoft/vscode/pull/190453,Add settings similarity search,2023-08-14T22:10:35Z,2023-08-17T16:49:01Z,2023-08-17T16:49:01Z,2023-10-01T23:21:46Z,2026-09-25T15:11:09Z,rzhao271,User,COLLABORATOR,128,33,3,6,4,2,2,0,True,False,1,ok,
microsoft/vscode,190925,https://github.com/microsoft/vscode/pull/190925,Add hover foreground for prominent status bar items,2023-08-21T23:11:31Z,2023-08-21T23:35:12Z,2023-08-21T23:35:12Z,2023-10-06T23:21:31Z,2026-09-25T15:11:10Z,daviddossett,User,COLLABORATOR,9,1,2,1,1,1,1,0,True,False,0,ok,
microsoft/vscode,191099,https://github.com/microsoft/vscode/pull/191099,tunnels: implement default port forwarding for managed RA's,2023-08-23T16:47:53Z,2023-08-23T17:41:33Z,2023-08-23T17:41:33Z,2023-10-07T23:21:17Z,2026-09-25T15:11:12Z,connor4312,User,MEMBER,311,125,8,5,5,2,3,0,True,False,2,ok,
microsoft/vscode,191252,https://github.com/microsoft/vscode/pull/191252,Better moved code detection.,2023-08-24T20:33:11Z,2023-08-24T20:58:29Z,2023-08-24T20:58:29Z,2023-10-08T23:22:03Z,2026-09-25T15:11:13Z,hediet,User,MEMBER,1,1,1,1,1,1,1,0,True,False,0,ok,
microsoft/vscode,190607,https://github.com/microsoft/vscode/pull/190607,Adding empty alt text to decorative images for extensions,2023-08-16T19:14:32Z,2023-08-28T10:05:05Z,2023-08-28T10:05:05Z,2023-10-13T23:21:57Z,2026-09-25T15:11:14Z,neeleshb,User,CONTRIBUTOR,2,2,2,3,2,2,2,0,True,False,0,ok,
microsoft/vscode,191642,https://github.com/microsoft/vscode/pull/191642,Action feedback on dim unfocused view feature,2023-08-29T16:07:06Z,2023-08-29T19:16:17Z,2023-08-29T19:16:17Z,2023-10-13T23:21:54Z,2026-09-25T15:11:16Z,Tyriar,User,CONTRIBUTOR,23,11,2,6,1,1,1,0,True,False,0,ok,
microsoft/vscode,191830,https://github.com/microsoft/vscode/pull/191830,Fix rendering when chat is hidden,2023-08-30T17:53:30Z,2023-08-30T18:13:13Z,2023-08-30T18:13:14Z,2023-10-14T23:21:21Z,2026-09-25T15:11:18Z,TylerLeonhardt,User,MEMBER,24,6,2,1,1,1,1,0,True,False,0,ok,
microsoft/vscode,192004,https://github.com/microsoft/vscode/pull/192004,"comment out not-compiling code, fyi @bpasero",2023-09-01T15:46:08Z,2023-09-01T16:00:07Z,2023-09-01T16:00:07Z,2023-10-16T23:22:05Z,2026-09-25T15:11:20Z,jrieken,User,CONTRIBUTOR,3,3,1,1,1,1,1,0,True,False,0,ok,
microsoft/vscode,192220,https://github.com/microsoft/vscode/pull/192220,Restore default paste fallback,2023-09-05T18:10:00Z,2023-09-05T20:22:57Z,2023-09-05T20:22:57Z,2023-10-20T23:22:07Z,2026-09-25T15:11:21Z,mjbvz,User,CONTRIBUTOR,6,0,1,1,1,1,1,0,True,False,0,ok,
microsoft/vscode,192335,https://github.com/microsoft/vscode/pull/192335,Option for auto closing comments,2023-09-06T19:26:01Z,2023-09-06T21:31:26Z,2023-09-06T21:31:26Z,2023-10-21T23:21:30Z,2026-09-25T15:11:22Z,alexdima,User,MEMBER,362,290,6,4,1,1,1,0,True,False,0,ok,
microsoft/vscode,192477,https://github.com/microsoft/vscode/pull/192477,ensureNoDisposablesAreLeakedInTestSuite: paging,2023-09-07T19:44:42Z,2023-09-08T12:16:41Z,2023-09-08T12:16:41Z,2023-10-23T23:22:32Z,2026-09-25T15:11:24Z,joaomoreno,User,CONTRIBUTOR,18,13,2,2,2,2,2,0,True,False,1,ok,
microsoft/vscode,192639,https://github.com/microsoft/vscode/pull/192639,Refresh the tocTreeModel as well,2023-09-08T22:53:54Z,2023-09-11T14:53:25Z,2023-09-11T14:53:25Z,2023-10-26T23:22:07Z,2026-09-25T15:11:26Z,rzhao271,User,COLLABORATOR,8,4,1,1,1,1,1,0,True,False,0,ok,
microsoft/vscode,192935,https://github.com/microsoft/vscode/pull/192935,xterm@5.4.0-beta.19,2023-09-12T21:23:31Z,2023-09-12T21:47:25Z,2023-09-12T21:47:25Z,2023-10-27T23:21:41Z,2026-09-25T15:11:27Z,Tyriar,User,CONTRIBUTOR,108,108,6,1,1,1,1,0,True,False,0,ok,
microsoft/vscode,193187,https://github.com/microsoft/vscode/pull/193187,Aria status when editor has commenting ranges,2023-09-15T09:29:26Z,2023-09-15T09:49:52Z,2023-09-15T09:49:52Z,2023-10-30T23:22:00Z,2026-09-25T15:11:28Z,alexr00,User,MEMBER,16,3,1,1,1,1,1,0,True,False,0,ok,
microsoft/vscode,193476,https://github.com/microsoft/vscode/pull/193476,input: use faster model access,2023-09-19T15:11:48Z,2023-09-19T15:28:01Z,2023-09-19T15:28:01Z,2023-11-03T23:22:16Z,2026-09-25T15:11:29Z,connor4312,User,MEMBER,1,1,1,1,1,1,1,0,True,False,0,ok,
microsoft/vscode,193598,https://github.com/microsoft/vscode/pull/193598,fix terminal status issue,2023-09-20T16:42:11Z,2023-09-20T21:22:46Z,2023-09-20T21:22:46Z,2023-11-04T23:21:33Z,2026-09-25T15:11:31Z,meganrogge,User,COLLABORATOR,11,4,2,7,13,3,1,1,True,True,1,ok,
microsoft/vscode,193777,https://github.com/microsoft/vscode/pull/193777,fix width,2023-09-22T09:11:24Z,2023-09-22T09:30:55Z,2023-09-22T09:30:55Z,2023-11-06T23:22:15Z,2026-09-25T15:11:32Z,sandy081,User,MEMBER,4,0,1,1,1,1,1,0,True,False,0,ok,
microsoft/vscode,193990,https://github.com/microsoft/vscode/pull/193990,better phrasing of extensions in prompts,2023-09-25T14:07:15Z,2023-09-25T14:24:46Z,2023-09-25T14:24:47Z,2023-11-09T23:22:28Z,2026-09-25T15:11:34Z,sandy081,User,MEMBER,6,6,2,1,1,1,1,0,True,False,0,ok,
microsoft/vscode,194216,https://github.com/microsoft/vscode/pull/194216,fix anchor to focused cell,2023-09-26T20:36:20Z,2023-09-26T22:23:32Z,2023-09-26T22:23:33Z,2023-11-10T23:21:57Z,2026-09-25T15:11:35Z,amunger,User,COLLABORATOR,0,4,1,1,2,2,1,0,True,False,0,ok,
microsoft/vscode,194387,https://github.com/microsoft/vscode/pull/194387,uncaught exception from ProxyChannel.fromService (fix #192365),2023-09-28T10:02:14Z,2023-09-28T10:16:52Z,2023-09-28T10:16:52Z,2023-11-12T23:22:00Z,2026-09-25T15:11:36Z,bpasero,User,CONTRIBUTOR,5,1,1,1,1,1,1,0,True,False,0,ok,
microsoft/vscode,194517,https://github.com/microsoft/vscode/pull/194517,Preselect correct row in Extension Log Level quickpick (fix #194515),2023-09-29T22:00:44Z,2023-10-02T17:45:49Z,2023-10-02T17:45:49Z,2023-11-16T23:22:25Z,2026-09-25T15:11:38Z,gjsjohnmurray,User,CONTRIBUTOR,1,1,1,1,2,2,2,0,True,False,0,ok,
microsoft/vscode,194756,https://github.com/microsoft/vscode/pull/194756,Update color-registry,2023-10-03T22:36:46Z,2023-10-04T00:54:00Z,2023-10-04T00:54:00Z,2023-11-18T23:22:00Z,2026-09-25T15:11:39Z,bhavyaus,User,COLLABORATOR,7,9,1,1,1,1,1,0,True,False,0,ok,
microsoft/vscode,194920,https://github.com/microsoft/vscode/pull/194920,Dedupe strings in tf-idf index,2023-10-05T17:43:52Z,2023-10-05T18:00:11Z,2023-10-05T18:00:11Z,2023-11-19T23:22:15Z,2026-09-25T15:11:40Z,TylerLeonhardt,User,MEMBER,2,2,1,1,1,1,1,0,True,False,0,ok,
microsoft/vscode,195026,https://github.com/microsoft/vscode/pull/195026,Cleanup dependencies,2023-10-06T18:46:09Z,2023-10-09T07:34:16Z,2023-10-09T07:34:16Z,2023-11-23T23:22:54Z,2026-09-25T15:11:42Z,joaomoreno,User,CONTRIBUTOR,387,908,15,4,10,5,3,0,True,False,2,ok,
microsoft/vscode,195283,https://github.com/microsoft/vscode/pull/195283,do not shrink cell if still executing,2023-10-10T18:08:47Z,2023-10-10T19:11:50Z,2023-10-10T19:11:50Z,2023-11-24T23:22:07Z,2026-09-25T15:11:44Z,amunger,User,COLLABORATOR,5,6,2,1,1,1,1,0,True,False,0,ok,
microsoft/vscode,195391,https://github.com/microsoft/vscode/pull/195391,break from polling if object is disposed of,2023-10-11T18:41:39Z,2023-10-12T22:08:10Z,2023-10-12T22:08:10Z,2023-11-26T23:22:01Z,2026-09-25T15:11:46Z,meganrogge,User,COLLABORATOR,1,1,1,3,9,2,1,1,True,True,1,ok,
microsoft/vscode,195706,https://github.com/microsoft/vscode/pull/195706,testing: finalize TestMessage.contextValue,2023-10-16T16:35:07Z,2023-10-16T18:37:37Z,2023-10-16T18:37:37Z,2023-11-30T23:22:46Z,2026-09-25T15:11:47Z,connor4312,User,MEMBER,35,57,7,1,1,1,1,0,True,False,0,ok,
microsoft/vscode,195759,https://github.com/microsoft/vscode/pull/195759,Resolve absolute file target links in tsconfig (#195514),2023-10-17T04:51:20Z,2023-10-18T00:24:00Z,2023-10-18T00:24:00Z,2023-12-02T23:21:53Z,2026-09-25T15:11:49Z,asedii,User,CONTRIBUTOR,5,1,1,1,2,2,2,0,True,False,0,ok,
microsoft/vscode,195929,https://github.com/microsoft/vscode/pull/195929,Fixes Aria Label Showing [Object object],2023-10-18T18:27:10Z,2023-10-19T17:21:56Z,2023-10-19T17:21:56Z,2023-12-03T23:22:38Z,2026-09-25T15:11:51Z,amaust,User,CONTRIBUTOR,5,1,1,3,3,2,2,1,True,True,0,ok,
microsoft/vscode,196173,https://github.com/microsoft/vscode/pull/196173,Change firstProgress measurement to measure the time to the first update with real markdown content,2023-10-21T17:21:35Z,2023-10-21T17:38:00Z,2023-10-21T17:38:00Z,2023-12-05T23:22:54Z,2026-09-25T15:11:52Z,roblourens,User,MEMBER,3,1,1,1,1,1,1,0,True,False,0,ok,
microsoft/vscode,196330,https://github.com/microsoft/vscode/pull/196330,Update codicons,2023-10-23T23:05:22Z,2023-10-23T23:19:32Z,2023-10-23T23:19:32Z,2023-12-07T23:22:45Z,2026-09-25T15:11:54Z,daviddossett,User,COLLABORATOR,12,1,2,1,1,1,1,0,True,False,0,ok,
microsoft/vscode,196611,https://github.com/microsoft/vscode/pull/196611,rm timeout for all ,2023-10-25T16:20:20Z,2023-10-25T17:07:09Z,2023-10-25T17:07:09Z,2023-12-09T23:22:00Z,2026-09-25T15:11:55Z,meganrogge,User,COLLABORATOR,1,7,2,1,1,1,1,0,True,False,0,ok,
microsoft/vscode,196724,https://github.com/microsoft/vscode/pull/196724,Upsize progress badge on top activity bar to match #196696 change,2023-10-26T14:48:52Z,2023-10-27T07:54:48Z,2023-10-27T07:54:48Z,2023-12-11T23:22:56Z,2026-09-25T15:11:56Z,gjsjohnmurray,User,CONTRIBUTOR,4,3,1,2,2,2,2,0,True,False,0,ok,
microsoft/vscode,197025,https://github.com/microsoft/vscode/pull/197025,Fix textarea sync edge cases,2023-10-30T19:53:30Z,2023-10-30T20:34:42Z,2023-10-30T20:34:42Z,2023-12-14T23:22:56Z,2026-09-25T15:11:57Z,Tyriar,User,CONTRIBUTOR,27,7,1,1,2,1,1,0,True,False,0,ok,
microsoft/vscode,197170,https://github.com/microsoft/vscode/pull/197170,fix: set border for chat file trees,2023-11-01T20:12:09Z,2023-11-01T20:49:19Z,2023-11-01T20:49:20Z,2023-12-16T23:22:05Z,2026-09-25T15:11:59Z,joyceerhl,User,CONTRIBUTOR,1,2,1,2,4,4,2,0,True,False,0,ok,
microsoft/vscode,195508,https://github.com/microsoft/vscode/pull/195508,Add missing py azure packages,2023-10-12T18:13:28Z,2023-11-03T17:29:09Z,2023-11-03T17:29:09Z,2023-12-18T23:22:48Z,2026-09-25T15:12:00Z,cobey,User,CONTRIBUTOR,28,0,1,5,2,2,2,0,True,False,0,ok,
microsoft/vscode,197641,https://github.com/microsoft/vscode/pull/197641,Fixes autorun logging bug.,2023-11-07T14:14:32Z,2023-11-07T14:41:14Z,2023-11-07T14:41:14Z,2023-12-22T23:22:54Z,2026-09-25T15:12:01Z,hediet,User,MEMBER,5,2,1,1,1,1,1,0,True,False,0,ok,
microsoft/vscode,197847,https://github.com/microsoft/vscode/pull/197847,don't show notification for showing task log command if user invoked,2023-11-09T18:30:32Z,2023-11-09T18:54:16Z,2023-11-09T18:54:16Z,2023-12-24T23:22:33Z,2026-09-25T15:12:03Z,meganrogge,User,COLLABORATOR,13,9,1,1,1,1,1,0,True,False,0,ok,
microsoft/vscode,197990,https://github.com/microsoft/vscode/pull/197990,Exclude Zen Mode from Editor Tab Actions and Menu Items,2023-11-11T09:50:32Z,2023-11-11T16:04:09Z,2023-11-11T16:04:09Z,2023-12-26T23:23:45Z,2026-09-25T15:12:07Z,benibenj,User,CONTRIBUTOR,5,5,2,1,1,1,1,0,True,False,0,ok,
microsoft/vscode,198208,https://github.com/microsoft/vscode/pull/198208,Git - better error handling for git merge-base,2023-11-14T12:38:37Z,2023-11-14T13:51:17Z,2023-11-14T13:51:17Z,2023-12-29T23:22:21Z,2026-09-25T15:12:09Z,lszomoru,User,MEMBER,13,8,5,1,1,1,1,0,True,False,0,ok,
microsoft/vscode,198362,https://github.com/microsoft/vscode/pull/198362,Disable dragging of links in rendered markdown,2023-11-15T21:24:13Z,2023-11-15T22:06:12Z,2023-11-15T22:06:12Z,2023-12-30T23:22:03Z,2026-09-25T15:12:10Z,mjbvz,User,CONTRIBUTOR,7,5,2,2,1,1,1,0,True,False,0,ok,
microsoft/vscode,198477,https://github.com/microsoft/vscode/pull/198477,Pick up latest TS for building VS Code,2023-11-16T22:29:15Z,2023-11-17T07:10:28Z,2023-11-17T07:10:28Z,2024-01-01T23:22:59Z,2026-09-25T15:12:14Z,mjbvz,User,CONTRIBUTOR,5,5,2,1,1,1,1,0,True,False,0,ok,
microsoft/vscode,198680,https://github.com/microsoft/vscode/pull/198680,persist inline chat history,2023-11-20T13:21:28Z,2023-11-20T13:35:53Z,2023-11-20T13:35:53Z,2024-01-04T23:23:11Z,2026-09-25T15:12:15Z,jrieken,User,CONTRIBUTOR,17,3,1,1,1,1,1,0,True,False,0,ok,
microsoft/vscode,198802,https://github.com/microsoft/vscode/pull/198802,Split up webServer.ts,2023-11-21T19:37:28Z,2023-11-21T20:06:48Z,2023-11-21T20:06:48Z,2024-01-05T23:22:46Z,2026-09-25T15:12:16Z,mjbvz,User,CONTRIBUTOR,1005,868,15,1,1,1,1,0,True,False,0,ok,
microsoft/vscode,198964,https://github.com/microsoft/vscode/pull/198964,Let chat progress step text wrap,2023-11-23T18:10:18Z,2023-11-23T18:24:12Z,2023-11-23T18:24:12Z,2024-01-07T23:22:52Z,2026-09-25T15:12:17Z,roblourens,User,MEMBER,6,5,2,1,1,1,1,0,True,False,0,ok,
microsoft/vscode,199173,https://github.com/microsoft/vscode/pull/199173,expose model name on ChatAccess API,2023-11-27T15:31:28Z,2023-11-27T15:46:10Z,2023-11-27T15:46:10Z,2024-01-11T23:23:01Z,2026-09-25T15:12:19Z,jrieken,User,CONTRIBUTOR,31,3,6,1,1,1,1,0,True,False,0,ok,
microsoft/vscode,199259,https://github.com/microsoft/vscode/pull/199259,November OSS tools update,2023-11-28T03:47:45Z,2023-11-29T00:47:35Z,2023-11-29T00:47:35Z,2024-01-13T23:23:10Z,2026-09-25T15:12:20Z,justschen,User,COLLABORATOR,17,47,3,3,1,1,1,0,True,False,0,ok,
microsoft/vscode,199590,https://github.com/microsoft/vscode/pull/199590,SCM - fix issue with button state initialization,2023-11-29T19:32:39Z,2023-11-29T20:41:36Z,2023-11-29T20:41:36Z,2024-01-13T23:23:07Z,2026-09-25T15:12:21Z,lszomoru,User,MEMBER,3,7,1,1,1,1,1,0,True,False,0,ok,
microsoft/vscode,199792,https://github.com/microsoft/vscode/pull/199792,aux window - improve `Alt` handling in DND,2023-12-01T18:22:43Z,2023-12-01T18:37:04Z,2023-12-01T18:37:04Z,2024-01-15T23:22:56Z,2026-09-25T15:12:22Z,bpasero,User,CONTRIBUTOR,23,14,3,1,1,1,1,0,True,False,0,ok,
microsoft/vscode,199967,https://github.com/microsoft/vscode/pull/199967,fix https://github.com/microsoft/vscode/issues/188441,2023-12-04T16:48:12Z,2023-12-04T17:06:27Z,2023-12-04T17:06:27Z,2024-01-18T23:23:19Z,2026-09-25T15:12:23Z,jrieken,User,CONTRIBUTOR,20,13,2,1,1,1,1,0,True,False,0,ok,
microsoft/vscode,200080,https://github.com/microsoft/vscode/pull/200080,debug: fix call resolveDebugConfigurationWithSubstitutedVariables with redirected type,2023-12-05T20:31:42Z,2023-12-05T22:05:26Z,2023-12-05T22:05:26Z,2024-01-19T23:22:10Z,2026-09-25T15:12:25Z,connor4312,User,MEMBER,2,2,2,2,1,1,1,0,True,False,0,ok,
microsoft/vscode,200200,https://github.com/microsoft/vscode/pull/200200,Adopting noDisposablesAreLeakedInTestsSuite for Issue Reporter tests,2023-12-06T23:04:34Z,2023-12-06T23:31:01Z,2023-12-06T23:31:01Z,2024-01-21T23:22:56Z,2026-09-25T15:12:26Z,justschen,User,COLLABORATOR,2,2,2,1,1,1,1,0,True,False,0,ok,
microsoft/vscode,199682,https://github.com/microsoft/vscode/pull/199682,Enabling sticky scroll by default,2023-11-30T15:27:35Z,2023-12-08T16:36:42Z,2023-12-08T16:36:43Z,2024-02-01T14:39:42Z,2026-09-25T15:12:27Z,aiday-mar,User,CONTRIBUTOR,1,1,1,3,1,1,1,0,True,False,0,ok,
microsoft/vscode,200648,https://github.com/microsoft/vscode/pull/200648,Fixes #141229,2023-12-12T14:30:42Z,2023-12-12T14:45:16Z,2023-12-12T14:45:16Z,2024-01-26T23:22:30Z,2026-09-25T15:12:28Z,hediet,User,MEMBER,4,2,1,1,1,1,1,0,True,False,0,ok,
microsoft/vscode,200786,https://github.com/microsoft/vscode/pull/200786,fix #194090. fix cell decoration memory leak,2023-12-13T21:49:00Z,2023-12-13T22:03:20Z,2023-12-13T22:03:20Z,2024-02-01T14:40:36Z,2026-09-25T15:12:30Z,rebornix,User,CONTRIBUTOR,1,0,1,1,1,1,1,0,True,False,0,ok,
microsoft/vscode,200939,https://github.com/microsoft/vscode/pull/200939,"only show ViewInChat when there are just messages, not when the response is mixed",2023-12-15T09:45:31Z,2023-12-15T10:02:01Z,2023-12-15T10:02:01Z,2024-02-01T14:40:53Z,2026-09-25T15:12:31Z,jrieken,User,CONTRIBUTOR,1,1,1,1,1,1,1,0,True,False,0,ok,
microsoft/vscode,201125,https://github.com/microsoft/vscode/pull/201125,can not show ssh tag after VS code update from 1.78.2,2023-12-18T13:53:19Z,2023-12-18T14:09:30Z,2023-12-18T14:09:30Z,2024-06-11T01:46:01Z,2026-09-25T15:12:33Z,aeschli,User,CONTRIBUTOR,5,3,1,1,1,1,1,0,True,False,0,ok,
microsoft/vscode,201082,https://github.com/microsoft/vscode/pull/201082,fix: `install` in `npm script` shouldn't be opened,2023-12-17T14:11:08Z,2023-12-19T19:12:54Z,2023-12-19T19:12:54Z,2024-06-10T23:32:43Z,2026-09-25T15:12:34Z,susiwen8,User,CONTRIBUTOR,4,3,2,3,2,2,2,0,True,False,0,ok,
microsoft/vscode,200945,https://github.com/microsoft/vscode/pull/200945,Fix optionalReplacementSpan not being applied to completion entries,2023-12-15T10:17:02Z,2024-01-03T22:40:11Z,2024-01-03T22:40:11Z,2024-06-11T00:38:39Z,2026-09-25T15:12:36Z,johnsoncodehk,User,CONTRIBUTOR,6,0,1,3,6,4,4,0,True,False,1,ok,
microsoft/vscode,199893,https://github.com/microsoft/vscode/pull/199893,[CLI] extension update command,2023-12-03T15:09:31Z,2024-01-08T07:18:08Z,2024-01-08T07:18:08Z,2024-06-11T00:39:11Z,2026-09-25T15:12:38Z,samhanic,User,CONTRIBUTOR,89,10,14,7,7,3,2,0,True,False,0,ok,
microsoft/vscode,202079,https://github.com/microsoft/vscode/pull/202079,Joh/mysterious-octopus,2024-01-09T14:18:15Z,2024-01-09T14:43:26Z,2024-01-09T14:43:26Z,2024-06-10T23:29:05Z,2026-09-25T15:12:39Z,jrieken,User,CONTRIBUTOR,97,59,5,2,1,1,1,0,True,False,0,ok,
microsoft/vscode,202231,https://github.com/microsoft/vscode/pull/202231,Sets scmResourceGroup and scmProvider context keys on multi diff editor when opened from scm view,2024-01-11T10:02:35Z,2024-01-11T10:16:56Z,2024-01-11T10:16:56Z,2024-06-10T22:35:12Z,2026-09-25T15:12:40Z,hediet,User,MEMBER,32,8,6,1,1,1,1,0,True,False,0,ok,
microsoft/vscode,202363,https://github.com/microsoft/vscode/pull/202363,Dismiss the chat widget on dispose,2024-01-12T18:06:58Z,2024-01-12T18:22:31Z,2024-01-12T18:22:31Z,2024-06-10T22:34:41Z,2026-09-25T15:12:42Z,rebornix,User,CONTRIBUTOR,2,0,1,1,1,1,1,0,True,False,0,ok,
microsoft/vscode,202560,https://github.com/microsoft/vscode/pull/202560,zoom - fix keybinding tooltips,2024-01-16T07:35:14Z,2024-01-16T07:49:37Z,2024-01-16T07:49:37Z,2024-06-10T23:28:03Z,2026-09-25T15:12:43Z,bpasero,User,CONTRIBUTOR,1,1,1,1,1,1,1,0,True,False,0,ok,
microsoft/vscode,202643,https://github.com/microsoft/vscode/pull/202643,speech - allow for keyword activation,2024-01-17T06:57:25Z,2024-01-18T13:59:48Z,2024-01-18T13:59:48Z,2024-06-10T22:33:39Z,2026-09-25T15:12:44Z,bpasero,User,CONTRIBUTOR,514,103,16,11,1,1,1,0,True,False,0,ok,
microsoft/vscode,202893,https://github.com/microsoft/vscode/pull/202893,fix every child of a long array being highlighted when expanded,2024-01-19T19:37:36Z,2024-01-19T19:57:04Z,2024-01-19T19:57:04Z,2024-06-10T22:32:37Z,2026-09-25T15:12:49Z,amunger,User,COLLABORATOR,9,5,1,1,2,2,2,0,True,False,0,ok,
microsoft/vscode,203071,https://github.com/microsoft/vscode/pull/203071,Trim insider suffix from version when sent to ExP,2024-01-22T19:52:56Z,2024-01-22T20:09:26Z,2024-01-22T20:09:26Z,2024-06-10T23:27:01Z,2026-09-25T15:12:50Z,lramos15,User,MEMBER,15,1,1,3,1,1,1,0,True,False,0,ok,
microsoft/vscode,203336,https://github.com/microsoft/vscode/pull/203336,Clarify custom title bar style setting description,2024-01-24T13:43:20Z,2024-01-24T14:03:59Z,2024-01-24T14:03:59Z,2024-06-10T22:31:05Z,2026-09-25T15:12:51Z,benibenj,User,CONTRIBUTOR,1,1,1,1,1,1,1,0,True,False,0,ok,
microsoft/vscode,203535,https://github.com/microsoft/vscode/pull/203535,Joh/spatial-pig,2024-01-26T15:04:28Z,2024-01-26T15:19:08Z,2024-01-26T15:19:08Z,2024-06-10T21:32:56Z,2026-09-25T15:12:52Z,jrieken,User,CONTRIBUTOR,104,82,4,2,1,1,1,0,True,False,0,ok,
microsoft/vscode,201166,https://github.com/microsoft/vscode/pull/201166,Unified go to actions,2023-12-18T22:05:41Z,2024-01-29T19:10:06Z,2024-01-29T19:10:06Z,2024-06-11T02:33:13Z,2026-09-25T15:12:54Z,rebornix,User,CONTRIBUTOR,154,21,4,3,1,1,1,0,True,False,0,ok,
microsoft/vscode,203802,https://github.com/microsoft/vscode/pull/203802,perf - `registerWorkbenchContribution2` and some adoptions,2024-01-30T15:32:18Z,2024-01-31T10:04:30Z,2024-01-31T10:04:30Z,2024-06-10T21:31:54Z,2026-09-25T15:12:56Z,bpasero,User,CONTRIBUTOR,681,197,78,13,2,2,2,0,True,False,1,ok,
microsoft/vscode,203936,https://github.com/microsoft/vscode/pull/203936,dispose actions after selection/application of code action,2024-01-31T22:55:33Z,2024-02-01T17:14:19Z,2024-02-01T17:14:19Z,2024-06-10T21:31:23Z,2026-09-25T15:12:58Z,justschen,User,COLLABORATOR,11,2,1,1,1,1,1,0,True,False,0,ok,
microsoft/vscode,204218,https://github.com/microsoft/vscode/pull/204218,Support walkthrough restore from empty workspace,2024-02-03T06:43:44Z,2024-02-03T07:36:53Z,2024-02-03T07:36:53Z,2024-06-10T21:30:21Z,2026-09-25T15:12:59Z,bhavyaus,User,COLLABORATOR,22,1,1,1,1,1,1,0,True,False,0,ok,
microsoft/vscode,204514,https://github.com/microsoft/vscode/pull/204514,testing: adopt coverage icons,2024-02-06T17:21:23Z,2024-02-06T17:46:58Z,2024-02-06T17:46:58Z,2024-06-11T00:35:43Z,2026-09-25T15:13:00Z,connor4312,User,MEMBER,6,5,2,1,1,1,1,0,True,False,0,ok,
microsoft/vscode,204638,https://github.com/microsoft/vscode/pull/204638,"Revert ""Stop the cursor from jumping when changing prefix in QuickAccess (#198821)""",2024-02-07T17:15:16Z,2024-02-07T18:06:45Z,2024-02-07T18:06:45Z,2024-06-10T21:28:48Z,2026-09-25T15:13:02Z,TylerLeonhardt,User,MEMBER,2,42,4,1,1,1,1,0,True,False,0,ok,
microsoft/vscode,204819,https://github.com/microsoft/vscode/pull/204819,"api - rename makeRequest to makeChatRequest, updated todos, jsodc",2024-02-09T11:50:53Z,2024-02-09T12:05:22Z,2024-02-09T12:05:22Z,2024-06-10T20:33:26Z,2026-09-25T15:13:03Z,jrieken,User,CONTRIBUTOR,20,7,3,1,1,1,1,0,True,False,0,ok,
microsoft/vscode,204832,https://github.com/microsoft/vscode/pull/204832,Set settings directly from the release notes,2024-02-09T14:53:21Z,2024-02-12T18:46:00Z,2024-02-12T18:46:00Z,2024-06-10T20:33:26Z,2026-09-25T15:13:06Z,alexr00,User,MEMBER,399,16,6,3,2,1,2,0,True,False,1,ok,
microsoft/vscode,205190,https://github.com/microsoft/vscode/pull/205190,"remove unused event, dispose new event",2024-02-14T10:29:20Z,2024-02-14T10:51:59Z,2024-02-14T10:51:59Z,2024-06-10T21:27:46Z,2026-09-25T15:13:07Z,jrieken,User,CONTRIBUTOR,2,4,1,1,1,1,1,0,True,False,0,ok,
microsoft/vscode,204800,https://github.com/microsoft/vscode/pull/204800,Show multi file diff editor from refactor preview,2024-02-09T08:25:45Z,2024-02-16T13:44:01Z,2024-02-16T13:44:01Z,2024-06-10T20:33:25Z,2026-09-25T15:13:09Z,aiday-mar,User,CONTRIBUTOR,115,51,4,21,6,2,2,1,True,True,1,ok,
microsoft/vscode,205582,https://github.com/microsoft/vscode/pull/205582,fix quote type in issue reporter,2024-02-19T20:05:57Z,2024-02-19T20:23:05Z,2024-02-19T20:23:05Z,2024-06-10T20:30:19Z,2026-09-25T15:13:10Z,justschen,User,COLLABORATOR,5,5,2,1,1,1,1,0,True,False,0,ok,
microsoft/vscode,204779,https://github.com/microsoft/vscode/pull/204779,Make sure we don't report errors in chat code blocks,2024-02-08T22:29:55Z,2024-02-21T16:53:05Z,2024-02-21T16:53:05Z,2024-06-10T22:28:30Z,2026-09-25T15:13:12Z,mjbvz,User,CONTRIBUTOR,5,2,2,1,1,1,1,0,True,False,0,ok,
microsoft/vscode,206065,https://github.com/microsoft/vscode/pull/206065,Fixes revealing unchanged code bug,2024-02-23T11:13:47Z,2024-02-23T11:28:05Z,2024-02-23T11:28:05Z,2024-06-10T20:29:17Z,2026-09-25T15:13:14Z,hediet,User,MEMBER,6,2,1,1,1,1,1,0,True,False,0,ok,
microsoft/vscode,206246,https://github.com/microsoft/vscode/pull/206246,Fix hover pointer and override options,2024-02-26T14:05:24Z,2024-02-26T14:19:48Z,2024-02-26T14:19:48Z,2024-06-10T20:28:46Z,2026-09-25T15:13:15Z,benibenj,User,CONTRIBUTOR,5,2,1,1,2,2,2,0,True,False,0,ok,
microsoft/vscode,206389,https://github.com/microsoft/vscode/pull/206389,testing: fix TreeError [Test Explorer List] Tree element not found: [object Object],2024-02-27T23:19:15Z,2024-02-27T23:53:28Z,2024-02-27T23:53:28Z,2024-06-10T22:27:48Z,2026-09-25T15:13:16Z,connor4312,User,MEMBER,25,18,4,1,1,1,1,0,True,False,0,ok,
microsoft/vscode,206611,https://github.com/microsoft/vscode/pull/206611,Change FollowupProvider to take a ChatContext.,2024-03-01T13:00:33Z,2024-03-01T14:32:52Z,2024-03-01T14:32:52Z,2024-06-10T22:27:48Z,2026-09-25T15:13:17Z,roblourens,User,MEMBER,21,18,8,2,1,1,1,0,True,False,0,ok,
microsoft/vscode,206877,https://github.com/microsoft/vscode/pull/206877,JSON Language Server output channel appears twice,2024-03-05T08:47:08Z,2024-03-05T09:01:55Z,2024-03-05T09:01:55Z,2024-06-10T19:29:08Z,2026-09-25T15:13:19Z,aeschli,User,CONTRIBUTOR,23,52,3,1,1,1,1,0,True,False,0,ok,
microsoft/vscode,207078,https://github.com/microsoft/vscode/pull/207078,"Clean up usage of Lazy, prevent double dispose",2024-03-07T14:11:22Z,2024-03-07T17:17:29Z,2024-03-07T17:17:29Z,2024-06-10T20:27:13Z,2026-09-25T15:13:20Z,Tyriar,User,CONTRIBUTOR,38,31,1,1,1,1,1,0,True,False,0,ok,
microsoft/vscode,207227,https://github.com/microsoft/vscode/pull/207227,Render final line number for interval setting,2024-03-09T11:24:22Z,2024-03-11T10:43:05Z,2024-03-11T10:43:05Z,2024-06-10T18:37:16Z,2026-09-25T15:13:21Z,89netraM,User,CONTRIBUTOR,4,0,1,1,2,2,2,0,True,False,0,ok,
microsoft/vscode,207485,https://github.com/microsoft/vscode/pull/207485,"Revert ""Implement proposed TerminalState.isShellIntegrationActivated""",2024-03-12T17:07:10Z,2024-03-12T18:59:47Z,2024-03-12T18:59:47Z,2024-06-10T18:36:14Z,2026-09-25T15:13:22Z,Tyriar,User,CONTRIBUTOR,5,56,6,1,1,1,1,0,True,False,0,ok,
microsoft/vscode,207520,https://github.com/microsoft/vscode/pull/207520,Move QuickPick on to an ObjectTree,2024-03-12T23:17:58Z,2024-03-13T23:45:13Z,2024-03-13T23:45:13Z,2024-06-10T20:26:42Z,2026-09-25T15:13:24Z,TylerLeonhardt,User,MEMBER,805,624,10,10,1,1,1,0,True,False,0,ok,
microsoft/vscode,207828,https://github.com/microsoft/vscode/pull/207828,Update shellscript grammar,2024-03-15T11:17:04Z,2024-03-15T11:52:46Z,2024-03-15T11:52:46Z,2024-06-10T19:26:33Z,2026-09-25T15:13:25Z,alexr00,User,MEMBER,665,463,5,1,1,1,1,0,True,False,0,ok,
microsoft/vscode,208004,https://github.com/microsoft/vscode/pull/208004,aux window - change to an action for when custom editor fails to open,2024-03-18T13:34:47Z,2024-03-18T13:49:55Z,2024-03-18T13:49:55Z,2024-06-10T18:34:10Z,2026-09-25T15:13:26Z,bpasero,User,CONTRIBUTOR,19,8,1,1,1,1,1,0,True,False,0,ok,
microsoft/vscode,208121,https://github.com/microsoft/vscode/pull/208121,Rename property to lineup with other exp props,2024-03-19T18:53:25Z,2024-03-19T19:31:31Z,2024-03-19T19:31:32Z,2024-06-10T18:33:39Z,2026-09-25T15:13:27Z,DonJayamanne,User,CONTRIBUTOR,1,1,1,2,1,1,1,0,True,False,0,ok,
microsoft/vscode,208264,https://github.com/microsoft/vscode/pull/208264,Bump distro,2024-03-20T22:52:47Z,2024-03-20T23:16:44Z,2024-03-20T23:16:44Z,2024-06-10T18:33:08Z,2026-09-25T15:13:29Z,TylerLeonhardt,User,MEMBER,1,1,1,1,1,1,1,0,True,False,0,ok,
microsoft/vscode,208399,https://github.com/microsoft/vscode/pull/208399,fix bad command completions,2024-03-22T11:50:53Z,2024-03-22T12:24:38Z,2024-03-22T12:24:38Z,2024-06-10T18:32:37Z,2026-09-25T15:13:30Z,jrieken,User,CONTRIBUTOR,3,1,1,1,1,1,1,0,True,False,0,ok,
microsoft/vscode,208662,https://github.com/microsoft/vscode/pull/208662,Integration test failure: workspace.applyEdit drops the TextEdit if there is a RenameFile later (fix #206356),2024-03-25T14:12:11Z,2024-03-26T06:38:03Z,2024-03-26T06:38:04Z,2024-06-10T18:31:35Z,2026-09-25T15:13:31Z,bpasero,User,CONTRIBUTOR,4,3,1,2,1,1,1,0,True,False,0,ok,
microsoft/vscode,208890,https://github.com/microsoft/vscode/pull/208890,Fix inline chat content widget dimensions,2024-03-27T10:39:44Z,2024-03-27T10:54:42Z,2024-03-27T10:54:42Z,2024-06-10T19:24:29Z,2026-09-25T15:13:33Z,jrieken,User,CONTRIBUTOR,8,8,2,2,2,2,2,0,True,False,0,ok,
microsoft/vscode,209034,https://github.com/microsoft/vscode/pull/209034,Refactoring the moveLinesCommant.test.ts file,2024-03-28T16:57:43Z,2024-03-28T17:18:55Z,2024-03-28T17:18:55Z,2024-06-10T20:25:49Z,2026-09-25T15:13:35Z,aiday-mar,User,CONTRIBUTOR,18,15,1,1,1,1,1,0,True,False,0,ok,
microsoft/vscode,209268,https://github.com/microsoft/vscode/pull/209268,Don't use stateful regex,2024-04-01T16:35:52Z,2024-04-01T17:00:16Z,2024-04-01T17:00:16Z,2024-06-10T18:29:31Z,2026-09-25T15:13:36Z,mjbvz,User,CONTRIBUTOR,2,2,1,1,1,1,1,0,True,False,0,ok,
microsoft/vscode,209410,https://github.com/microsoft/vscode/pull/209410,api comment,2024-04-03T06:29:41Z,2024-04-03T06:51:56Z,2024-04-03T06:51:56Z,2024-06-10T19:24:17Z,2026-09-25T15:13:37Z,jrieken,User,CONTRIBUTOR,1,0,1,1,1,1,1,0,True,False,0,ok,
microsoft/vscode,209574,https://github.com/microsoft/vscode/pull/209574,Pick up latest md language service,2024-04-04T20:02:28Z,2024-04-04T20:27:26Z,2024-04-04T20:27:26Z,2024-06-09T23:25:39Z,2026-09-25T15:13:38Z,mjbvz,User,CONTRIBUTOR,6,6,2,1,1,1,1,0,True,False,0,ok,
microsoft/vscode,209832,https://github.com/microsoft/vscode/pull/209832,add an implict variable that is the inline chat selection and whole range,2024-04-08T13:08:57Z,2024-04-08T13:32:40Z,2024-04-08T13:32:40Z,2024-06-08T23:26:42Z,2026-09-25T15:13:40Z,jrieken,User,CONTRIBUTOR,36,8,3,1,1,1,1,0,True,False,0,ok,
microsoft/vscode,209968,https://github.com/microsoft/vscode/pull/209968,add publisherDisplayName to IExtensionDescription,2024-04-09T16:30:52Z,2024-04-09T16:47:25Z,2024-04-09T16:47:25Z,2024-06-09T23:25:15Z,2026-09-25T15:13:41Z,sandy081,User,MEMBER,16,10,9,1,1,1,1,0,True,False,0,ok,
microsoft/vscode,209131,https://github.com/microsoft/vscode/pull/209131,theme: fix unthemable icons in several areas,2024-03-29T18:39:42Z,2024-04-11T15:30:49Z,2024-04-11T15:30:49Z,2024-06-10T20:25:48Z,2026-09-25T15:13:43Z,connor4312,User,MEMBER,68,40,16,4,8,5,4,1,True,True,2,ok,
microsoft/vscode,210449,https://github.com/microsoft/vscode/pull/210449,Move hover action ids into a separate file,2024-04-16T09:42:02Z,2024-04-16T10:04:50Z,2024-04-16T10:04:50Z,2024-06-05T23:25:39Z,2026-09-25T15:13:44Z,aiday-mar,User,CONTRIBUTOR,28,11,3,1,1,1,1,0,True,False,0,ok,
microsoft/vscode,210601,https://github.com/microsoft/vscode/pull/210601,disable corepack auto pin feature when executing npm view,2024-04-17T22:07:45Z,2024-04-18T01:28:08Z,2024-04-18T01:28:08Z,2024-06-05T23:25:39Z,2026-09-25T15:13:46Z,frankli0324,User,CONTRIBUTOR,7,1,1,4,3,2,3,0,True,False,1,ok,
microsoft/vscode,210799,https://github.com/microsoft/vscode/pull/210799,Allow embedder terminals to skip contributed profile check,2024-04-19T22:36:48Z,2024-04-19T22:54:28Z,2024-04-19T22:54:28Z,2024-06-05T23:25:37Z,2026-09-25T15:13:47Z,Tyriar,User,CONTRIBUTOR,9,2,3,1,2,2,2,0,True,False,0,ok,
microsoft/vscode,210976,https://github.com/microsoft/vscode/pull/210976,Add button to chat hover and make it disposable,2024-04-22T23:24:50Z,2024-04-23T04:17:36Z,2024-04-23T04:17:37Z,2024-06-07T23:25:52Z,2026-09-25T15:13:48Z,roblourens,User,MEMBER,91,34,6,1,1,1,1,0,True,False,0,ok,
microsoft/vscode,211273,https://github.com/microsoft/vscode/pull/211273,more generous minHeight when showing diffs/edits,2024-04-24T16:43:06Z,2024-04-24T18:03:49Z,2024-04-24T18:03:49Z,2024-06-08T23:26:17Z,2026-09-25T15:13:50Z,jrieken,User,CONTRIBUTOR,12,3,1,1,2,2,2,0,True,False,0,ok,
microsoft/vscode,211481,https://github.com/microsoft/vscode/pull/211481,Don't consider 'progressMessage' to be part of the response content,2024-04-26T19:43:06Z,2024-04-26T19:59:15Z,2024-04-26T19:59:15Z,2024-06-10T20:25:48Z,2026-09-25T15:13:51Z,roblourens,User,MEMBER,2,0,1,1,1,1,1,0,True,False,0,ok,
microsoft/vscode,211681,https://github.com/microsoft/vscode/pull/211681,Fix workspace symbol search,2024-04-30T00:18:45Z,2024-04-30T00:54:50Z,2024-04-30T00:54:50Z,2024-06-14T23:24:22Z,2026-09-25T15:13:53Z,mjbvz,User,CONTRIBUTOR,1,1,1,1,1,1,1,0,True,False,0,ok,
microsoft/vscode,211902,https://github.com/microsoft/vscode/pull/211902,debt - remove old inline chat API,2024-05-03T05:35:57Z,2024-05-03T06:20:00Z,2024-05-03T06:20:00Z,2024-06-17T23:24:16Z,2026-09-25T15:13:54Z,jrieken,User,CONTRIBUTOR,1,518,8,1,1,1,1,0,True,False,0,ok,
microsoft/vscode,212119,https://github.com/microsoft/vscode/pull/212119,debug/testing: clean up most explicit type casts,2024-05-06T18:16:17Z,2024-05-06T19:38:44Z,2024-05-06T19:38:44Z,2024-06-20T23:24:49Z,2026-09-25T15:13:55Z,connor4312,User,MEMBER,68,45,9,1,1,1,1,0,True,False,0,ok,
microsoft/vscode,212370,https://github.com/microsoft/vscode/pull/212370,Enable web type acquisition by default for js/ts,2024-05-09T17:52:29Z,2024-05-09T18:09:50Z,2024-05-09T18:09:50Z,2024-06-23T23:23:44Z,2026-09-25T15:13:56Z,mjbvz,User,CONTRIBUTOR,40,32,7,2,1,1,1,0,True,False,0,ok,
microsoft/vscode,212580,https://github.com/microsoft/vscode/pull/212580,SCM - eagerly create the input box text model,2024-05-13T08:34:44Z,2024-05-13T13:27:07Z,2024-05-13T13:27:07Z,2024-06-27T23:24:50Z,2026-09-25T15:13:58Z,lszomoru,User,MEMBER,111,104,4,2,2,2,1,0,True,False,0,ok,
microsoft/vscode,212743,https://github.com/microsoft/vscode/pull/212743,fix accessibility signal TOC,2024-05-14T21:40:10Z,2024-05-14T22:09:18Z,2024-05-14T22:09:18Z,2024-06-28T23:24:35Z,2026-09-25T15:13:59Z,meganrogge,User,COLLABORATOR,1,1,1,1,1,1,1,0,True,False,0,ok,
microsoft/vscode,212868,https://github.com/microsoft/vscode/pull/212868,`code --wait` no longer exits when the file is closed in VSCode Insiders (fix #211866),2024-05-16T07:53:15Z,2024-05-16T14:32:50Z,2024-05-16T14:32:50Z,2024-06-30T23:24:23Z,2026-09-25T15:14:01Z,bpasero,User,CONTRIBUTOR,2,2,2,2,1,1,1,0,True,False,0,ok,
microsoft/vscode,213096,https://github.com/microsoft/vscode/pull/213096,"strip markdown from chat accessible view, maintain code block nav functionality",2024-05-20T20:58:05Z,2024-05-20T22:18:46Z,2024-05-20T22:18:46Z,2024-07-04T23:24:10Z,2026-09-25T15:14:02Z,meganrogge,User,COLLABORATOR,15,5,2,3,1,1,1,0,True,False,0,ok,
microsoft/vscode,213271,https://github.com/microsoft/vscode/pull/213271,Prevent using disposed of timers,2024-05-22T23:55:55Z,2024-05-23T01:02:37Z,2024-05-23T01:02:37Z,2024-07-07T23:24:27Z,2026-09-25T15:14:03Z,mjbvz,User,CONTRIBUTOR,16,0,1,2,1,1,1,0,True,False,0,ok,
microsoft/vscode,213425,https://github.com/microsoft/vscode/pull/213425,"Add ""when"" clause to chat participants",2024-05-24T20:45:27Z,2024-05-24T21:03:24Z,2024-05-24T21:03:24Z,2024-07-08T23:23:50Z,2026-09-25T15:14:05Z,roblourens,User,MEMBER,135,15,4,3,1,1,1,0,True,False,0,ok,
microsoft/vscode,209857,https://github.com/microsoft/vscode/pull/209857,Bump postcss from 7.0.39 to 8.4.38,2024-04-08T15:34:22Z,2024-05-28T08:31:17Z,2024-05-28T08:31:17Z,2024-07-12T23:23:59Z,2026-09-25T15:14:06Z,dependabot[bot],Bot,CONTRIBUTOR,10,5,1,1,1,1,1,0,True,False,0,ok,
microsoft/vscode,213869,https://github.com/microsoft/vscode/pull/213869,'request' may be undefined when handling an error while sending a chat request,2024-05-30T00:42:07Z,2024-05-30T01:10:55Z,2024-05-30T01:10:55Z,2024-07-14T23:24:17Z,2026-09-25T15:14:11Z,roblourens,User,MEMBER,4,2,1,1,1,1,1,0,True,False,0,ok,
microsoft/vscode,214016,https://github.com/microsoft/vscode/pull/214016,perf - fix counting of major GCs,2024-05-31T14:34:32Z,2024-05-31T14:51:30Z,2024-05-31T14:51:30Z,2024-07-15T23:24:34Z,2026-09-25T15:14:12Z,bpasero,User,CONTRIBUTOR,7,3,1,1,1,1,1,0,True,False,0,ok,
microsoft/vscode,214186,https://github.com/microsoft/vscode/pull/214186,debug: fix hover disappearing 'too quickly',2024-06-03T23:04:36Z,2024-06-03T23:46:05Z,2024-06-03T23:46:05Z,2024-07-19T23:24:18Z,2026-09-25T15:14:13Z,connor4312,User,MEMBER,128,11,5,1,1,1,1,0,True,False,0,ok,
microsoft/vscode,214309,https://github.com/microsoft/vscode/pull/214309,Enables CodeEditorWidget test suite again,2024-06-05T09:36:41Z,2024-06-05T10:03:56Z,2024-06-05T10:03:56Z,2024-07-20T23:23:56Z,2026-09-25T15:14:14Z,hediet,User,MEMBER,153,122,2,1,1,1,1,0,True,False,0,ok,
microsoft/vscode,214506,https://github.com/microsoft/vscode/pull/214506,render inline chat accessible view content as plaintext,2024-06-06T19:41:38Z,2024-06-06T20:59:39Z,2024-06-06T20:59:39Z,2024-07-21T23:24:35Z,2026-09-25T15:14:16Z,meganrogge,User,COLLABORATOR,3,1,1,3,2,2,2,0,True,False,0,ok,
microsoft/vscode,214816,https://github.com/microsoft/vscode/pull/214816,Faster printf in bash SI script,2024-06-10T20:39:49Z,2024-06-10T22:12:32Z,2024-06-10T22:12:32Z,2024-07-25T23:25:08Z,2026-09-25T15:14:17Z,Tyriar,User,CONTRIBUTOR,16,43,1,2,1,1,1,0,True,False,0,ok,
microsoft/vscode,215522,https://github.com/microsoft/vscode/pull/215522,fix https://github.com/microsoft/vscode/issues/215521,2024-06-14T09:02:05Z,2024-06-14T09:18:17Z,2024-06-14T09:18:17Z,2024-07-29T23:24:51Z,2026-09-25T15:14:18Z,jrieken,User,CONTRIBUTOR,1,1,1,1,1,1,1,0,True,False,0,ok,
microsoft/vscode,216367,https://github.com/microsoft/vscode/pull/216367,fix https://github.com/microsoft/vscode-copilot/issues/6236,2024-06-18T07:22:58Z,2024-06-18T07:39:17Z,2024-06-18T07:39:17Z,2024-08-02T23:23:55Z,2026-09-25T15:14:20Z,jrieken,User,CONTRIBUTOR,78,77,2,1,1,1,1,0,True,False,0,ok,
microsoft/vscode,216089,https://github.com/microsoft/vscode/pull/216089,Make pasting canceling ongoing geterr requests,2024-06-17T20:07:52Z,2024-06-19T17:22:01Z,2024-06-19T17:22:01Z,2024-08-03T23:24:56Z,2026-09-25T15:14:21Z,mjbvz,User,CONTRIBUTOR,2,2,1,1,1,1,1,0,True,False,0,ok,
microsoft/vscode,215598,https://github.com/microsoft/vscode/pull/215598,chore: pull in SDL scan as part of main build pipeline,2024-06-14T22:54:12Z,2024-06-20T21:16:57Z,2024-06-20T21:16:57Z,2024-08-04T23:25:11Z,2026-09-25T15:14:23Z,rzhao271,User,COLLABORATOR,156,289,2,14,3,2,1,0,True,False,0,ok,
microsoft/vscode,217023,https://github.com/microsoft/vscode/pull/217023,fix #216574,2024-06-24T10:59:52Z,2024-06-24T11:18:58Z,2024-06-24T11:18:58Z,2024-08-08T23:24:47Z,2026-09-25T15:14:24Z,sandy081,User,MEMBER,11,1,1,1,1,1,1,0,True,False,0,ok,
microsoft/vscode,218241,https://github.com/microsoft/vscode/pull/218241,Still fix incomplete markdown when the response is complete but still streaming,2024-06-26T00:54:38Z,2024-06-26T01:23:34Z,2024-06-26T01:23:34Z,2024-08-10T23:25:04Z,2026-09-25T15:14:25Z,roblourens,User,MEMBER,1,1,1,1,1,1,1,0,True,False,0,ok,
microsoft/vscode,218712,https://github.com/microsoft/vscode/pull/218712,Update default color for sticky scroll and location specific ones,2024-06-27T10:25:15Z,2024-06-28T13:47:48Z,2024-06-28T13:47:48Z,2024-08-12T23:25:31Z,2026-09-25T15:14:26Z,benibenj,User,CONTRIBUTOR,5,14,4,1,1,1,1,0,True,False,0,ok,
microsoft/vscode,219675,https://github.com/microsoft/vscode/pull/219675,Git - include unstaged changes when amending a commit and smart commit is enabled,2024-07-02T11:57:57Z,2024-07-02T12:50:50Z,2024-07-02T12:50:50Z,2024-08-16T23:24:32Z,2026-09-25T15:14:27Z,lszomoru,User,MEMBER,3,4,1,1,1,1,1,0,True,False,0,ok,
microsoft/vscode,219987,https://github.com/microsoft/vscode/pull/219987,xterm@5.6.0-beta.36,2024-07-04T16:02:10Z,2024-07-04T16:36:01Z,2024-07-04T16:36:01Z,2024-08-18T23:24:55Z,2026-09-25T15:14:28Z,Tyriar,User,CONTRIBUTOR,135,160,6,1,1,1,1,0,True,False,0,ok,
microsoft/vscode,221141,https://github.com/microsoft/vscode/pull/221141,leaks - dispose storage listener,2024-07-08T14:16:47Z,2024-07-08T14:34:03Z,2024-07-08T14:34:03Z,2024-08-22T23:24:38Z,2026-09-25T15:14:30Z,bpasero,User,CONTRIBUTOR,1,1,1,1,1,1,1,0,True,False,0,ok,
microsoft/vscode,221309,https://github.com/microsoft/vscode/pull/221309,bump distro,2024-07-09T22:48:15Z,2024-07-09T23:14:51Z,2024-07-09T23:14:51Z,2024-08-23T23:24:16Z,2026-09-25T15:14:31Z,rzhao271,User,COLLABORATOR,1,1,1,1,1,1,1,0,True,False,0,ok,
microsoft/vscode,221540,https://github.com/microsoft/vscode/pull/221540,dispose internal listeners etc all when deactiving the respective extension,2024-07-12T08:20:58Z,2024-07-12T08:38:10Z,2024-07-12T08:38:10Z,2024-08-26T23:25:01Z,2026-09-25T15:14:32Z,jrieken,User,CONTRIBUTOR,22,19,2,1,1,1,1,0,True,False,0,ok,
microsoft/vscode,221734,https://github.com/microsoft/vscode/pull/221734,"Update xterm, add overview ruler top border",2024-07-15T17:19:54Z,2024-07-16T14:13:04Z,2024-07-16T14:13:04Z,2024-08-30T23:25:22Z,2026-09-25T15:14:34Z,Tyriar,User,CONTRIBUTOR,149,163,9,4,2,2,2,0,True,False,1,ok,
microsoft/vscode,222110,https://github.com/microsoft/vscode/pull/222110,add closing bracket,2024-07-18T19:49:14Z,2024-07-18T20:49:51Z,2024-07-18T20:49:51Z,2024-09-01T23:24:37Z,2026-09-25T15:14:35Z,meganrogge,User,COLLABORATOR,1,1,1,1,1,1,1,0,True,False,0,ok,
microsoft/vscode,219926,https://github.com/microsoft/vscode/pull/219926,"Show the first comment on a notebook cell, for any owner.",2024-07-04T07:42:24Z,2024-07-22T09:49:05Z,2024-07-22T09:49:05Z,2024-09-05T23:25:19Z,2026-09-25T15:14:36Z,rehmsen,User,CONTRIBUTOR,5,2,1,1,2,2,2,0,True,False,0,ok,
microsoft/vscode,223438,https://github.com/microsoft/vscode/pull/223438,Fix potential leak of chat editors,2024-07-24T00:07:39Z,2024-07-24T00:49:43Z,2024-07-24T00:49:43Z,2024-09-07T23:24:26Z,2026-09-25T15:14:38Z,mjbvz,User,CONTRIBUTOR,8,5,2,1,1,1,1,0,True,False,0,ok,
microsoft/vscode,223558,https://github.com/microsoft/vscode/pull/223558,Add telemetry for chat participant extension id,2024-07-24T22:14:05Z,2024-07-25T00:08:34Z,2024-07-25T00:08:34Z,2024-09-08T23:26:17Z,2026-09-25T15:14:39Z,roblourens,User,MEMBER,5,0,1,1,1,1,1,0,True,False,0,ok,
microsoft/vscode,224037,https://github.com/microsoft/vscode/pull/224037,Complete all variables when it's the fist part,2024-07-26T23:13:04Z,2024-07-26T23:39:48Z,2024-07-26T23:39:48Z,2024-09-10T23:24:52Z,2026-09-25T15:14:40Z,Tyriar,User,CONTRIBUTOR,1,1,1,1,1,1,1,0,True,False,0,ok,
microsoft/vscode,224235,https://github.com/microsoft/vscode/pull/224235,Add telemetry for followups,2024-07-29T21:30:40Z,2024-07-29T21:46:47Z,2024-07-29T21:46:48Z,2024-09-12T23:26:15Z,2026-09-25T15:14:42Z,roblourens,User,MEMBER,43,2,3,1,1,1,1,0,True,False,0,ok,
microsoft/vscode,224399,https://github.com/microsoft/vscode/pull/224399,Open Editors list is displays incorrect list when the SCM Working Sets feature is used (fix #219159),2024-07-31T16:11:09Z,2024-07-31T16:27:20Z,2024-07-31T16:27:20Z,2024-09-14T23:24:36Z,2026-09-25T15:14:43Z,bpasero,User,CONTRIBUTOR,19,14,1,1,1,1,1,0,True,False,0,ok,
microsoft/vscode,224628,https://github.com/microsoft/vscode/pull/224628,Add ../ completion relative to relative directories,2024-08-02T19:04:28Z,2024-08-02T19:19:15Z,2024-08-02T19:19:15Z,2024-09-16T23:23:53Z,2026-09-25T15:14:44Z,Tyriar,User,CONTRIBUTOR,24,7,1,1,1,1,1,0,True,False,0,ok,
microsoft/vscode,224891,https://github.com/microsoft/vscode/pull/224891,Pick up latest TS for building VS Code,2024-08-05T21:59:43Z,2024-08-05T22:38:00Z,2024-08-05T22:38:00Z,2024-09-19T23:25:30Z,2026-09-25T15:14:46Z,mjbvz,User,CONTRIBUTOR,5,5,2,1,1,1,1,0,True,False,0,ok,
microsoft/vscode,225038,https://github.com/microsoft/vscode/pull/225038,editorOverviewRuler.findMatchForeground not set in light HC theme,2024-08-07T11:17:35Z,2024-08-07T11:32:57Z,2024-08-07T11:32:57Z,2024-09-21T23:24:44Z,2026-09-25T15:14:47Z,aeschli,User,CONTRIBUTOR,1,1,1,1,1,1,1,0,True,False,0,ok,
microsoft/vscode,225098,https://github.com/microsoft/vscode/pull/225098,adding ai-inference tags for python and js,2024-08-07T23:51:53Z,2024-08-09T09:50:01Z,2024-08-09T09:50:01Z,2024-09-23T23:25:18Z,2026-09-25T15:14:48Z,cobey,User,CONTRIBUTOR,4,0,1,1,2,2,2,0,True,False,0,ok,
microsoft/vscode,225475,https://github.com/microsoft/vscode/pull/225475,first version of tab to trigger inline chat,2024-08-13T08:22:36Z,2024-08-13T08:42:41Z,2024-08-13T08:42:41Z,2024-09-27T23:25:20Z,2026-09-25T15:14:49Z,jrieken,User,CONTRIBUTOR,156,0,2,1,1,1,1,0,True,False,0,ok,
microsoft/vscode,225615,https://github.com/microsoft/vscode/pull/225615,esm - bootstrap import,2024-08-14T15:28:40Z,2024-08-14T15:48:46Z,2024-08-14T15:48:46Z,2024-09-28T23:25:39Z,2026-09-25T15:14:50Z,bpasero,User,CONTRIBUTOR,100,14,10,1,1,1,1,0,True,False,0,ok,
microsoft/vscode,225820,https://github.com/microsoft/vscode/pull/225820,Revert dirty notebooks after each test,2024-08-16T21:00:16Z,2024-08-16T21:14:47Z,2024-08-16T21:14:47Z,2024-09-30T23:26:03Z,2026-09-25T15:14:51Z,rebornix,User,CONTRIBUTOR,1,0,1,1,1,1,1,0,True,False,0,ok,
microsoft/vscode,225829,https://github.com/microsoft/vscode/pull/225829,let excludes be as array when on a folder query,2024-08-16T23:04:22Z,2024-08-20T19:50:57Z,2024-08-20T19:50:57Z,2024-10-04T23:25:18Z,2026-09-25T15:14:53Z,andreamah,User,CONTRIBUTOR,232,124,15,9,2,2,2,0,True,False,1,ok,
microsoft/vscode,226257,https://github.com/microsoft/vscode/pull/226257,show toggle diff in zone only when it applies,2024-08-22T13:51:40Z,2024-08-22T14:18:57Z,2024-08-22T14:18:58Z,2024-10-06T23:25:26Z,2026-09-25T15:14:54Z,jrieken,User,CONTRIBUTOR,1,0,1,1,1,1,1,0,True,False,0,ok,
microsoft/vscode,226483,https://github.com/microsoft/vscode/pull/226483,Add 'when' clause for tools,2024-08-23T19:39:19Z,2024-08-23T19:54:30Z,2024-08-23T19:54:30Z,2024-10-07T23:25:29Z,2026-09-25T15:14:56Z,roblourens,User,MEMBER,189,37,8,2,1,1,1,0,True,False,0,ok,
microsoft/vscode,226545,https://github.com/microsoft/vscode/pull/226545,Experimental undo/redo handling for notebook multicursor,2024-08-25T04:00:39Z,2024-08-27T00:11:55Z,2024-08-27T00:11:55Z,2024-10-11T23:25:10Z,2026-09-25T15:14:57Z,rebornix,User,CONTRIBUTOR,148,2,1,4,3,2,1,0,True,False,0,ok,
microsoft/vscode,227027,https://github.com/microsoft/vscode/pull/227027,Fix slash comands in /help that don't have sample queries,2024-08-29T00:49:29Z,2024-08-29T01:51:39Z,2024-08-29T01:51:39Z,2024-10-13T23:26:54Z,2026-09-25T15:14:58Z,roblourens,User,MEMBER,1,2,1,1,1,1,1,0,True,False,0,ok,
microsoft/vscode,227235,https://github.com/microsoft/vscode/pull/227235,Correct API doc comment,2024-08-30T17:23:38Z,2024-08-30T17:41:35Z,2024-08-30T17:41:36Z,2024-10-14T23:25:13Z,2026-09-25T15:14:59Z,Tyriar,User,CONTRIBUTOR,8,6,1,1,1,1,1,0,True,False,0,ok,
microsoft/vscode,227394,https://github.com/microsoft/vscode/pull/227394,fix: add chat participant detection proposed API check,2024-09-02T16:06:28Z,2024-09-02T17:57:02Z,2024-09-02T17:57:02Z,2024-10-17T23:25:45Z,2026-09-25T15:15:00Z,joyceerhl,User,CONTRIBUTOR,26,14,3,1,1,1,1,0,True,False,0,ok,
microsoft/vscode,227547,https://github.com/microsoft/vscode/pull/227547,Implements #225400,2024-09-04T08:53:21Z,2024-09-04T09:47:58Z,2024-09-04T09:47:58Z,2024-10-19T23:25:16Z,2026-09-25T15:15:02Z,hediet,User,MEMBER,759,198,20,2,3,2,3,0,True,False,2,ok,
microsoft/vscode,227618,https://github.com/microsoft/vscode/pull/227618,Update distro,2024-09-04T19:51:32Z,2024-09-05T08:54:54Z,2024-09-05T08:54:54Z,2024-10-20T23:25:49Z,2026-09-25T15:15:03Z,bamurtaugh,User,MEMBER,1,1,1,1,1,1,1,0,True,False,0,ok,
microsoft/vscode,227848,https://github.com/microsoft/vscode/pull/227848,eng: identify ternary expressions in selfhost runner,2024-09-06T22:54:36Z,2024-09-07T00:19:06Z,2024-09-07T00:19:06Z,2024-10-22T23:25:54Z,2026-09-25T15:15:05Z,connor4312,User,MEMBER,37,17,1,1,1,1,1,0,True,False,0,ok,
microsoft/vscode,227713,https://github.com/microsoft/vscode/pull/227713,additional search path for libc.so.6 in check-requirements-linux.sh,2024-09-05T18:25:12Z,2024-09-10T12:50:31Z,2024-09-10T12:50:31Z,2024-10-25T23:26:12Z,2026-09-25T15:15:06Z,henricryden,User,CONTRIBUTOR,3,0,1,4,2,2,2,0,True,False,0,ok,
microsoft/vscode,228238,https://github.com/microsoft/vscode/pull/228238,SCM Graph - remove red/green from default graph theme colors,2024-09-11T13:53:45Z,2024-09-11T14:23:56Z,2024-09-11T14:23:56Z,2024-10-26T23:25:41Z,2026-09-25T15:15:07Z,lszomoru,User,MEMBER,8,8,1,1,1,1,1,0,True,False,0,ok,
microsoft/vscode,228380,https://github.com/microsoft/vscode/pull/228380,SCM Graph - fix action item title and order,2024-09-12T19:04:32Z,2024-09-12T19:23:31Z,2024-09-12T19:23:31Z,2024-10-27T23:25:50Z,2026-09-25T15:15:08Z,lszomoru,User,MEMBER,4,4,2,1,1,1,1,0,True,False,0,ok,
microsoft/vscode,228603,https://github.com/microsoft/vscode/pull/228603,Add ChatGettingStartedContribution to chat.contribution.ts,2024-09-13T21:10:43Z,2024-09-13T21:42:55Z,2024-09-13T21:42:55Z,2024-10-28T23:25:50Z,2026-09-25T15:15:10Z,bhavyaus,User,COLLABORATOR,141,0,2,1,1,1,1,0,True,False,0,ok,
microsoft/vscode,228730,https://github.com/microsoft/vscode/pull/228730,Edit Context: Refactoring `_getNewEditContextState`,2024-09-16T13:53:27Z,2024-09-17T10:30:03Z,2024-09-17T10:30:03Z,2024-11-01T23:25:25Z,2026-09-25T15:15:11Z,aiday-mar,User,CONTRIBUTOR,7,11,1,2,2,2,1,0,True,False,0,ok,
microsoft/vscode,228975,https://github.com/microsoft/vscode/pull/228975,Simplify registration of new commented range commands,2024-09-18T18:22:04Z,2024-09-18T18:41:05Z,2024-09-18T18:41:05Z,2024-11-02T23:25:59Z,2026-09-25T15:15:13Z,alexr00,User,MEMBER,49,35,1,1,1,1,1,0,True,False,0,ok,
microsoft/vscode,229134,https://github.com/microsoft/vscode/pull/229134,Git - error handling while computing merge base,2024-09-20T08:46:30Z,2024-09-20T09:05:59Z,2024-09-20T09:05:59Z,2024-11-04T23:25:51Z,2026-09-25T15:15:14Z,lszomoru,User,MEMBER,9,4,1,1,1,1,1,0,True,False,0,ok,
microsoft/vscode,229313,https://github.com/microsoft/vscode/pull/229313,Record use of features not supported by Electron's fetch,2024-09-22T16:01:50Z,2024-09-22T19:48:11Z,2024-09-22T19:48:12Z,2024-11-06T23:25:04Z,2026-09-25T15:15:15Z,chrmarti,User,COLLABORATOR,87,17,1,1,1,1,1,0,True,False,0,ok,
microsoft/vscode,229450,https://github.com/microsoft/vscode/pull/229450,Fix extra padding on chat input,2024-09-23T22:22:36Z,2024-09-23T22:44:06Z,2024-09-23T22:44:06Z,2024-11-07T23:25:19Z,2026-09-25T15:15:16Z,daviddossett,User,COLLABORATOR,3,3,2,1,1,1,1,0,True,False,0,ok,
microsoft/vscode,229722,https://github.com/microsoft/vscode/pull/229722,Fix array negative array index in tree sitter,2024-09-25T14:45:52Z,2024-09-25T15:04:33Z,2024-09-25T15:04:33Z,2024-11-09T23:25:26Z,2026-09-25T15:15:18Z,alexr00,User,MEMBER,1,1,1,1,1,1,1,0,True,False,0,ok,
microsoft/vscode,229836,https://github.com/microsoft/vscode/pull/229836,Missed a spot with highlighting member methods,2024-09-26T14:28:27Z,2024-09-26T14:54:02Z,2024-09-26T14:54:02Z,2024-11-10T23:25:15Z,2026-09-25T15:15:20Z,alexr00,User,MEMBER,1,1,1,1,1,1,1,0,True,False,0,ok,
microsoft/vscode,229980,https://github.com/microsoft/vscode/pull/229980,Fix issue with disposable after being disposed,2024-09-27T15:25:45Z,2024-09-27T15:45:18Z,2024-09-27T15:45:18Z,2024-11-11T23:24:52Z,2026-09-25T15:15:22Z,benibenj,User,CONTRIBUTOR,13,11,1,1,1,1,1,0,True,False,0,ok,
microsoft/vscode,230048,https://github.com/microsoft/vscode/pull/230048,Move XtermTerminal ctor args into options object,2024-09-28T15:22:27Z,2024-09-30T12:54:32Z,2024-09-30T12:54:32Z,2024-11-14T23:26:33Z,2026-09-25T15:15:24Z,Tyriar,User,CONTRIBUTOR,75,70,5,3,2,2,2,0,True,False,0,ok,
microsoft/vscode,230217,https://github.com/microsoft/vscode/pull/230217,ci: apply retry logic for apt failures,2024-10-01T10:25:54Z,2024-10-01T11:01:11Z,2024-10-01T11:01:11Z,2024-11-15T23:25:43Z,2026-09-25T15:15:25Z,deepak1556,User,COLLABORATOR,10,4,2,1,1,1,1,0,True,False,0,ok,
microsoft/vscode,230325,https://github.com/microsoft/vscode/pull/230325,iterateLinesOrUris: lastIncompleteLine is forgotten,2024-10-02T16:26:30Z,2024-10-02T17:13:51Z,2024-10-02T17:13:51Z,2024-11-16T23:26:08Z,2026-09-25T15:15:26Z,aeschli,User,CONTRIBUTOR,3,0,1,1,1,1,1,0,True,False,0,ok,
microsoft/vscode,230466,https://github.com/microsoft/vscode/pull/230466,"Typing in a comment, switching editors and switching back will not restore the cursor position in the comment box",2024-10-04T08:25:15Z,2024-10-04T08:40:53Z,2024-10-04T08:40:53Z,2024-11-18T23:26:04Z,2026-09-25T15:15:27Z,alexr00,User,MEMBER,72,54,8,1,1,1,1,0,True,False,0,ok,
microsoft/vscode,230639,https://github.com/microsoft/vscode/pull/230639,`verifies editors can save and restore` flaky smoketest (fix #230505),2024-10-06T12:35:20Z,2024-10-06T16:27:48Z,2024-10-06T16:27:48Z,2024-11-20T23:25:50Z,2026-09-25T15:15:28Z,bpasero,User,CONTRIBUTOR,2,2,1,1,1,1,1,0,True,False,0,ok,
microsoft/vscode,230508,https://github.com/microsoft/vscode/pull/230508,debug: restore old ANSI behavior for DA's that don't declare support either way,2024-10-04T16:20:45Z,2024-10-08T19:56:58Z,2024-10-08T19:56:58Z,2024-11-22T23:27:04Z,2026-09-25T15:15:30Z,connor4312,User,MEMBER,7,2,1,1,1,1,1,0,True,False,0,ok,
microsoft/vscode,231121,https://github.com/microsoft/vscode/pull/231121,adds logging for when the width is 0,2024-10-11T14:24:51Z,2024-10-11T14:40:42Z,2024-10-11T14:40:42Z,2024-11-25T23:25:59Z,2026-09-25T15:15:31Z,hediet,User,MEMBER,7,1,1,1,1,1,1,0,True,False,0,ok,
microsoft/vscode,231362,https://github.com/microsoft/vscode/pull/231362,Fix x button in chat,2024-10-15T00:07:05Z,2024-10-15T01:04:43Z,2024-10-15T01:04:43Z,2024-11-29T23:25:57Z,2026-09-25T15:15:32Z,roblourens,User,MEMBER,1,1,1,1,1,1,1,0,True,False,0,ok,
microsoft/vscode,231521,https://github.com/microsoft/vscode/pull/231521,👁️,2024-10-16T18:21:28Z,2024-10-16T18:36:22Z,2024-10-16T18:36:22Z,2024-11-30T23:25:30Z,2026-09-25T15:15:35Z,roblourens,User,MEMBER,20,36,3,1,1,1,1,0,True,False,0,ok,
microsoft/vscode,231700,https://github.com/microsoft/vscode/pull/231700,Sort models in picker,2024-10-18T20:59:10Z,2024-10-18T21:14:20Z,2024-10-18T21:14:20Z,2024-12-02T23:27:40Z,2026-09-25T15:15:36Z,roblourens,User,MEMBER,1,0,1,1,1,1,1,0,True,False,0,ok,
microsoft/vscode,230561,https://github.com/microsoft/vscode/pull/230561,add copilot icon beside copilot results node,2024-10-05T00:16:04Z,2024-10-21T20:05:15Z,2024-10-21T20:05:15Z,2024-12-05T23:26:36Z,2026-09-25T15:15:38Z,andreamah,User,CONTRIBUTOR,14,3,2,3,3,2,3,0,True,False,1,ok,
microsoft/vscode,232031,https://github.com/microsoft/vscode/pull/232031,Varying conditions when Copilot command center icon appears/disappears (fix microsoft/vscode-copilot#9459),2024-10-23T10:29:59Z,2024-10-23T11:10:58Z,2024-10-23T11:10:58Z,2024-12-07T23:25:34Z,2026-09-25T15:15:39Z,bpasero,User,CONTRIBUTOR,28,40,1,2,1,1,1,0,True,False,0,ok,
microsoft/vscode,232173,https://github.com/microsoft/vscode/pull/232173,Hide welcome view if chat view was moved independent of view container,2024-10-24T17:20:43Z,2024-10-24T17:35:51Z,2024-10-24T17:35:51Z,2024-12-08T23:25:37Z,2026-09-25T15:15:40Z,sbatten,User,MEMBER,16,3,1,2,1,1,1,0,True,False,0,ok,
microsoft/vscode,232302,https://github.com/microsoft/vscode/pull/232302,Remove backcompat workaround,2024-10-25T19:50:45Z,2024-10-25T21:55:40Z,2024-10-25T21:55:40Z,2024-12-09T23:26:24Z,2026-09-25T15:15:41Z,roblourens,User,MEMBER,2,8,1,1,2,2,2,0,True,False,0,ok,
microsoft/vscode,232479,https://github.com/microsoft/vscode/pull/232479,[Edit Context]: Adding method to refresh focus state for native edit context,2024-10-29T11:41:55Z,2024-10-29T14:25:25Z,2024-10-29T14:25:25Z,2024-12-13T23:25:56Z,2026-09-25T15:15:43Z,aiday-mar,User,CONTRIBUTOR,15,3,2,1,1,1,1,0,True,False,0,ok,
microsoft/vscode,232630,https://github.com/microsoft/vscode/pull/232630,bump distro,2024-10-30T16:59:30Z,2024-10-30T17:23:33Z,2024-10-30T17:23:33Z,2024-12-14T23:25:30Z,2026-09-25T15:15:44Z,andreamah,User,CONTRIBUTOR,1,1,1,1,1,1,1,0,True,False,0,ok,
microsoft/vscode,232771,https://github.com/microsoft/vscode/pull/232771,allow extension info to be selectable in issue reporter,2024-10-31T22:37:08Z,2024-10-31T22:50:54Z,2024-10-31T22:50:54Z,2024-12-15T23:25:51Z,2026-09-25T15:15:45Z,justschen,User,COLLABORATOR,5,5,1,1,1,1,1,0,True,False,0,ok,
microsoft/vscode,233031,https://github.com/microsoft/vscode/pull/233031,Add `paste as` default settings and enable js/ts paste with imports by default,2024-11-04T23:30:23Z,2024-11-05T00:30:09Z,2024-11-05T00:30:09Z,2024-12-20T23:24:53Z,2026-09-25T15:15:46Z,mjbvz,User,CONTRIBUTOR,277,96,11,1,1,1,1,0,True,False,0,ok,
microsoft/vscode,233225,https://github.com/microsoft/vscode/pull/233225,Disable color decorators in the scm view pane,2024-11-06T17:18:29Z,2024-11-06T17:41:31Z,2024-11-06T17:41:31Z,2024-12-21T23:24:30Z,2026-09-25T15:15:48Z,aiday-mar,User,CONTRIBUTOR,1,0,1,1,1,1,1,0,True,False,0,ok,
microsoft/vscode,233346,https://github.com/microsoft/vscode/pull/233346,fix context key and precondition for command,2024-11-07T17:14:22Z,2024-11-07T18:58:14Z,2024-11-07T18:58:14Z,2024-12-22T23:25:23Z,2026-09-25T15:15:49Z,amunger,User,COLLABORATOR,6,1,2,1,1,1,1,0,True,False,0,ok,
microsoft/vscode,233564,https://github.com/microsoft/vscode/pull/233564,Fixes #https://github.com/microsoft/vscode-copilot/issues/10084,2024-11-11T10:07:23Z,2024-11-11T10:22:01Z,2024-11-11T10:22:01Z,2024-12-26T23:24:55Z,2026-09-25T15:15:50Z,hediet,User,MEMBER,1,0,1,1,1,1,1,0,True,False,0,ok,
microsoft/vscode,233710,https://github.com/microsoft/vscode/pull/233710,feat: rerender chat markdown code block pills when going from generating to applying edits,2024-11-12T17:45:10Z,2024-11-12T18:02:22Z,2024-11-12T18:02:22Z,2024-12-27T23:24:55Z,2026-09-25T15:15:51Z,joyceerhl,User,CONTRIBUTOR,29,6,4,1,1,1,1,0,True,False,0,ok,
microsoft/vscode,233855,https://github.com/microsoft/vscode/pull/233855,fix #229955,2024-11-14T17:37:34Z,2024-11-14T18:46:31Z,2024-11-14T18:46:31Z,2024-12-29T23:24:40Z,2026-09-25T15:15:53Z,sandy081,User,MEMBER,34,6,3,1,1,1,1,0,True,False,0,ok,
microsoft/vscode,234015,https://github.com/microsoft/vscode/pull/234015,chore: bump electron@32.2.3,2024-11-17T05:25:38Z,2024-11-17T15:33:55Z,2024-11-17T15:33:55Z,2025-01-01T23:24:47Z,2026-09-25T15:15:54Z,deepak1556,User,COLLABORATOR,87,105,9,2,1,1,1,0,True,False,0,ok,
microsoft/vscode,234164,https://github.com/microsoft/vscode/pull/234164,add tooltip for navigation bearings,2024-11-19T09:41:59Z,2024-11-19T09:56:49Z,2024-11-19T09:56:49Z,2025-01-03T23:25:02Z,2026-09-25T15:15:55Z,jrieken,User,CONTRIBUTOR,17,4,1,1,1,1,1,0,True,False,0,ok,
microsoft/vscode,234305,https://github.com/microsoft/vscode/pull/234305,Small fix for notebook search,2024-11-20T22:37:45Z,2024-11-20T23:37:47Z,2024-11-20T23:37:47Z,2025-01-05T23:24:53Z,2026-09-25T15:15:56Z,osortega,User,CONTRIBUTOR,0,1,1,1,1,1,1,0,True,False,0,ok,
microsoft/vscode,234143,https://github.com/microsoft/vscode/pull/234143,Render JSDoc examples as typescript code,2024-11-18T22:07:55Z,2024-11-22T20:12:00Z,2024-11-22T20:12:00Z,2025-01-06T23:25:14Z,2026-09-25T15:15:58Z,ribru17,User,CONTRIBUTOR,4,4,2,1,6,4,5,0,True,False,3,ok,
microsoft/vscode,234586,https://github.com/microsoft/vscode/pull/234586,Narrow scope of cursor pointer to not apply to disabled toobar items in the comment title bar,2024-11-25T15:20:13Z,2024-11-26T08:57:38Z,2024-11-26T08:57:38Z,2025-01-10T23:25:14Z,2026-09-25T15:15:59Z,chrmarti,User,COLLABORATOR,1,1,1,1,2,2,2,0,True,False,0,ok,
microsoft/vscode,234740,https://github.com/microsoft/vscode/pull/234740,Support Symbols as synamic variables and add context menu for symbols ,2024-11-27T10:05:11Z,2024-11-27T12:58:07Z,2024-11-27T12:58:07Z,2025-01-11T23:24:48Z,2026-09-25T15:16:01Z,benibenj,User,CONTRIBUTOR,335,11,6,3,2,2,2,0,True,False,1,ok,
microsoft/vscode,233188,https://github.com/microsoft/vscode/pull/233188,Adding overtype mode,2024-11-06T11:54:57Z,2024-11-29T08:32:17Z,2024-11-29T08:32:17Z,2025-01-13T23:24:59Z,2026-09-25T15:16:02Z,aiday-mar,User,CONTRIBUTOR,649,167,16,45,9,4,2,2,True,True,0,ok,
microsoft/vscode,235020,https://github.com/microsoft/vscode/pull/235020,Support verbose cell execution time,2024-12-02T18:23:12Z,2024-12-02T19:18:04Z,2024-12-02T19:18:04Z,2025-01-16T23:25:15Z,2026-09-25T15:16:04Z,Yoyokrazy,User,COLLABORATOR,31,3,3,2,1,1,1,0,True,False,0,ok,
microsoft/vscode,235261,https://github.com/microsoft/vscode/pull/235261,show navigation bearings only when having real changes,2024-12-04T12:51:06Z,2024-12-04T13:10:38Z,2024-12-04T13:10:38Z,2025-01-18T23:25:04Z,2026-09-25T15:16:05Z,jrieken,User,CONTRIBUTOR,3,3,2,1,1,1,1,0,True,False,0,ok,
microsoft/vscode,235381,https://github.com/microsoft/vscode/pull/235381,Make symbol completion synchronous,2024-12-05T11:12:27Z,2024-12-05T11:27:34Z,2024-12-05T11:27:34Z,2025-01-19T23:24:35Z,2026-09-25T15:16:06Z,benibenj,User,CONTRIBUTOR,22,31,2,1,1,1,1,0,True,False,0,ok,
microsoft/vscode,233175,https://github.com/microsoft/vscode/pull/233175,fix: synchronous script loading from web workers of extensions,2024-11-06T08:35:47Z,2024-12-06T14:00:54Z,2024-12-06T14:00:54Z,2025-01-20T23:24:30Z,2026-09-25T15:16:08Z,pankajk07,User,CONTRIBUTOR,2,1,1,2,3,2,2,1,True,True,0,ok,
microsoft/vscode,235661,https://github.com/microsoft/vscode/pull/235661,add logging for non-existing chat session restoration,2024-12-09T17:01:37Z,2024-12-09T17:20:38Z,2024-12-09T17:20:38Z,2025-01-23T23:24:59Z,2026-09-25T15:16:09Z,aeschli,User,CONTRIBUTOR,12,5,1,1,1,1,1,0,True,False,0,ok,
microsoft/vscode,235797,https://github.com/microsoft/vscode/pull/235797,chat - setup tweaks,2024-12-11T07:52:34Z,2024-12-11T11:56:37Z,2024-12-11T11:56:37Z,2025-01-25T23:24:36Z,2026-09-25T15:16:10Z,bpasero,User,CONTRIBUTOR,24,14,1,2,2,1,2,0,True,False,0,ok,
microsoft/vscode,235939,https://github.com/microsoft/vscode/pull/235939,Hover - fix input box hover,2024-12-12T12:01:52Z,2024-12-12T12:17:18Z,2024-12-12T12:17:18Z,2025-01-26T23:24:08Z,2026-09-25T15:16:11Z,lszomoru,User,MEMBER,1,1,1,1,1,1,1,0,True,False,0,ok,
microsoft/vscode,236042,https://github.com/microsoft/vscode/pull/236042,Install Copilot extension for all profiles (fix microsoft/vscode-copilot#11256),2024-12-13T12:07:32Z,2024-12-13T12:35:48Z,2024-12-13T12:35:48Z,2025-01-27T23:24:50Z,2026-09-25T15:16:12Z,bpasero,User,CONTRIBUTOR,3,2,1,1,1,1,1,0,True,False,0,ok,
microsoft/vscode,236201,https://github.com/microsoft/vscode/pull/236201,Allow file level comments to start collapsed,2024-12-16T09:50:50Z,2024-12-16T10:05:32Z,2024-12-16T10:05:32Z,2025-01-30T23:25:20Z,2026-09-25T15:16:13Z,alexr00,User,MEMBER,1,1,1,1,3,3,3,0,True,False,0,ok,
microsoft/vscode,236324,https://github.com/microsoft/vscode/pull/236324,Do not inherit outer editor's rulers,2024-12-17T09:41:27Z,2024-12-17T10:09:45Z,2024-12-17T10:09:45Z,2025-01-31T23:24:47Z,2026-09-25T15:16:15Z,alexdima,User,MEMBER,1,0,1,1,1,1,1,0,True,False,0,ok,
microsoft/vscode,236327,https://github.com/microsoft/vscode/pull/236327,Move selected editors instead of only activ ones,2024-12-17T10:16:20Z,2024-12-18T08:29:54Z,2024-12-18T08:29:54Z,2025-02-01T23:24:32Z,2026-09-25T15:16:16Z,benibenj,User,CONTRIBUTOR,51,39,2,3,3,2,1,1,True,True,0,ok,
microsoft/vscode,236577,https://github.com/microsoft/vscode/pull/236577,simplification: tokenizeLineWithEdit -> tokenizeLinesAt,2024-12-19T11:36:10Z,2024-12-19T11:51:28Z,2024-12-19T11:51:28Z,2025-02-02T23:24:06Z,2026-09-25T15:16:17Z,hediet,User,MEMBER,77,84,10,1,1,1,1,0,True,False,0,ok,
microsoft/vscode,236720,https://github.com/microsoft/vscode/pull/236720,Register editor gpu acceleration with included:false,2024-12-20T16:14:56Z,2024-12-20T17:06:15Z,2024-12-20T17:06:15Z,2025-02-03T23:24:47Z,2026-09-25T15:16:19Z,Tyriar,User,CONTRIBUTOR,8,9,1,1,1,1,1,0,True,False,0,ok,
microsoft/vscode,237344,https://github.com/microsoft/vscode/pull/237344,clean up in extensions scanning,2025-01-06T14:35:07Z,2025-01-06T16:14:41Z,2025-01-06T16:14:41Z,2025-02-20T23:25:43Z,2026-09-25T15:16:20Z,sandy081,User,MEMBER,122,138,7,2,2,1,2,0,True,False,0,ok,
microsoft/vscode,237501,https://github.com/microsoft/vscode/pull/237501,Add debug disconnect to commandsToSkipShell,2025-01-08T16:18:31Z,2025-01-08T16:39:01Z,2025-01-08T16:39:02Z,2025-02-22T23:24:14Z,2026-09-25T15:16:21Z,Tyriar,User,CONTRIBUTOR,1,0,1,1,1,1,1,0,True,False,0,ok,
microsoft/vscode,237638,https://github.com/microsoft/vscode/pull/237638,improve error handling from unpkg service,2025-01-10T12:23:59Z,2025-01-10T12:41:55Z,2025-01-10T12:41:55Z,2025-02-24T23:25:15Z,2026-09-25T15:16:23Z,sandy081,User,MEMBER,19,16,1,1,1,1,1,0,True,False,0,ok,
microsoft/vscode,237807,https://github.com/microsoft/vscode/pull/237807,clean up,2025-01-13T14:31:50Z,2025-01-13T14:47:49Z,2025-01-13T14:47:49Z,2025-02-27T23:25:35Z,2026-09-25T15:16:24Z,sandy081,User,MEMBER,1,25,1,1,1,1,1,0,True,False,0,ok,
microsoft/vscode,237983,https://github.com/microsoft/vscode/pull/237983,Show tooltip by adding title attribute for HTTP/HTTPS schemes,2025-01-15T18:38:23Z,2025-01-15T18:53:52Z,2025-01-15T18:53:52Z,2025-03-01T23:25:37Z,2026-09-25T15:16:25Z,bhavyaus,User,COLLABORATOR,2,1,1,1,1,1,1,0,True,False,0,ok,
microsoft/vscode,238133,https://github.com/microsoft/vscode/pull/238133,Prevent NES flickering when switching tab actions,2025-01-17T14:39:44Z,2025-01-17T15:12:26Z,2025-01-17T15:12:26Z,2025-03-03T23:25:19Z,2026-09-25T15:16:28Z,benibenj,User,CONTRIBUTOR,6,1,1,1,1,1,1,0,True,False,0,ok,
microsoft/vscode,238327,https://github.com/microsoft/vscode/pull/238327,Small fix to saving chat history,2025-01-21T04:11:00Z,2025-01-21T05:32:08Z,2025-01-21T05:32:08Z,2025-03-07T23:23:20Z,2026-09-25T15:16:29Z,roblourens,User,MEMBER,5,3,2,1,1,1,1,0,True,False,0,ok,
microsoft/vscode,238454,https://github.com/microsoft/vscode/pull/238454,Git - enable git blame status bar entry by default,2025-01-22T11:03:08Z,2025-01-22T11:18:10Z,2025-01-22T11:18:10Z,2025-03-08T23:23:27Z,2026-09-25T15:16:30Z,lszomoru,User,MEMBER,1,1,1,1,1,1,1,0,True,False,0,ok,
microsoft/vscode,238593,https://github.com/microsoft/vscode/pull/238593,"apply font, styling for terminal suggest details widget",2025-01-23T17:49:53Z,2025-01-23T18:55:42Z,2025-01-23T18:55:42Z,2025-03-09T23:23:07Z,2026-09-25T15:16:32Z,meganrogge,User,COLLABORATOR,74,13,4,4,5,3,3,0,True,False,2,ok,
microsoft/vscode,238702,https://github.com/microsoft/vscode/pull/238702,use editor font info for simple completion widget,2025-01-24T18:24:37Z,2025-01-24T19:56:36Z,2025-01-24T19:56:36Z,2025-03-10T23:25:36Z,2026-09-25T15:16:33Z,meganrogge,User,COLLABORATOR,41,46,4,6,1,1,1,0,True,False,0,ok,
microsoft/vscode,238738,https://github.com/microsoft/vscode/pull/238738,feat: expose tags in configuration schema,2025-01-25T01:23:52Z,2025-01-27T18:08:38Z,2025-01-27T18:08:38Z,2025-03-13T23:25:28Z,2026-09-25T15:16:34Z,rzhao271,User,COLLABORATOR,7,0,1,1,1,1,1,0,True,False,0,ok,
microsoft/vscode,239079,https://github.com/microsoft/vscode/pull/239079,fix #238952,2025-01-29T10:36:12Z,2025-01-29T10:51:13Z,2025-01-29T10:51:13Z,2025-03-15T23:24:49Z,2026-09-25T15:16:36Z,sandy081,User,MEMBER,114,23,1,1,1,1,1,0,True,False,0,ok,
microsoft/vscode,239181,https://github.com/microsoft/vscode/pull/239181,setup - remove unused params,2025-01-30T09:16:52Z,2025-01-30T09:32:24Z,2025-01-30T09:32:24Z,2025-03-16T23:26:29Z,2026-09-25T15:16:37Z,bpasero,User,CONTRIBUTOR,3,5,3,1,1,1,1,0,True,False,0,ok,
microsoft/vscode,239318,https://github.com/microsoft/vscode/pull/239318,First link in dialog is not first in tab order. (fix #239267),2025-01-31T13:00:41Z,2025-01-31T13:15:49Z,2025-01-31T13:15:49Z,2025-03-17T23:25:38Z,2026-09-25T15:16:38Z,bpasero,User,CONTRIBUTOR,0,4,1,1,1,1,1,0,True,False,0,ok,
microsoft/vscode,239501,https://github.com/microsoft/vscode/pull/239501,Fixing incorrect width sizing in expandable hover,2025-02-03T15:23:36Z,2025-02-03T15:39:20Z,2025-02-03T15:39:20Z,2025-03-20T23:26:10Z,2026-09-25T15:16:39Z,aiday-mar,User,CONTRIBUTOR,1,1,1,1,1,1,1,0,True,False,0,ok,
microsoft/vscode,239573,https://github.com/microsoft/vscode/pull/239573,fix a.setTimeout is not a function,2025-02-04T08:27:52Z,2025-02-04T15:51:03Z,2025-02-04T15:51:03Z,2025-03-21T23:25:28Z,2026-09-25T15:16:41Z,sandy081,User,MEMBER,0,1,1,1,1,1,1,0,True,False,0,ok,
microsoft/vscode,239732,https://github.com/microsoft/vscode/pull/239732,Fix call on undefined,2025-02-05T21:02:10Z,2025-02-05T22:12:40Z,2025-02-05T22:12:40Z,2025-03-22T23:25:26Z,2026-09-25T15:16:42Z,Tyriar,User,CONTRIBUTOR,1,1,1,1,1,1,1,0,True,False,0,ok,
microsoft/vscode,239830,https://github.com/microsoft/vscode/pull/239830,Enable pwsh-script-integration provider by default and remove parts of it,2025-02-06T17:35:02Z,2025-02-06T22:12:48Z,2025-02-06T22:12:48Z,2025-03-23T23:25:13Z,2026-09-25T15:16:43Z,Tyriar,User,CONTRIBUTOR,32,986,6,4,2,1,2,0,True,False,1,ok,
microsoft/vscode,240036,https://github.com/microsoft/vscode/pull/240036,debug: correct faulty completions logic,2025-02-08T00:25:10Z,2025-02-08T00:43:36Z,2025-02-08T00:43:36Z,2025-03-25T23:25:39Z,2026-09-25T15:16:45Z,connor4312,User,MEMBER,5,7,4,1,1,1,1,0,True,False,0,ok,
microsoft/vscode,240351,https://github.com/microsoft/vscode/pull/240351,Problems - fix the source column so that it displays the source instead of the owner,2025-02-11T08:48:56Z,2025-02-11T09:14:24Z,2025-02-11T09:14:25Z,2025-03-28T23:26:02Z,2026-09-25T15:16:46Z,lszomoru,User,MEMBER,12,14,3,1,1,1,1,0,True,False,0,ok,
microsoft/vscode,240518,https://github.com/microsoft/vscode/pull/240518,Allows inline completion providers to set the debounce time.,2025-02-12T14:21:10Z,2025-02-12T14:36:59Z,2025-02-12T14:36:59Z,2025-03-29T23:25:20Z,2026-09-25T15:16:47Z,hediet,User,MEMBER,38,6,8,1,1,1,1,0,True,False,0,ok,
microsoft/vscode,240686,https://github.com/microsoft/vscode/pull/240686,add helpful window.title variable to editor's a11y help dialog,2025-02-13T17:14:43Z,2025-02-13T17:39:53Z,2025-02-13T17:39:53Z,2025-03-30T23:25:37Z,2026-09-25T15:16:48Z,meganrogge,User,COLLABORATOR,2,0,2,1,1,1,1,0,True,False,0,ok,
microsoft/vscode,240844,https://github.com/microsoft/vscode/pull/240844,Accept inline edits when clicking on some widgets,2025-02-14T21:32:00Z,2025-02-14T21:46:32Z,2025-02-14T21:46:32Z,2025-03-31T23:26:07Z,2026-09-25T15:16:49Z,hediet,User,MEMBER,326,405,12,1,1,1,1,0,True,False,0,ok,
microsoft/vscode,240994,https://github.com/microsoft/vscode/pull/240994,fix exclusive web build,2025-02-17T11:06:10Z,2025-02-18T10:01:19Z,2025-02-18T10:01:19Z,2025-04-04T23:25:43Z,2026-09-25T15:16:51Z,joaomoreno,User,CONTRIBUTOR,18,2,2,3,1,1,1,0,True,False,0,ok,
microsoft/vscode,241111,https://github.com/microsoft/vscode/pull/241111,re-evaluate ghost text after trim,2025-02-18T17:38:18Z,2025-02-19T11:40:44Z,2025-02-19T11:40:44Z,2025-04-05T23:26:17Z,2026-09-25T15:16:52Z,meganrogge,User,COLLABORATOR,11,0,2,1,1,1,1,0,True,False,0,ok,
microsoft/vscode,241315,https://github.com/microsoft/vscode/pull/241315,"Revert ""Fixing appearance of the double cursor""",2025-02-20T09:11:33Z,2025-02-20T09:35:49Z,2025-02-20T09:35:49Z,2025-04-06T23:25:24Z,2026-09-25T15:16:53Z,aiday-mar,User,CONTRIBUTOR,0,5,1,1,1,1,1,0,True,False,0,ok,
microsoft/vscode,241432,https://github.com/microsoft/vscode/pull/241432,modified document should resolve (accept itself) when after editing nothing has changed,2025-02-21T07:02:45Z,2025-02-21T07:27:26Z,2025-02-21T07:27:26Z,2025-04-07T23:26:08Z,2026-09-25T15:16:54Z,jrieken,User,CONTRIBUTOR,17,8,2,1,1,1,1,0,True,False,0,ok,
microsoft/vscode,241549,https://github.com/microsoft/vscode/pull/241549,Remove PreparedToolInvocation#tooltip,2025-02-22T03:04:07Z,2025-02-22T03:57:46Z,2025-02-22T03:57:46Z,2025-04-08T23:25:53Z,2026-09-25T15:16:55Z,roblourens,User,MEMBER,1,15,6,1,1,1,1,0,True,False,0,ok,
microsoft/vscode,241721,https://github.com/microsoft/vscode/pull/241721,Remove keybinding for partial accept,2025-02-24T16:27:41Z,2025-02-24T16:51:42Z,2025-02-24T16:51:42Z,2025-04-10T23:26:31Z,2026-09-25T15:16:57Z,benibenj,User,CONTRIBUTOR,0,1,1,1,1,1,1,0,True,False,0,ok,
microsoft/vscode,241957,https://github.com/microsoft/vscode/pull/241957,Ensure we use basename of title to detect shell type,2025-02-25T20:58:32Z,2025-02-25T21:49:55Z,2025-02-25T21:49:55Z,2025-04-11T23:25:51Z,2026-09-25T15:16:58Z,Tyriar,User,CONTRIBUTOR,7,1,1,2,1,1,1,0,True,False,0,ok,
microsoft/vscode,241911,https://github.com/microsoft/vscode/pull/241911,Fix #241903: Add override for GitHub in settingsLayout.ts,2025-02-25T17:52:18Z,2025-02-26T16:03:19Z,2025-02-26T16:03:19Z,2025-04-12T23:26:46Z,2026-09-25T15:16:59Z,cassidoo,User,CONTRIBUTOR,1,0,1,1,2,2,2,0,True,False,0,ok,
microsoft/vscode,242220,https://github.com/microsoft/vscode/pull/242220,update command id in help dialogs,2025-02-27T18:29:52Z,2025-02-27T18:53:50Z,2025-02-27T18:53:50Z,2025-04-13T23:26:39Z,2026-09-25T15:17:01Z,meganrogge,User,COLLABORATOR,2,2,2,1,1,1,1,0,True,False,0,ok,
microsoft/vscode,242347,https://github.com/microsoft/vscode/pull/242347,encoding - add tests for utf8bom (#242132),2025-02-28T18:16:37Z,2025-02-28T19:15:28Z,2025-02-28T19:15:28Z,2025-04-14T23:25:52Z,2026-09-25T15:17:02Z,bpasero,User,CONTRIBUTOR,17,0,1,1,1,1,1,0,True,False,0,ok,
microsoft/vscode,242526,https://github.com/microsoft/vscode/pull/242526,Fix action flickering during settings JSON to UI transition,2025-03-04T00:40:37Z,2025-03-04T01:19:35Z,2025-03-04T01:19:35Z,2025-04-18T23:26:21Z,2026-09-25T15:17:03Z,rzhao271,User,COLLABORATOR,14,13,1,1,1,1,1,0,True,False,0,ok,
microsoft/vscode,242644,https://github.com/microsoft/vscode/pull/242644,Exit handling nb chat diff resutls when a new request is sent,2025-03-05T02:14:30Z,2025-03-05T02:48:23Z,2025-03-05T02:48:23Z,2025-04-19T23:26:51Z,2026-09-25T15:17:04Z,DonJayamanne,User,CONTRIBUTOR,2,3,1,1,1,1,1,0,True,False,0,ok,
microsoft/vscode,242915,https://github.com/microsoft/vscode/pull/242915,Pass through chatInteractionId to tool calls,2025-03-07T18:33:52Z,2025-03-07T19:44:56Z,2025-03-07T19:44:56Z,2025-04-21T23:26:07Z,2026-09-25T15:17:05Z,lramos15,User,MEMBER,4,0,3,1,1,1,1,0,True,False,0,ok,
microsoft/vscode,243104,https://github.com/microsoft/vscode/pull/243104,"Add proper ""when"" clause for ""Switch to next model""",2025-03-10T18:30:28Z,2025-03-10T18:44:48Z,2025-03-10T18:44:48Z,2025-04-24T23:25:58Z,2026-09-25T15:17:06Z,roblourens,User,MEMBER,1,0,1,1,1,1,1,0,True,False,0,ok,
microsoft/vscode,242699,https://github.com/microsoft/vscode/pull/242699,hide no suggestions indicator when a user types more input,2025-03-05T15:40:20Z,2025-03-11T22:39:04Z,2025-03-11T22:39:04Z,2025-04-25T23:25:52Z,2026-09-25T15:17:08Z,meganrogge,User,COLLABORATOR,7,5,2,4,2,1,1,1,True,True,0,ok,
microsoft/vscode,243398,https://github.com/microsoft/vscode/pull/243398,adds link diagnostics inside prompt files,2025-03-12T22:06:28Z,2025-03-12T23:14:07Z,2025-03-12T23:14:07Z,2025-04-26T23:26:02Z,2026-09-25T15:17:09Z,legomushroom,User,MEMBER,553,168,13,7,1,1,1,0,True,False,0,ok,
microsoft/vscode,243591,https://github.com/microsoft/vscode/pull/243591,dont reuse untitled uri of existing notebookEditorModel,2025-03-14T18:40:12Z,2025-03-14T19:27:31Z,2025-03-14T19:27:32Z,2025-04-28T23:26:18Z,2026-09-25T15:17:10Z,amunger,User,COLLABORATOR,10,1,1,1,1,1,1,0,True,False,0,ok,
microsoft/vscode,243752,https://github.com/microsoft/vscode/pull/243752,fixes https://github.com/microsoft/vscode-copilot/issues/14297,2025-03-17T14:05:37Z,2025-03-17T14:19:34Z,2025-03-17T14:19:34Z,2025-05-01T23:26:19Z,2026-09-25T15:17:11Z,jrieken,User,CONTRIBUTOR,3,2,1,1,1,1,1,0,True,False,0,ok,
microsoft/vscode,242903,https://github.com/microsoft/vscode/pull/242903,Honor more cursor settings in scm input editor,2025-03-07T16:21:07Z,2025-03-18T10:38:40Z,2025-03-18T10:38:40Z,2025-05-02T23:26:00Z,2026-09-25T15:17:13Z,jacekkopecky,User,CONTRIBUTOR,3,2,1,1,2,2,2,0,True,False,0,ok,
microsoft/vscode,243931,https://github.com/microsoft/vscode/pull/243931,Sign PowerShell scripts on Windows,2025-03-19T02:36:09Z,2025-03-19T09:46:42Z,2025-03-19T09:46:42Z,2025-05-03T23:25:46Z,2026-09-25T15:17:14Z,karthiknadig,User,MEMBER,5,0,1,1,1,1,1,0,True,False,0,ok,
microsoft/vscode,244056,https://github.com/microsoft/vscode/pull/244056,Gutter indicator menu redesign,2025-03-19T22:42:06Z,2025-03-19T23:28:42Z,2025-03-19T23:28:42Z,2025-05-04T23:25:55Z,2026-09-25T15:17:15Z,benibenj,User,CONTRIBUTOR,162,38,2,1,1,1,1,0,True,False,0,ok,
microsoft/vscode,244161,https://github.com/microsoft/vscode/pull/244161,mcp: various sync feedback,2025-03-20T20:02:12Z,2025-03-20T20:15:31Z,2025-03-20T20:15:31Z,2025-05-04T23:25:54Z,2026-09-25T15:17:16Z,connor4312,User,MEMBER,135,43,11,7,1,1,1,0,True,False,0,ok,
microsoft/vscode,244268,https://github.com/microsoft/vscode/pull/244268,Enable editing in chat editor,2025-03-21T17:27:13Z,2025-03-21T17:42:37Z,2025-03-21T17:42:37Z,2025-05-05T23:26:28Z,2026-09-25T15:17:18Z,roblourens,User,MEMBER,16,1,1,1,1,1,1,0,True,False,0,ok,
microsoft/vscode,244399,https://github.com/microsoft/vscode/pull/244399,Fix request attachment pill layout issue,2025-03-23T23:13:35Z,2025-03-24T00:10:55Z,2025-03-24T00:10:55Z,2025-05-08T23:26:45Z,2026-09-25T15:17:19Z,roblourens,User,MEMBER,7,1,1,1,1,1,1,0,True,False,0,ok,
microsoft/vscode,244510,https://github.com/microsoft/vscode/pull/244510,mcp: add setting to enable or disable mcp,2025-03-24T22:15:26Z,2025-03-24T22:27:17Z,2025-03-24T22:27:17Z,2025-05-08T23:26:44Z,2026-09-25T15:17:20Z,connor4312,User,MEMBER,27,6,3,1,1,1,1,0,True,False,0,ok,
microsoft/vscode,244715,https://github.com/microsoft/vscode/pull/244715,Fix line removal visibility in the UI,2025-03-26T09:24:20Z,2025-03-26T09:43:26Z,2025-03-26T09:43:26Z,2025-05-10T23:25:31Z,2026-09-25T15:17:21Z,benibenj,User,CONTRIBUTOR,3,1,1,1,1,1,1,0,True,False,0,ok,
microsoft/vscode,244850,https://github.com/microsoft/vscode/pull/244850,"always render Select Tools with icon, always show it (in agent mode)",2025-03-27T10:42:11Z,2025-03-27T10:56:11Z,2025-03-27T10:56:11Z,2025-05-11T23:25:53Z,2026-09-25T15:17:23Z,jrieken,User,CONTRIBUTOR,8,22,4,2,1,1,1,0,True,False,0,ok,
microsoft/vscode,244485,https://github.com/microsoft/vscode/pull/244485,Pick up latest TS for building VSCode,2025-03-24T17:44:59Z,2025-03-28T18:24:20Z,2025-03-28T18:24:20Z,2025-05-12T23:26:21Z,2026-09-25T15:17:25Z,mjbvz,User,CONTRIBUTOR,185,148,36,7,2,1,2,0,True,False,1,ok,
microsoft/vscode,245166,https://github.com/microsoft/vscode/pull/245166,chat - update status based on language changes too,2025-03-31T18:59:53Z,2025-03-31T20:09:23Z,2025-03-31T20:09:23Z,2025-05-15T23:26:44Z,2026-09-25T15:17:26Z,bpasero,User,CONTRIBUTOR,20,1,1,1,1,1,1,0,True,False,0,ok,
microsoft/vscode,245272,https://github.com/microsoft/vscode/pull/245272,mcp: start servers automatically after adding them,2025-04-01T19:35:42Z,2025-04-01T19:50:59Z,2025-04-01T19:50:59Z,2025-05-16T23:26:15Z,2026-09-25T15:17:27Z,connor4312,User,MEMBER,11,1,1,1,1,1,1,0,True,False,0,ok,
microsoft/vscode,245411,https://github.com/microsoft/vscode/pull/245411,remove unused property,2025-04-03T06:34:21Z,2025-04-03T07:10:00Z,2025-04-03T07:10:00Z,2025-05-18T23:26:48Z,2026-09-25T15:17:28Z,jrieken,User,CONTRIBUTOR,0,3,3,1,1,1,1,0,True,False,0,ok,
microsoft/vscode,245670,https://github.com/microsoft/vscode/pull/245670,High CPU on large workspace with many TypeScript watched folders (fix #245366),2025-04-04T12:22:06Z,2025-04-04T12:36:19Z,2025-04-04T12:36:19Z,2025-05-19T23:26:36Z,2026-09-25T15:17:30Z,bpasero,User,CONTRIBUTOR,37,5,3,2,1,1,1,0,True,False,0,ok,
microsoft/vscode,245901,https://github.com/microsoft/vscode/pull/245901,fix image hover wonkiness,2025-04-07T18:43:48Z,2025-04-07T19:09:53Z,2025-04-07T19:09:53Z,2025-05-22T23:26:55Z,2026-09-25T15:17:31Z,justschen,User,COLLABORATOR,3,2,1,2,1,1,1,0,True,False,0,ok,
microsoft/vscode,245931,https://github.com/microsoft/vscode/pull/245931,Don't reset mode to Edit if Agent participant has not loaded yet,2025-04-08T04:44:38Z,2025-04-08T23:56:15Z,2025-04-08T23:56:15Z,2025-05-24T23:25:55Z,2026-09-25T15:17:32Z,roblourens,User,MEMBER,7,10,2,1,1,1,1,0,True,False,0,ok,
microsoft/vscode,245911,https://github.com/microsoft/vscode/pull/245911,set markdown to edit mode when navigating to its changes,2025-04-07T21:22:18Z,2025-04-10T17:07:01Z,2025-04-10T17:07:01Z,2025-05-25T23:26:42Z,2026-09-25T15:17:33Z,amunger,User,COLLABORATOR,35,12,1,3,1,1,1,0,True,False,0,ok,
microsoft/vscode,246354,https://github.com/microsoft/vscode/pull/246354,Support drag n drop of notebook outputs into chat,2025-04-11T21:14:24Z,2025-04-11T23:49:52Z,2025-04-11T23:49:52Z,2025-05-27T23:26:39Z,2026-09-25T15:17:37Z,Yoyokrazy,User,COLLABORATOR,144,56,6,8,3,2,1,0,True,False,0,ok,
microsoft/vscode,246362,https://github.com/microsoft/vscode/pull/246362,just set the selected mime type,2025-04-11T23:22:56Z,2025-04-14T17:38:51Z,2025-04-14T17:38:51Z,2025-05-29T23:26:42Z,2026-09-25T15:17:38Z,amunger,User,COLLABORATOR,1,3,1,1,3,2,2,0,True,False,1,ok,
microsoft/vscode,246667,https://github.com/microsoft/vscode/pull/246667,Fix cell output action grouping,2025-04-15T21:18:50Z,2025-04-15T21:32:08Z,2025-04-15T21:32:08Z,2025-05-30T23:27:08Z,2026-09-25T15:17:40Z,Yoyokrazy,User,COLLABORATOR,2,1,1,1,1,1,1,0,True,False,0,ok,
microsoft/vscode,246826,https://github.com/microsoft/vscode/pull/246826,chat - change URL for enabling additional use,2025-04-17T13:30:33Z,2025-04-17T14:19:39Z,2025-04-17T14:19:39Z,2025-06-01T23:26:47Z,2026-09-25T15:17:42Z,bpasero,User,CONTRIBUTOR,6,4,3,4,3,2,2,0,True,False,1,ok,
microsoft/vscode,247066,https://github.com/microsoft/vscode/pull/247066,[prompts]: add 'description' prompt header metadata support,2025-04-21T16:02:29Z,2025-04-21T18:40:11Z,2025-04-21T18:40:11Z,2025-06-05T23:28:12Z,2026-09-25T15:17:43Z,legomushroom,User,MEMBER,203,38,6,6,1,1,1,0,True,False,0,ok,
microsoft/vscode,247223,https://github.com/microsoft/vscode/pull/247223,Bump distro,2025-04-23T14:35:20Z,2025-04-23T14:51:39Z,2025-04-23T14:51:39Z,2025-06-07T23:27:26Z,2026-09-25T15:17:44Z,alexr00,User,MEMBER,1,1,1,1,1,1,1,0,True,False,0,ok,
microsoft/vscode,246553,https://github.com/microsoft/vscode/pull/246553,images in tool calls,2025-04-14T22:00:20Z,2025-04-24T19:00:01Z,2025-04-24T19:00:01Z,2025-06-08T23:26:28Z,2026-09-25T15:17:45Z,justschen,User,COLLABORATOR,196,25,9,2,0,0,0,0,False,False,0,ok,
microsoft/vscode,247444,https://github.com/microsoft/vscode/pull/247444,fix accidental deletion,2025-04-25T21:05:09Z,2025-04-25T21:47:33Z,2025-04-25T21:47:33Z,2025-06-09T23:27:10Z,2026-09-25T15:17:47Z,justschen,User,COLLABORATOR,0,8,1,2,1,1,1,0,True,False,0,ok,
microsoft/vscode,247726,https://github.com/microsoft/vscode/pull/247726,fixes https://github.com/microsoft/vscode/issues/247666,2025-04-29T09:36:49Z,2025-04-29T09:49:37Z,2025-04-29T09:49:37Z,2025-06-13T23:27:56Z,2026-09-25T15:17:48Z,jrieken,User,CONTRIBUTOR,17,15,2,1,1,1,1,0,True,False,0,ok,
microsoft/vscode,247827,https://github.com/microsoft/vscode/pull/247827,Engineering - add missing colors,2025-04-30T08:32:12Z,2025-04-30T08:44:12Z,2025-04-30T08:44:12Z,2025-06-14T23:27:51Z,2026-09-25T15:17:49Z,lszomoru,User,MEMBER,2,0,1,1,1,1,1,0,True,False,0,ok,
microsoft/vscode,247988,https://github.com/microsoft/vscode/pull/247988,Fix broken spacing in attachment,2025-05-01T23:17:42Z,2025-05-01T23:38:07Z,2025-05-01T23:38:07Z,2025-06-16T23:26:54Z,2026-09-25T15:17:50Z,roblourens,User,MEMBER,1,1,1,1,1,1,1,0,True,False,0,ok,
microsoft/vscode,248179,https://github.com/microsoft/vscode/pull/248179,Small vscode.d.ts typo fix,2025-05-05T23:38:08Z,2025-05-06T09:04:31Z,2025-05-06T09:04:31Z,2025-06-20T23:27:28Z,2026-09-25T15:17:51Z,roblourens,User,MEMBER,1,1,1,1,1,1,1,0,True,False,0,ok,
microsoft/vscode,246674,https://github.com/microsoft/vscode/pull/246674,Use codemapper when applying edits to notebook,2025-04-16T00:06:00Z,2025-05-07T13:32:36Z,2025-05-07T13:32:36Z,2025-06-21T23:26:36Z,2026-09-25T15:17:52Z,DonJayamanne,User,CONTRIBUTOR,133,11,2,8,1,1,1,0,True,False,0,ok,
microsoft/vscode,248458,https://github.com/microsoft/vscode/pull/248458,fix layout resetting itself too often,2025-05-08T22:45:24Z,2025-05-09T00:06:27Z,2025-05-09T00:06:27Z,2025-06-23T23:25:39Z,2026-09-25T15:17:54Z,rzhao271,User,COLLABORATOR,25,20,1,1,1,1,1,0,True,False,0,ok,
microsoft/vscode,248579,https://github.com/microsoft/vscode/pull/248579,Only show followups in Ask mode,2025-05-09T23:56:07Z,2025-05-10T04:16:42Z,2025-05-10T04:16:42Z,2025-06-24T23:27:18Z,2026-09-25T15:17:55Z,roblourens,User,MEMBER,9,8,1,1,1,1,1,0,True,False,0,ok,
microsoft/vscode,248754,https://github.com/microsoft/vscode/pull/248754,debt - use correct action for opening file or folder,2025-05-12T18:28:06Z,2025-05-12T21:41:05Z,2025-05-12T21:41:05Z,2025-06-26T23:27:20Z,2026-09-25T15:17:56Z,bpasero,User,CONTRIBUTOR,9,12,4,1,1,1,1,0,True,False,0,ok,
microsoft/vscode,248346,https://github.com/microsoft/vscode/pull/248346,Add casts to silence breaks due to updated DOM types,2025-05-07T20:29:45Z,2025-05-14T18:37:18Z,2025-05-14T18:37:18Z,2025-06-28T23:26:38Z,2026-09-25T15:17:58Z,rbuckton,User,CONTRIBUTOR,19,19,15,1,2,2,2,0,True,False,0,ok,
microsoft/vscode,249093,https://github.com/microsoft/vscode/pull/249093,Add 'mcp' icon to codicons library,2025-05-16T11:37:34Z,2025-05-16T13:35:06Z,2025-05-16T13:35:06Z,2025-06-30T23:27:04Z,2026-09-25T15:17:59Z,mrleemurray,User,CONTRIBUTOR,1,0,2,2,2,2,1,0,True,False,0,ok,
microsoft/vscode,249309,https://github.com/microsoft/vscode/pull/249309,Introduces TextModelEditReason and sets reloadFromDisk edit reason when text document is reloaded.,2025-05-19T20:05:13Z,2025-05-19T20:18:26Z,2025-05-19T20:18:26Z,2025-07-03T23:27:15Z,2026-09-25T15:18:00Z,hediet,User,MEMBER,69,38,8,1,1,1,1,0,True,False,0,ok,
microsoft/vscode,249452,https://github.com/microsoft/vscode/pull/249452,Get things running,2025-05-21T14:23:55Z,2025-05-21T16:32:22Z,2025-05-21T16:32:23Z,2025-07-05T23:27:22Z,2026-09-25T15:18:01Z,alexr00,User,MEMBER,172,489,16,3,1,1,1,0,True,False,0,ok,
microsoft/vscode,249502,https://github.com/microsoft/vscode/pull/249502,add background to implicit context attachment,2025-05-22T00:26:36Z,2025-05-22T19:58:45Z,2025-05-22T19:58:45Z,2025-07-06T23:27:04Z,2026-09-25T15:18:03Z,justschen,User,COLLABORATOR,1,2,2,1,1,1,1,0,True,False,0,ok,
microsoft/vscode,249845,https://github.com/microsoft/vscode/pull/249845,No longer dispose extension auth providers and track dynamic ones,2025-05-27T01:46:11Z,2025-05-27T03:27:30Z,2025-05-27T03:27:30Z,2025-07-11T23:27:41Z,2026-09-25T15:18:05Z,TylerLeonhardt,User,MEMBER,13,7,3,1,1,1,1,0,True,False,0,ok,
microsoft/vscode,249779,https://github.com/microsoft/vscode/pull/249779,Disassembly View: don't display invalid memory instructions,2025-05-26T07:49:08Z,2025-05-28T19:11:01Z,2025-05-28T19:11:01Z,2025-07-12T23:28:31Z,2026-09-25T15:18:06Z,eronnen,User,CONTRIBUTOR,5,0,1,1,2,2,2,0,True,False,0,ok,
microsoft/vscode,250156,https://github.com/microsoft/vscode/pull/250156,No more double auth prompts,2025-05-30T23:51:00Z,2025-05-31T00:08:46Z,2025-05-31T00:08:46Z,2025-07-15T23:27:46Z,2026-09-25T15:18:07Z,TylerLeonhardt,User,MEMBER,6,1,1,1,1,1,1,0,True,False,0,ok,
microsoft/vscode,250329,https://github.com/microsoft/vscode/pull/250329,mcp: use tool embedded resource data for 'permalinks',2025-06-02T18:55:56Z,2025-06-02T21:47:55Z,2025-06-02T21:47:55Z,2025-07-17T23:28:43Z,2026-09-25T15:18:09Z,connor4312,User,MEMBER,233,81,11,2,2,2,2,0,True,False,1,ok,
microsoft/vscode,250601,https://github.com/microsoft/vscode/pull/250601,fix #249863 - Timeout manifest request,2025-06-04T09:35:43Z,2025-06-04T09:53:36Z,2025-06-04T09:53:36Z,2025-07-19T23:29:12Z,2026-09-25T15:18:10Z,sandy081,User,MEMBER,5,4,1,1,1,1,1,0,True,False,0,ok,
microsoft/vscode,250763,https://github.com/microsoft/vscode/pull/250763,Directly query for extension version before declaring it missing,2025-06-05T16:40:32Z,2025-06-05T17:04:58Z,2025-06-05T17:04:58Z,2025-07-20T23:28:25Z,2026-09-25T15:18:12Z,joshspicer,User,CONTRIBUTOR,13,8,2,4,1,1,1,0,True,False,0,ok,
microsoft/vscode,250873,https://github.com/microsoft/vscode/pull/250873,Revert bad change and add picker to sendSequence command ,2025-06-06T16:56:48Z,2025-06-06T17:12:21Z,2025-06-06T17:12:21Z,2025-07-21T23:28:27Z,2026-09-25T15:18:13Z,Tyriar,User,CONTRIBUTOR,89,52,7,2,1,1,1,0,True,False,0,ok,
microsoft/vscode,251086,https://github.com/microsoft/vscode/pull/251086,remove cyclic dep,2025-06-10T09:05:34Z,2025-06-10T09:23:52Z,2025-06-10T09:23:52Z,2025-07-25T23:28:21Z,2026-09-25T15:18:14Z,sandy081,User,MEMBER,10,11,2,1,1,1,1,0,True,False,0,ok,
microsoft/vscode,251242,https://github.com/microsoft/vscode/pull/251242,"remove header for non participant messages, better references border",2025-06-11T22:14:42Z,2025-06-11T22:32:37Z,2025-06-11T22:32:37Z,2025-07-26T23:28:02Z,2026-09-25T15:18:15Z,justschen,User,COLLABORATOR,10,1,2,1,1,1,1,0,True,False,0,ok,
microsoft/vscode,251449,https://github.com/microsoft/vscode/pull/251449,Pick up latest TS for building VS code,2025-06-13T21:46:54Z,2025-06-13T22:41:53Z,2025-06-13T22:41:53Z,2025-07-28T23:29:32Z,2026-09-25T15:18:16Z,mjbvz,User,CONTRIBUTOR,5,5,2,1,1,1,1,0,True,False,0,ok,
microsoft/vscode,251692,https://github.com/microsoft/vscode/pull/251692,TypeScript restrict Comment onEnterRules inside comment body,2025-06-17T08:30:10Z,2025-06-17T13:52:11Z,2025-06-17T13:52:11Z,2025-08-01T23:28:35Z,2026-09-25T15:18:18Z,RedCMD,User,CONTRIBUTOR,4,12,2,4,3,2,3,0,True,False,0,ok,
microsoft/vscode,251940,https://github.com/microsoft/vscode/pull/251940,fix terminal suggest light+ contrast issue for partial item,2025-06-19T18:52:00Z,2025-06-19T20:01:00Z,2025-06-19T20:01:00Z,2025-08-03T23:28:41Z,2026-09-25T15:18:19Z,meganrogge,User,COLLABORATOR,2,2,1,2,2,1,1,1,True,True,0,ok,
microsoft/vscode,252114,https://github.com/microsoft/vscode/pull/252114,Handle toolsets correctly in custom chat modes,2025-06-23T02:50:17Z,2025-06-23T18:33:21Z,2025-06-23T18:33:21Z,2025-08-07T23:28:59Z,2026-09-25T15:18:20Z,roblourens,User,MEMBER,140,11,5,2,1,1,1,0,True,False,0,ok,
microsoft/vscode,252320,https://github.com/microsoft/vscode/pull/252320,feat: aria status for when results are not ready,2025-06-24T18:26:18Z,2025-06-24T23:51:37Z,2025-06-24T23:51:37Z,2025-08-09T23:27:30Z,2026-09-25T15:18:21Z,rzhao271,User,COLLABORATOR,14,9,1,1,1,1,1,0,True,False,0,ok,
microsoft/vscode,252565,https://github.com/microsoft/vscode/pull/252565,Integrate remote agent state in chat,2025-06-26T23:40:01Z,2025-06-27T00:00:40Z,2025-06-27T00:00:40Z,2025-08-11T23:27:23Z,2026-09-25T15:18:23Z,joshspicer,User,CONTRIBUTOR,52,6,2,3,1,1,1,0,True,False,0,ok,
microsoft/vscode,252886,https://github.com/microsoft/vscode/pull/252886,fix npe,2025-06-29T20:12:47Z,2025-06-29T20:24:48Z,2025-06-29T20:24:48Z,2025-08-13T23:27:51Z,2026-09-25T15:18:24Z,sandy081,User,MEMBER,1,1,1,1,1,1,1,0,True,False,0,ok,
microsoft/vscode,253159,https://github.com/microsoft/vscode/pull/253159,Update meta issue links,2025-07-01T03:25:34Z,2025-07-01T03:40:12Z,2025-07-01T03:40:12Z,2025-08-15T23:27:07Z,2026-09-25T15:18:25Z,Yoyokrazy,User,COLLABORATOR,7,7,1,1,1,1,1,0,True,False,0,ok,
microsoft/vscode,253634,https://github.com/microsoft/vscode/pull/253634,fix #253329,2025-07-02T11:30:31Z,2025-07-02T12:02:52Z,2025-07-02T12:02:52Z,2025-08-16T23:26:24Z,2026-09-25T15:18:26Z,sandy081,User,MEMBER,2,2,1,1,1,1,1,0,True,False,0,ok,
microsoft/vscode,253727,https://github.com/microsoft/vscode/pull/253727,Moves ARC telemetry tracking to core,2025-07-02T19:18:34Z,2025-07-03T18:47:30Z,2025-07-03T18:47:31Z,2025-08-17T23:27:29Z,2026-09-25T15:18:28Z,hediet,User,MEMBER,1915,78,21,3,3,2,3,0,True,False,1,ok,
microsoft/vscode,254100,https://github.com/microsoft/vscode/pull/254100,[release/1.102] Fixes https://github.com/microsoft/vscode-internalbacklog/issues/5602,2025-07-04T11:55:13Z,2025-07-04T14:37:38Z,2025-07-04T14:37:38Z,2025-08-18T23:26:28Z,2026-09-25T15:18:30Z,hediet,User,MEMBER,3,1,2,2,1,1,1,0,True,False,0,ok,
microsoft/vscode,254472,https://github.com/microsoft/vscode/pull/254472,Correct capitalization of 'JetBrains' and 'ReSharper' in settings UI,2025-07-07T15:46:42Z,2025-07-08T07:41:22Z,2025-07-08T07:41:22Z,2025-08-23T23:26:07Z,2026-09-25T15:18:31Z,estrizhok,User,CONTRIBUTOR,4,0,1,2,2,2,2,0,True,False,0,ok,
microsoft/vscode,254764,https://github.com/microsoft/vscode/pull/254764,Pick up latest md katex plugin,2025-07-09T01:04:37Z,2025-07-09T03:24:06Z,2025-07-09T03:24:06Z,2025-08-23T23:25:56Z,2026-09-25T15:18:32Z,mjbvz,User,CONTRIBUTOR,5,5,2,2,1,1,1,0,True,False,0,ok,
microsoft/vscode,255100,https://github.com/microsoft/vscode/pull/255100,chat - always refresh tokens when setup ran,2025-07-10T10:15:45Z,2025-07-10T10:42:18Z,2025-07-10T10:42:18Z,2025-08-24T23:26:04Z,2026-09-25T15:18:33Z,bpasero,User,CONTRIBUTOR,5,1,1,1,1,1,1,0,True,False,0,ok,
microsoft/vscode,255444,https://github.com/microsoft/vscode/pull/255444,Fix terminal events squatting on common props,2025-07-11T16:41:11Z,2025-07-11T17:18:51Z,2025-07-11T17:18:51Z,2025-08-25T23:26:56Z,2026-09-25T15:18:34Z,lramos15,User,MEMBER,12,12,3,1,1,1,1,0,True,False,0,ok,
microsoft/vscode,255490,https://github.com/microsoft/vscode/pull/255490,add layover to new cells correctly and dispose of listeners as cells are removed,2025-07-11T21:45:20Z,2025-07-14T15:43:11Z,2025-07-14T15:43:11Z,2025-08-28T23:25:59Z,2026-09-25T15:18:36Z,amunger,User,COLLABORATOR,41,30,1,2,1,1,1,0,True,False,0,ok,
microsoft/vscode,256049,https://github.com/microsoft/vscode/pull/256049,hide checkpoints inline chat,2025-07-15T14:31:20Z,2025-07-15T15:03:04Z,2025-07-15T15:03:04Z,2025-08-29T23:25:43Z,2026-09-25T15:18:37Z,justschen,User,COLLABORATOR,7,1,2,4,5,2,1,2,True,True,0,ok,
microsoft/vscode,256301,https://github.com/microsoft/vscode/pull/256301,Pick up TS 5.9-beta for built-in support,2025-07-16T18:02:50Z,2025-07-16T18:32:08Z,2025-07-16T18:32:08Z,2025-08-30T23:25:13Z,2026-09-25T15:18:39Z,mjbvz,User,CONTRIBUTOR,6,8,5,2,2,1,2,0,True,False,1,ok,
microsoft/vscode,256608,https://github.com/microsoft/vscode/pull/256608,do not show prompt files in edits,2025-07-17T23:58:42Z,2025-07-18T00:59:19Z,2025-07-18T00:59:19Z,2025-09-01T23:25:59Z,2026-09-25T15:18:40Z,justschen,User,COLLABORATOR,3,2,1,1,1,1,1,0,True,False,0,ok,
microsoft/vscode,257064,https://github.com/microsoft/vscode/pull/257064,(partial revert) ci: remove install build dependencies step on linux,2025-07-21T11:13:08Z,2025-07-21T11:25:26Z,2025-07-21T11:25:26Z,2025-09-04T23:25:51Z,2026-09-25T15:18:41Z,deepak1556,User,COLLABORATOR,51,0,3,1,1,1,1,0,True,False,0,ok,
microsoft/vscode,257306,https://github.com/microsoft/vscode/pull/257306,fix remaining run task and task output issues,2025-07-22T17:05:17Z,2025-07-22T19:36:01Z,2025-07-22T19:36:01Z,2025-09-05T23:25:26Z,2026-09-25T15:18:43Z,meganrogge,User,COLLABORATOR,81,41,5,17,3,3,2,0,True,False,1,ok,
microsoft/vscode,257564,https://github.com/microsoft/vscode/pull/257564,"mcp: implement autorun, rework trust",2025-07-24T00:21:47Z,2025-07-24T15:02:39Z,2025-07-24T15:02:39Z,2025-09-07T23:25:08Z,2026-09-25T15:18:45Z,connor4312,User,MEMBER,1269,647,38,4,2,2,2,0,True,False,1,ok,
microsoft/vscode,257909,https://github.com/microsoft/vscode/pull/257909,inline code actions fix,2025-07-25T22:06:57Z,2025-07-25T23:10:03Z,2025-07-25T23:10:03Z,2025-09-08T23:26:00Z,2026-09-25T15:18:47Z,justschen,User,COLLABORATOR,6,2,1,2,1,1,1,0,True,False,0,ok,
microsoft/vscode,257975,https://github.com/microsoft/vscode/pull/257975,fix: Typo in lm invokeTool description,2025-07-26T14:14:20Z,2025-07-28T20:00:46Z,2025-07-28T20:00:46Z,2025-09-11T23:25:54Z,2026-09-25T15:18:48Z,iann0036,User,CONTRIBUTOR,1,1,1,2,2,2,2,0,True,False,0,ok,
microsoft/vscode,258706,https://github.com/microsoft/vscode/pull/258706,lockToCodingAgent earlier,2025-07-29T23:53:13Z,2025-07-30T16:13:07Z,2025-07-30T16:13:07Z,2025-09-13T23:24:36Z,2026-09-25T15:18:50Z,joshspicer,User,CONTRIBUTOR,21,45,4,3,2,2,2,0,True,False,1,ok,
microsoft/vscode,259115,https://github.com/microsoft/vscode/pull/259115,VS Code version bump,2025-08-01T00:59:43Z,2025-08-01T01:20:28Z,2025-08-01T01:20:28Z,2025-09-15T23:25:00Z,2026-09-25T15:18:51Z,osortega,User,CONTRIBUTOR,3,3,2,1,1,1,1,0,True,False,0,ok,
microsoft/vscode,259575,https://github.com/microsoft/vscode/pull/259575,Add new in new window to Terminal menu,2025-08-04T14:47:55Z,2025-08-04T15:02:53Z,2025-08-04T15:02:53Z,2025-09-18T23:25:20Z,2026-09-25T15:18:52Z,Tyriar,User,CONTRIBUTOR,13,0,1,1,1,1,1,0,True,False,0,ok,
microsoft/vscode,259776,https://github.com/microsoft/vscode/pull/259776,Warn about web requests in run in terminal,2025-08-05T10:00:07Z,2025-08-05T12:56:07Z,2025-08-05T12:56:07Z,2025-09-19T23:25:08Z,2026-09-25T15:18:54Z,Tyriar,User,CONTRIBUTOR,52,5,3,2,1,1,1,0,True,False,0,ok,
microsoft/vscode,260022,https://github.com/microsoft/vscode/pull/260022,Update grammars,2025-08-06T09:51:15Z,2025-08-06T10:03:11Z,2025-08-06T10:03:11Z,2025-09-20T23:25:02Z,2026-09-25T15:18:55Z,alexr00,User,MEMBER,63,27,7,1,1,1,1,0,True,False,0,ok,
microsoft/vscode,260335,https://github.com/microsoft/vscode/pull/260335,aux - leave compact mode on certain editor events and restore compact mode for terminals (#260302),2025-08-07T14:45:13Z,2025-08-07T14:56:58Z,2025-08-07T14:56:58Z,2025-09-21T23:25:15Z,2026-09-25T15:18:56Z,bpasero,User,CONTRIBUTOR,14,2,3,1,1,1,1,0,True,False,0,ok,
microsoft/vscode,260634,https://github.com/microsoft/vscode/pull/260634,mcp: extension mcp servers should be auto-trusted,2025-08-08T17:45:32Z,2025-08-08T18:00:02Z,2025-08-08T18:00:02Z,2025-09-22T23:25:19Z,2026-09-25T15:18:57Z,connor4312,User,MEMBER,1,1,1,1,1,1,1,0,True,False,0,ok,
microsoft/vscode,261107,https://github.com/microsoft/vscode/pull/261107,Resolve models in parallel,2025-08-11T19:18:48Z,2025-08-11T19:30:55Z,2025-08-11T19:30:55Z,2025-09-25T23:25:40Z,2026-09-25T15:18:58Z,roblourens,User,MEMBER,3,2,1,1,1,1,1,0,True,False,0,ok,
microsoft/vscode,261463,https://github.com/microsoft/vscode/pull/261463,dont delay explicitly triggered suggestions,2025-08-13T14:54:04Z,2025-08-13T16:22:21Z,2025-08-13T16:22:21Z,2025-09-27T23:25:01Z,2026-09-25T15:19:00Z,benibenj,User,CONTRIBUTOR,1,1,1,3,2,2,2,0,True,False,1,ok,
microsoft/vscode,261748,https://github.com/microsoft/vscode/pull/261748,chore - reorder tools in prompts for consistency,2025-08-15T04:55:48Z,2025-08-15T05:41:28Z,2025-08-15T05:41:28Z,2025-09-29T23:25:30Z,2026-09-25T15:19:01Z,bpasero,User,CONTRIBUTOR,2,2,2,1,1,1,1,0,True,False,0,ok,
microsoft/vscode,261704,https://github.com/microsoft/vscode/pull/261704,Prompt file name cannot contain digits,2025-08-14T20:07:59Z,2025-08-18T15:07:49Z,2025-08-18T15:07:49Z,2025-10-02T23:25:28Z,2026-09-25T15:19:02Z,j3iiifn,User,CONTRIBUTOR,53,1,3,2,2,2,2,0,True,False,0,ok,
microsoft/vscode,262351,https://github.com/microsoft/vscode/pull/262351,update todo list widget with scroll shadow,2025-08-19T17:13:03Z,2025-08-19T17:56:51Z,2025-08-19T17:56:51Z,2025-10-03T23:25:08Z,2026-09-25T15:19:03Z,bhavyaus,User,COLLABORATOR,17,7,3,1,1,1,1,0,True,False,0,ok,
microsoft/vscode,262568,https://github.com/microsoft/vscode/pull/262568,Fix leak with rename widget,2025-08-20T20:48:59Z,2025-08-20T21:12:32Z,2025-08-20T21:12:32Z,2025-10-04T23:25:10Z,2026-09-25T15:19:05Z,mjbvz,User,CONTRIBUTOR,4,4,1,1,1,1,1,0,True,False,0,ok,
microsoft/vscode,262782,https://github.com/microsoft/vscode/pull/262782,add bg terminal /task auto reply,2025-08-21T20:03:32Z,2025-08-21T23:36:37Z,2025-08-21T23:36:37Z,2025-10-06T23:25:45Z,2026-09-25T15:19:07Z,meganrogge,User,COLLABORATOR,163,7,6,12,7,2,1,1,True,True,1,ok,
microsoft/vscode,263010,https://github.com/microsoft/vscode/pull/263010,Progress for local chat sessions,2025-08-23T01:17:46Z,2025-08-23T05:42:41Z,2025-08-23T05:42:42Z,2025-10-07T23:25:31Z,2026-09-25T15:19:08Z,osortega,User,CONTRIBUTOR,122,18,3,1,1,1,1,0,True,False,0,ok,
microsoft/vscode,263344,https://github.com/microsoft/vscode/pull/263344,forward chatConfirmationContentPart location,2025-08-25T22:42:37Z,2025-08-25T22:54:56Z,2025-08-25T22:54:56Z,2025-10-09T23:25:38Z,2026-09-25T15:19:09Z,joshspicer,User,CONTRIBUTOR,1,2,3,2,1,1,1,0,True,False,0,ok,
microsoft/vscode,263595,https://github.com/microsoft/vscode/pull/263595,update docs,2025-08-27T14:16:46Z,2025-08-27T14:54:33Z,2025-08-27T14:54:33Z,2025-10-11T23:25:03Z,2026-09-25T15:19:10Z,hediet,User,MEMBER,16,21,1,1,1,1,1,0,True,False,0,ok,
microsoft/vscode,263823,https://github.com/microsoft/vscode/pull/263823,chore - change log level to trace for agent registration,2025-08-28T13:34:49Z,2025-08-28T13:47:24Z,2025-08-28T13:47:24Z,2025-10-12T23:25:14Z,2026-09-25T15:19:11Z,bpasero,User,CONTRIBUTOR,1,1,1,1,1,1,1,0,True,False,0,ok,
microsoft/vscode,264024,https://github.com/microsoft/vscode/pull/264024,do not support mcp registry policies in stable,2025-08-29T15:20:10Z,2025-08-29T15:32:48Z,2025-08-29T15:32:48Z,2025-10-13T23:25:41Z,2026-09-25T15:19:12Z,sandy081,User,MEMBER,1,1,1,1,1,1,1,0,True,False,0,ok,
microsoft/vscode,264319,https://github.com/microsoft/vscode/pull/264319,run oss tool,2025-09-01T11:00:06Z,2025-09-01T11:21:14Z,2025-09-01T11:21:14Z,2025-10-16T23:24:13Z,2026-09-25T15:19:13Z,sandy081,User,MEMBER,5,5,2,1,1,1,1,0,True,False,0,ok,
microsoft/vscode,264859,https://github.com/microsoft/vscode/pull/264859,some working set ui cleanup,2025-09-03T06:58:14Z,2025-09-03T07:58:13Z,2025-09-03T07:58:13Z,2025-10-18T23:25:42Z,2026-09-25T15:19:15Z,justschen,User,COLLABORATOR,13,8,2,1,1,1,1,0,True,False,0,ok,
microsoft/vscode,265176,https://github.com/microsoft/vscode/pull/265176,Disable loading schemas from http/s in untrusted workspaces,2025-09-04T15:41:55Z,2025-09-04T15:56:18Z,2025-09-04T15:56:18Z,2025-10-19T23:25:37Z,2026-09-25T15:19:16Z,aeschli,User,CONTRIBUTOR,15,3,3,1,1,1,1,0,True,False,0,ok,
microsoft/vscode,265326,https://github.com/microsoft/vscode/pull/265326,fix: elicitation email validator,2025-09-05T11:52:39Z,2025-09-05T15:51:47Z,2025-09-05T15:51:47Z,2025-10-20T23:25:53Z,2026-09-25T15:19:17Z,garciasdos,User,CONTRIBUTOR,1,1,1,1,2,2,2,0,True,False,0,ok,
microsoft/vscode,265746,https://github.com/microsoft/vscode/pull/265746,debug: fix watch 'copy value' not working,2025-09-08T21:37:48Z,2025-09-08T22:09:21Z,2025-09-08T22:09:21Z,2025-10-23T23:25:51Z,2026-09-25T15:19:18Z,connor4312,User,MEMBER,8,10,2,1,1,1,1,0,True,False,0,ok,
microsoft/vscode,265854,https://github.com/microsoft/vscode/pull/265854,transfer sticky scroll check into candidate provider,2025-09-09T14:30:40Z,2025-09-10T08:58:40Z,2025-09-10T08:58:40Z,2025-10-25T23:25:23Z,2026-09-25T15:19:20Z,aiday-mar,User,CONTRIBUTOR,26,22,3,2,2,2,2,0,True,False,1,ok,
microsoft/vscode,266215,https://github.com/microsoft/vscode/pull/266215,More logs around MCP Auth,2025-09-11T15:25:33Z,2025-09-11T16:29:55Z,2025-09-11T16:29:55Z,2025-10-26T23:26:05Z,2026-09-25T15:19:21Z,TylerLeonhardt,User,MEMBER,26,19,2,1,1,1,1,0,True,False,0,ok,
microsoft/vscode,266263,https://github.com/microsoft/vscode/pull/266263,new prompt file parser,2025-09-11T20:42:54Z,2025-09-15T13:52:06Z,2025-09-15T13:52:06Z,2025-10-31T23:26:27Z,2026-09-25T15:19:23Z,aeschli,User,CONTRIBUTOR,3536,508,22,29,2,1,2,0,True,False,1,ok,
microsoft/vscode,267014,https://github.com/microsoft/vscode/pull/267014,Improve copilot coding agent setup,2025-09-16T05:28:58Z,2025-09-19T15:53:42Z,2025-09-19T15:53:42Z,2025-11-03T23:26:48Z,2026-09-25T15:19:25Z,rebornix,User,CONTRIBUTOR,1,1,1,7,7,5,6,0,True,False,5,ok,
microsoft/vscode,267972,https://github.com/microsoft/vscode/pull/267972,Workbench - more floating menu hover fixes,2025-09-23T14:01:52Z,2025-09-23T14:13:28Z,2025-09-23T14:13:28Z,2025-11-07T23:26:09Z,2026-09-25T15:19:26Z,lszomoru,User,MEMBER,5,0,1,1,2,2,1,0,True,False,0,ok,
microsoft/vscode,268202,https://github.com/microsoft/vscode/pull/268202,Don't use unbound `this` for dispose,2025-09-24T17:37:54Z,2025-09-24T17:49:50Z,2025-09-24T17:49:50Z,2025-11-08T23:25:48Z,2026-09-25T15:19:27Z,mjbvz,User,CONTRIBUTOR,1,1,1,1,2,2,1,0,True,False,0,ok,
microsoft/vscode,268499,https://github.com/microsoft/vscode/pull/268499,Update MCP schema to be more conscise,2025-09-26T16:26:22Z,2025-09-26T16:52:18Z,2025-09-26T16:52:18Z,2025-11-10T23:27:19Z,2026-09-25T15:19:28Z,lramos15,User,MEMBER,7,7,3,2,3,3,2,0,True,False,0,ok,
microsoft/vscode,268707,https://github.com/microsoft/vscode/pull/268707,prompt file contribution point,2025-09-27T21:21:57Z,2025-09-29T09:28:44Z,2025-09-29T09:28:44Z,2025-11-13T23:28:29Z,2026-09-25T15:19:30Z,aeschli,User,CONTRIBUTOR,357,203,12,7,2,2,1,0,True,False,0,ok,
microsoft/vscode,268977,https://github.com/microsoft/vscode/pull/268977,Fallback to .well-known/oauth-protected-resource on 401s without WWW-Authenticate,2025-09-29T23:37:44Z,2025-09-30T05:31:39Z,2025-09-30T05:31:39Z,2025-11-14T23:26:50Z,2026-09-25T15:19:32Z,TylerLeonhardt,User,MEMBER,604,39,3,3,3,3,2,0,True,False,1,ok,
microsoft/vscode,269220,https://github.com/microsoft/vscode/pull/269220,move team members to variable name and add new team members,2025-09-30T22:13:07Z,2025-10-01T15:49:00Z,2025-10-01T15:49:00Z,2025-11-15T23:26:19Z,2026-09-25T15:19:33Z,eleanorjboyd,User,MEMBER,6,1,1,1,2,2,1,0,True,False,0,ok,
microsoft/vscode,269568,https://github.com/microsoft/vscode/pull/269568,"for tasks with problem matchers, don't pass back output, only succinct reply",2025-10-02T16:54:06Z,2025-10-02T17:05:40Z,2025-10-02T17:05:40Z,2025-11-16T23:26:21Z,2026-09-25T15:19:34Z,meganrogge,User,COLLABORATOR,6,5,2,1,2,2,1,0,True,False,0,ok,
microsoft/vscode,269874,https://github.com/microsoft/vscode/pull/269874,Adopt strict no explicit any,2025-10-04T21:24:06Z,2025-10-05T05:59:37Z,2025-10-05T05:59:37Z,2025-11-19T23:26:53Z,2026-09-25T15:19:36Z,alexdima,User,MEMBER,720,580,98,1,2,2,1,0,True,False,0,ok,
microsoft/vscode,270144,https://github.com/microsoft/vscode/pull/270144,Remove some any usage in terminal/tasks,2025-10-07T07:35:36Z,2025-10-07T07:47:33Z,2025-10-07T07:47:33Z,2025-11-21T23:26:48Z,2026-09-25T15:19:37Z,Tyriar,User,CONTRIBUTOR,3,3,2,1,2,2,1,0,True,False,0,ok,
microsoft/vscode,270334,https://github.com/microsoft/vscode/pull/270334,Fix #270285 by reverting 83ece74489047036a0ae32e0abca2f555b1150e,2025-10-08T09:21:47Z,2025-10-08T10:11:09Z,2025-10-08T10:11:09Z,2025-11-22T23:26:45Z,2026-09-25T15:19:38Z,sandy081,User,MEMBER,3,2,3,1,2,2,1,0,True,False,0,ok,
microsoft/vscode,270594,https://github.com/microsoft/vscode/pull/270594,Avoid using custom markdown actionHandlers in a few more cases,2025-10-09T16:46:27Z,2025-10-09T17:06:17Z,2025-10-09T17:06:17Z,2025-11-23T23:26:41Z,2026-09-25T15:19:39Z,mjbvz,User,CONTRIBUTOR,48,66,6,1,2,2,1,0,True,False,0,ok,
microsoft/vscode,271083,https://github.com/microsoft/vscode/pull/271083,New chat dropdown alt behaviour (fix #271077),2025-10-13T08:02:42Z,2025-10-13T08:38:53Z,2025-10-13T08:38:53Z,2025-11-27T23:27:11Z,2026-09-25T15:19:42Z,bpasero,User,CONTRIBUTOR,1,6,1,1,2,2,1,0,True,False,0,ok,
microsoft/vscode,271399,https://github.com/microsoft/vscode/pull/271399,revised prompt titles and tile width,2025-10-14T21:15:12Z,2025-10-15T04:40:52Z,2025-10-15T04:40:52Z,2025-11-29T23:26:41Z,2026-09-25T15:19:43Z,eli-w-king,User,CONTRIBUTOR,9,11,2,3,2,2,1,0,True,False,0,ok,
microsoft/vscode,271632,https://github.com/microsoft/vscode/pull/271632,style - update menu title `Configure Chat`,2025-10-16T04:27:06Z,2025-10-16T05:36:03Z,2025-10-16T05:36:03Z,2025-11-30T23:27:04Z,2026-09-25T15:19:45Z,bpasero,User,CONTRIBUTOR,1,1,1,1,2,2,1,0,True,False,0,ok,
microsoft/vscode,271716,https://github.com/microsoft/vscode/pull/271716,tools: initial proposal for static mcp tool definitions,2025-10-16T16:24:33Z,2025-10-17T22:04:50Z,2025-10-17T22:04:50Z,2025-12-01T23:27:59Z,2026-09-25T15:19:46Z,connor4312,User,MEMBER,254,93,12,3,2,2,1,0,True,False,0,ok,
microsoft/vscode,272293,https://github.com/microsoft/vscode/pull/272293,SCM - remove the concept of pinning a repository selection,2025-10-20T15:15:14Z,2025-10-20T17:43:06Z,2025-10-20T17:43:06Z,2025-12-04T23:28:16Z,2026-09-25T15:19:47Z,lszomoru,User,MEMBER,31,131,4,1,2,2,1,0,True,False,0,ok,
microsoft/vscode,272368,https://github.com/microsoft/vscode/pull/272368,Generate policy data as JSON,2025-10-20T23:14:34Z,2025-10-21T19:48:34Z,2025-10-21T19:48:34Z,2025-12-05T23:27:45Z,2026-09-25T15:19:49Z,pwang347,User,MEMBER,1048,592,31,5,4,2,3,0,True,False,2,ok,
microsoft/vscode,272749,https://github.com/microsoft/vscode/pull/272749,Enable 'cloud button v2' by default,2025-10-22T17:43:41Z,2025-10-22T17:55:50Z,2025-10-22T17:55:50Z,2025-12-06T23:27:00Z,2026-09-25T15:19:50Z,joshspicer,User,CONTRIBUTOR,1,1,1,1,3,3,2,0,True,False,0,ok,
microsoft/vscode,272949,https://github.com/microsoft/vscode/pull/272949,Remove default model experiment but keep default mode experiment,2025-10-23T16:22:13Z,2025-10-23T16:57:55Z,2025-10-23T16:57:55Z,2025-12-07T23:26:37Z,2026-09-25T15:19:51Z,lramos15,User,MEMBER,19,49,1,1,2,2,1,0,True,False,0,ok,
microsoft/vscode,272060,https://github.com/microsoft/vscode/pull/272060,Move auto approval messages into hover,2025-10-18T11:23:49Z,2025-10-24T16:48:39Z,2025-10-24T16:48:39Z,2025-12-08T23:28:24Z,2026-09-25T15:19:52Z,Tyriar,User,CONTRIBUTOR,83,43,10,10,3,3,1,0,True,False,0,ok,
microsoft/vscode,273105,https://github.com/microsoft/vscode/pull/273105,"Make checks grey, errors red",2025-10-24T12:51:57Z,2025-10-26T10:12:49Z,2025-10-26T10:12:49Z,2025-12-10T23:27:07Z,2026-09-25T15:19:54Z,Tyriar,User,CONTRIBUTOR,2,2,1,1,2,2,1,0,True,False,0,ok,
microsoft/vscode,273125,https://github.com/microsoft/vscode/pull/273125,"Allows insertText to be empty, introduces URI and renames DisplayLocation to Hint.",2025-10-24T14:20:46Z,2025-10-27T17:49:55Z,2025-10-27T17:49:55Z,2025-12-11T23:28:25Z,2026-09-25T15:19:56Z,hediet,User,MEMBER,165,143,17,4,3,2,2,0,True,False,1,ok,
microsoft/vscode,273811,https://github.com/microsoft/vscode/pull/273811,fix linting failure,2025-10-28T18:59:56Z,2025-10-28T20:02:22Z,2025-10-28T20:02:22Z,2025-12-12T23:39:22Z,2026-09-25T15:19:57Z,connor4312,User,MEMBER,2,2,1,1,2,2,1,0,True,False,0,ok,
microsoft/vscode,274115,https://github.com/microsoft/vscode/pull/274115,build - update `tsconfig` lib to `ES2024` for layers checker,2025-10-30T13:59:21Z,2025-10-30T14:18:38Z,2025-10-30T14:18:38Z,2025-12-14T23:27:16Z,2026-09-25T15:19:58Z,bpasero,User,CONTRIBUTOR,3,3,3,1,2,2,1,0,True,False,0,ok,
microsoft/vscode,274301,https://github.com/microsoft/vscode/pull/274301,Remove finalized terminal completions proposal from package.json,2025-10-31T09:50:34Z,2025-10-31T10:10:27Z,2025-10-31T10:10:27Z,2025-12-15T23:28:48Z,2026-09-25T15:19:59Z,Tyriar,User,CONTRIBUTOR,0,1,1,1,3,3,2,0,True,False,0,ok,
microsoft/vscode,274502,https://github.com/microsoft/vscode/pull/274502,Make command re-writing pluggable ,2025-11-01T13:32:26Z,2025-11-01T14:59:39Z,2025-11-01T14:59:39Z,2025-12-16T23:28:17Z,2026-09-25T15:20:00Z,Tyriar,User,CONTRIBUTOR,341,498,9,3,3,3,1,0,True,False,0,ok,
microsoft/vscode,274754,https://github.com/microsoft/vscode/pull/274754,enable inline chat v2 for team selfhost,2025-11-03T14:00:47Z,2025-11-03T14:19:46Z,2025-11-03T14:19:46Z,2025-12-18T23:28:32Z,2026-09-25T15:20:01Z,jrieken,User,CONTRIBUTOR,1,14,1,1,3,2,1,0,True,False,0,ok,
microsoft/vscode,274848,https://github.com/microsoft/vscode/pull/274848,Fix agent sessions reporting to status,2025-11-03T19:30:26Z,2025-11-03T21:05:13Z,2025-11-03T21:05:13Z,2025-12-18T23:28:29Z,2026-09-25T15:20:04Z,osortega,User,CONTRIBUTOR,22,49,3,2,3,3,2,0,True,False,1,ok,
microsoft/vscode,275426,https://github.com/microsoft/vscode/pull/275426,edits: fix check/uncheck to reset tool approvals,2025-11-05T00:13:28Z,2025-11-05T00:38:33Z,2025-11-05T00:38:33Z,2025-12-20T23:27:28Z,2026-09-25T15:20:05Z,connor4312,User,MEMBER,4,0,1,1,2,2,1,0,True,False,0,ok,
microsoft/vscode,274931,https://github.com/microsoft/vscode/pull/274931,log the edit error,2025-11-04T00:21:10Z,2025-11-05T19:34:18Z,2025-11-05T19:34:18Z,2025-12-23T23:28:05Z,2026-09-25T15:20:07Z,amunger,User,COLLABORATOR,4,1,1,2,3,3,2,0,True,False,1,ok,
microsoft/vscode,275845,https://github.com/microsoft/vscode/pull/275845,update distro,2025-11-06T15:24:52Z,2025-11-06T16:19:10Z,2025-11-06T16:19:10Z,2025-12-21T23:27:38Z,2026-09-25T15:20:08Z,sandy081,User,MEMBER,2,2,1,1,2,2,1,0,True,False,0,ok,
microsoft/vscode,276037,https://github.com/microsoft/vscode/pull/276037,Add `AsyncIterableProducer#tee` and use in LM API,2025-11-07T10:07:42Z,2025-11-07T11:35:36Z,2025-11-07T11:35:36Z,2025-12-22T23:28:05Z,2026-09-25T15:20:10Z,jrieken,User,CONTRIBUTOR,173,3,3,3,5,4,4,0,True,False,2,ok,
microsoft/vscode,276270,https://github.com/microsoft/vscode/pull/276270,Remove any from platform/terminal,2025-11-08T13:38:03Z,2025-11-08T15:09:33Z,2025-11-08T15:09:33Z,2025-12-23T23:27:52Z,2026-09-25T15:20:11Z,Tyriar,User,CONTRIBUTOR,21,21,7,2,2,2,1,0,True,False,0,ok,
microsoft/vscode,274001,https://github.com/microsoft/vscode/pull/274001,Expand hover setting to allow for key modifier mode,2025-10-29T19:14:16Z,2025-11-10T17:59:20Z,2025-11-10T17:59:20Z,2025-12-26T23:28:42Z,2026-09-25T15:20:13Z,benvillalobos,User,MEMBER,169,25,11,18,9,4,1,0,True,False,0,ok,
microsoft/vscode,275952,https://github.com/microsoft/vscode/pull/275952,Fix quickpick checkbox toggle by removing checkboxes from tab order,2025-11-06T22:51:13Z,2025-11-11T23:53:18Z,2025-11-11T23:53:18Z,2025-12-27T23:28:04Z,2026-09-25T15:20:14Z,Copilot,Bot,CONTRIBUTOR,3,0,1,7,3,3,2,0,True,False,0,ok,
microsoft/vscode,276951,https://github.com/microsoft/vscode/pull/276951,extract terminal command and output collection from `RunInTerminalTool`,2025-11-12T16:45:31Z,2025-11-12T18:49:49Z,2025-11-12T18:49:49Z,2025-12-27T23:27:51Z,2026-09-25T15:20:15Z,meganrogge,User,COLLABORATOR,83,67,2,1,1,1,1,0,True,False,0,ok,
microsoft/vscode,276607,https://github.com/microsoft/vscode/pull/276607,Reduce `any` typings in our eslint rules,2025-11-10T21:54:49Z,2025-11-13T17:31:31Z,2025-11-13T17:31:31Z,2025-12-28T23:28:24Z,2026-09-25T15:20:17Z,mjbvz,User,CONTRIBUTOR,111,79,32,2,2,2,1,0,True,False,0,ok,
microsoft/vscode,277403,https://github.com/microsoft/vscode/pull/277403,chat - align code actions with actual implementation,2025-11-14T12:10:15Z,2025-11-14T12:42:24Z,2025-11-14T12:42:24Z,2025-12-29T23:28:27Z,2026-09-25T15:20:18Z,bpasero,User,CONTRIBUTOR,44,12,1,3,3,3,2,0,True,False,1,ok,
microsoft/vscode,277784,https://github.com/microsoft/vscode/pull/277784,ux - revisit select box custom appearance,2025-11-17T05:43:45Z,2025-11-17T06:15:35Z,2025-11-17T06:15:35Z,2026-01-01T23:28:36Z,2026-09-25T15:20:20Z,bpasero,User,CONTRIBUTOR,10,16,2,1,2,2,1,0,True,False,0,ok,
microsoft/vscode,277992,https://github.com/microsoft/vscode/pull/277992,agent sessions - fix indentation issue,2025-11-18T05:13:38Z,2025-11-18T05:33:20Z,2025-11-18T05:33:20Z,2026-01-02T23:27:46Z,2026-09-25T15:20:21Z,bpasero,User,CONTRIBUTOR,2,4,2,1,2,2,1,0,True,False,0,ok,
microsoft/vscode,278204,https://github.com/microsoft/vscode/pull/278204,Adding file stats to local chat provider,2025-11-18T20:24:33Z,2025-11-19T00:43:54Z,2025-11-19T00:43:54Z,2026-01-03T23:28:12Z,2026-09-25T15:20:23Z,osortega,User,CONTRIBUTOR,39,12,1,4,8,5,3,1,True,True,2,ok,
microsoft/vscode,278449,https://github.com/microsoft/vscode/pull/278449,chat: add additional timing information on the model,2025-11-19T21:52:23Z,2025-11-19T23:09:50Z,2025-11-19T23:09:50Z,2026-01-03T23:28:10Z,2026-09-25T15:20:24Z,connor4312,User,MEMBER,286,113,8,2,2,2,1,0,True,False,0,ok,
microsoft/vscode,278761,https://github.com/microsoft/vscode/pull/278761,'Configure Tools' button not showing after start,2025-11-21T12:24:45Z,2025-11-21T12:43:36Z,2025-11-21T12:43:36Z,2026-01-05T23:28:51Z,2026-09-25T15:20:25Z,aeschli,User,CONTRIBUTOR,1,1,1,1,2,2,1,0,True,False,0,ok,
microsoft/vscode,278971,https://github.com/microsoft/vscode/pull/278971,allow to run agents as subagents,2025-11-22T19:44:11Z,2025-11-22T20:03:09Z,2025-11-22T20:03:09Z,2026-01-06T23:29:06Z,2026-09-25T15:20:27Z,aeschli,User,CONTRIBUTOR,299,95,14,1,0,0,0,0,False,False,0,ok,
microsoft/vscode,279254,https://github.com/microsoft/vscode/pull/279254,edits: add session-level diffs for file stats,2025-11-25T00:16:33Z,2025-11-25T00:53:24Z,2025-11-25T00:53:24Z,2026-01-09T23:28:46Z,2026-09-25T15:20:29Z,connor4312,User,MEMBER,93,11,4,3,3,2,2,0,True,False,1,ok,
microsoft/vscode,279504,https://github.com/microsoft/vscode/pull/279504,"Listen to models, not widgets, in local session provider",2025-11-26T02:09:19Z,2025-11-26T03:52:12Z,2025-11-26T03:52:12Z,2026-01-10T23:28:01Z,2026-09-25T15:20:30Z,roblourens,User,MEMBER,132,119,5,2,3,3,2,0,True,False,1,ok,
microsoft/vscode,277501,https://github.com/microsoft/vscode/pull/277501,Make use of glob patterns by file system watchers case-aware,2025-11-14T19:22:53Z,2025-11-27T05:15:12Z,2025-11-27T05:15:12Z,2026-01-11T23:28:25Z,2026-09-25T15:20:32Z,dmitrivMS,User,COLLABORATOR,236,28,11,24,24,5,1,3,True,True,0,ok,
microsoft/vscode,280100,https://github.com/microsoft/vscode/pull/280100,List: focus outline flicker when clicking into element without prior selection (fix #280050),2025-11-29T20:12:59Z,2025-11-29T22:03:11Z,2025-11-29T22:03:11Z,2026-01-13T23:28:00Z,2026-09-25T15:20:33Z,bpasero,User,CONTRIBUTOR,1,1,1,1,2,2,1,0,True,False,0,ok,
microsoft/vscode,280374,https://github.com/microsoft/vscode/pull/280374,"fix left padding for chat terminal output, enable focusing it",2025-12-01T17:41:30Z,2025-12-01T18:01:49Z,2025-12-01T18:01:49Z,2026-01-15T23:29:27Z,2026-09-25T15:20:34Z,meganrogge,User,COLLABORATOR,17,5,2,2,2,2,1,0,True,False,0,ok,
microsoft/vscode,280651,https://github.com/microsoft/vscode/pull/280651,Convert /data prompt to custom agent,2025-12-02T16:59:18Z,2025-12-02T18:13:35Z,2025-12-02T18:13:35Z,2026-01-16T23:29:03Z,2026-09-25T15:20:36Z,Copilot,Bot,CONTRIBUTOR,13,12,1,4,3,3,2,0,True,False,0,ok,
microsoft/vscode,280969,https://github.com/microsoft/vscode/pull/280969,Workbench - fix duplicate resolve merge conflict buttons,2025-12-03T15:12:38Z,2025-12-03T16:24:17Z,2025-12-03T16:24:17Z,2026-01-17T23:28:02Z,2026-09-25T15:20:37Z,lszomoru,User,MEMBER,3,2,2,1,2,2,1,0,True,False,0,ok,
microsoft/vscode,281177,https://github.com/microsoft/vscode/pull/281177,agent sessions - change defaults and fix `openAgentSessionsView` method,2025-12-04T07:54:46Z,2025-12-04T08:13:55Z,2025-12-04T08:13:55Z,2026-01-18T23:28:14Z,2026-09-25T15:20:38Z,bpasero,User,CONTRIBUTOR,13,9,2,1,2,2,1,0,True,False,0,ok,
microsoft/vscode,281316,https://github.com/microsoft/vscode/pull/281316,Fixes for multidiff menu actions,2025-12-04T19:07:52Z,2025-12-05T00:32:29Z,2025-12-05T00:32:29Z,2026-01-19T23:29:15Z,2026-09-25T15:20:40Z,osortega,User,CONTRIBUTOR,12,14,1,5,9,5,3,1,True,True,2,ok,
microsoft/vscode,281814,https://github.com/microsoft/vscode/pull/281814,Merge `1.107/sessions` into `release/1.107`,2025-12-07T18:56:09Z,2025-12-07T19:29:53Z,2025-12-07T19:29:53Z,2026-01-21T23:30:31Z,2026-09-25T15:20:41Z,bpasero,User,CONTRIBUTOR,758,169,35,16,2,2,2,0,True,False,0,ok,
microsoft/vscode,282105,https://github.com/microsoft/vscode/pull/282105,Context key to support when no canDelegate providers available,2025-12-09T01:26:47Z,2025-12-09T03:00:34Z,2025-12-09T03:00:34Z,2026-01-23T23:29:30Z,2026-09-25T15:20:43Z,joshspicer,User,CONTRIBUTOR,21,2,3,2,3,3,2,0,True,False,1,ok,
microsoft/vscode,282443,https://github.com/microsoft/vscode/pull/282443,check only if expected scopes are included,2025-12-10T10:20:30Z,2025-12-10T11:45:04Z,2025-12-10T11:45:04Z,2026-01-24T23:28:14Z,2026-09-25T15:20:44Z,sandy081,User,MEMBER,1,1,1,1,2,2,1,0,True,False,0,ok,
microsoft/vscode,282835,https://github.com/microsoft/vscode/pull/282835,Add experiment to use conptydll,2025-12-11T18:28:11Z,2025-12-11T18:46:02Z,2025-12-11T18:46:02Z,2026-01-25T23:29:02Z,2026-09-25T15:20:45Z,Tyriar,User,CONTRIBUTOR,4,1,1,1,2,2,1,0,True,False,0,ok,
microsoft/vscode,283047,https://github.com/microsoft/vscode/pull/283047,Update action widget styles for improved appearance and spacing,2025-12-12T14:13:59Z,2025-12-12T14:34:36Z,2025-12-12T14:34:36Z,2026-01-26T23:29:58Z,2026-09-25T15:20:46Z,mrleemurray,User,CONTRIBUTOR,11,8,1,1,2,2,1,0,True,False,0,ok,
microsoft/vscode,283515,https://github.com/microsoft/vscode/pull/283515,chat: decouple notifications from chat rendering,2025-12-15T05:38:11Z,2025-12-15T06:12:03Z,2025-12-15T06:12:04Z,2026-01-29T23:31:20Z,2026-09-25T15:20:48Z,connor4312,User,MEMBER,184,124,7,2,2,2,1,0,True,False,0,ok,
microsoft/vscode,283635,https://github.com/microsoft/vscode/pull/283635,"debug: Fix UI freezing on ""continue"" with high number of threads",2025-12-15T17:33:07Z,2025-12-15T22:28:23Z,2025-12-15T22:28:23Z,2026-01-29T23:31:18Z,2026-09-25T15:20:49Z,jcpetruzza,User,CONTRIBUTOR,23,7,1,3,5,2,2,0,True,False,0,ok,
microsoft/vscode,282608,https://github.com/microsoft/vscode/pull/282608,Allow webviews and custom editors to use themeicons,2025-12-11T01:23:52Z,2025-12-16T16:04:50Z,2025-12-16T16:04:50Z,2026-01-31T23:30:42Z,2026-09-25T15:20:50Z,mjbvz,User,CONTRIBUTOR,57,48,9,1,2,2,1,0,True,False,0,ok,
microsoft/vscode,283309,https://github.com/microsoft/vscode/pull/283309,Use different color for voice recording icon/animation,2025-12-13T10:01:27Z,2025-12-17T11:16:47Z,2025-12-17T11:16:47Z,2026-01-31T23:30:42Z,2026-09-25T15:20:52Z,dmitrivMS,User,COLLABORATOR,2,2,1,1,2,2,1,0,True,False,0,ok,
microsoft/vscode,284297,https://github.com/microsoft/vscode/pull/284297,agent sessions - labels polish,2025-12-18T18:32:04Z,2025-12-18T18:50:36Z,2025-12-18T18:50:36Z,2026-02-01T23:30:53Z,2026-09-25T15:20:53Z,bpasero,User,CONTRIBUTOR,12,16,2,1,2,2,1,0,True,False,0,ok,
microsoft/vscode,284595,https://github.com/microsoft/vscode/pull/284595,Move npm spec out of upstream,2025-12-20T14:26:25Z,2025-12-20T18:15:35Z,2025-12-20T18:15:35Z,2026-02-04T23:31:00Z,2026-09-25T15:20:54Z,Tyriar,User,CONTRIBUTOR,3577,3568,7,8,3,3,1,0,True,False,0,ok,
microsoft/vscode,285099,https://github.com/microsoft/vscode/pull/285099,Fix context handling in ChatWidget while re-editing,2025-12-26T11:07:07Z,2025-12-30T05:53:26Z,2025-12-30T05:53:26Z,2026-02-13T23:31:18Z,2026-09-25T15:20:55Z,tamuratak,User,CONTRIBUTOR,13,4,1,1,3,3,2,0,True,False,0,ok,
microsoft/vscode,285904,https://github.com/microsoft/vscode/pull/285904,SCM - only show repository status bar item if there are multiple visible source control providers,2026-01-05T10:22:41Z,2026-01-05T10:41:51Z,2026-01-05T10:41:51Z,2026-02-19T23:31:41Z,2026-09-25T15:20:57Z,lszomoru,User,MEMBER,1,1,1,1,2,2,1,0,True,False,0,ok,
microsoft/vscode,286198,https://github.com/microsoft/vscode/pull/286198,fix accessiblity signal bug,2026-01-06T18:29:22Z,2026-01-06T18:52:07Z,2026-01-06T18:52:07Z,2026-02-20T23:31:39Z,2026-09-25T15:20:58Z,meganrogge,User,COLLABORATOR,1,2,1,1,2,2,1,0,True,False,0,ok,
microsoft/vscode,286485,https://github.com/microsoft/vscode/pull/286485,Fix Link component Space key activation for accessibility,2026-01-08T06:21:20Z,2026-01-08T09:43:52Z,2026-01-08T09:43:53Z,2026-02-22T23:31:08Z,2026-09-25T15:20:59Z,Copilot,Bot,CONTRIBUTOR,4,4,1,4,3,3,2,0,True,False,0,ok,
microsoft/vscode,286727,https://github.com/microsoft/vscode/pull/286727,Remove `src/vs/loader.js` (fix #285255),2026-01-09T11:53:31Z,2026-01-09T14:13:32Z,2026-01-09T14:13:32Z,2026-02-23T23:32:32Z,2026-09-25T15:21:00Z,bpasero,User,CONTRIBUTOR,1,1961,5,1,2,2,1,0,True,False,0,ok,
microsoft/vscode,286979,https://github.com/microsoft/vscode/pull/286979,Editor GPU: Fix ghost text color,2026-01-11T07:34:10Z,2026-01-11T08:07:38Z,2026-01-11T08:07:38Z,2026-02-25T23:43:46Z,2026-09-25T15:21:01Z,Tyriar,User,CONTRIBUTOR,56,18,2,1,4,3,1,0,True,False,0,ok,
microsoft/vscode,287133,https://github.com/microsoft/vscode/pull/287133,Add delete icon to Hidden Terminals menu item,2026-01-12T16:46:05Z,2026-01-12T23:03:48Z,2026-01-12T23:03:48Z,2026-02-26T23:44:21Z,2026-09-25T15:21:03Z,Copilot,Bot,CONTRIBUTOR,71,4,2,5,4,3,1,1,True,True,1,ok,
microsoft/vscode,287651,https://github.com/microsoft/vscode/pull/287651,fix races in prompt for input ,2026-01-13T23:19:04Z,2026-01-13T23:40:01Z,2026-01-13T23:40:01Z,2026-02-28T23:30:33Z,2026-09-25T15:21:05Z,meganrogge,User,COLLABORATOR,74,1,1,1,3,2,1,0,True,False,0,ok,
microsoft/vscode,286839,https://github.com/microsoft/vscode/pull/286839,Add support for custom file link rendering metadata,2026-01-09T21:38:39Z,2026-01-14T22:27:58Z,2026-01-14T22:27:58Z,2026-03-03T23:31:02Z,2026-09-25T15:21:07Z,pwang347,User,MEMBER,190,9,3,12,8,5,3,0,True,False,2,ok,
microsoft/vscode,287923,https://github.com/microsoft/vscode/pull/287923,Hide getAllChatSessionItemProviders ,2026-01-15T01:06:12Z,2026-01-15T20:29:15Z,2026-01-15T20:29:15Z,2026-03-01T23:30:28Z,2026-09-25T15:21:09Z,mjbvz,User,CONTRIBUTOR,51,64,5,4,3,3,2,0,True,False,1,ok,
microsoft/vscode,288330,https://github.com/microsoft/vscode/pull/288330,Expand file nodes by default in breakpoints tree view,2026-01-16T11:46:39Z,2026-01-16T18:25:52Z,2026-01-16T18:25:52Z,2026-03-02T23:30:41Z,2026-09-25T15:21:10Z,Copilot,Bot,CONTRIBUTOR,2,8,1,4,5,4,2,0,True,False,0,ok,
microsoft/vscode,288704,https://github.com/microsoft/vscode/pull/288704,Chat - fix working set secondary text button height,2026-01-18T10:00:32Z,2026-01-18T13:53:31Z,2026-01-18T13:53:31Z,2026-03-04T23:31:25Z,2026-09-25T15:21:11Z,lszomoru,User,MEMBER,1,2,1,1,2,2,1,0,True,False,0,ok,
microsoft/vscode,288967,https://github.com/microsoft/vscode/pull/288967,allow to configure SubagentToolCustomAgents by experiment,2026-01-19T19:06:52Z,2026-01-19T21:49:48Z,2026-01-19T21:49:48Z,2026-03-05T23:40:58Z,2026-09-25T15:21:12Z,aeschli,User,CONTRIBUTOR,3,0,1,1,2,2,1,0,True,False,0,ok,
microsoft/vscode,289162,https://github.com/microsoft/vscode/pull/289162,Proposed hover fix,2026-01-20T17:41:06Z,2026-01-20T17:51:35Z,2026-01-20T17:51:35Z,2026-03-06T23:30:42Z,2026-09-25T15:21:13Z,benibenj,User,CONTRIBUTOR,22,5,1,1,1,1,1,0,True,False,0,ok,
microsoft/vscode,289313,https://github.com/microsoft/vscode/pull/289313,Git - do not provide original resource for files that are in the `.git` folder,2026-01-21T06:51:55Z,2026-01-21T07:27:29Z,2026-01-21T07:27:29Z,2026-03-07T23:29:59Z,2026-09-25T15:21:14Z,lszomoru,User,MEMBER,6,0,1,1,2,2,1,0,True,False,0,ok,
microsoft/vscode,289475,https://github.com/microsoft/vscode/pull/289475,some fixes to dropdowns and better ai headers,2026-01-21T19:37:26Z,2026-01-21T21:46:54Z,2026-01-21T21:46:54Z,2026-03-07T23:29:58Z,2026-09-25T15:21:16Z,justschen,User,COLLABORATOR,41,21,2,2,2,2,1,0,True,False,0,ok,
microsoft/vscode,289516,https://github.com/microsoft/vscode/pull/289516,build(deps-dev): bump lodash from 4.17.21 to 4.17.23 in /test/monaco,2026-01-21T23:19:51Z,2026-01-22T15:08:17Z,2026-01-22T15:08:17Z,2026-03-08T23:30:47Z,2026-09-25T15:21:17Z,dependabot[bot],Bot,CONTRIBUTOR,3,3,1,1,1,1,1,0,True,False,0,ok,
microsoft/vscode,289717,https://github.com/microsoft/vscode/pull/289717,Welcome view showing trusted workspaces only,2026-01-22T18:56:49Z,2026-01-23T00:32:10Z,2026-01-23T00:32:10Z,2026-03-09T23:31:10Z,2026-09-25T15:21:19Z,osortega,User,CONTRIBUTOR,12,1,1,4,6,5,4,0,True,False,3,ok,
microsoft/vscode,289897,https://github.com/microsoft/vscode/pull/289897,chore: update dmg background,2026-01-23T12:54:28Z,2026-01-23T15:52:59Z,2026-01-23T15:52:59Z,2026-03-09T23:30:58Z,2026-09-25T15:21:20Z,deepak1556,User,COLLABORATOR,0,0,3,1,3,2,2,0,True,False,1,ok,
microsoft/vscode,290010,https://github.com/microsoft/vscode/pull/290010,Fix duplicate command registration for custom chat modes,2026-01-23T20:37:36Z,2026-01-23T23:51:17Z,2026-01-23T23:51:17Z,2026-03-10T23:31:07Z,2026-09-25T15:21:21Z,bryanchen-d,User,COLLABORATOR,39,17,1,1,2,2,1,0,True,False,0,ok,
microsoft/vscode,290277,https://github.com/microsoft/vscode/pull/290277,Start thinking parts as collapsed when possible so they benefit from lazy rendering,2026-01-25T18:15:30Z,2026-01-25T18:49:04Z,2026-01-25T18:49:04Z,2026-03-11T23:30:42Z,2026-09-25T15:21:23Z,roblourens,User,MEMBER,112,34,3,1,2,2,1,0,True,False,0,ok,
microsoft/vscode,290427,https://github.com/microsoft/vscode/pull/290427,Engineering - adopt the ACES VMs,2026-01-26T16:30:24Z,2026-01-26T16:50:05Z,2026-01-26T16:50:05Z,2026-03-12T23:31:06Z,2026-09-25T15:21:24Z,lszomoru,User,MEMBER,8,0,3,1,2,2,1,0,True,False,0,ok,
microsoft/vscode,250173,https://github.com/microsoft/vscode/pull/250173,Debugger disassembly: reload disassembly around current instruction,2025-05-31T06:51:28Z,2026-01-27T00:12:40Z,2026-01-27T00:12:40Z,2026-03-16T23:32:55Z,2026-09-25T15:21:25Z,eronnen,User,CONTRIBUTOR,17,3,3,1,1,1,0,1,True,True,0,ok,
microsoft/vscode,291095,https://github.com/microsoft/vscode/pull/291095,Add prompts experiment for skill adherence,2026-01-27T23:25:56Z,2026-01-28T02:08:12Z,2026-01-28T02:08:13Z,2026-03-14T23:31:10Z,2026-09-25T15:21:27Z,pwang347,User,MEMBER,33,3,3,2,2,2,1,0,True,False,0,ok,
microsoft/vscode,291370,https://github.com/microsoft/vscode/pull/291370,chat: use ConnectionObserverElement to track template mount state,2026-01-28T18:41:54Z,2026-01-28T19:29:29Z,2026-01-28T19:29:29Z,2026-03-14T23:30:58Z,2026-09-25T15:21:28Z,connor4312,User,MEMBER,48,6,4,2,2,2,1,0,True,False,0,ok,
microsoft/vscode,291551,https://github.com/microsoft/vscode/pull/291551,fixes https://github.com/microsoft/vscode/issues/248372,2026-01-29T10:23:08Z,2026-01-29T11:08:03Z,2026-01-29T11:08:03Z,2026-03-15T23:31:26Z,2026-09-25T15:21:29Z,jrieken,User,CONTRIBUTOR,1,1,1,1,2,2,1,0,True,False,0,ok,
microsoft/vscode,291624,https://github.com/microsoft/vscode/pull/291624,engineering: use tar+zstd for win32 node_modules cache,2026-01-29T15:14:03Z,2026-01-29T20:16:44Z,2026-01-29T20:16:44Z,2026-06-26T14:12:16Z,2026-09-25T15:21:30Z,joaomoreno,User,CONTRIBUTOR,7,7,5,9,4,4,3,0,True,False,0,ok,
microsoft/vscode,291859,https://github.com/microsoft/vscode/pull/291859,Update secondary button styles for improved visibility and consistency,2026-01-30T11:45:41Z,2026-01-30T13:59:37Z,2026-01-30T13:59:37Z,2026-03-16T23:31:27Z,2026-09-25T15:21:31Z,mrleemurray,User,CONTRIBUTOR,5,5,2,2,1,1,1,0,True,False,0,ok,
microsoft/vscode,292077,https://github.com/microsoft/vscode/pull/292077,Better wording for Claude agent description,2026-01-31T19:38:17Z,2026-01-31T20:52:27Z,2026-01-31T20:52:27Z,2026-03-17T23:33:20Z,2026-09-25T15:21:32Z,TylerLeonhardt,User,MEMBER,1,1,1,1,1,1,1,0,True,False,0,ok,
microsoft/vscode,292451,https://github.com/microsoft/vscode/pull/292451,release: fix working spinner jump,2026-02-03T03:22:57Z,2026-02-03T03:50:13Z,2026-02-03T03:50:13Z,2026-03-20T23:31:24Z,2026-09-25T15:21:34Z,justschen,User,COLLABORATOR,0,1,1,1,1,1,1,0,True,False,0,ok,
microsoft/vscode,292619,https://github.com/microsoft/vscode/pull/292619,chat: initial rough draft of request queuing,2026-02-03T17:55:37Z,2026-02-03T21:01:30Z,2026-02-03T21:01:30Z,2026-03-20T23:31:11Z,2026-09-25T15:21:35Z,connor4312,User,MEMBER,731,88,28,3,2,2,1,0,True,False,0,ok,
microsoft/vscode,292865,https://github.com/microsoft/vscode/pull/292865,debt - keep enums selfcontained in agent sessions,2026-02-04T16:35:15Z,2026-02-04T16:53:37Z,2026-02-04T16:53:37Z,2026-03-21T23:30:29Z,2026-09-25T15:21:36Z,bpasero,User,CONTRIBUTOR,1,2,1,1,2,2,1,0,True,False,0,ok,
microsoft/vscode,293074,https://github.com/microsoft/vscode/pull/293074,agent sessions - remove border when sessions show stacked,2026-02-05T11:01:28Z,2026-02-05T11:23:25Z,2026-02-05T11:23:25Z,2026-03-22T23:30:53Z,2026-09-25T15:21:37Z,bpasero,User,CONTRIBUTOR,2,8,2,1,2,2,1,0,True,False,0,ok,
microsoft/vscode,293341,https://github.com/microsoft/vscode/pull/293341,style - update styles for modal editor components,2026-02-06T09:01:21Z,2026-02-06T09:24:43Z,2026-02-06T09:24:43Z,2026-03-23T23:31:37Z,2026-09-25T15:21:39Z,bpasero,User,CONTRIBUTOR,10,6,1,1,2,2,1,0,True,False,0,ok,
microsoft/vscode,293538,https://github.com/microsoft/vscode/pull/293538,improve question carousel accessibility,2026-02-06T22:06:55Z,2026-02-06T23:01:35Z,2026-02-06T23:01:35Z,2026-03-23T23:31:36Z,2026-09-25T15:21:40Z,meganrogge,User,COLLABORATOR,161,6,6,2,1,1,1,0,True,False,0,ok,
microsoft/vscode,293935,https://github.com/microsoft/vscode/pull/293935,Fix chat accessibility progress sound for queued and non-queued requests,2026-02-09T18:13:48Z,2026-02-09T19:08:25Z,2026-02-09T19:08:26Z,2026-03-26T23:32:31Z,2026-09-25T15:21:41Z,meganrogge,User,COLLABORATOR,6,1,1,4,2,2,1,0,True,False,0,ok,
microsoft/vscode,294187,https://github.com/microsoft/vscode/pull/294187,Update handling of claude hooks config,2026-02-10T18:19:05Z,2026-02-10T21:35:40Z,2026-02-10T21:35:40Z,2026-03-27T23:32:57Z,2026-09-25T15:21:44Z,pwang347,User,MEMBER,208,13,4,2,2,2,1,0,True,False,0,ok,
microsoft/vscode,294622,https://github.com/microsoft/vscode/pull/294622,Fix contributed chat context issues found by CCR,2026-02-11T17:14:08Z,2026-02-11T18:09:03Z,2026-02-11T18:09:03Z,2026-03-28T23:31:33Z,2026-09-25T15:21:45Z,alexr00,User,MEMBER,7,7,1,1,2,2,1,0,True,False,0,ok,
microsoft/vscode,294798,https://github.com/microsoft/vscode/pull/294798,Slight chat session controller optimization,2026-02-12T08:15:16Z,2026-02-12T09:20:28Z,2026-02-12T09:20:28Z,2026-03-29T23:31:46Z,2026-09-25T15:21:46Z,mjbvz,User,CONTRIBUTOR,52,36,3,2,2,2,1,0,True,False,0,ok,
microsoft/vscode,295063,https://github.com/microsoft/vscode/pull/295063,Add retries for target download logic in sanity tests,2026-02-12T23:47:05Z,2026-02-13T00:56:59Z,2026-02-13T00:56:59Z,2026-03-30T23:32:02Z,2026-09-25T15:21:47Z,dmitrivMS,User,COLLABORATOR,31,13,1,1,3,3,1,0,True,False,0,ok,
microsoft/vscode,295190,https://github.com/microsoft/vscode/pull/295190,Don't show Restore Checkpoint tip for non-Local sessions,2026-02-13T15:09:26Z,2026-02-13T22:08:17Z,2026-02-13T22:08:17Z,2026-03-30T23:32:01Z,2026-09-25T15:21:48Z,Copilot,Bot,CONTRIBUTOR,7,3,1,3,5,3,4,0,True,False,0,ok,
microsoft/vscode,295559,https://github.com/microsoft/vscode/pull/295559,chore: bump electron@39.6.0,2026-02-16T10:48:29Z,2026-02-16T13:26:27Z,2026-02-16T13:26:27Z,2026-04-02T23:32:23Z,2026-09-25T15:21:50Z,deepak1556,User,COLLABORATOR,87,87,5,2,2,2,1,0,True,False,0,ok,
microsoft/vscode,295412,https://github.com/microsoft/vscode/pull/295412,fix: add missing closing '>' in keybinding placeholder in accessible view navigation hint,2026-02-15T05:49:24Z,2026-02-17T19:13:27Z,2026-02-17T19:13:27Z,2026-04-03T23:32:11Z,2026-09-25T15:21:51Z,Vedag812,User,CONTRIBUTOR,1,1,1,2,2,2,2,0,True,False,0,ok,
microsoft/vscode,295967,https://github.com/microsoft/vscode/pull/295967,Potential fix for https://github.com/microsoft/vscode/issues/295379,2026-02-18T09:28:11Z,2026-02-18T09:44:31Z,2026-02-18T09:44:31Z,2026-04-04T23:31:30Z,2026-09-25T15:21:52Z,hediet,User,MEMBER,5,3,1,1,2,2,1,0,True,False,0,ok,
microsoft/vscode,296086,https://github.com/microsoft/vscode/pull/296086,"Revert ""sessions - show count for all groups (fix #291606)""",2026-02-18T19:35:31Z,2026-02-18T20:06:05Z,2026-02-18T20:06:05Z,2026-04-04T23:31:29Z,2026-09-25T15:21:54Z,bpasero,User,CONTRIBUTOR,6,12,1,1,2,2,1,0,True,False,0,ok,
microsoft/vscode,296261,https://github.com/microsoft/vscode/pull/296261,Support display commands for terminal commands in background agents,2026-02-19T11:14:54Z,2026-02-19T11:48:39Z,2026-02-19T11:48:39Z,2026-04-05T23:31:51Z,2026-09-25T15:21:55Z,DonJayamanne,User,CONTRIBUTOR,16,1,3,1,2,2,1,0,True,False,0,ok,
microsoft/vscode,296397,https://github.com/microsoft/vscode/pull/296397,fix layout,2026-02-19T22:31:08Z,2026-02-19T23:30:52Z,2026-02-19T23:30:52Z,2026-04-05T23:31:50Z,2026-09-25T15:21:56Z,sandy081,User,MEMBER,70,34,3,2,2,2,1,0,True,False,0,ok,
microsoft/vscode,296454,https://github.com/microsoft/vscode/pull/296454,Browser: Make toolbar icons align,2026-02-20T07:20:31Z,2026-02-20T19:13:09Z,2026-02-20T19:13:09Z,2026-04-06T23:32:03Z,2026-09-25T15:21:57Z,jruales,User,CONTRIBUTOR,1,0,1,1,2,2,1,0,True,False,0,ok,
microsoft/vscode,296797,https://github.com/microsoft/vscode/pull/296797,debt - check in stale lock file for packages,2026-02-22T06:48:16Z,2026-02-22T07:24:03Z,2026-02-22T07:24:03Z,2026-04-08T23:32:38Z,2026-09-25T15:21:58Z,bpasero,User,CONTRIBUTOR,844,23,1,1,2,2,1,0,True,False,0,ok,
microsoft/vscode,297013,https://github.com/microsoft/vscode/pull/297013,use git lfs,2026-02-23T15:37:56Z,2026-02-23T16:11:15Z,2026-02-23T16:11:15Z,2026-04-09T23:32:35Z,2026-09-25T15:22:00Z,hediet,User,MEMBER,2,0,29,1,2,2,1,0,True,False,0,ok,
microsoft/vscode,297125,https://github.com/microsoft/vscode/pull/297125,Respect explicit editor.accessibilitySupport setting in accessibility mode resolution,2026-02-23T22:27:30Z,2026-02-23T22:59:58Z,2026-02-23T22:59:58Z,2026-04-09T23:32:34Z,2026-09-25T15:22:05Z,meganrogge,User,COLLABORATOR,16,1,1,2,2,2,1,0,True,False,0,ok,
microsoft/vscode,297347,https://github.com/microsoft/vscode/pull/297347,show output view and move attach button,2026-02-24T14:29:24Z,2026-02-24T14:42:43Z,2026-02-24T14:42:43Z,2026-04-10T23:32:27Z,2026-09-25T15:22:06Z,sandy081,User,MEMBER,112,8,7,1,2,2,1,0,True,False,0,ok,
microsoft/vscode,297633,https://github.com/microsoft/vscode/pull/297633,restructure and fix showing repo picker twice,2026-02-25T08:40:15Z,2026-02-25T08:56:10Z,2026-02-25T08:56:10Z,2026-04-11T23:31:40Z,2026-09-25T15:22:07Z,sandy081,User,MEMBER,280,256,3,2,2,2,1,0,True,False,0,ok,
microsoft/vscode,297796,https://github.com/microsoft/vscode/pull/297796,plugins: wire in agents to prompt service,2026-02-25T21:23:06Z,2026-02-25T22:33:48Z,2026-02-25T22:33:48Z,2026-04-11T23:31:39Z,2026-09-25T15:22:09Z,connor4312,User,MEMBER,61,8,4,2,3,3,2,0,True,False,1,ok,
microsoft/vscode,298015,https://github.com/microsoft/vscode/pull/298015,sessions - fix error on startup around duplicate view registration,2026-02-26T15:08:07Z,2026-02-26T15:21:50Z,2026-02-26T15:21:50Z,2026-04-12T23:31:54Z,2026-09-25T15:22:10Z,bpasero,User,CONTRIBUTOR,1,1,1,1,2,2,1,0,True,False,0,ok,
microsoft/vscode,298147,https://github.com/microsoft/vscode/pull/298147,Run oss tool for 1.110 (before branch),2026-02-27T02:18:17Z,2026-02-27T02:42:12Z,2026-02-27T02:42:12Z,2026-04-13T23:34:09Z,2026-09-25T15:22:12Z,benvillalobos,User,MEMBER,141,59,3,2,3,3,2,0,True,False,0,ok,
microsoft/vscode,298346,https://github.com/microsoft/vscode/pull/298346,"fix stray checkmarks, consistent opacity, and icon not showing up",2026-02-27T20:39:21Z,2026-02-27T21:14:27Z,2026-02-27T21:14:27Z,2026-04-13T23:34:08Z,2026-09-25T15:22:14Z,justschen,User,COLLABORATOR,46,2,5,2,3,3,2,0,True,False,1,ok,
microsoft/vscode,298608,https://github.com/microsoft/vscode/pull/298608,improves npm caching,2026-03-01T23:04:29Z,2026-03-02T02:35:08Z,2026-03-02T02:35:09Z,2026-04-16T23:38:13Z,2026-09-25T15:22:15Z,hediet,User,MEMBER,143,16,3,1,2,2,1,0,True,False,0,ok,
microsoft/vscode,298767,https://github.com/microsoft/vscode/pull/298767,chat: make sendChatRequest extensionIdentifier parameter optional,2026-03-02T18:42:05Z,2026-03-02T19:45:16Z,2026-03-02T19:45:16Z,2026-04-16T23:38:12Z,2026-09-25T15:22:16Z,connor4312,User,MEMBER,21,25,12,3,2,2,1,0,True,False,0,ok,
microsoft/vscode,298961,https://github.com/microsoft/vscode/pull/298961,sessions: fix separator in windows,2026-03-03T13:30:11Z,2026-03-03T13:50:07Z,2026-03-03T13:50:07Z,2026-04-17T23:32:33Z,2026-09-25T15:22:17Z,sandy081,User,MEMBER,2,1,1,1,2,2,1,0,True,False,0,ok,
microsoft/vscode,299092,https://github.com/microsoft/vscode/pull/299092,Don't show Used n references when opening an old session,2026-03-04T00:04:01Z,2026-03-04T01:05:30Z,2026-03-04T01:05:30Z,2026-04-18T23:32:07Z,2026-09-25T15:22:18Z,roblourens,User,MEMBER,2,1,1,2,2,2,1,0,True,False,0,ok,
microsoft/vscode,299235,https://github.com/microsoft/vscode/pull/299235,Fix singleSelect freeform answer showing [object Object] after reload,2026-03-04T17:04:41Z,2026-03-04T18:06:33Z,2026-03-04T18:06:33Z,2026-04-18T23:31:54Z,2026-09-25T15:22:20Z,Copilot,Bot,CONTRIBUTOR,4,0,1,3,2,2,1,0,True,False,0,ok,
microsoft/vscode,299302,https://github.com/microsoft/vscode/pull/299302,fix reading configuration from workspace folders,2026-03-04T22:24:14Z,2026-03-05T06:59:20Z,2026-03-05T06:59:20Z,2026-04-19T23:32:10Z,2026-09-25T15:22:21Z,sandy081,User,MEMBER,710,14,6,2,2,2,1,0,True,False,0,ok,
microsoft/vscode,299626,https://github.com/microsoft/vscode/pull/299626,Bump dompurify from 3.2.7 to 3.3.2 in /extensions/mermaid-chat-features,2026-03-05T22:27:50Z,2026-03-06T06:04:35Z,2026-03-06T06:04:35Z,2026-04-20T23:33:35Z,2026-09-25T15:22:22Z,dependabot[bot],Bot,CONTRIBUTOR,8,5,2,2,1,1,1,0,True,False,0,ok,
microsoft/vscode,299885,https://github.com/microsoft/vscode/pull/299885,chat: toggle queue/steer keybindings based on context,2026-03-06T22:49:07Z,2026-03-06T23:24:05Z,2026-03-06T23:24:05Z,2026-04-20T23:33:33Z,2026-09-25T15:22:23Z,connor4312,User,MEMBER,51,8,4,2,2,2,1,0,True,False,0,ok,
microsoft/vscode,300202,https://github.com/microsoft/vscode/pull/300202,Agent feedback improvements,2026-03-09T15:50:42Z,2026-03-09T23:47:31Z,2026-03-09T23:47:31Z,2026-04-28T23:38:30Z,2026-09-25T15:22:25Z,benibenj,User,CONTRIBUTOR,527,55,11,3,3,3,2,0,True,False,1,ok,
microsoft/vscode,300453,https://github.com/microsoft/vscode/pull/300453,Update action for the title bar,2026-03-10T14:32:10Z,2026-03-10T19:20:43Z,2026-03-10T19:20:43Z,2026-04-24T23:33:18Z,2026-09-25T15:22:27Z,dmitrivMS,User,COLLABORATOR,1356,739,18,6,5,3,1,0,True,False,0,ok,
microsoft/vscode,293749,https://github.com/microsoft/vscode/pull/293749,Use context for line breaks computation,2026-02-08T11:43:09Z,2026-03-11T13:07:05Z,2026-03-11T13:07:05Z,2026-04-26T23:33:02Z,2026-09-25T15:22:28Z,aiday-mar,User,CONTRIBUTOR,129,182,13,9,3,3,2,0,True,False,0,ok,
microsoft/vscode,300899,https://github.com/microsoft/vscode/pull/300899,Fix: comment typo in authIssuers proposal,2026-03-11T19:52:45Z,2026-03-12T04:17:16Z,2026-03-12T04:17:16Z,2026-04-26T23:32:51Z,2026-09-25T15:22:30Z,12LuA,User,CONTRIBUTOR,2,2,1,1,3,3,2,0,True,False,0,ok,
microsoft/vscode,301520,https://github.com/microsoft/vscode/pull/301520,Fix focus issue and turn on update title bar entry for Insiders,2026-03-13T15:56:05Z,2026-03-13T16:11:22Z,2026-03-13T16:11:22Z,2026-04-27T23:37:52Z,2026-09-25T15:22:31Z,dmitrivMS,User,COLLABORATOR,5,4,2,2,2,2,1,0,True,False,0,ok,
microsoft/vscode,301958,https://github.com/microsoft/vscode/pull/301958,update version to 1.113,2026-03-16T06:39:59Z,2026-03-16T08:38:13Z,2026-03-16T08:38:13Z,2026-04-30T23:37:33Z,2026-09-25T15:22:32Z,jrieken,User,CONTRIBUTOR,3,3,2,1,2,2,1,0,True,False,0,ok,
microsoft/vscode,302401,https://github.com/microsoft/vscode/pull/302401,Agent feedback: show input on diff hunk click and include diff context in attachments,2026-03-17T10:33:24Z,2026-03-17T11:15:57Z,2026-03-17T11:15:57Z,2026-05-01T23:37:21Z,2026-09-25T15:22:34Z,benibenj,User,CONTRIBUTOR,425,73,8,7,2,2,1,0,True,False,0,ok,
microsoft/vscode,302594,https://github.com/microsoft/vscode/pull/302594,fix: create agent feedback editor widgets in reverse order for correct z-ordering,2026-03-17T22:47:20Z,2026-03-17T23:54:07Z,2026-03-17T23:54:07Z,2026-05-03T23:33:53Z,2026-09-25T15:22:35Z,benibenj,User,CONTRIBUTOR,5,1,1,1,2,2,1,0,True,False,0,ok,
microsoft/vscode,302834,https://github.com/microsoft/vscode/pull/302834,[TerminalSandboxing]: Include workspace folders as default in the sandbox config,2026-03-18T14:13:55Z,2026-03-18T14:41:36Z,2026-03-18T14:41:36Z,2026-05-02T23:33:21Z,2026-09-25T15:22:36Z,dileepyavan,User,MEMBER,99,3,2,2,2,2,1,0,True,False,0,ok,
microsoft/vscode,303002,https://github.com/microsoft/vscode/pull/303002,Remove legacy sessionOptions string value,2026-03-18T21:55:58Z,2026-03-18T23:15:00Z,2026-03-18T23:15:00Z,2026-05-02T23:33:09Z,2026-09-25T15:22:37Z,mjbvz,User,CONTRIBUTOR,80,105,13,3,3,3,1,0,True,False,0,ok,
microsoft/vscode,303267,https://github.com/microsoft/vscode/pull/303267,Sessions: Consider making `Group by Repository` the default state (fix #303014),2026-03-19T17:13:49Z,2026-03-19T18:21:50Z,2026-03-19T18:21:51Z,2026-05-07T23:38:12Z,2026-09-25T15:22:39Z,bpasero,User,CONTRIBUTOR,6,2,1,2,2,2,1,0,True,False,0,ok,
microsoft/vscode,298304,https://github.com/microsoft/vscode/pull/298304,fixes vscode-internalbacklog#6911,2026-02-27T17:42:17Z,2026-03-20T14:03:54Z,2026-03-20T14:03:54Z,2026-05-06T23:36:45Z,2026-09-25T15:22:40Z,isidorn,User,NONE,6,0,1,2,2,2,1,0,True,False,0,ok,
microsoft/vscode,303625,https://github.com/microsoft/vscode/pull/303625,Try to clean up inProgress handling for chat sessions,2026-03-20T22:03:02Z,2026-03-20T23:31:58Z,2026-03-20T23:31:58Z,2026-05-04T23:37:20Z,2026-09-25T15:22:41Z,mjbvz,User,CONTRIBUTOR,38,54,4,1,2,2,1,0,True,False,0,ok,
microsoft/vscode,303955,https://github.com/microsoft/vscode/pull/303955,Git - optimize worktree ignored-path computation,2026-03-23T04:38:22Z,2026-03-23T07:55:47Z,2026-03-23T07:55:47Z,2026-05-15T23:40:47Z,2026-09-25T15:22:42Z,xingsy97,User,MEMBER,1,1,1,1,3,3,2,0,True,False,0,ok,
microsoft/vscode,304253,https://github.com/microsoft/vscode/pull/304253,release: fix #303771 ,2026-03-23T20:09:02Z,2026-03-23T22:52:30Z,2026-03-23T22:52:30Z,2026-07-08T23:42:04Z,2026-09-25T15:22:44Z,rebornix,User,CONTRIBUTOR,4,2,1,1,1,1,1,0,True,False,0,ok,
microsoft/vscode,304523,https://github.com/microsoft/vscode/pull/304523,prompts: fix agent plugin hooks being picked up multiple times,2026-03-24T17:19:37Z,2026-03-24T18:21:10Z,2026-03-24T18:21:11Z,2026-05-08T23:38:48Z,2026-09-25T15:22:45Z,connor4312,User,MEMBER,20,1,4,3,2,2,1,0,True,False,0,ok,
microsoft/vscode,304532,https://github.com/microsoft/vscode/pull/304532,Chat Session Customizations initial Sketch,2026-03-24T17:53:24Z,2026-03-26T01:18:17Z,2026-03-26T01:18:17Z,2026-05-13T23:40:37Z,2026-09-25T15:22:47Z,joshspicer,User,CONTRIBUTOR,777,75,26,30,20,4,1,0,True,False,0,ok,
microsoft/vscode,304920,https://github.com/microsoft/vscode/pull/304920,Bump picomatch from 2.3.1 to 2.3.2 in /extensions/markdown-language-features,2026-03-25T21:56:33Z,2026-03-26T21:47:57Z,2026-03-26T21:47:57Z,2026-05-10T23:36:23Z,2026-09-25T15:22:48Z,dependabot[bot],Bot,CONTRIBUTOR,6,5,2,2,1,1,1,0,True,False,0,ok,
microsoft/vscode,305593,https://github.com/microsoft/vscode/pull/305593,Sessions - fix changes inline toolbar and polish picker,2026-03-27T09:42:10Z,2026-03-27T10:27:05Z,2026-03-27T10:27:05Z,2026-05-11T23:40:07Z,2026-09-25T15:22:50Z,lszomoru,User,MEMBER,122,22,8,4,3,3,2,0,True,False,0,ok,
microsoft/vscode,305745,https://github.com/microsoft/vscode/pull/305745,"Browser view native ""add to chat"" features",2026-03-27T17:12:47Z,2026-03-27T18:50:49Z,2026-03-27T18:50:49Z,2026-05-11T23:39:54Z,2026-09-25T15:22:52Z,kycutler,User,COLLABORATOR,566,75,7,2,3,3,2,0,True,False,1,ok,
microsoft/vscode,306053,https://github.com/microsoft/vscode/pull/306053,sessions: refactor title bar to use sessions management service and add sessions picker command,2026-03-29T02:36:21Z,2026-03-29T03:22:42Z,2026-03-29T03:22:42Z,2026-05-13T23:40:25Z,2026-09-25T15:22:53Z,sandy081,User,MEMBER,145,78,4,7,2,2,1,0,True,False,0,ok,
microsoft/vscode,306224,https://github.com/microsoft/vscode/pull/306224,Default files.watcherExclude patterns cause CPU stall on large repos due to pathological regex (fix #305923),2026-03-30T05:55:56Z,2026-03-30T17:03:46Z,2026-03-30T17:03:46Z,2026-05-14T23:39:26Z,2026-09-25T15:22:54Z,bpasero,User,CONTRIBUTOR,10,7,2,1,2,2,1,0,True,False,0,ok,
microsoft/vscode,306650,https://github.com/microsoft/vscode/pull/306650,"Revert ""theme: add notification for auto-updated default themes""",2026-03-31T08:25:17Z,2026-03-31T09:01:53Z,2026-03-31T09:01:53Z,2026-05-17T23:40:05Z,2026-09-25T15:22:56Z,mrleemurray,User,CONTRIBUTOR,0,51,1,1,2,2,1,0,True,False,0,ok,
microsoft/vscode,306973,https://github.com/microsoft/vscode/pull/306973,Encourage browser tab reuse in open tools,2026-03-31T23:18:43Z,2026-03-31T23:37:55Z,2026-03-31T23:37:55Z,2026-05-15T23:39:52Z,2026-09-25T15:22:57Z,kycutler,User,COLLABORATOR,77,2,3,1,2,2,1,0,True,False,0,ok,
microsoft/vscode,307181,https://github.com/microsoft/vscode/pull/307181,Remove redundant LLM error assessment from terminal output monitor,2026-04-01T15:43:16Z,2026-04-01T17:48:34Z,2026-04-01T17:48:34Z,2026-05-16T23:36:32Z,2026-09-25T15:22:59Z,meganrogge,User,COLLABORATOR,33,67,5,4,3,3,2,0,True,False,1,ok,
microsoft/vscode,307387,https://github.com/microsoft/vscode/pull/307387,fix: agent app cleanup post update on windows,2026-04-02T10:27:44Z,2026-04-02T13:56:48Z,2026-04-02T13:56:48Z,2026-05-17T23:39:52Z,2026-09-25T15:23:00Z,deepak1556,User,COLLABORATOR,24,7,8,2,4,3,1,0,True,False,0,ok,
microsoft/vscode,307545,https://github.com/microsoft/vscode/pull/307545,feat: add ChatHookProvider to chatPromptFiles API,2026-04-03T01:32:33Z,2026-04-03T16:32:05Z,2026-04-03T16:32:05Z,2026-05-18T23:41:38Z,2026-09-25T15:23:02Z,joshspicer,User,CONTRIBUTOR,177,6,9,2,2,2,1,0,True,False,0,ok,
microsoft/vscode,308000,https://github.com/microsoft/vscode/pull/308000,fix chat terminal leaks,2026-04-06T14:22:03Z,2026-04-06T17:21:33Z,2026-04-06T17:21:33Z,2026-05-21T23:40:13Z,2026-09-25T15:23:04Z,meganrogge,User,COLLABORATOR,277,332,6,5,7,4,2,0,True,False,1,ok,
microsoft/vscode,304795,https://github.com/microsoft/vscode/pull/304795,inlineChat: clamp input widget horizontally to stay within editor viewport,2026-03-25T15:44:28Z,2026-04-07T09:26:00Z,2026-04-07T09:26:00Z,2026-05-22T23:42:57Z,2026-09-25T15:23:06Z,jrieken,User,CONTRIBUTOR,17,6,1,8,4,2,3,0,True,False,2,ok,
microsoft/vscode,308330,https://github.com/microsoft/vscode/pull/308330,"Revert ""Refactor enableThinking/reasoningEffort into IModelCapabilityOptions""",2026-04-07T21:28:31Z,2026-04-07T21:50:23Z,2026-04-07T21:50:23Z,2026-05-22T23:42:02Z,2026-09-25T15:23:07Z,bhavyaus,User,COLLABORATOR,103,124,16,1,2,2,1,0,True,False,0,ok,
microsoft/vscode,308479,https://github.com/microsoft/vscode/pull/308479,nes: fix: NES cache should respect line endings when applying edits to document contents ',2026-04-08T10:54:52Z,2026-04-08T11:17:27Z,2026-04-08T11:17:27Z,2026-05-23T23:40:16Z,2026-09-25T15:23:08Z,ulugbekna,User,CONTRIBUTOR,97,4,2,1,2,2,1,0,True,False,0,ok,
microsoft/vscode,308636,https://github.com/microsoft/vscode/pull/308636,Remove now unused `ChatSessionChangedFile` interface,2026-04-08T23:24:11Z,2026-04-08T23:46:36Z,2026-04-08T23:46:36Z,2026-05-24T23:40:53Z,2026-09-25T15:23:09Z,mjbvz,User,CONTRIBUTOR,1,33,3,1,2,2,1,0,True,False,0,ok,
microsoft/vscode,308781,https://github.com/microsoft/vscode/pull/308781,Sessions - fix title menu context when switching between views,2026-04-09T13:45:33Z,2026-04-09T14:28:09Z,2026-04-09T14:28:09Z,2026-07-08T23:41:52Z,2026-09-25T15:23:10Z,lszomoru,User,MEMBER,7,6,1,1,2,2,1,0,True,False,0,ok,
microsoft/vscode,308903,https://github.com/microsoft/vscode/pull/308903,track tools inside thinking,2026-04-09T23:14:53Z,2026-04-10T00:00:02Z,2026-04-10T00:00:02Z,2026-05-25T23:42:31Z,2026-09-25T15:23:12Z,justschen,User,COLLABORATOR,37,0,1,2,2,2,1,0,True,False,0,ok,
microsoft/vscode,308991,https://github.com/microsoft/vscode/pull/308991,handle edge cases while updating built in extensions,2026-04-10T10:43:45Z,2026-04-10T17:02:03Z,2026-04-10T17:02:03Z,2026-05-25T23:42:31Z,2026-09-25T15:23:14Z,sandy081,User,MEMBER,13,0,1,3,5,5,4,0,True,False,3,ok,
microsoft/vscode,309239,https://github.com/microsoft/vscode/pull/309239,Chat - add null checks for editingSession across await boundaries,2026-04-12T01:13:33Z,2026-04-12T06:27:13Z,2026-04-12T06:27:14Z,2026-05-27T23:46:08Z,2026-09-25T15:23:15Z,roblourens,User,MEMBER,7,0,1,1,2,2,1,0,True,False,0,ok,
microsoft/vscode,309563,https://github.com/microsoft/vscode/pull/309563,fix #309128 and add docs to the sessions provider,2026-04-13T17:45:25Z,2026-04-13T18:16:45Z,2026-04-13T18:16:45Z,2026-05-28T23:49:33Z,2026-09-25T15:23:17Z,sandy081,User,MEMBER,194,574,12,1,2,2,1,0,True,False,0,ok,
microsoft/vscode,309678,https://github.com/microsoft/vscode/pull/309678,Repo info telemetry update,2026-04-13T23:58:40Z,2026-04-14T02:41:03Z,2026-04-14T02:41:03Z,2026-06-02T23:59:03Z,2026-09-25T15:23:18Z,vijayupadya,User,CONTRIBUTOR,31,16,1,2,3,3,1,0,True,False,0,ok,
microsoft/vscode,309611,https://github.com/microsoft/vscode/pull/309611,dispose terminal bg event listeners if session is cancelled,2026-04-13T20:31:31Z,2026-04-14T16:46:05Z,2026-04-14T16:46:05Z,2026-06-02T23:59:03Z,2026-09-25T15:23:20Z,meganrogge,User,COLLABORATOR,50,5,4,5,3,3,2,0,True,False,1,ok,
microsoft/vscode,309998,https://github.com/microsoft/vscode/pull/309998,sessions: add accent-tinted shell background,2026-04-14T21:46:04Z,2026-04-15T02:17:27Z,2026-04-15T02:17:27Z,2026-05-30T23:41:09Z,2026-09-25T15:23:22Z,hawkticehurst,User,MEMBER,138,13,7,5,5,4,3,0,True,False,2,ok,
microsoft/vscode,310199,https://github.com/microsoft/vscode/pull/310199,Refactoring labels.,2026-04-15T17:58:45Z,2026-04-15T19:29:05Z,2026-04-15T19:29:05Z,2026-05-30T23:40:57Z,2026-09-25T15:23:23Z,dileepyavan,User,MEMBER,16,3,3,9,2,2,1,0,True,False,0,ok,
microsoft/vscode,310729,https://github.com/microsoft/vscode/pull/310729,Agents - enable editors in the workbench,2026-04-16T12:49:39Z,2026-04-16T13:59:16Z,2026-04-16T13:59:16Z,2026-05-31T23:41:40Z,2026-09-25T15:23:24Z,lszomoru,User,MEMBER,2,1,1,1,2,2,1,0,True,False,0,ok,
microsoft/vscode,310882,https://github.com/microsoft/vscode/pull/310882,Make sure we clear  notebook styles,2026-04-17T01:21:25Z,2026-04-17T01:54:25Z,2026-04-17T01:54:25Z,2026-06-01T23:48:41Z,2026-09-25T15:23:25Z,mjbvz,User,CONTRIBUTOR,2,0,1,1,2,2,1,0,True,False,0,ok,
microsoft/vscode,310169,https://github.com/microsoft/vscode/pull/310169,Disabling walkthrough for web,2026-04-15T16:10:24Z,2026-04-17T18:03:48Z,2026-04-17T18:03:48Z,2026-06-01T23:48:41Z,2026-09-25T15:23:26Z,cwebster-99,User,MEMBER,2,2,1,1,2,2,1,0,True,False,0,ok,
microsoft/vscode,311193,https://github.com/microsoft/vscode/pull/311193,"Agents - do not show ""Mark as Done"" action when there are incoming changes",2026-04-18T19:43:33Z,2026-04-18T22:34:13Z,2026-04-18T22:34:13Z,2026-06-02T23:59:01Z,2026-09-25T15:23:28Z,lszomoru,User,MEMBER,1,0,1,1,2,2,1,0,True,False,0,ok,
microsoft/vscode,311409,https://github.com/microsoft/vscode/pull/311409,"Revert ""Update endgame notebook milestones to 1.118.0""",2026-04-20T16:48:33Z,2026-04-20T17:10:53Z,2026-04-20T17:10:54Z,2026-06-04T23:46:49Z,2026-09-25T15:23:29Z,benvillalobos,User,MEMBER,2,2,2,1,2,2,1,0,True,False,0,ok,
microsoft/vscode,311573,https://github.com/microsoft/vscode/pull/311573,Fix incremental renderer in paragraph buffer mode,2026-04-21T00:54:32Z,2026-04-21T01:39:48Z,2026-04-21T01:39:48Z,2026-06-05T23:46:14Z,2026-09-25T15:23:30Z,pwang347,User,MEMBER,71,5,3,3,2,2,1,0,True,False,0,ok,
microsoft/vscode,311706,https://github.com/microsoft/vscode/pull/311706,Fix InstallFromSourceAction disposal and accessor errors,2026-04-21T15:46:41Z,2026-04-21T18:30:05Z,2026-04-21T18:30:05Z,2026-06-05T23:46:12Z,2026-09-25T15:23:31Z,ulugbekna,User,CONTRIBUTOR,14,5,1,2,2,2,1,0,True,False,0,ok,
microsoft/vscode,311889,https://github.com/microsoft/vscode/pull/311889,ci: fix universal build post tsgo transition,2026-04-22T11:03:36Z,2026-04-22T11:25:26Z,2026-04-22T11:25:26Z,2026-06-06T23:41:06Z,2026-09-25T15:23:32Z,deepak1556,User,COLLABORATOR,1,0,1,1,2,2,1,0,True,False,0,ok,
microsoft/vscode,312021,https://github.com/microsoft/vscode/pull/312021,agentHost: add url permission request handling and refine confirmation titles,2026-04-22T22:18:52Z,2026-04-22T22:40:25Z,2026-04-22T22:40:25Z,2026-06-06T23:41:05Z,2026-09-25T15:23:34Z,connor4312,User,MEMBER,24,9,1,2,2,2,1,0,True,False,0,ok,
microsoft/vscode,312116,https://github.com/microsoft/vscode/pull/312116,fix view menu,2026-04-23T10:55:03Z,2026-04-23T11:16:51Z,2026-04-23T11:16:51Z,2026-06-07T23:41:43Z,2026-09-25T15:23:35Z,sandy081,User,MEMBER,60,123,11,1,2,2,1,0,True,False,0,ok,
microsoft/vscode,312234,https://github.com/microsoft/vscode/pull/312234,mcp: add .mcp.json workspace discovery and server collision handling,2026-04-23T21:42:18Z,2026-04-23T22:18:41Z,2026-04-23T22:18:41Z,2026-06-07T23:41:42Z,2026-09-25T15:23:36Z,connor4312,User,MEMBER,611,56,22,3,2,2,1,0,True,False,0,ok,
microsoft/vscode,312204,https://github.com/microsoft/vscode/pull/312204,"Agents - hide ""Open File"" and ""Open Changes"" action for folders",2026-04-23T19:27:31Z,2026-04-24T13:34:15Z,2026-04-24T13:34:15Z,2026-06-08T23:47:09Z,2026-09-25T15:23:37Z,lszomoru,User,MEMBER,20,19,3,1,2,2,1,0,True,False,0,ok,
microsoft/vscode,312447,https://github.com/microsoft/vscode/pull/312447,fix corner cut in border animation,2026-04-24T22:49:48Z,2026-04-24T23:40:40Z,2026-04-24T23:40:40Z,2026-06-08T23:46:57Z,2026-09-25T15:23:38Z,justschen,User,COLLABORATOR,11,1,1,1,2,2,1,0,True,False,0,ok,
microsoft/vscode,312678,https://github.com/microsoft/vscode/pull/312678,Engineering - capture build hour at the start of the stage execution,2026-04-27T08:23:08Z,2026-04-27T08:46:23Z,2026-04-27T08:46:23Z,2026-06-11T23:54:29Z,2026-09-25T15:23:40Z,lszomoru,User,MEMBER,5,2,1,1,2,2,1,0,True,False,0,ok,
microsoft/vscode,312901,https://github.com/microsoft/vscode/pull/312901,fix: handle BudgetExceededError after background compaction re-render,2026-04-27T20:51:37Z,2026-04-27T21:31:29Z,2026-04-27T21:31:29Z,2026-06-11T23:54:16Z,2026-09-25T15:23:41Z,bhavyaus,User,COLLABORATOR,14,5,1,2,2,2,1,0,True,False,0,ok,
microsoft/vscode,313032,https://github.com/microsoft/vscode/pull/313032,cli: implement client AHP control functionality,2026-04-28T15:14:41Z,2026-04-28T16:59:49Z,2026-04-28T16:59:49Z,2026-06-12T23:53:25Z,2026-09-25T15:23:42Z,connor4312,User,MEMBER,2672,1167,39,4,2,2,1,0,True,False,0,ok,
microsoft/vscode,313244,https://github.com/microsoft/vscode/pull/313244,Detect chevron-style interactive prompts and fix indefinite foreground hang on unrecognised prompts,2026-04-29T14:41:34Z,2026-04-29T16:04:03Z,2026-04-29T16:04:03Z,2026-06-13T23:42:53Z,2026-09-25T15:23:43Z,meganrogge,User,COLLABORATOR,77,4,3,6,3,2,1,0,True,False,0,ok,
microsoft/vscode,313381,https://github.com/microsoft/vscode/pull/313381,Make sure we still set isInitialized when git is disabled or not active,2026-04-29T23:43:41Z,2026-04-30T01:00:50Z,2026-04-30T01:00:51Z,2026-06-14T23:46:56Z,2026-09-25T15:23:44Z,mjbvz,User,CONTRIBUTOR,1,0,1,1,2,2,1,0,True,False,0,ok,
microsoft/vscode,312545,https://github.com/microsoft/vscode/pull/312545,Add structured preview for markdown customizations,2026-04-25T18:07:13Z,2026-04-30T18:55:49Z,2026-04-30T18:55:49Z,2026-06-14T23:47:07Z,2026-09-25T15:23:46Z,OrenMe,User,CONTRIBUTOR,861,35,5,6,4,3,3,0,True,False,1,ok,
microsoft/vscode,312284,https://github.com/microsoft/vscode/pull/312284,Few chronicle updates,2026-04-24T02:12:05Z,2026-05-01T18:04:49Z,2026-05-01T18:04:49Z,2026-06-15T23:59:58Z,2026-09-25T15:23:48Z,vijayupadya,User,CONTRIBUTOR,2216,72,29,23,10,3,1,0,True,False,0,ok,
microsoft/vscode,313940,https://github.com/microsoft/vscode/pull/313940,skip sandbox approvals for autopilot/bypass,2026-05-03T08:45:00Z,2026-05-03T19:43:05Z,2026-05-03T19:43:05Z,2026-06-17T23:52:31Z,2026-09-25T15:23:50Z,justschen,User,COLLABORATOR,11,2,2,4,3,3,2,0,True,False,1,ok,
microsoft/vscode,314169,https://github.com/microsoft/vscode/pull/314169,[cherry-pick] Model picker styling updates,2026-05-04T17:47:34Z,2026-05-04T20:55:25Z,2026-05-04T20:55:25Z,2026-06-18T23:58:06Z,2026-09-25T15:23:51Z,vs-code-engineering[bot],Bot,CONTRIBUTOR,30,28,4,1,1,1,1,0,True,False,0,ok,
microsoft/vscode,314321,https://github.com/microsoft/vscode/pull/314321,Improve sessions list rendering on phone layout,2026-05-05T04:46:51Z,2026-05-05T05:27:39Z,2026-05-05T05:27:39Z,2026-06-19T23:43:26Z,2026-09-25T15:23:52Z,osortega,User,CONTRIBUTOR,135,4,2,2,2,2,1,0,True,False,0,ok,
microsoft/vscode,314551,https://github.com/microsoft/vscode/pull/314551,sessions: remove theme step from welcome flow and update title,2026-05-05T21:40:09Z,2026-05-05T23:01:23Z,2026-05-05T23:01:23Z,2026-06-19T23:43:25Z,2026-09-25T15:23:53Z,sandy081,User,MEMBER,9,231,2,1,2,2,1,0,True,False,0,ok,
microsoft/vscode,314730,https://github.com/microsoft/vscode/pull/314730,chore: track running agents app via marker file,2026-05-06T14:06:04Z,2026-05-06T14:58:04Z,2026-05-06T14:58:04Z,2026-06-20T23:46:03Z,2026-09-25T15:23:55Z,deepak1556,User,COLLABORATOR,76,0,2,2,4,3,2,0,True,False,1,ok,
microsoft/vscode,314571,https://github.com/microsoft/vscode/pull/314571,feat(sessions): mobile bottom-sheet picker for opened-chat input,2026-05-05T22:52:20Z,2026-05-07T02:29:57Z,2026-05-07T02:29:57Z,2026-06-21T23:49:06Z,2026-09-25T15:23:57Z,osortega,User,CONTRIBUTOR,814,147,14,9,2,2,1,0,True,False,0,ok,
microsoft/vscode,315000,https://github.com/microsoft/vscode/pull/315000,updates component explorer,2026-05-07T12:44:42Z,2026-05-07T16:43:11Z,2026-05-07T16:43:11Z,2026-06-21T23:48:54Z,2026-09-25T15:24:00Z,hediet,User,MEMBER,100,62,11,1,3,3,2,0,True,False,1,ok,
microsoft/vscode,315132,https://github.com/microsoft/vscode/pull/315132,fix: include sidekick YAML definitions in .vscodeignore,2026-05-07T23:34:53Z,2026-05-08T07:06:50Z,2026-05-08T07:06:50Z,2026-06-22T23:48:34Z,2026-09-25T15:24:01Z,DonJayamanne,User,CONTRIBUTOR,1,0,1,1,2,2,1,0,True,False,0,ok,
microsoft/vscode,315327,https://github.com/microsoft/vscode/pull/315327,chat: gate agent host input completions on trigger characters,2026-05-08T18:16:51Z,2026-05-08T18:57:33Z,2026-05-08T18:57:33Z,2026-06-22T23:48:21Z,2026-09-25T15:24:02Z,connor4312,User,MEMBER,266,90,5,2,2,2,1,0,True,False,0,ok,
microsoft/vscode,315503,https://github.com/microsoft/vscode/pull/315503,Fix empty chat response when first message exceeds budget,2026-05-10T00:40:35Z,2026-05-10T01:08:33Z,2026-05-10T01:08:33Z,2026-06-24T23:45:33Z,2026-09-25T15:24:04Z,bhavyaus,User,COLLABORATOR,15,5,3,1,2,2,1,0,True,False,0,ok,
microsoft/vscode,315700,https://github.com/microsoft/vscode/pull/315700,Agents - fix chat part right margin when the auxiliary bar is not being shown,2026-05-11T15:37:56Z,2026-05-11T16:45:50Z,2026-05-11T16:45:50Z,2026-06-25T23:49:26Z,2026-09-25T15:24:05Z,lszomoru,User,MEMBER,11,2,3,3,2,2,1,0,True,False,0,ok,
microsoft/vscode,315913,https://github.com/microsoft/vscode/pull/315913,Cache UBB state for startup,2026-05-12T00:10:02Z,2026-05-12T02:06:37Z,2026-05-12T02:06:37Z,2026-06-26T23:44:45Z,2026-09-25T15:24:06Z,pwang347,User,MEMBER,15,1,1,2,2,2,1,0,True,False,0,ok,
microsoft/vscode,316048,https://github.com/microsoft/vscode/pull/316048,Bump @protobufjs/utf8 from 1.1.0 to 1.1.1 in /extensions/copilot,2026-05-12T16:31:42Z,2026-05-12T18:02:49Z,2026-05-12T18:02:49Z,2026-06-26T23:44:33Z,2026-09-25T15:24:07Z,dependabot[bot],Bot,CONTRIBUTOR,3,3,1,1,2,2,1,0,True,False,0,ok,
microsoft/vscode,315558,https://github.com/microsoft/vscode/pull/315558,Bump @vscode/gulp-electron to 1.41.3 (retry transient network errors),2026-05-10T18:30:29Z,2026-05-13T02:33:35Z,2026-05-13T02:33:35Z,2026-06-27T23:40:48Z,2026-09-25T15:24:09Z,dmitrivMS,User,COLLABORATOR,5,5,2,4,5,3,1,0,True,False,0,ok,
microsoft/vscode,316308,https://github.com/microsoft/vscode/pull/316308,Add title and context menu for frontmatter in markdown preview,2026-05-13T20:43:36Z,2026-05-13T21:11:31Z,2026-05-13T21:11:31Z,2026-06-27T23:40:36Z,2026-09-25T15:24:10Z,mjbvz,User,CONTRIBUTOR,38,5,6,1,2,2,1,0,True,False,0,ok,
microsoft/vscode,316499,https://github.com/microsoft/vscode/pull/316499,chat: recover failed agent host subscriptions,2026-05-14T20:47:46Z,2026-05-14T21:25:32Z,2026-05-14T21:25:32Z,2026-06-28T23:43:31Z,2026-09-25T15:24:12Z,connor4312,User,MEMBER,54,3,2,1,2,2,1,0,True,False,0,ok,
microsoft/vscode,316534,https://github.com/microsoft/vscode/pull/316534,Add support for utility model overrides in chat,2026-05-15T01:09:46Z,2026-05-15T20:20:09Z,2026-05-15T20:20:09Z,2026-06-29T23:40:19Z,2026-09-25T15:24:14Z,vritant24,User,MEMBER,919,32,11,29,20,4,3,0,True,False,2,ok,
microsoft/vscode,316811,https://github.com/microsoft/vscode/pull/316811,Avoid blocking Copilot model selection on utility alias resolution,2026-05-16T22:58:26Z,2026-05-17T23:12:35Z,2026-05-17T23:12:35Z,2026-07-01T23:49:51Z,2026-09-25T15:24:15Z,vritant24,User,MEMBER,239,25,3,4,2,2,1,0,True,False,0,ok,
microsoft/vscode,317191,https://github.com/microsoft/vscode/pull/317191,[cherry-pick] Session title and session delete updates,2026-05-18T22:36:54Z,2026-05-18T23:28:13Z,2026-05-18T23:28:13Z,2026-07-02T23:42:17Z,2026-09-25T15:24:17Z,vs-code-engineering[bot],Bot,CONTRIBUTOR,147,42,9,1,4,4,3,0,True,False,0,ok,
microsoft/vscode,317354,https://github.com/microsoft/vscode/pull/317354,agentHost: apply organized AHP types,2026-05-19T18:12:51Z,2026-05-19T18:54:44Z,2026-05-19T18:54:44Z,2026-07-03T23:40:38Z,2026-09-25T15:24:18Z,connor4312,User,MEMBER,6467,6132,34,1,2,2,1,0,True,False,0,ok,
microsoft/vscode,317550,https://github.com/microsoft/vscode/pull/317550,Increase staging SAS duration as a temporary fix for the ESRP problem,2026-05-20T15:12:57Z,2026-05-20T15:42:45Z,2026-05-20T15:42:45Z,2026-07-04T23:40:49Z,2026-09-25T15:24:19Z,federicobrancasi,User,MEMBER,1,1,1,1,2,2,1,0,True,False,0,ok,
microsoft/vscode,317629,https://github.com/microsoft/vscode/pull/317629,agents sessions list pixel spinner + abstraction for spinner,2026-05-20T21:15:05Z,2026-05-21T07:35:54Z,2026-05-21T07:35:54Z,2026-07-05T23:41:14Z,2026-09-25T15:24:21Z,justschen,User,COLLABORATOR,208,118,6,2,2,2,1,0,True,False,0,ok,
microsoft/vscode,317884,https://github.com/microsoft/vscode/pull/317884,"Phase 10.5: unify ClaudeAgentSession lifecycle, retire ClaudeMaterializer",2026-05-21T23:12:56Z,2026-05-21T23:49:35Z,2026-05-21T23:49:35Z,2026-07-06T23:41:52Z,2026-09-25T15:24:22Z,TylerLeonhardt,User,MEMBER,911,762,9,2,2,2,1,0,True,False,0,ok,
microsoft/vscode,317843,https://github.com/microsoft/vscode/pull/317843,"build(deps): bump uuid, @azure/cosmos, @azure/identity and @azure/msal-node in /build",2026-05-21T20:22:09Z,2026-05-22T20:57:47Z,2026-05-22T20:57:47Z,2026-07-06T23:41:53Z,2026-09-25T15:24:23Z,dependabot[bot],Bot,CONTRIBUTOR,365,285,3,3,3,3,2,0,True,False,0,ok,
microsoft/vscode,318330,https://github.com/microsoft/vscode/pull/318330,Add 'developer-tools' icon and update codicons version,2026-05-26T10:24:39Z,2026-05-26T13:39:39Z,2026-05-26T13:39:39Z,2026-07-10T23:39:07Z,2026-09-25T15:24:24Z,mrleemurray,User,CONTRIBUTOR,11,10,5,3,2,2,1,0,True,False,0,ok,
microsoft/vscode,318491,https://github.com/microsoft/vscode/pull/318491,Chronicle: fold search_subagent trajectory into parent session,2026-05-27T02:32:48Z,2026-05-27T04:41:49Z,2026-05-27T04:41:49Z,2026-07-11T23:38:04Z,2026-09-25T15:24:25Z,digitarald,User,CONTRIBUTOR,2,2,1,1,2,2,1,0,True,False,0,ok,
microsoft/vscode,318638,https://github.com/microsoft/vscode/pull/318638,mcp: prefer announced server title for tool prefixes and picker labels,2026-05-27T22:13:18Z,2026-05-27T23:02:21Z,2026-05-27T23:02:21Z,2026-07-11T23:38:03Z,2026-09-25T15:24:27Z,connor4312,User,MEMBER,200,39,5,2,3,2,2,0,True,False,0,ok,
microsoft/vscode,318869,https://github.com/microsoft/vscode/pull/318869,otel: normalize gen_ai.response.model to match request format,2026-05-28T23:06:41Z,2026-05-29T06:52:51Z,2026-05-29T06:52:51Z,2026-07-13T23:40:08Z,2026-09-25T15:24:28Z,zhichli,User,CONTRIBUTOR,118,21,7,4,3,3,2,0,True,False,1,ok,
microsoft/vscode,318253,https://github.com/microsoft/vscode/pull/318253,Bump version to 1.123.0,2026-05-25T22:05:09Z,2026-05-29T21:58:28Z,2026-05-29T21:58:28Z,2026-07-13T23:40:20Z,2026-09-25T15:24:31Z,vs-code-engineering[bot],Bot,CONTRIBUTOR,8,8,4,4,7,7,6,0,True,False,4,ok,
microsoft/vscode,319216,https://github.com/microsoft/vscode/pull/319216,sessions: recover empty Agent Host session list after a failed initial refresh,2026-05-31T20:40:45Z,2026-06-01T00:03:10Z,2026-06-01T00:03:10Z,2026-07-16T23:39:15Z,2026-09-25T15:24:32Z,roblourens,User,MEMBER,171,6,4,3,5,3,1,0,True,False,0,ok,
microsoft/vscode,319467,https://github.com/microsoft/vscode/pull/319467,Gate subagents for BYOK endpoints and require gemini-3-flash for execution subagent,2026-06-01T22:13:47Z,2026-06-01T22:46:18Z,2026-06-01T22:46:18Z,2026-07-16T23:39:14Z,2026-09-25T15:24:33Z,bhavyaus,User,COLLABORATOR,18,12,1,1,2,2,1,0,True,False,0,ok,
microsoft/vscode,319601,https://github.com/microsoft/vscode/pull/319601,Browser: better tracking of per-window trust,2026-06-02T15:45:38Z,2026-06-02T17:02:24Z,2026-06-02T17:02:24Z,2026-07-17T23:37:17Z,2026-09-25T15:24:34Z,kycutler,User,COLLABORATOR,18,6,1,2,2,2,1,0,True,False,0,ok,
microsoft/vscode,319793,https://github.com/microsoft/vscode/pull/319793,Agents - add checkpoints based changesets for agent host sessions,2026-06-03T19:24:38Z,2026-06-03T20:15:16Z,2026-06-03T20:15:16Z,2026-07-18T23:37:24Z,2026-09-25T15:24:36Z,lszomoru,User,MEMBER,338,67,10,5,2,2,1,0,True,False,0,ok,
microsoft/vscode,319693,https://github.com/microsoft/vscode/pull/319693,Remove disabled toggle from the tab order,2026-06-03T08:05:59Z,2026-06-04T18:56:12Z,2026-06-04T18:56:12Z,2026-07-19T23:39:38Z,2026-09-25T15:24:37Z,yogeshwaran-c,User,CONTRIBUTOR,52,0,2,1,3,3,2,0,True,False,0,ok,
microsoft/vscode,320065,https://github.com/microsoft/vscode/pull/320065,Refactor border-radius styles for consistency,2026-06-05T09:20:09Z,2026-06-05T10:04:38Z,2026-06-05T10:04:38Z,2026-07-20T23:41:48Z,2026-09-25T15:24:38Z,mrleemurray,User,CONTRIBUTOR,109,96,34,4,2,2,1,0,True,False,0,ok,
microsoft/vscode,320185,https://github.com/microsoft/vscode/pull/320185,communing with the codebase,2026-06-05T21:16:14Z,2026-06-05T21:34:54Z,2026-06-05T21:34:54Z,2026-07-20T23:41:47Z,2026-09-25T15:24:39Z,justschen,User,COLLABORATOR,2,1,1,1,2,2,1,0,True,False,0,ok,
microsoft/vscode,320360,https://github.com/microsoft/vscode/pull/320360,Update endgame notebook milestones to 1.124.0,2026-06-08T07:26:05Z,2026-06-08T10:00:18Z,2026-06-08T10:00:18Z,2026-07-23T23:40:03Z,2026-09-25T15:24:40Z,vs-code-engineering[bot],Bot,CONTRIBUTOR,2,2,2,2,3,3,2,0,True,False,0,ok,
microsoft/vscode,320513,https://github.com/microsoft/vscode/pull/320513,Pick up current and future Claude models for tool search and prompt routing,2026-06-08T23:22:34Z,2026-06-08T23:54:41Z,2026-06-08T23:54:41Z,2026-07-24T23:41:13Z,2026-09-25T15:24:42Z,bhavyaus,User,COLLABORATOR,49,15,3,1,2,2,1,0,True,False,0,ok,
microsoft/vscode,319011,https://github.com/microsoft/vscode/pull/319011,fix: guard postToolUse hook against closed response stream (fixes #319003),2026-05-29T16:18:06Z,2026-06-09T20:46:23Z,2026-06-09T20:46:23Z,2026-07-24T23:43:40Z,2026-09-25T15:24:43Z,vs-code-engineering[bot],Bot,CONTRIBUTOR,5,0,1,2,4,3,2,0,True,False,0,ok,
microsoft/vscode,320800,https://github.com/microsoft/vscode/pull/320800,Support dynamic auto tooltip,2026-06-10T16:09:35Z,2026-06-10T19:36:54Z,2026-06-10T19:36:54Z,2026-07-25T23:40:33Z,2026-09-25T15:24:44Z,lramos15,User,MEMBER,10,3,3,5,2,2,1,0,True,False,0,ok,
microsoft/vscode,320905,https://github.com/microsoft/vscode/pull/320905,Propagate context window options from Copilot models to the picker,2026-06-11T06:52:12Z,2026-06-11T16:33:59Z,2026-06-11T16:33:59Z,2026-07-26T23:40:10Z,2026-09-25T15:24:46Z,dmitrivMS,User,COLLABORATOR,239,66,10,1,2,2,1,0,True,False,0,ok,
microsoft/vscode,321104,https://github.com/microsoft/vscode/pull/321104,Agents - add missing trusted-types,2026-06-12T08:34:47Z,2026-06-12T08:56:23Z,2026-06-12T08:56:23Z,2026-07-27T23:41:37Z,2026-09-25T15:24:47Z,lszomoru,User,MEMBER,2,0,2,1,2,2,1,0,True,False,0,ok,
microsoft/vscode,320523,https://github.com/microsoft/vscode/pull/320523,Preserve symbol attachment selection range,2026-06-09T00:36:02Z,2026-06-13T01:14:42Z,2026-06-13T01:14:42Z,2026-07-28T23:40:28Z,2026-09-25T15:24:48Z,dmitrivMS,User,COLLABORATOR,77,1,2,12,8,4,1,0,True,False,0,ok,
microsoft/vscode,321502,https://github.com/microsoft/vscode/pull/321502,PRU string cleanup,2026-06-15T19:47:45Z,2026-06-15T20:09:22Z,2026-06-15T20:09:22Z,2026-07-30T23:40:12Z,2026-09-25T15:24:49Z,pwang347,User,MEMBER,7,7,3,1,2,2,1,0,True,False,0,ok,
microsoft/vscode,321468,https://github.com/microsoft/vscode/pull/321468,Fix Tab key unable to reach webview content,2026-06-15T17:31:24Z,2026-06-16T15:49:40Z,2026-06-16T15:49:40Z,2026-07-31T23:40:52Z,2026-09-25T15:24:52Z,meganrogge,User,COLLABORATOR,12,0,1,7,4,3,3,0,True,False,2,ok,
microsoft/vscode,321730,https://github.com/microsoft/vscode/pull/321730,Update distro commit (main),2026-06-17T07:51:37Z,2026-06-17T10:45:29Z,2026-06-17T10:45:29Z,2026-08-01T23:40:10Z,2026-09-25T15:24:53Z,vs-code-engineering[bot],Bot,CONTRIBUTOR,1,1,1,1,3,3,2,0,True,False,0,ok,
microsoft/vscode,321880,https://github.com/microsoft/vscode/pull/321880,Remove specific branch reference from git clone command in mixin-vscode-capi.yml,2026-06-18T06:02:43Z,2026-06-18T06:25:12Z,2026-06-18T06:25:12Z,2026-08-02T23:40:22Z,2026-09-25T15:24:54Z,DonJayamanne,User,CONTRIBUTOR,1,1,1,1,2,2,1,0,True,False,0,ok,
microsoft/vscode,322019,https://github.com/microsoft/vscode/pull/322019,Improve terminal file write path quote normalization,2026-06-18T23:25:05Z,2026-06-19T03:36:20Z,2026-06-19T03:36:20Z,2026-08-03T23:42:46Z,2026-09-25T15:24:55Z,anthonykim1,User,CONTRIBUTOR,10,5,2,2,4,3,1,0,True,False,0,ok,
microsoft/vscode,322114,https://github.com/microsoft/vscode/pull/322114,fix: prevent unhandled rejection of language model result promise (fixes #322110),2026-06-19T15:31:20Z,2026-06-19T21:54:39Z,2026-06-19T21:54:39Z,2026-08-03T23:42:45Z,2026-09-25T15:24:57Z,vs-code-engineering[bot],Bot,CONTRIBUTOR,6,0,1,1,4,3,2,0,True,False,0,ok,
microsoft/vscode,322308,https://github.com/microsoft/vscode/pull/322308,Respect workspace trust for the local agent host,2026-06-21T21:57:18Z,2026-06-21T22:38:28Z,2026-06-21T22:38:28Z,2026-08-05T23:38:54Z,2026-09-25T15:24:58Z,roblourens,User,MEMBER,207,6,9,2,2,2,1,0,True,False,0,ok,
microsoft/vscode,322477,https://github.com/microsoft/vscode/pull/322477,Revert forceFistExecutionInSandbox,2026-06-23T00:39:27Z,2026-06-23T01:05:52Z,2026-06-23T01:05:52Z,2026-08-07T23:31:49Z,2026-09-25T15:24:59Z,dileepyavan,User,MEMBER,20,274,12,3,2,2,1,0,True,False,0,ok,
microsoft/vscode,322606,https://github.com/microsoft/vscode/pull/322606,chat: show active session MCP status,2026-06-23T20:18:08Z,2026-06-23T21:01:19Z,2026-06-23T21:01:19Z,2026-08-07T23:31:48Z,2026-09-25T15:25:01Z,connor4312,User,MEMBER,381,100,4,2,2,2,1,0,True,False,0,ok,
microsoft/vscode,322724,https://github.com/microsoft/vscode/pull/322724,Enable experiments for post update info,2026-06-24T13:44:26Z,2026-06-24T16:22:39Z,2026-06-24T16:22:39Z,2026-08-08T23:31:02Z,2026-09-25T15:25:03Z,cwebster-99,User,MEMBER,1,0,1,1,2,2,1,0,True,False,0,ok,
microsoft/vscode,321956,https://github.com/microsoft/vscode/pull/321956,fix: prevent expected Copilot auth error from leaking as unhandled rejection (fixes #321950),2026-06-18T16:22:43Z,2026-06-25T06:08:22Z,2026-06-25T06:08:22Z,2026-08-11T23:35:05Z,2026-09-25T15:25:04Z,vs-code-engineering[bot],Bot,CONTRIBUTOR,6,1,1,2,4,3,2,0,True,False,0,ok,
microsoft/vscode,323009,https://github.com/microsoft/vscode/pull/323009,"Revert ""ci: drop external DTD from minimal fontconfig to avoid expat NULL-deref crash""",2026-06-25T19:34:01Z,2026-06-25T21:33:19Z,2026-06-25T21:33:19Z,2026-08-09T23:31:13Z,2026-09-25T15:25:06Z,alexdima,User,MEMBER,7,16,1,1,5,5,4,0,True,False,0,ok,
microsoft/vscode,323118,https://github.com/microsoft/vscode/pull/323118,Style overrides: Adjust margins for activity bar composite in floating panels,2026-06-26T12:15:41Z,2026-06-26T12:45:21Z,2026-06-26T12:45:21Z,2026-08-10T23:32:03Z,2026-09-25T15:25:07Z,mrleemurray,User,CONTRIBUTOR,4,0,1,2,3,3,2,0,True,False,0,ok,
microsoft/vscode,323278,https://github.com/microsoft/vscode/pull/323278,smoke: write remote server exit diagnostics to a file,2026-06-27T17:17:28Z,2026-06-27T23:34:25Z,2026-06-27T23:34:26Z,2026-08-12T23:33:04Z,2026-09-25T15:25:09Z,alexdima,User,MEMBER,66,7,1,5,3,2,1,0,True,False,0,ok,
microsoft/vscode,321629,https://github.com/microsoft/vscode/pull/321629,chore: bump electron@42.5.0,2026-06-16T16:16:23Z,2026-06-29T13:53:48Z,2026-06-29T13:53:48Z,2026-08-13T23:38:22Z,2026-09-25T15:25:11Z,deepak1556,User,COLLABORATOR,506,788,27,12,4,4,3,0,True,False,2,ok,
microsoft/vscode,323606,https://github.com/microsoft/vscode/pull/323606,sessions: fix sessions picker closing immediately on Ctrl+R release,2026-06-29T20:18:56Z,2026-06-29T20:37:55Z,2026-06-29T20:37:55Z,2026-08-13T23:33:18Z,2026-09-25T15:25:12Z,sandy081,User,MEMBER,0,12,1,1,2,2,1,0,True,False,0,ok,
microsoft/vscode,323731,https://github.com/microsoft/vscode/pull/323731,onboarding: let developerMode bypass experiment gating + document eligibility rules,2026-06-30T14:41:48Z,2026-06-30T16:18:15Z,2026-06-30T16:18:15Z,2026-08-14T23:29:17Z,2026-09-25T15:25:14Z,benibenj,User,CONTRIBUTOR,105,10,5,3,2,2,1,0,True,False,0,ok,
microsoft/vscode,323892,https://github.com/microsoft/vscode/pull/323892,Enhance telemetry for findTextInFilesTool with requested max results,2026-07-01T16:11:47Z,2026-07-01T16:44:28Z,2026-07-01T16:44:28Z,2026-08-15T23:28:49Z,2026-09-25T15:25:15Z,dbaeumer,User,MEMBER,7,5,1,3,3,3,1,0,True,False,0,ok,
microsoft/vscode,324017,https://github.com/microsoft/vscode/pull/324017,Fix flaky unit-test test,2026-07-02T08:55:15Z,2026-07-02T09:09:15Z,2026-07-02T09:09:15Z,2026-08-16T23:28:43Z,2026-09-25T15:25:16Z,dmitrivMS,User,COLLABORATOR,31,6,1,1,2,2,1,0,True,False,0,ok,
microsoft/vscode,324140,https://github.com/microsoft/vscode/pull/324140,fix mismatched spinners in chat,2026-07-03T01:53:16Z,2026-07-03T06:15:09Z,2026-07-03T06:15:09Z,2026-08-17T23:31:38Z,2026-09-25T15:25:17Z,justschen,User,COLLABORATOR,115,3,3,2,4,3,1,0,True,False,0,ok,
microsoft/vscode,324301,https://github.com/microsoft/vscode/pull/324301,sessions: keep subagents live in the catalog and reflect their running status in the pill,2026-07-04T12:43:33Z,2026-07-04T16:56:27Z,2026-07-04T16:56:27Z,2026-08-18T23:29:41Z,2026-09-25T15:25:19Z,sandy081,User,MEMBER,149,12,6,4,4,3,1,0,True,False,0,ok,
microsoft/vscode,324570,https://github.com/microsoft/vscode/pull/324570,Add setting to use the main BYOK model as the default copilot utility model,2026-07-06T17:34:43Z,2026-07-06T18:19:02Z,2026-07-06T18:19:02Z,2026-08-20T23:32:08Z,2026-09-25T15:25:20Z,vritant24,User,MEMBER,167,35,6,4,3,3,2,0,True,False,0,ok,
microsoft/vscode,324726,https://github.com/microsoft/vscode/pull/324726,feat(chat): Enhance chat session management and user preferences,2026-07-07T10:19:20Z,2026-07-07T14:41:40Z,2026-07-07T14:41:40Z,2026-08-21T23:29:59Z,2026-09-25T15:25:21Z,DonJayamanne,User,CONTRIBUTOR,469,127,16,1,2,2,1,0,True,False,0,ok,
microsoft/vscode,324866,https://github.com/microsoft/vscode/pull/324866,Add Claude Sonnet 5 and Opus 4.8 prompt configurations,2026-07-08T05:26:33Z,2026-07-08T07:00:45Z,2026-07-08T07:00:45Z,2026-08-22T23:29:43Z,2026-09-25T15:25:22Z,bhavyaus,User,COLLABORATOR,66,47,4,1,3,3,2,0,True,False,0,ok,
microsoft/vscode,324997,https://github.com/microsoft/vscode/pull/324997,Make voice transcript per-session,2026-07-08T16:57:34Z,2026-07-08T18:06:13Z,2026-07-08T18:06:13Z,2026-08-22T23:29:41Z,2026-09-25T15:25:24Z,meganrogge,User,COLLABORATOR,31,4,1,1,4,4,3,0,True,False,0,ok,
microsoft/vscode,325118,https://github.com/microsoft/vscode/pull/325118,AgentHost - support `git.worktreeIncludeFiles` setting,2026-07-09T11:32:31Z,2026-07-09T12:10:04Z,2026-07-09T12:10:05Z,2026-08-23T23:29:01Z,2026-09-25T15:25:25Z,lszomoru,User,MEMBER,364,4,20,6,2,2,1,0,True,False,0,ok,
microsoft/vscode,325198,https://github.com/microsoft/vscode/pull/325198,"chat ux: collapse animations, thinking cleanup",2026-07-09T22:09:09Z,2026-07-10T06:00:13Z,2026-07-10T06:00:13Z,2026-08-24T23:29:56Z,2026-09-25T15:25:27Z,justschen,User,COLLABORATOR,1216,79,23,6,3,2,1,0,True,False,0,ok,
microsoft/vscode,325358,https://github.com/microsoft/vscode/pull/325358,Rename agents.voice.textToSpeech to agents.voice.speakResponses,2026-07-10T20:29:35Z,2026-07-10T20:58:25Z,2026-07-10T20:58:25Z,2026-08-24T23:29:55Z,2026-09-25T15:25:28Z,meganrogge,User,COLLABORATOR,6,6,2,2,3,3,2,0,True,False,0,ok,
microsoft/vscode,325594,https://github.com/microsoft/vscode/pull/325594,Re-enable Chat Sandbox home-read smoke test by re-warming chat after restart,2026-07-13T10:47:25Z,2026-07-13T14:23:31Z,2026-07-13T14:23:31Z,2026-08-28T02:02:17Z,2026-09-25T15:25:30Z,Giuspepe,User,CONTRIBUTOR,11,8,1,1,2,2,1,0,True,False,0,ok,
microsoft/vscode,325724,https://github.com/microsoft/vscode/pull/325724,Claude: rich rendering for Skill and task-list tools,2026-07-13T23:55:29Z,2026-07-14T00:22:15Z,2026-07-14T00:22:15Z,2026-08-28T02:02:17Z,2026-09-25T15:25:31Z,TylerLeonhardt,User,MEMBER,126,1,3,2,3,3,1,0,True,False,0,ok,
microsoft/vscode,325861,https://github.com/microsoft/vscode/pull/325861,compare with agents window default value in agents window,2026-07-14T21:06:48Z,2026-07-14T21:22:49Z,2026-07-14T21:22:49Z,2026-08-28T23:22:45Z,2026-09-25T15:25:32Z,sandy081,User,MEMBER,12,1,1,1,2,2,1,0,True,False,0,ok,
microsoft/vscode,325992,https://github.com/microsoft/vscode/pull/325992,Style override: Add gap between activity bar items in non-compact mode,2026-07-15T16:19:54Z,2026-07-15T16:36:48Z,2026-07-15T16:36:48Z,2026-08-29T23:23:31Z,2026-09-25T15:25:34Z,mrleemurray,User,CONTRIBUTOR,6,0,1,1,2,2,1,0,True,False,0,ok,
microsoft/vscode,326101,https://github.com/microsoft/vscode/pull/326101,terminal: add onWillDispose as a pre-disposal hook for xterm addon cleanup,2026-07-16T04:01:29Z,2026-07-16T04:47:55Z,2026-07-16T04:47:55Z,2026-08-30T23:23:59Z,2026-09-25T15:25:36Z,anthonykim1,User,CONTRIBUTOR,81,23,3,3,3,3,2,0,True,False,0,ok,
microsoft/vscode,326226,https://github.com/microsoft/vscode/pull/326226,Add enterprise allowedMcpServers / deniedMcpServers governance policies for MCP servers,2026-07-16T20:52:41Z,2026-07-17T02:48:19Z,2026-07-17T02:48:19Z,2026-08-31T23:26:00Z,2026-09-25T15:25:37Z,vijayupadya,User,CONTRIBUTOR,757,20,16,4,4,2,1,0,True,False,0,ok,
microsoft/vscode,326400,https://github.com/microsoft/vscode/pull/326400,"Voice: fix hold-to-talk release, request-cancel disconnect, and post-approval narration",2026-07-17T20:10:02Z,2026-07-18T02:19:08Z,2026-07-18T02:19:08Z,2026-09-01T23:23:43Z,2026-09-25T15:25:39Z,meganrogge,User,COLLABORATOR,255,31,5,8,9,4,2,0,True,False,1,ok,
microsoft/vscode,326193,https://github.com/microsoft/vscode/pull/326193,chore: fix telemetry-extractor versions,2026-07-16T18:14:56Z,2026-07-20T20:37:56Z,2026-07-20T20:37:56Z,2026-09-07T23:25:49Z,2026-09-25T15:25:42Z,rzhao271,User,COLLABORATOR,1,1,1,2,4,4,3,0,True,False,1,ok,
microsoft/vscode,326841,https://github.com/microsoft/vscode/pull/326841,Show focus differentiator for ask-questions checkbox navigation,2026-07-21T17:00:06Z,2026-07-21T18:59:47Z,2026-07-21T18:59:47Z,2026-09-04T23:25:35Z,2026-09-25T15:25:43Z,meganrogge,User,COLLABORATOR,5,0,1,3,3,3,2,0,True,False,0,ok,
microsoft/vscode,326986,https://github.com/microsoft/vscode/pull/326986,Style override: Add top margin for compact activity bar in floating panels,2026-07-22T14:49:25Z,2026-07-22T15:26:32Z,2026-07-22T15:26:32Z,2026-09-05T23:23:52Z,2026-09-25T15:25:45Z,mrleemurray,User,CONTRIBUTOR,4,0,1,1,2,2,1,0,True,False,0,ok,
microsoft/vscode,327160,https://github.com/microsoft/vscode/pull/327160,Make websockets model aware,2026-07-23T16:40:50Z,2026-07-23T17:40:03Z,2026-07-23T17:40:03Z,2026-09-06T23:24:15Z,2026-09-25T15:25:46Z,lramos15,User,MEMBER,153,54,9,1,2,2,1,0,True,False,0,ok,
microsoft/vscode,327258,https://github.com/microsoft/vscode/pull/327258,bundle sprite correctly,2026-07-24T08:03:49Z,2026-07-24T09:23:46Z,2026-07-24T09:23:46Z,2026-09-07T23:25:26Z,2026-09-25T15:25:47Z,justschen,User,COLLABORATOR,7,0,3,1,2,2,1,0,True,False,0,ok,
microsoft/vscode,327405,https://github.com/microsoft/vscode/pull/327405,skip flaky PolicyExport Integration Tests,2026-07-24T21:54:01Z,2026-07-24T22:40:47Z,2026-07-24T22:40:47Z,2026-09-07T23:25:24Z,2026-09-25T15:25:48Z,aeschli,User,CONTRIBUTOR,2,1,1,2,4,3,3,0,True,False,1,ok,
microsoft/vscode,327552,https://github.com/microsoft/vscode/pull/327552,fix: memory leak in titleBarPart,2026-07-26T22:22:34Z,2026-07-27T13:09:39Z,2026-07-27T13:09:39Z,2026-09-10T23:25:11Z,2026-09-25T15:25:50Z,SimonSiefke,User,CONTRIBUTOR,8,5,2,1,4,4,3,0,True,False,0,ok,
microsoft/vscode,327738,https://github.com/microsoft/vscode/pull/327738,agentHost: emit Auto mode router telemetry,2026-07-27T23:20:37Z,2026-07-28T00:14:38Z,2026-07-28T00:14:38Z,2026-09-11T23:25:25Z,2026-09-25T15:25:52Z,zhichli,User,CONTRIBUTOR,148,1,4,2,4,3,2,0,True,False,1,ok,
microsoft/vscode,327841,https://github.com/microsoft/vscode/pull/327841,Trim custom endpoint API keys before storage,2026-07-28T15:25:36Z,2026-07-28T18:06:33Z,2026-07-28T18:06:33Z,2026-09-11T23:25:24Z,2026-09-25T15:25:53Z,Copilot,Bot,CONTRIBUTOR,6,14,2,4,5,4,4,0,True,False,0,ok,
microsoft/vscode,327825,https://github.com/microsoft/vscode/pull/327825,"Terminal dictation: click-to-stop mic, discoverable Stop keybinding, shell-aware post-processing",2026-07-28T14:52:21Z,2026-07-29T02:17:07Z,2026-07-29T02:17:07Z,2026-09-12T23:25:08Z,2026-09-25T15:25:55Z,Copilot,Bot,CONTRIBUTOR,5,1,2,7,7,6,6,0,True,False,2,ok,
microsoft/vscode,328036,https://github.com/microsoft/vscode/pull/328036,Auto close files which where opened to review and approve,2026-07-29T15:51:46Z,2026-07-29T17:32:59Z,2026-07-29T17:32:59Z,2026-09-12T23:25:07Z,2026-09-25T15:25:57Z,benibenj,User,CONTRIBUTOR,153,18,7,2,3,3,2,0,True,False,1,ok,
microsoft/vscode,327998,https://github.com/microsoft/vscode/pull/327998,feat: add support for loading rules from additional directories in subprocess environment,2026-07-29T12:22:55Z,2026-07-30T04:03:13Z,2026-07-30T04:03:13Z,2026-09-13T23:24:50Z,2026-09-25T15:26:02Z,DonJayamanne,User,CONTRIBUTOR,2,0,1,1,4,4,2,0,True,False,0,ok,
microsoft/vscode,328290,https://github.com/microsoft/vscode/pull/328290,Implement cloud sandbox retry count and telemetry tracking,2026-07-30T22:04:13Z,2026-07-31T01:23:22Z,2026-07-31T01:23:22Z,2026-09-14T23:24:38Z,2026-09-25T15:26:04Z,osortega,User,CONTRIBUTOR,953,72,9,3,4,3,1,0,True,False,0,ok,
microsoft/vscode,325380,https://github.com/microsoft/vscode/pull/325380,Fix MCP registry-only server enforcement,2026-07-10T22:28:28Z,2026-07-31T19:18:45Z,2026-07-31T19:18:45Z,2026-09-14T23:31:15Z,2026-09-25T15:26:06Z,digitarald,User,CONTRIBUTOR,395,65,5,4,9,3,2,0,True,False,1,ok,
microsoft/vscode,328637,https://github.com/microsoft/vscode/pull/328637,clean up picker descriptions,2026-08-02T21:36:37Z,2026-08-02T21:58:43Z,2026-08-02T21:58:43Z,2026-09-16T23:27:31Z,2026-09-25T15:26:07Z,justschen,User,COLLABORATOR,43,43,23,1,2,2,1,0,True,False,0,ok,
microsoft/vscode,328262,https://github.com/microsoft/vscode/pull/328262,Gate tip.planMode on the openPlan command being registered,2026-07-30T19:07:26Z,2026-08-03T21:13:04Z,2026-08-03T21:13:04Z,2026-09-21T23:28:40Z,2026-09-25T15:26:09Z,Copilot,Bot,CONTRIBUTOR,117,5,3,6,9,5,7,0,True,False,0,ok,
microsoft/vscode,328650,https://github.com/microsoft/vscode/pull/328650,Align chat pill previews with diff counts,2026-08-03T00:16:01Z,2026-08-04T19:57:33Z,2026-08-04T19:57:34Z,2026-09-18T23:26:51Z,2026-09-25T15:26:10Z,Copilot,Bot,CONTRIBUTOR,98,16,4,3,2,2,1,0,True,False,0,ok,
microsoft/vscode,329166,https://github.com/microsoft/vscode/pull/329166,sessions: update turn changes editor title,2026-08-05T13:24:32Z,2026-08-05T14:55:18Z,2026-08-05T14:55:18Z,2026-09-19T23:24:42Z,2026-09-25T15:26:11Z,benibenj,User,CONTRIBUTOR,143,12,7,1,2,2,1,0,True,False,0,ok,
microsoft/vscode,329113,https://github.com/microsoft/vscode/pull/329113,Support embedding NewChatInputWidget in alternate surfaces,2026-08-05T05:03:04Z,2026-08-05T23:18:40Z,2026-08-05T23:18:40Z,2026-09-19T23:24:42Z,2026-09-25T15:26:13Z,benvillalobos,User,MEMBER,29,14,1,5,2,2,1,0,True,False,0,ok,
microsoft/vscode,329383,https://github.com/microsoft/vscode/pull/329383,Support middle-click to toggle mark as viewed in multi-diff editor,2026-08-06T10:45:42Z,2026-08-06T11:42:51Z,2026-08-06T11:42:51Z,2026-09-20T23:25:16Z,2026-09-25T15:26:15Z,benibenj,User,CONTRIBUTOR,119,3,6,3,4,3,3,0,True,False,2,ok,
microsoft/vscode,329509,https://github.com/microsoft/vscode/pull/329509,Distinguish rearmed voice approval occurrences,2026-08-06T23:56:20Z,2026-08-07T02:58:57Z,2026-08-07T02:58:57Z,2026-09-21T23:27:46Z,2026-09-25T15:26:17Z,meganrogge,User,COLLABORATOR,683,21,8,7,10,4,4,0,True,False,3,ok,
microsoft/vscode,329598,https://github.com/microsoft/vscode/pull/329598,adding command which returns internal copilot settings,2026-08-07T14:50:33Z,2026-08-07T16:25:32Z,2026-08-07T16:25:32Z,2026-09-21T23:27:45Z,2026-09-25T15:26:19Z,aiday-mar,User,CONTRIBUTOR,46,0,3,4,2,2,1,0,True,False,0,ok,
microsoft/vscode,329691,https://github.com/microsoft/vscode/pull/329691,Sticky header on by default and rename,2026-08-07T20:50:19Z,2026-08-08T00:59:20Z,2026-08-08T00:59:20Z,2026-09-22T23:27:01Z,2026-09-25T15:26:21Z,osortega,User,CONTRIBUTOR,110,124,10,5,4,2,2,0,True,False,1,ok,
microsoft/vscode,329884,https://github.com/microsoft/vscode/pull/329884,agentHost: add generic agent turn hang telemetry,2026-08-10T03:22:21Z,2026-08-10T04:49:13Z,2026-08-10T04:49:13Z,2026-09-24T23:26:40Z,2026-09-25T15:26:22Z,roblourens,User,MEMBER,1072,9,5,2,4,3,1,0,True,False,0,ok,
microsoft/vscode,330083,https://github.com/microsoft/vscode/pull/330083,agentHost: avoid deprecated URL parsing,2026-08-10T20:40:47Z,2026-08-10T21:30:47Z,2026-08-10T21:30:47Z,2026-09-24T23:26:33Z,2026-09-25T15:26:23Z,connor4312,User,MEMBER,97,10,2,2,2,2,1,0,True,False,0,ok,
microsoft/vscode,330200,https://github.com/microsoft/vscode/pull/330200,Fix update tooltip clipping in narrow windows,2026-08-11T09:27:14Z,2026-08-11T09:47:05Z,2026-08-11T09:47:05Z,2026-08-11T09:47:55Z,2026-09-25T15:26:24Z,dmitrivMS,User,COLLABORATOR,2,2,1,1,2,2,1,0,True,False,0,ok,
microsoft/vscode,330143,https://github.com/microsoft/vscode/pull/330143,Forward VS Code experiment context to Copilot CLI telemetry,2026-08-11T00:02:49Z,2026-08-11T17:54:11Z,2026-08-11T17:54:11Z,2026-08-11T17:55:47Z,2026-09-25T15:26:27Z,bhavyaus,User,COLLABORATOR,243,11,7,1,9,7,4,0,True,False,2,ok,
microsoft/vscode,330353,https://github.com/microsoft/vscode/pull/330353,Polish browser as file editor,2026-08-11T21:51:04Z,2026-08-12T14:34:32Z,2026-08-12T14:34:32Z,2026-08-12T14:35:32Z,2026-09-25T15:26:28Z,kycutler,User,COLLABORATOR,353,49,17,4,2,2,1,0,True,False,0,ok,
microsoft/vscode,330515,https://github.com/microsoft/vscode/pull/330515,address some subagent and background agent isues,2026-08-12T18:42:03Z,2026-08-13T07:58:44Z,2026-08-13T07:58:45Z,2026-08-13T07:59:20Z,2026-09-25T15:26:29Z,justschen,User,COLLABORATOR,116,18,5,3,2,2,1,0,True,False,0,ok,
microsoft/vscode,330702,https://github.com/microsoft/vscode/pull/330702,Harden Agent Host E2E synchronization,2026-08-13T17:57:20Z,2026-08-13T18:22:52Z,2026-08-13T18:22:52Z,2026-08-13T18:24:14Z,2026-09-25T15:26:31Z,roblourens,User,MEMBER,28,14,5,1,2,2,1,0,True,False,0,ok,
microsoft/vscode,330789,https://github.com/microsoft/vscode/pull/330789,docs: enhance AGENT_HOST_SESSIONS_PROVIDER.md with multi-root folder-picker details,2026-08-14T03:58:38Z,2026-08-14T06:21:31Z,2026-08-14T06:21:31Z,2026-08-14T06:22:55Z,2026-09-25T15:26:32Z,DonJayamanne,User,CONTRIBUTOR,1,0,1,1,2,2,1,0,True,False,0,ok,
microsoft/vscode,330891,https://github.com/microsoft/vscode/pull/330891,Document proper context key usage,2026-08-14T16:38:49Z,2026-08-14T18:09:23Z,2026-08-14T18:09:23Z,2026-08-14T18:10:08Z,2026-09-25T15:26:33Z,Copilot,Bot,CONTRIBUTOR,4,0,1,1,4,4,3,0,True,False,0,ok,
microsoft/vscode,331080,https://github.com/microsoft/vscode/pull/331080,agentHost: harden exact MCP chat routing,2026-08-16T14:42:36Z,2026-08-16T15:36:03Z,2026-08-16T15:36:03Z,2026-08-16T15:36:43Z,2026-09-25T15:26:34Z,connor4312,User,MEMBER,88,4,5,1,2,2,1,0,True,False,0,ok,
microsoft/vscode,327885,https://github.com/microsoft/vscode/pull/327885,fix: memory leak in markersTable,2026-07-28T19:43:39Z,2026-08-17T22:45:28Z,2026-08-17T22:45:28Z,2026-09-01T14:34:00Z,2026-09-25T15:26:36Z,SimonSiefke,User,CONTRIBUTOR,21,8,1,3,4,4,3,0,True,False,0,ok,
microsoft/vscode,331399,https://github.com/microsoft/vscode/pull/331399,build: increase CG notice timeout,2026-08-18T00:49:32Z,2026-08-18T14:50:45Z,2026-08-18T14:50:45Z,2026-08-18T14:52:19Z,2026-09-25T15:26:37Z,benvillalobos,User,MEMBER,1,1,1,2,2,2,1,0,True,False,0,ok,
microsoft/vscode,331170,https://github.com/microsoft/vscode/pull/331170,fix: memory leak in mainThreadDocumentsAndEditors,2026-08-17T10:45:35Z,2026-08-19T11:40:29Z,2026-08-19T11:40:29Z,2026-09-01T14:33:54Z,2026-09-25T15:26:40Z,SimonSiefke,User,CONTRIBUTOR,93,16,2,11,12,6,4,2,True,True,1,ok,
microsoft/vscode,331734,https://github.com/microsoft/vscode/pull/331734,Remove accidentally-inserted character,2026-08-19T23:44:24Z,2026-08-20T00:18:53Z,2026-08-20T00:18:53Z,2026-08-20T00:19:55Z,2026-09-25T15:26:41Z,roblourens,User,MEMBER,1,1,1,1,3,3,2,0,True,False,0,ok,
microsoft/vscode,331753,https://github.com/microsoft/vscode/pull/331753,Fix PowerShell quoting for runInTerminal environment values,2026-08-20T05:57:07Z,2026-08-20T22:08:32Z,2026-08-20T22:08:32Z,2026-08-20T22:13:06Z,2026-09-25T15:26:43Z,zainnadeem786,User,CONTRIBUTOR,30,1,2,3,6,4,3,0,True,False,0,ok,
microsoft/vscode,332007,https://github.com/microsoft/vscode/pull/332007,agentHost: Remove telemetry configuration service,2026-08-21T18:00:06Z,2026-08-21T19:59:32Z,2026-08-21T19:59:32Z,2026-08-21T20:00:36Z,2026-09-25T15:26:44Z,roblourens,User,MEMBER,92,31,8,7,4,3,1,0,True,False,0,ok,
microsoft/vscode,332088,https://github.com/microsoft/vscode/pull/332088,agentHost: Map resources through owning connection,2026-08-22T04:53:56Z,2026-08-23T23:23:06Z,2026-08-23T23:23:06Z,2026-08-23T23:23:46Z,2026-09-25T15:26:45Z,roblourens,User,MEMBER,231,57,14,4,3,3,1,0,True,False,0,ok,
microsoft/vscode,332330,https://github.com/microsoft/vscode/pull/332330,Modern UI: add compact density and connect the activity bar to the side bar,2026-08-24T14:05:54Z,2026-08-24T17:03:33Z,2026-08-24T17:03:33Z,2026-09-03T12:00:11Z,2026-09-25T15:26:46Z,mrleemurray,User,CONTRIBUTOR,1652,296,32,13,2,2,1,0,True,False,0,ok,
microsoft/vscode,331833,https://github.com/microsoft/vscode/pull/331833,chore: bump electron@42.9.3,2026-08-20T16:29:50Z,2026-08-25T05:11:07Z,2026-08-25T05:11:07Z,2026-08-25T05:11:08Z,2026-09-25T15:26:49Z,deepak1556,User,COLLABORATOR,251,189,19,6,4,3,2,0,True,False,1,ok,
microsoft/vscode,332606,https://github.com/microsoft/vscode/pull/332606,agent host: adopt durable error response parts,2026-08-25T20:11:56Z,2026-08-25T22:17:43Z,2026-08-25T22:17:43Z,2026-08-25T22:18:37Z,2026-09-25T15:26:50Z,roblourens,User,MEMBER,533,162,60,3,5,3,1,0,True,False,0,ok,
microsoft/vscode,332471,https://github.com/microsoft/vscode/pull/332471,Use theme variables for chat terminal output,2026-08-25T02:12:14Z,2026-08-26T18:37:05Z,2026-08-26T18:37:05Z,2026-08-26T18:38:02Z,2026-09-25T15:26:51Z,dmitrivMS,User,COLLABORATOR,47,12,2,4,4,3,2,1,True,True,0,ok,
microsoft/vscode,332939,https://github.com/microsoft/vscode/pull/332939,Use a different icon in the branch picker when there are uncommitted changes,2026-08-27T13:51:05Z,2026-08-27T14:43:53Z,2026-08-27T14:43:53Z,2026-08-27T14:44:33Z,2026-09-25T15:26:52Z,lszomoru,User,MEMBER,196,33,4,3,2,2,1,0,True,False,0,ok,
microsoft/vscode,333059,https://github.com/microsoft/vscode/pull/333059,build(deps): bump undici from 7.28.0 to 7.29.0 in /extensions/copilot/chat-lib,2026-08-27T22:45:44Z,2026-08-27T23:46:19Z,2026-08-27T23:46:19Z,2026-08-27T23:47:09Z,2026-09-25T15:26:54Z,dependabot[bot],Bot,CONTRIBUTOR,3,3,1,1,2,2,1,0,True,False,0,ok,
microsoft/vscode,333211,https://github.com/microsoft/vscode/pull/333211,sessions: add screen reader badge,2026-08-28T17:34:38Z,2026-08-28T18:50:26Z,2026-08-28T18:50:26Z,2026-08-28T18:51:29Z,2026-09-25T15:26:55Z,meganrogge,User,COLLABORATOR,63,11,6,13,4,3,1,0,True,False,0,ok,
microsoft/vscode,333466,https://github.com/microsoft/vscode/pull/333466,Bump version to 1.137.0,2026-08-31T07:16:18Z,2026-08-31T08:14:00Z,2026-08-31T08:14:00Z,2026-08-31T08:15:00Z,2026-09-25T15:26:56Z,vs-code-engineering[bot],Bot,CONTRIBUTOR,8,8,4,1,4,4,3,0,True,False,0,ok,
microsoft/vscode,333236,https://github.com/microsoft/vscode/pull/333236,fix: clamp inverted visible range in ListView to prevent RangeError (fixes #333230),2026-08-28T19:32:49Z,2026-08-31T22:47:14Z,2026-08-31T22:47:14Z,2026-08-31T22:48:17Z,2026-09-25T15:26:58Z,vscodebot-pr,User,CONTRIBUTOR,29,2,2,6,11,5,4,0,True,False,0,ok,
microsoft/vscode,333789,https://github.com/microsoft/vscode/pull/333789,Prevent hidden chats from rendering during custom view swaps,2026-09-01T15:40:16Z,2026-09-01T16:08:03Z,2026-09-01T16:08:03Z,2026-09-01T16:09:14Z,2026-09-25T15:26:59Z,benibenj,User,CONTRIBUTOR,145,7,8,1,2,2,1,0,True,False,0,ok,
microsoft/vscode,333873,https://github.com/microsoft/vscode/pull/333873,sessions: Preserve background layouts per color scheme,2026-09-01T21:39:33Z,2026-09-01T22:51:09Z,2026-09-01T22:51:09Z,2026-09-01T22:52:04Z,2026-09-25T15:27:00Z,TylerLeonhardt,User,MEMBER,124,32,4,3,4,3,1,0,True,False,0,ok,
microsoft/vscode,333922,https://github.com/microsoft/vscode/pull/333922,Agent Host: Expand E2E coverage for recent changes,2026-09-02T00:50:56Z,2026-09-02T17:59:33Z,2026-09-02T17:59:33Z,2026-09-02T18:00:42Z,2026-09-25T15:27:02Z,roblourens,User,MEMBER,4582,1446,31,7,4,3,1,0,True,False,0,ok,
microsoft/vscode,334208,https://github.com/microsoft/vscode/pull/334208,Enable automations by default in non-Stable builds,2026-09-03T09:23:46Z,2026-09-03T10:15:31Z,2026-09-03T10:15:31Z,2026-09-03T10:16:14Z,2026-09-25T15:27:04Z,ulugbekna,User,CONTRIBUTOR,33,2,3,3,5,3,4,0,True,False,2,ok,
microsoft/vscode,334365,https://github.com/microsoft/vscode/pull/334365,Update Markdown editor to 0.0.2-88,2026-09-03T20:47:30Z,2026-09-03T21:14:23Z,2026-09-03T21:14:23Z,2026-09-03T21:16:34Z,2026-09-25T15:27:05Z,hediet,User,MEMBER,5,5,2,1,2,2,1,0,True,False,0,ok,
microsoft/vscode,334545,https://github.com/microsoft/vscode/pull/334545,chat: Avoid underlining rich link pills,2026-09-04T16:27:56Z,2026-09-04T16:47:35Z,2026-09-04T16:47:35Z,2026-09-04T16:48:38Z,2026-09-25T15:27:06Z,meganrogge,User,COLLABORATOR,4,0,1,1,2,2,1,0,True,False,0,ok,
microsoft/vscode,333606,https://github.com/microsoft/vscode/pull/333606,Recognize eagerness option in PatchBased02Unified,2026-08-31T18:00:26Z,2026-09-06T20:36:48Z,2026-09-06T20:36:48Z,2026-09-06T20:38:16Z,2026-09-25T15:27:07Z,bstee615,User,MEMBER,10,0,2,1,4,4,3,0,True,False,0,ok,
microsoft/vscode,334981,https://github.com/microsoft/vscode/pull/334981,automations: feat: unify AHP lifecycle telemetry,2026-09-07T22:13:08Z,2026-09-07T23:15:49Z,2026-09-07T23:15:49Z,2026-09-07T23:17:01Z,2026-09-25T15:27:08Z,ulugbekna,User,CONTRIBUTOR,1025,481,15,6,4,3,1,0,True,False,0,ok,
microsoft/vscode,335083,https://github.com/microsoft/vscode/pull/335083,dialogs: Clean up Copilot canary versions,2026-09-08T15:25:56Z,2026-09-08T16:24:22Z,2026-09-08T16:24:22Z,2026-09-08T16:25:28Z,2026-09-25T15:27:10Z,roblourens,User,MEMBER,80,2,2,1,2,2,1,0,True,False,0,ok,
microsoft/vscode,334769,https://github.com/microsoft/vscode/pull/334769,startup: Cache packaged ESM ASAR resolutions,2026-09-06T07:08:24Z,2026-09-09T03:46:19Z,2026-09-09T03:46:19Z,2026-09-09T03:47:15Z,2026-09-25T15:27:11Z,dmitrivMS,User,COLLABORATOR,178,4,2,2,3,3,2,0,True,False,0,ok,
microsoft/vscode,335325,https://github.com/microsoft/vscode/pull/335325,sessions: fix unified workspace repository handling,2026-09-09T18:28:24Z,2026-09-09T20:17:10Z,2026-09-09T20:17:10Z,2026-09-09T20:18:39Z,2026-09-25T15:27:13Z,meganrogge,User,COLLABORATOR,409,143,15,8,2,2,1,0,True,False,0,ok,
microsoft/vscode,335452,https://github.com/microsoft/vscode/pull/335452,Agents - Fix branch sync to use upstream names for pull and push operations,2026-09-10T11:27:30Z,2026-09-10T13:55:14Z,2026-09-10T13:55:15Z,2026-09-10T13:56:04Z,2026-09-25T15:27:14Z,lszomoru,User,MEMBER,216,6,3,2,6,3,1,0,True,False,0,ok,
microsoft/vscode,335579,https://github.com/microsoft/vscode/pull/335579,chat: make the Stop button red while a request is running,2026-09-10T22:18:33Z,2026-09-11T00:10:59Z,2026-09-11T00:10:59Z,2026-09-11T18:15:20Z,2026-09-25T15:27:15Z,justschen,User,COLLABORATOR,25,3,4,1,2,2,1,0,True,False,0,ok,
microsoft/vscode,335800,https://github.com/microsoft/vscode/pull/335800,[cherry-pick] sessions: fix consecutive archive confetti animations,2026-09-11T17:04:21Z,2026-09-11T18:52:35Z,2026-09-11T18:52:35Z,2026-09-11T18:55:44Z,2026-09-25T15:27:16Z,vs-code-engineering[bot],Bot,CONTRIBUTOR,68,58,5,1,3,3,2,0,True,False,0,ok,
microsoft/vscode,335500,https://github.com/microsoft/vscode/pull/335500,agentHost: Exclude SDK-native skills from directory discovery,2026-09-10T16:23:38Z,2026-09-14T09:27:46Z,2026-09-14T09:27:47Z,2026-09-14T09:29:52Z,2026-09-25T15:27:18Z,roblourens,User,MEMBER,338,19,4,2,2,2,1,0,True,False,0,ok,
microsoft/vscode,336067,https://github.com/microsoft/vscode/pull/336067,sessions: address #335583 review feedback on ActionList hover panels,2026-09-13T21:13:09Z,2026-09-15T15:49:29Z,2026-09-15T15:49:29Z,2026-09-24T17:15:31Z,2026-09-25T15:27:20Z,chryw,User,CONTRIBUTOR,383,24,10,2,5,4,3,0,True,False,1,ok,
microsoft/vscode,336402,https://github.com/microsoft/vscode/pull/336402,Detect same-metadata customization edits in chat,2026-09-16T11:08:20Z,2026-09-16T17:12:41Z,2026-09-16T17:12:42Z,2026-09-16T17:12:44Z,2026-09-25T15:27:21Z,dmitrivMS,User,COLLABORATOR,193,44,2,2,3,2,1,0,True,False,0,ok,
microsoft/vscode,334652,https://github.com/microsoft/vscode/pull/334652,policy: preserve managed sandbox force-on for Agent Host routing,2026-09-04T22:54:21Z,2026-09-17T20:59:10Z,2026-09-17T20:59:10Z,2026-09-17T21:00:42Z,2026-09-25T15:27:23Z,dileepyavan,User,MEMBER,128,23,6,1,2,2,1,0,True,False,0,ok,
microsoft/vscode,335102,https://github.com/microsoft/vscode/pull/335102,fix: memory leak in issueReporterOverlay,2026-09-08T16:43:07Z,2026-09-18T13:38:45Z,2026-09-18T13:38:45Z,2026-09-20T07:39:48Z,2026-09-25T15:27:24Z,SimonSiefke,User,CONTRIBUTOR,83,11,2,1,4,4,3,0,True,False,0,ok,
microsoft/vscode,336856,https://github.com/microsoft/vscode/pull/336856,Clarify telemetry measurement classification guidance,2026-09-18T22:53:25Z,2026-09-18T23:20:54Z,2026-09-18T23:20:54Z,2026-09-18T23:21:46Z,2026-09-25T15:27:25Z,amunger,User,COLLABORATOR,5,3,2,1,2,2,1,0,True,False,0,ok,
microsoft/vscode,337027,https://github.com/microsoft/vscode/pull/337027,sessions: Add configurable default session sort order,2026-09-21T12:34:08Z,2026-09-21T14:54:14Z,2026-09-21T14:54:14Z,2026-09-21T14:55:11Z,2026-09-25T15:27:27Z,benibenj,User,CONTRIBUTOR,211,11,4,2,3,3,2,0,True,False,0,ok,
microsoft/vscode,337183,https://github.com/microsoft/vscode/pull/337183,[1.139] Fix Agent Host sandbox settings forwarding and deprecate stale SDK settings,2026-09-22T00:14:34Z,2026-09-22T00:47:06Z,2026-09-22T00:47:06Z,2026-09-22T00:48:22Z,2026-09-25T15:27:28Z,dileepyavan,User,MEMBER,78,114,6,1,2,2,1,0,True,False,0,ok,
microsoft/vscode,337250,https://github.com/microsoft/vscode/pull/337250,Update markdown editor package,2026-09-22T10:14:34Z,2026-09-22T14:57:38Z,2026-09-22T14:57:38Z,2026-09-22T15:03:55Z,2026-09-25T15:27:29Z,hediet,User,MEMBER,24,5,2,2,3,3,2,0,True,False,0,ok,
microsoft/vscode,337403,https://github.com/microsoft/vscode/pull/337403,webview: Fix find in detached editor windows,2026-09-23T03:49:34Z,2026-09-23T04:57:28Z,2026-09-23T04:57:28Z,2026-09-23T04:57:29Z,2026-09-25T15:27:31Z,dmitrivMS,User,COLLABORATOR,164,22,4,1,2,2,1,0,True,False,0,ok,
microsoft/vscode,337499,https://github.com/microsoft/vscode/pull/337499,agentHost: scope pull requests to chat repositories,2026-09-23T17:03:15Z,2026-09-23T20:25:39Z,2026-09-23T20:25:39Z,2026-09-23T20:25:42Z,2026-09-25T15:27:32Z,sandy081,User,MEMBER,1483,379,55,8,7,3,1,0,True,False,0,ok,
microsoft/vscode,337608,https://github.com/microsoft/vscode/pull/337608,agentHost: fix chat-folder separation review findings,2026-09-24T01:21:32Z,2026-09-24T09:25:58Z,2026-09-24T09:25:58Z,2026-09-24T09:26:00Z,2026-09-25T15:27:34Z,sandy081,User,MEMBER,2032,399,51,9,5,5,2,0,True,False,1,ok,
microsoft/vscode,337764,https://github.com/microsoft/vscode/pull/337764,chat: Align Discover with customization pages,2026-09-24T18:09:32Z,2026-09-24T20:55:38Z,2026-09-24T20:55:38Z,2026-09-24T20:56:43Z,2026-09-25T15:27:35Z,houghj16,User,CONTRIBUTOR,74,23,3,2,3,3,1,0,True,False,0,ok,
microsoft/vscode,337864,https://github.com/microsoft/vscode/pull/337864,Release canceled Delayer tasks to avoid retaining detached DOM,2026-09-25T01:36:29Z,2026-09-25T03:47:53Z,2026-09-25T03:47:53Z,2026-09-25T03:47:55Z,2026-09-25T15:27:36Z,dmitrivMS,User,COLLABORATOR,89,7,2,2,3,3,1,0,True,False,0,ok,
